学校,年级,学院,专业,专业方向_路径,培养方案标题,专业代码,源文件,Markdown文件,培养目标概括,主要能力要求概括,核心课程概括,培养特色概括,学制与学位概括,专业主键,专业别名
首都经济贸易大学,2023级,金融学院,保险学（保险精算）,保险学（保险精算）,保险学专业（保险精算）本科人才培养方案,020303,2023级/10金融学院/保险学（保险精算）/保险学（保险精算）1-6.docx,01_Markdown培养方案/2023级/10金融学院/保险学（保险精算）/保险学（保险精算）1-6.md,本专业培养具有社会主义核心价值观以及规范使用语言文字的意识和应用能力，适应现代经济与社会发展需要，德智体美劳全面发展，经济学、金融学和保险学理论基础扎实，擅长保险精算，知识结构合理，适应能力强，富有创新精神，能够在境内外保险公司、银行、证券公司、信托投资公司以及其他金融机构、企事业单位和政府部门从事相关专业工作的保险精算人才、保险实务人才、金融业务人才和管理人才。同时，培养具备较高的经济学、统计学、金融学、保险学理论素养，志向从事科研工作的科研潜力人才。,1．掌握马克思主义、毛泽东思想和习近平新时代中国特色社会主义思想理论体系；2．系统掌握经济学和金融保险学科的基础知识和专业理论；3．具备一定的保险精算技能和保险实务操作技能,政治经济学、微观经济学、宏观经济学、金融学、会计学、统计学、公司金融、计量经济学、保险学原理、财产保险、人身保险、利息理论、再保险、保险会计与财务、寿险精算、非寿险精算、保险法与保险监管。,1．以中国精算师资格考试为导向；2．注重实践教学；3．倡导开放式办学；4．加强科研训练,本专业基本学制为四年，实行弹性修业年限制度，学生在校修业年限可以提前至三年或延长至六年，修满规定的学分准予毕业。符合学士学位授予条件者，授予经济学学士学位。,CUEB-2023-001,保险学（保险精算）
首都经济贸易大学,2023级,金融学院,投资学,投资学,投资学专业本科人才培养方案,020304,2023级/10金融学院/投资学/投资学1-6.docx,01_Markdown培养方案/2023级/10金融学院/投资学/投资学1-6.md,本专业培养具有正确社会主义核心价值观以及规范使用语言文字的意识和应用能力，具有较强业务与科研素养，具有国际视野，具有解决复杂金融投资问题的综合能力，能够胜任银行、证券、保险等金融机构、政府部门和企事业单位的专业工作要求，同时能在大数据与人工智能时代背景下，融会贯通前沿量化投资与金融知识的应用型和复合型人才。,1．掌握马克思主义、毛泽东思想和中国特色社会主义理论体系；2．掌握投资学的基础知识和专业基础理论，熟悉金融学、计算机科学（偏人工智能方向）、经济学等学科原理与方法，了解投资与金融领域的有关方针、政策和法规以及国内外本学科的理论前沿和发展动态；3．能够应用投资学的基本原理、方法对本专业领域及相关领域问题进行分析、管理和研究，并能在实际工作中提出相应对策和建议，形成解决方案；4．具有宽广的国际视野，熟悉国际惯例,政治经济学、微观经济学、金融学、宏观经济学、会计学、统计学、计量经济学、金融计量学、国际金融学（双语）、商业银行经营管理、公司金融（双语）、投资学、金融衍生工具（双语）、固定收益证券（双语）、保险学。,1．夯实金融基础，凸显量化投资思维；2．注重实践能力，强调专业技能；3．践行开放办学理念，鼓励学生国际学习合作交流,本专业基本学制为四年，实行弹性修业年限制度，学生在校修业年限可以提前至三年或延长至六年，修满规定的学分准予毕业。符合学士学位授予条件者，授予经济学学士学位。,CUEB-2023-002,投资学
首都经济贸易大学,2023级,金融学院,金融学,金融学,金融学类专业（金融学）本科人才培养方案,020301K,2023级/10金融学院/金融学/金融学1-6.docx,01_Markdown培养方案/2023级/10金融学院/金融学/金融学1-6.md,金融学专业着眼于学生社会主义核心价值观的正确树立和德智体美劳的全面发展。着重培养金融人才的国际化视野、科研创新能力和长期自我学期能力，具备扎实的经济学和金融学理论基础、熟练的金融学专业知识和应用技能、国内外继续深造的基础和能力；具有深厚的知识储备和合理的知识结构、较高的外语水平和广泛的国际化视角；具有团队合作意识、社会责任感和创新精神，能够胜任国内外金融机构、工商企业以及政府部门金融实际工作的知识、能力、素质“三位一体”的复合型、国际化、创新金融人才。,1．掌握马克思主义、毛泽东思想和新时代中国特色社会主义思想体系；2．注重金融创新人才身心健康、职业道德、德智体美劳等综合发展；3．夯实金融学科基础知识理论、拓宽知识广度、优化知识结构；4．具备金融和经济现象的分析能力、思考能力和实践开拓能力；5．具有宽广的国际视野、熟悉国际惯例并恰当使用现代工具,微观经济学、宏观经济学、政治经济学、统计学、计量经济学、会计学金融学课导论、金融学、国际金融学、投资学、金融计量学、保险学、商业银行经营管理、公司金融、衍生金融工具、固定收益证券等。,1．注重综合能力、培养复合型创新人才；2．注重科研与实践结合、培养专业操作能力；3．重视职业技能培养、注重量化工具使用能力,本专业基本学制为四年，实行弹性修业年限制度，学生在校修业年限可以提前至三年或延长至六年，修满规定的学分准予毕业。符合学士学位授予条件者，授予经济学学士学位。,CUEB-2023-003,金融学
首都经济贸易大学,2023级,金融学院,金融学（国际金融英文班）,金融学（国际金融英文班）,金融学专业（国际金融英文班）本科人才培养方案,020301K,2023级/10金融学院/金融学（国际金融英文班）/金融学（国际金融英文班） 1-6.docx,01_Markdown培养方案/2023级/10金融学院/金融学（国际金融英文班）/金融学（国际金融英文班） 1-6.md,本专业培养具有正确社会主义核心价值观以及规范使用语言文字的意识和应用能力，具有扎实的经济学和金融学理论基础，熟练运用现代经济、金融分析方法和技术手段，具有开阔的国际视野和较高的外语水平，能够到国际一流学府继续深造，或者在中外资金融机构从事金融实务工作的高素质、创新型、应用型、国际化人才。,1．掌握马克思主义、毛泽东思想和习近平新时代中国特色社会主义理论体系；2．系统掌握经济学和国际金融学的基本理论；3．具备金融和经济现象的分析能力、思考能力和实践开拓能力；4．参与并通过主要金融资格考试；5．具备良好的社会公德和个人修养等综合素质,货币金融学、公司金融、投资学、国际金融学、金融衍生工具、商业银行经营管理、固定收益证券、保险与风险管理、金融计量学，核心课程全部使用英文原版教材、实行英语教学。,1．全英文的教学语境与国际化培养模式；2．科学的课程体系设置；3．强调阅读并将着眼点放在日常学习的人才培养模式；4．个性化的学生服务,本专业基本学制为四年，实行弹性修业年限制度，学生在校修业年限可以提前至三年或延长至六年，修满规定的学分准予毕业。符合学士学位授予条件者，授予经济学学士学位。,CUEB-2023-004,金融学（国际金融英文班）
首都经济贸易大学,2023级,金融学院,金融工程,金融工程,金融工程专业本科人才培养方案,020302,2023级/10金融学院/金融工程/金融工程1-6.doc,01_Markdown培养方案/2023级/10金融学院/金融工程/金融工程1-6.md,金融工程专业旨在培养具有正确社会主义核心价值观，具备坚实的经济金融理论基础和数理功底，熟练掌握金融工程专业知识和技术方法，拥有科学精神、创新精神和自主学习能力，能够设计、开发新的金融工具和交易手段，能够开展金融风险管理、投融资管理以及金融衍生产品定价工作，具有较高的专业素养、外语水平和强烈的社会责任感，能够在金融机构、工商企业或其他部门从事风险管理、财务以及金融相关领域工作的高素质、复合型、应用型人才。,1．掌握马克思主义、毛泽东思想和中国特色社会主义理论体系；2.拥有强烈的社会责任感和健康的身心素质；3.系统掌握金融工程专业基础知识理论，具备完善的知识结构；4.具备良好的专业视野和自主学习能力；5.熟悉金融工程原理、技术和方法，具有对本领域相关问题的判断和分析能力,政治经济学、微观经济学、宏观经济学、计量经济学、会计学、统计学、金融学、投资学，公司金融、商业银行经营管理、金融工程学、金融计量学、固定收益证券、金融衍生工具、数理金融、金融风险测度与管理等。,1.夯实金融基础，凸显数理思维；2．注重实践能力，强调专业技能；3．力行开放办学，鼓励合作交流,本专业基本学制为四年，实行弹性修业年限制度，学生在校修业年限可以提前至三年或延长至六年，修满规定的学分准予毕业。符合学士学位授予条件者，授予经济学学士学位。,CUEB-2023-005,金融工程
首都经济贸易大学,2023级,统计学院,数学与应用数学（金融方向）,数学与应用数学（金融方向）,本科人才培养方案,070101,2023级/11统计学院/数学与应用数学（金融方向）/数学与应用数学（金融方向）1-6.docx,01_Markdown培养方案/2023级/11统计学院/数学与应用数学（金融方向）/数学与应用数学（金融方向）1-6.md,本专业旨在培养具有正确的社会主义核心价值观，适应现代经济和社会发展需要，德智体美劳全面发展，具有扎实的数学与统计理论基础，系统掌握基本的金融理论，具有较强的计算机应用能力，熟练运用数学与统计等软件和模型解决实际问题尤其是金融相关问题，能在经济部门、科研部门和政府部门等从事经济分析、金融产品设计等工作，或继续攻读应用数学、金融数学、应用统计等相关专业研究生学位的金融数学专业人才，具有国际视野与创新精神的社会主义建设者和接班人。,1．热爱祖国，拥护中国共产党的领导，掌握马克思主义、毛泽东思想和中国特色社会主义理论体系，树立辩证唯物主义和历史唯物主义的世界观，具有强烈的法律意识及较好的人文社会科学素养，在实践中自觉遵守职业道德规范，履行社会责任和义务；2.系统掌握数学科学、统计科学的基本理论和基本方法，熟悉经济、金融、计算机等领域的相关基础知识和基本方法，具有运用数学、统计和计算机等知识建立模型以解决实际问题的能力，特别是金融定量分析能力，具有较宽的知识面和知识结构；3．掌握科学思维方法和科学研究方法，具有较强的学习能力和科学研究能力，掌握资料查询、文献检索及运用现代信息技术获取相关信息的基本方法；4．掌握一门外语，具有较强的外语阅读能力和外语听、说、写、译能力，能利用外语获取专业信息；5．具有良好的个人修养及健康的心理体魄，能够在多学科背景下发挥个体优势，具有团队协作能力，并具有一定的组织领导能力,数学分析、高等代数与几何、概率论、数理统计、实变函数与泛函分析、常微分方程、优化方法、数值分析、复变函数、时间序列分析、回归分析、随机过程、多元统计分析、微观经济学、宏观经济学、金融学、金融数学、证券投资分析、金融统计分析,1．加强基础理论和方法论学习；2．注重实践能力培养；3．加强创新能力培养；4．重视国际视野培养,本专业基本学制为四年，实行弹性修业年限制度，学生在校修业年限可以提前至三年或延长至六年，修满规定的学分准予毕业。符合学士学位授予条件者，授予理学学士学位。,CUEB-2023-006,数学与应用数学（金融方向）
首都经济贸易大学,2023级,统计学院,数据科学与大数据技术,数据科学与大数据技术,数据科学与大数据技术专业本科人才培养方案,080910T,2023级/11统计学院/数据科学与大数据技术/数据科学与大数据技术1-6.docx,01_Markdown培养方案/2023级/11统计学院/数据科学与大数据技术/数据科学与大数据技术1-6.md,本专业旨在培养具有正确的社会主义核心价值观，适应现代经济和社会发展需要，德智体美劳全面发展，以数学与计算机为基础，系统掌握数据科学及大数据技术的专业知识，具有搜集、整理、分析和呈现大数据的基本能力，能够熟练使用在大数据架构上的基本工具进行数据分析，为企业、咨询和研究机构解决实际问题的应用型大数据分析人才，具有国际视野与创新精神的社会主义建设者和接班人。,1.掌握马克思主义、毛泽东思想与中国特色社会主义基本理论，具有良好的思想品德、个人修养以及健康的心理和体魄，具有良好的人文社会科学素养、职业道德和心理素质，社会责任感强；2.掌握统计专业所必须的数学基础知识，理解如何使用数学语言表达统计思想；3.具有扎实的数据科学理论功底，系统掌握数据科学和大数据专业知识，了解国内外国际前沿动态；4.具有较强的计算机及互联网应用能力，掌握高效的处理大数据的方法，掌握大数据建模和分析的基础理论，能够从大数据中获取有价值的知识；5.具备解决交叉学科实际问题的能力,数学分析、高等代数、数据科学的概率基础、面向对象程序设计（JAVA）、数据科学的计算机基础、经济学原理、数据科学导论、数据科学的统计基础、数据库原理与应用、抽样技术与应用、回归分析、分布式计算、时间序列分析、数据结构、统计编程基础、Python数据分析、数据仓库与数据挖掘、机器学习、大数据预处理、数据科学算法,1．实现与计算机学科的交叉培养；2．注重实践能力的培养与业界的结合；3．本专业（方向）与国内国外有关学校深入广泛合作，与港澳台和国外知名大学有充分的交流与合作，有着突出的教育国际化的特点,本专业基本学制为四年，实行弹性修业年限制度，学生在校修业年限可以提前至三年或延长至六年，修满规定的学分准予毕业。符合学士学位授予条件者，授予理学学士学位。,CUEB-2023-007,数据科学与大数据技术
首都经济贸易大学,2023级,统计学院,经济统计学,经济统计学,经济统计学专业本科人才培养方案,020102,2023级/11统计学院/经济统计学/经济统计学1-6.docx,01_Markdown培养方案/2023级/11统计学院/经济统计学/经济统计学1-6.md,本专业旨在培养具有正确的社会主义核心价值观，适应现代经济和社会发展需要，德智体美劳全面发展。具有良好的数学与经济学素养，具有厚实的统计学理论方法与经济学基础。能够熟练掌握数据分析方法和统计软件，具备搜集、整理、分析数据的知识和能力，胜任经济管理数据分析工作的高级统计分析人才。具有国际视野与创新精神的社会主义建设者和接班人。,1.具有正确的社会主义核心价值观，德智体美劳全面发展；2．应用概率论、数理统计、经济理论等专业知识，胜任经济管理数据分析工作；3．运用经济统计学基础理论和方法，基于概率论、计算机技术，借助文献研究等手段，识别、分析复杂问题，并可以建立统计模型，获得有效结论；4．掌握统计软件及常用数据库工具的使用及各类软件的优缺点，并针对现实问题可以合理选择数据分析工具或利用已有资源进行简单开发小型数据处理平台；5．具备一定的国际视野，关注国际统计应用的新进展，借鉴国际先进统计分析方法并运用到自己的工作实际,数学分析、概率论、数理统计、微观经济学、宏观经济学、抽样技术与应用、时间序列分析、多元统计分析、回归分析、贝叶斯统计、国民经济核算、非参数统计等。,1．注重统计方法在经济分析中的应用；2．注重实践能力的培养；3．遵循经济统计学学科发展规律及教育教学规律，课程设置与国际接轨，可以进行国内外的学术沟通与交流，满足国际化需求,本专业基本学制为四年，实行弹性修业年限制度，学生在校修业年限可以提前至三年或延长至六年，修满规定的学分准予毕业。符合学士学位授予条件者，授予经济学学士学位。,CUEB-2023-008,经济统计学
首都经济贸易大学,2023级,统计学院,统计学,统计学,统计学专业本科人才培养方案,071201,2023级/11统计学院/统计学/统计学1-6.docx,01_Markdown培养方案/2023级/11统计学院/统计学/统计学1-6.md,本专业旨在培养具有正确的社会主义核心价值观，德智体美劳全面发展，具有扎实的数学与统计理论基础，能系统掌握统计学思想，熟练运用统计知识和方法分析处理数据，具备较强的应用和解决实际问题能力及创新创业能力的卓越统计师、数据工程师、数据科学家和拔尖的统计学基础学科研究人才，具有国际视野与创新精神的社会主义建设者和接班人。,1．掌握马克思主义、毛泽东思想和中国特色社会主义理论体系；2.具备扎实的数学基础，受到严格的科学思维训练，初步掌握数学科学思想方法，形成严谨的逻辑推理和量化分析的思维方式；3.具备计算机应用的基本技术技能，掌握至少一门面向数据的编程语言，具有一定的统计计算和数据挖掘能力，理解常用统计软件的原理，并能熟练使用这些统计分析软件处理相关问题；4.关注社会经济发展状况，了解与统计、数据挖掘等有关的自然科学、社会科学、工程技术某一领域的基本知识，能够将其与统计学理论相结合，具备在某些实践领域发现问题，并适当描述问题、能灵活运用所学知识分析并最终解决问题的初步能力；5.具有较高的外语水平，具有良好的听、说、读、写能力，熟悉本专业的英文专业术语，能够顺利阅读本专业外文资料,数学分析、高等代数与几何、概率论、数理统计、经济学原理、实变函数与泛函分析、常微分方程、随机过程、时间序列分析、多元统计分析、回归分析、试验设计、抽样技术与应用、贝叶斯统计、非参数统计等。,1．注重数学思维与统计思想的有机融合；2．注重统计理论与实践能力的并重培养,本专业基本学制为四年，实行弹性修业年限制度，学生在校修业年限可以提前至三年或延长至六年，修满规定的学分准予毕业。符合学士学位授予条件者，授予理学学士学位。,CUEB-2023-009,统计学
首都经济贸易大学,2023级,外国语学院,商务英语,商务英语,商务英语专业本科人才培养方案,050262,2023级/12外国语学院/商务英语/商务英语1-6.docx,01_Markdown培养方案/2023级/12外国语学院/商务英语/商务英语1-6.md,nan,1.具有人文素养、科学精神和社会责任感，熟悉商务领域相关政策及法律、法规，能够在本专业领域实践活动中理解并遵守职业道德和职业规范，具有国际视野；2.掌握通识教育类、英语语言文学和商务学科基础类、专业类知识及相关学科知识，并能将所学知识用于解释本专业领域及相关领域的现象和问题；3.能够应用英语语言文学基础理论和研究方法、应用商务活动的基本原理和方法，对相关领域问题进行判断、分析和研究，提出相应对策和建议，并形成解决方案；4.能够恰当使用现代工具，对英语语言文学领域与商务领域的数据信息进行收集和分析处理，完成所从事的专业领域任务；5.能够使用书面和口头表达方式就英语语言文学领域以及商务领域的现象和问题进行有效沟通与交流,综合英语I-IV、高级英语I-II、英语阅读I-II、商务英语阅读、高级商务英语阅读、英语视听说I-II、商务英语视听说（实验）、高级商务英语视听说（实验）、翻译概论、基础口译、经贸翻译实务、商务会议口译、英语基础写作、高级英语写作、商务英语写作、商务英语函电、研究方法与学术写作、英语文学导论、英美文学选读、语言学概论、中国文化（英语）、英语国家概况、交际英语、商务导论、跨文化商务沟通导论、经济学原理、话说北京（英语）、京津冀商务论坛（实验）等。,1.“教学+思政”的理念；2.“着眼国际+服务区域”的目标；3.“英语+商务”的课程主体框架；4.“理论+实践”的培养模式；5.“国内+国际”联合培养的学习渠道,本专业基本学制为四年，实行弹性修业年限制度，学生在校修业年限可以提前至三年或延长至六年，修满规定的学分准予毕业。符合学士学位授予条件者，授予文学学士学位。,CUEB-2023-010,商务英语
首都经济贸易大学,2023级,外国语学院,法语,法语,法语专业本科人才培养方案,050204,2023级/12外国语学院/法语/法语专业人才培养方案.docx,01_Markdown培养方案/2023级/12外国语学院/法语/法语专业人才培养方案.md,--- | --- | --- | --- | --- | --- | | 毕业要求 | 培养目标 | | | | | | 目标1 具有社会主义核心价值观，具有良好的思想品德、社会公德、职业道德和个人修养 | 目标2 具备较高的人文素养、国际视野与跨文化沟通能力 | 目标3 熟悉中国文化知识；具备扎实法语语言基础 | 目标4 能在政府机关、外事部门、翻译机构、企业、学校、科研院所等单位就职 | 目标5 能够从事商务、贸易、金融、翻译、文化、新闻出版、教育等工作的应用型、复合型人才 | | 指标1 了解法语及英语国家政治、经济、历史、社会文化、风俗习惯等方面的概况。 | H | M | H | M | M | | 指标2 具备比较全面和扎实的法语和英语听、说、读、写、译的基本技能 ；掌握较系统的法语和英语语言和…,--- | --- | --- | --- | --- | --- | --- | --- | | 课程名称 | 毕业要求 | | | | | | | | 指标1 了解法语及英语国家政治、经济、历史、社会文化、风俗习惯等方面的概况 | 指标2 具备比较全面和扎实的法语和英语听、说、读、写、译的基本技能 ；掌握较系统的法语和英语语言和文化基础知识 | 指标3 理解跨文化商务活动中的思维模式、价值观念和行为准则；掌握经贸法语的基础知识 | 指标4 具有扎实的法语和英语语言基础和较强的听、说、读、写、译的实际应用能力 | 指标5 了解我国国情和相关的方针、政策、法律法规，具有较好的汉语表达能力；熟悉计算机办公软件和其他信息技术的应用 | 指标6 具有较强的跨文化沟通意识与沟通能力，能够流利、准确地使用法语和英语从事跨文化交流，国际合作，对外经贸，文化宣传等工作的能力 | 指标7 具有良好的身心素质，体魄强健、心理稳定、意志坚强；具有…,基础法语I、基础法语II、中级法语I、中级法语II、高级法语I、高级法语II、初级法语视听说、中级法语视听说、高级法语视听说、法语阅读与写作I、法语阅读与写作II、高级法语写作、经贸文章选读、商务法语、法国社会与文化、中国文化（法语）。,2.法语+英语；3.法语+经贸；4.立足北京，服务区域发展,本专业基本学制为四年，实行弹性修业年限制度，学生在校修业年限可以提前至三年或延长至六年，修满规定的学分准予毕业。符合学士学位授予条件者，授予文学学士学位。,CUEB-2023-011,法语
首都经济贸易大学,2023级,华侨学院,信息管理与信息系统（金融信息管理）,信息管理与信息系统（金融信息管理）,信息管理与信息系统专业（金融信息管理）本科人才培养方案,120102,2023级/13华侨学院/信息管理与信息系统（金融信息管理）/信息管理与信息系统（金融信息管理）1-6.docx,01_Markdown培养方案/2023级/13华侨学院/信息管理与信息系统（金融信息管理）/信息管理与信息系统（金融信息管理）1-6.md,本专业与行业发展紧密结合，参考全球认可度较高的金融类证书认证课程设置，以英文为教学语言，培养思想健康、政治正确、体魄强健，具有正确社会主义核心价值观、明辨性思维，较强的专业软件应用和外语应用能力，规范使用语言文字的意识和应用能力，系统的信息系统认知，掌握信息管理、金融信息数据分析的方法与手段，具有良好的沟通和关系拓展能力、具有人文素养、国际视野、创新与创业精神和领导力，能够在跨国企业、会计师事务所、金融机构以及相关政府部门从事信息管理、信息系统设计、信息技术开发、金融信息数据分析等方面工作，并具有出国深造、海外就业等发展潜力的国际化、应用型高级专业人才。,1.掌握马克思主义、毛泽东思想和中国特色社会主义理论体系；2.能够使用书面和口头表达方式与国内外业界同行、社会公众就本专业领域现象和问题进行有效沟通与交流，同时能利用英文进行顺畅有效的沟通；1.逻辑清晰，具有明辨性思维，能够辩证的看待、分析社会环境、经济环境、政治环境、技术环境的变化所产生的影响，具备终身学习的能力；2.对自然科学、哲学、艺术、文学等知识有广泛的涉猎，具备较为深厚的人文与科学素养，奠定人才全面、可持续发展的基础,经济学、管理学、运筹学、管理信息系统、数据库、计算机网络、系统分析与设计、管理统计学。,1．学位培养与资格证书相结合；2．本土教育与国际教育相结合；3．积极开展与国外一流大学的国际交流项目合作；1、2+2等模式，以派遣交流交换学生、攻读海外硕士学位等形式，推进越来越多的学生出国学习，积极利用和引进国外优质师资等教育资源，开拓学生的国际视野、提升学生的综合竞争能力,本专业基本学制为四年，实行弹性修业年限制度，学生在校修业年限可以提前至三年或延长至六年，修满规定的学分准予毕业。符合学士学位授予条件者，授予管理学学士学位。,CUEB-2023-012,信息管理与信息系统（金融信息管理）
首都经济贸易大学,2023级,华侨学院,工商管理（国际会计）,工商管理（国际会计）,工商管理（国际会计）专业本科人才培养方案,,2023级/13华侨学院/工商管理（国际会计）/工商管理（国际会计）1-6.docx,01_Markdown培养方案/2023级/13华侨学院/工商管理（国际会计）/工商管理（国际会计）1-6.md,本专业与行业发展紧密结合，参考全球认可度较高的财会类证书认证课程设置，以英文为教学语言，培养思想健康、政治正确、体魄强健，具有正确社会主义核心价值观、明辨性思维，较强的专业软件应用和外语应用能力，规范使用语言文字的意识和应用能力，系统的商业认知，掌握现代企业经营管理的方法与手段，具有良好的沟通和关系拓展能力、具有人文素养、国际视野、创新与创业精神和领导力，能够在跨国企业、会计师事务所、金融机构以及相关政府部门从事管理、会计、审计、咨询、金融分析等方面工作，并具备出国深造、海外就业等发展潜力的国际化、应用型高级专业人才。,1.掌握马克思主义、毛泽东思想和中国特色社会主义理论体系；2.能够使用书面和口头表达方式与国内外业界同行、社会公众就本专业领域现象和问题进行有效沟通与交流，同时能利用英文进行顺畅有效的沟通；3.逻辑清晰，具有明辨性思维，能够辩证的看待、分析社会环境、经济环境、政治环境、技术环境的变化所产生的影响，具备终身学习的能力；4.对自然科学、哲学、艺术、文学等知识有广泛的涉猎，具备较为深厚的人文与科学素养，奠定人才全面、可持续发展的基础；5.能够恰当使用现代工具，对本专业领域数据信息进行收集和分析处理，完成所从事的专业领域任务,nan,1．学位培养与资格证书相结合*；2．本土教育与国际教育相结合；3.积极开展与国外一流大学的国际交流项目合作；1、2+2等模式，以派遣交流交换、攻读海外硕士学位等形式，推进越来越多的学生出国学习，积极利用和引进国外师资等优质教育资源，开拓学生的国际视野、提升学生的综合竞争能力,本专业基本学制为四年，实行弹性修业年限制度，学生在校修业年限可以提前至三年或延长至六年，修满规定的学分准予毕业。符合学士学位授予条件者，授予管理学学士学位。,CUEB-2023-013,工商管理（国际会计）
首都经济贸易大学,2023级,国际经济管理学院,金融学（数据与计量分析）,金融学（数据与计量分析）,金融学专业（数据与计量分析）人才培养方案,020301K,2023级/14国际经济管理学院/金融学（数据与计量分析）/金融学（数据与计量分析）1-6.docx,01_Markdown培养方案/2023级/14国际经济管理学院/金融学（数据与计量分析）/金融学（数据与计量分析）1-6.md,本专业培养具有正确社会主义核心价值观，具备扎实的金融学和经济学理论基础，熟练运用计量和数据分析技术，以及互联网经济与大数据金融的分析方法和技术手段，具有开阔的国际视野和较高的外语水平，能够到国内外大学继续深造，或者在政府机关、金融机构、科研院所、外资企业等单位从事金融经济理论研究与政策分析决策等工作，既能胜任传统金融工作，又能适应金融行业发展趋势的复合型拔尖创新金融人才。,1.注重人才思想政治、身心健康和职业道德等综合素质；2.系统掌握金融学基本理论和数理计量分析基本方法，具有扎实的数学基础和包括金融学和经济学在内的较宽知识面与知识结构，并具备使用统计软件分析金融和经济数据、解决经济问题的能力，为在金融学方向的进一步深造奠定坚实的基础；3.具备计量分析和大数据与互联网经济与金融分析能力；4.具有较高的英语水平和宽广的国际视野；5.具备较强的创新意识，善于将理论与实际相结合,高等数学、概率论与数理统计、中级微观经济学、中级宏观经济学、计量经济学、会计学、国际经济学、货币银行学、公司金融、投资学、固定收益证券、经济时间序列分析、金融衍生品分析等。,1．独特的课程体系设置；2．英文教学与广泛的国际合作；3．灵活的人才培养模式,本专业基本学制为四年，实行弹性学制，学生在校学习年限可以提前至三年或延长至六年，修满规定的学分准予毕业。符合学士学位授予条件者，授予经济学学士学位。,CUEB-2023-014,金融学（数据与计量分析）
首都经济贸易大学,2023级,城市经济与公共管理学院,土地资源管理,土地资源管理,土地资源管理专业本科人才培养方案,120404,2023级/1城市经济与公共管理学院/土地资源管理/土地资源管理1-6.doc,01_Markdown培养方案/2023级/1城市经济与公共管理学院/土地资源管理/土地资源管理1-6.md,本专业培养具有社会主义核心价值观以及规范使用语言文字意识和应用能力，具备现代管理学、经济学、土地资源与房地产经济管理方面的基本理论，熟悉土地管理与房地产经济管理的政策法规，掌握土地调查与评价、土地规划、土地制度与政策、房地产经营与管理、房地产估价、土地信息技术等专业技能，具有“评测、规划、估价、管理”的实践素养和创新能力，适应新时期国土、城建、房地产以及相关领域工作和研究的发展需要，为国家土地管理事业和首都经济建设服务的高级复合型专门人才。,掌握马克思主义、毛泽东思想和中国特色社会主义理论体系；2.通识教育类、学科基础类知识要求；3.专业基本理论与专业知识要求；4.专业技术与工具运用能力要求；5.相关法律政策基础要求,公共管理学、公共经济学、公共政策学、社会学、统计学、土地经济学土地资源学、土地测量与管理、国土空间规划、土地管理学、地籍测量与管理、土地信息系统，房地产经济学、房地产开发经营、房地产估价理论与方法、房地产金融、遥感与GIS应用等。,1．突出土地与房地产管理的课程特色；2．以房地产经济管理为专业特色；3．强调“评测、规划、估价、管理”等实践能力的人才培养特色,本专业基本学制为四年，实行弹性修业年限制度，学生在校修业年限可以提前至三年或延长至六年，修满规定的学分准予毕业。符合学士学位授予条件者，授予管理学学士学位。,CUEB-2023-015,土地资源管理
首都经济贸易大学,2023级,城市经济与公共管理学院,城市管理,城市管理,城市管理专业本科人才培养方案,120405,2023级/1城市经济与公共管理学院/城市管理/城市管理1-6.docx,01_Markdown培养方案/2023级/1城市经济与公共管理学院/城市管理/城市管理1-6.md,本专业培养具有社会主义核心价值观，适应我国城市群与超大城市经济发展需要，德智体美劳全面发展，具备扎实的区域与城市经济管理的理论基础和实践能力，具有开阔的国际视野和区域与城市经济管理创新思维，“强经济、擅技术、懂政策、精管理”，能够在城市各级政府、各类银行、研究咨询机构，以及其他大型企事业单位等从事区域与城市数智经济规划与管理、城市群与超大城市数智产业监测、区域与城市经济大数据分析、区域与城市发展规划及政策分析、区域发展与城市建设投融资策划与分析、数智化时代的公共服务规划设计、城市社会经济网络运行分析与规划、城市经济与管理的运行模拟仿真、城市数字政府建设与数据治理、城市经济精细化管理及战略决策等工作的高素质、复合型优秀人才。,1.掌握通识教育类、学科基础类、专业类知识及相关学科知识，并能将所学知识用于解释区域和城市经济管理领域及相关领域的现象和问题，了解本学科发展前沿，具有国际视野；2.能够应用区域与城市经济学、城市管理学、城市规划学等的基本原理，以及GIS与空间分析、统计与空间计量、社会网络分析、大数据分析、政策分析、模拟仿真等方法工具，对本专业领域及相关领域问题进行判断、分析和研究，提出相应对策和建议，并形成解决方案,10. 城市经济学（双语）、城市管理学、城市建设投融资、城市发展与财政、城市文化学（英语）、城市数字经济、城市经济分析方法、空间计量经济基础、城市地理学（双语）、城市规划与管理（双语）、城市数字化管理、城市经济战略管理、遥感与GIS应用、城市社会网络与UCInet应用、Python与城市大数据分析、城市经济管理模拟仿真、城市经济管理政策分析、城市发展策划实务、城市建设经济评价实务、区域经济协同专题、区域产业与发展等。,1；1.面向首都北京城市经济发展与精细化管理；1,本专业基本学制为四年，实行弹性修业年限制度，学生在校修业年限可以提前至三年或延长至六年，修满规定的学分准予毕业。符合学士学位授予条件者，授予管理学学士学位。,CUEB-2023-016,城市管理
首都经济贸易大学,2023级,城市经济与公共管理学院,城市管理（区域经济管理）,城市管理（区域经济管理）,城市管理专业（区域经济管理）本科人才培养方案,120405,2023级/1城市经济与公共管理学院/城市管理（区域经济管理）/城市管理（区域经济管理）1-6.docx,01_Markdown培养方案/2023级/1城市经济与公共管理学院/城市管理（区域经济管理）/城市管理（区域经济管理）1-6.md,本专业主要培养具有社会主义核心价值观，适应区域与城市经济发展需要，具有扎实的区域与城市经济管理理论基础和突出的定量分析能力，掌握地理信息系统、AutoCAD等空间分析与制图技术，知识面宽广，有创新意识和一定的研究能力，能够在区域和城市建设和管理部门、政府政策研究机构、咨询机构等企事业单位从事实务、科研以及具体管理工作的复合型、应用型专门人才。,1．掌握马克思主义、毛泽东思想和中国特色社会主义理论体系；2．系统掌握现代区域经济管理的基本知识和专业基础理论，熟悉区域经济分析的原理和方法，具有扎实的经济学和管理学基础，具备较宽的公共管理专业知识面以及合理知识结构；3．具有区域经济管理的思维与能力；4．具有自主学习和终身学习意识，有创业创新能力及不断学习与适应发展的能力；5．熟悉本专业领域相关政策及法律、法规，能够在本专业领域实践活动中理解并遵守职业道德和职业规范,经济学原理、中级微观经济学、管理学、公共经济学、公共政策学、公共管理学、区域经济学、城市经济学、空间经济计量基础、城市规划与管理、经济地理学、区域规划理论与方法、中国区域经济、地理信息系统、地方财政学等。,1.强调学科交叉、理论与应用兼顾的专业特色；2.强调宽基础、重技能的课程特色；3.强调“规划、管理”等创新型实践能力的人才培养特色,本专业基本学制为四年，实行弹性修业年限制度，学生在校修业年限可以提前至三年或延长至六年，修满规定的学分准予毕业。符合学士学位授予条件者，授予管理学学士学位。,CUEB-2023-017,城市管理（区域经济管理）
首都经济贸易大学,2023级,城市经济与公共管理学院,行政管理,行政管理,行政管理专业本科人才培养方案,120402,2023级/1城市经济与公共管理学院/行政管理/行政管理1-6.doc,01_Markdown培养方案/2023级/1城市经济与公共管理学院/行政管理/行政管理1-6.md,本专业旨在培养适应现代经济和社会发展需要，德智体美劳全面发展，具备扎实的行政管理理论基础，具有较深厚的人文素养和科学精神，知识结构完善合理，具有高度责任心和使命感，具备较高行政管理素质与较强行政管理能力，具有国际视野与创新精神，能在政府机关、企事业单位、咨询机构、非营利组织及社区从事公共行政、社会管理、市场监管、文秘助理、人力资源管理、政策分析、项目咨询等工作的高素质、复合型、应用型管理人才。,1.掌握马克思列宁主义、毛泽东思想、邓小平理论、“三个代表”重要思想、科学发展观和习近平新时代中国特色社会主义思想；2.掌握通识教育类、学科基础类、专业核心知识及相关学科知识，并能将所学知识用于分析公共管理领域的现象和问题，并通过问题诊断、分析和研究，提出相应对策和建议，并形成解决方案；3.熟悉国家治理以及公共管理方面的法律法规、方针、政策，具备现代行政管理能力、公共政策分析能力、调查统计分析能力、组织策划能力、协调沟通能力、写作表达能力等；4.有正确的世界观、人生观、价值观，具有良好的人文、艺术修养和审美情趣；5.重视思维的多元化与系统性训练，在跨学科与复合多元的知识体系下，能较全面地掌握并熟练运用行政管理、公共政策、信息管理、计算机、统计调查等多个交叉领域的知识，提升应对多元复杂问题的能力,当代中国政府与政治、政府监管、行政法学、行政组织学、行政伦理学、电子政务概论、领导科学、行政管理史、比较政治制度（双语）、非营利组织管理、国家公务员制度、应急管理概论、公共部门人力资源管理（双语）、行政职业能力、学术写作与学科前沿、社会调查研究方法、跨文化交际与沟通、政府绩效评估、城市数字化管理、城市社区治理、北京历史文化概论等。,1.突出服务首都北京，夯实经济行政的特色；2.强调知识的多维与系统，强调理论与实践相结合；3.注重本土化与国际化的培养模式,本专业基本学制为四年，实行弹性修业年限制度，学生在校修业年限可以提前至三年或延长至六年，修满规定的学分准予毕业。符合学士学位授予条件者，授予管理学学士学位。,CUEB-2023-018,行政管理
首都经济贸易大学,2023级,工商管理学院,工商管理（ESG投资与管理）,工商管理（ESG投资与管理）,工商管理（ESG投资与管理）本科人才培养方案,120201K,2023级/2工商管理学院/2023级培养方案/工商管理（ESG投资与管理）/工商管理（ESG投资与管理）1-6部分.docx,01_Markdown培养方案/2023级/2工商管理学院/2023级培养方案/工商管理（ESG投资与管理）/工商管理（ESG投资与管理）1-6部分.md,本专业以立德树人为根本，秉承“厚德精业，守正出新”的学院价值观，肩负“植根管理实践，探索商学前沿，培养卓越商才，服务社会发展”的使命，坚持“三全育人”，推进思政育人与专业育人同向同行，培养具有社会主义核心价值观，适应现代经济和社会发展需要，德智体美劳全面发展，掌握现代管理理论与管理方法、拥有良好的专业知识综合素养、具备较强的ESG投资分析与实操能力以及企业ESG管理与实践能力、具有创造性思维和良好创新能力，能适应进一步学习深造的需要，或在企、事业单位和政府部门中从事ESG、社会责任与相关领域管理岗位工作，以及资本市场、金融机构ESG投资分析与管理工作的复合型、应用型、创新型人才。 1. 毕业要求 1. 掌握马克思主义、毛泽东思想和中国特色社会主义理论体系；具有良好的思想品德、社会公德、职业道德和个人修养；具有…,nan,管理学、经济学原理、财务管理学、统计学、运营管理、市场营销学、会计学、组织行为学、企业战略管理、消费者行为学、电子商务、企业资源规划（ERP）、供应链管理、ESG理论与实践、金融学、绿色金融、ESG前沿讲座、ESG投资理论与实践、投资学、量化金融学、ESG战略规划与实施、ESG报告与信息披露管理、企业ESG管理、气候风险管理等。,1.培养具备ESG投资与管理知识同时兼具管理、财务、金融知识的复合型人才；2.培养具备扎实ESG投资与管理能力的应用型人才；3.培养具备创造性思维和良好创新能力的创新型人才,本专业基本学制为四年，实行弹性修业年限制度，学生在校修业年限可以提前至三年或延长至六年，修满规定的学分准予毕业。符合学士学位授予条件者，授予管理学学士学位。,CUEB-2023-019,工商管理（ESG投资与管理）
首都经济贸易大学,2023级,工商管理学院,工商管理（公司理财）,工商管理（公司理财）,工商管理专业（公司理财）本科人才培养方案,,2023级/2工商管理学院/2023级培养方案/工商管理（公司理财）/工商管理（公司理财）1-6.docx,01_Markdown培养方案/2023级/2工商管理学院/2023级培养方案/工商管理（公司理财）/工商管理（公司理财）1-6.md,本专业以立德树人为根本，秉承“厚德精业，守正出新”的学院价值观，肩负“植根管理实践，探索商学前沿，培养卓越商才，服务社会发展”的使命，坚持“三全育人”，推进思政育人与专业育人同向同行，培养具有社会主义核心价值观，适应现代经济和社会发展需要，德智体美劳全面发展、掌握现代管理理论与管理方法、具备良好的专业知识综合素养、具有较强的财务金融分析和创新创业能力，在企、事业单位和政府部门中从事理财与相关领域岗位工作，以及资本市场、金融机构投资分析与管理工作的应用型、复合型人才。 1. 毕业要求 1. 掌握马克思主义、毛泽东思想和中国特色社会主义理论体系；具有良好的思想品德、社会公德、职业道德和个人修养；具有爱岗敬业、遵纪守法和团结合作的品质；具有为国家富强、民族昌盛而奋斗的志向和责任感。 2. 系统掌握经济与管理学科的基…,nan,管理学、经济学原理、金融学、财务管理学、统计学、运营管理、市场营销学、会计学、组织行为学、企业战略管理、消费者行为学、电子商务、企业资源规划（ERP）、供应链管理、企业财务分析、公司估值、公司重组、数字金融、创新创业金融、投资学、风险管理、商法学、企业伦理,1.培养具备扎实理财专业能力的应用型人才；2.培养具备现代公司理财知识同时兼具财务、金融、管理、创新创业知识的复合型人才；3.注重学生创新创业能力的培养,本专业基本学制为四年，实行弹性修业年限制度，学生在校修业年限可以提前至三年或延长至六年，修满规定的学分准予毕业。符合学士学位授予条件者，授予管理学学士学位。,CUEB-2023-020,工商管理（公司理财）
首都经济贸易大学,2023级,工商管理学院,工商管理（国际商务）,工商管理（国际商务）,工商管理（国际商务）专业本科人才培养方案,,2023级/2工商管理学院/2023级培养方案/工商管理（国际商务）/工商管理（国际商务）1-6.docx,01_Markdown培养方案/2023级/2工商管理学院/2023级培养方案/工商管理（国际商务）/工商管理（国际商务）1-6.md,本专业以立德树人为根本，秉承“厚德精业，守正出新”的价值观，肩负“植根管理实践，探索商学前沿，培养卓越商才，服务社会发展”的使命，坚持“三全育人”，推进思政育人与专业育人同向同行，培养具有社会主义核心价值观，适应现代经济和社会发展需要，德智体美劳全面发展，掌握现代管理理论与管理方法、具备良好的专业知识综合素养、具备国际贸易和电子商务管理能力，适应经济全球化发展需要，通晓国际商务发展动向与前沿，掌握国际商务理论知识及实践技能，谙熟国际经济法规和商务惯例，具有良好的国际视野与战略眼光、较强的商务实践能力、创新创业能力以及团队合作能力，以国际化、实践型为突出特征的高层次复合型国际商务人才。,1．掌握马克思主义、毛泽东思想和中国特色社会主义理论体系；2.系统掌握从事国际商务工作所需要的管理学、营销学、经济学、贸易学、金融学等方面的基本知识和基本技能，具备良好的学习能力、分析与解决实际问题的能力，具备较强的商务谈判技能、企业管理与市场营销技能；3.具有较好的语言与文字表达能力，熟练应用一门外国语，能够使用书面和口头表达方式与国内外业界同行、社会公众就本专业领域现象和问题进行有效沟通与交流；4.能够熟练运用计算机和管理实务方面的应用软件，对商务以及市场数据信息进行收集和分析处理，能够迅速适应实际工作岗位的要求；5.具有较强社会适应能力和学习能力，具有自主学习和终身学习意识,国际商务、国际市场营销、国际零售管理、商务谈判、经济学原理、国际商法（双语）、国际贸易、国际金融学（双语）、国际物流、消费者行为学（双语）、国际税收（双语）、国际结算（双语）、客户关系管理（英语）、国际商务礼仪、统计学、会计学、财务管理学、运营管理、企业资源规划（ERP）、供应链管理等。,1.突出国际化商务人才培养；2.突出跨学科复合型人才培养；3.注重学生实践创新能力的培养；4．突出现代国际商务特色,本专业基本学制为四年，实行弹性修业年限制度，学生在校修业年限可以提前至三年或延长至六年，修满规定的学分准予毕业。符合学士学位授予条件者，授予管理学学士学位。,CUEB-2023-021,工商管理（国际商务）
首都经济贸易大学,2023级,工商管理学院,工商管理（实验班）,工商管理（实验班）,工商管理专业（实验班）本科人才培养方案,120201K,2023级/2工商管理学院/2023级培养方案/工商管理（实验班）/工商管理（实验班）-1-6部分.docx,01_Markdown培养方案/2023级/2工商管理学院/2023级培养方案/工商管理（实验班）/工商管理（实验班）-1-6部分.md,本专业以立德树人为根本，秉承“厚德精业，守正出新”的价值观，肩负“植根管理实践，探索商学前沿，培养卓越商才，服务社会发展”的使命，坚持“三全育人”，推进思政育人与专业育人同向同行，培养具有社会主义核心价值观，适应现代经济和社会发展需要，德智体美劳全面发展，掌握现代管理理论与管理方法、具备良好的专业知识综合素养、具有较强科学研究能力，开阔的国际化视野，适应进一步学习深造需要的综合素质优秀或基础学科拔尖的人才。 1. 毕业要求 1. 掌握马克思主义、毛泽东思想和中国特色社会主义理论体系；具有良好的思想品德、社会公德、职业道德和个人修养；具有爱岗敬业、遵纪守法和团结合作的品质；具有为国家富强、民族昌盛而奋斗的志向和责任感。 2. 系统掌握经济与管理学科的基础知识和企业管理的基本理论与方法，掌握企业管理的规律和特点…,nan,管理学、微观经济学、创新管理、会计学、财务管理、市场营销、组织行为学、人力资源管理、企业战略管理、运营管理、管理学研究方法、管理学经典文献导读、程序设计语言（Python）、统计学、跨国公司管理、公司治理、计量经济学、管理心理学。,1.按照高水平拔尖人才的培养规律，着重加强对学生理论能力与研究方法的长线训练；2.实验班培养，实行单独编班；3.实行导师制、小班化等培养模式；4.注重学生创新创业能力的培养,本专业基本学制为四年，实行弹性修业年限制度，学生在校修业年限可以提前至三年或延长至六年，修满规定的学分准予毕业。符合学士学位授予条件者，授予管理学学士学位。,CUEB-2023-022,工商管理（实验班）
首都经济贸易大学,2023级,工商管理学院,市场营销,市场营销,市场营销专业本科人才培养方案,,2023级/2工商管理学院/2023级培养方案/市场营销/市场营销1-6.docx,01_Markdown培养方案/2023级/2工商管理学院/2023级培养方案/市场营销/市场营销1-6.md,本专业以立德树人为根本，秉承“厚德精业，守正出新”的价值观，肩负“植根管理实践，探索商学前沿，培养卓越商才，服务社会发展”的使命，坚持“三全育人”，推进思政育人与专业育人同向同行，培养具有社会主义核心价值观，适应现代经济和社会发展需要，德智体美劳全面发展，掌握现代管理理论与管理方法、具备良好的专业知识综合素养、具有较强的逻辑分析和创新创业能力以及开阔的国际化视野，适应进一步学习深造的需要，或在企、事业单位和政府部门中从事管理与相关领域科研岗位工作的应用型、复合型营销管理人才。,1．掌握马克思主义、毛泽东思想和中国特色社会主义理论体系；2.系统掌握经济与管理学科的基础知识和市场营销的基本理论与方法，掌握企业管理的规律和特点，能够将所学知识用于解释、分析和评价企业市场营销实践中的具体现象和问题，并能够形成解决方案；3.具有较好的语言与文字表达能力，熟练应用一门外国语，能够使用书面和口头表达方式与国内外业界同行、社会公众就本专业领域现象和问题进行有效沟通与交流；4.能够熟练运用计算机和管理实务方面的应用软件，对市场营销专业领域数据信息进行收集和分析处理，能够迅速适应实际工作岗位的要求；5.具有较强社会适应能力和学习能力，具有自主学习和终身学习意识,管理学、经济学原理、市场营销学、消费者行为学（双语）、品牌管理、国际市场营销（英语）、服务营销、客户关系管理、商务谈判、管理决策模拟、商务分析、公共关系学、统计学、财务管理学、会计学、运营管理、电子商务、企业资源规划（ERP）、供应链管理、组织行为学（双语）、企业战略管理等。,1．基于需求导向的应用型、复合型培养目标定位；2．突出国际化营销人才培养；3.注重学生商务分析和实践创新能力的培养；4．突出现代服务业市场营销特色,本专业基本学制为四年，实行弹性修业年限制度，学生在校修业年限可以提前至三年或延长至六年，修满规定的学分准予毕业。符合学士学位授予条件者，授予管理学学士学位。,CUEB-2023-023,市场营销
首都经济贸易大学,2023级,工商管理学院,旅游管理,旅游管理,旅游管理专业本科人才培养方案,120901K,2023级/2工商管理学院/2023级培养方案/旅游管理/旅游管理1-6.docx,01_Markdown培养方案/2023级/2工商管理学院/2023级培养方案/旅游管理/旅游管理1-6.md,nan,1.掌握马克思主义、毛泽东思想和习近平新时代中国特色社会主义思想；2.掌握通识教育类、学科基础类、专业基础类、专业类知识及相关学科知识，并能将所学知识用于解释本专业领域及相关领域的现象和问题，了解旅游管理学科发展前沿，具有国际视野；3.具有扎实的从事旅游管理、旅游策划的基本能力；4.具有较好的语言与文字表达能力，熟练应用一门外国语，能够使用书面和口头表达方式与国内外业界同行、社会公众就本专业领域现象和问题进行有效沟通与交流；5.能够熟练运用计算机和管理实务方面的应用软件，对旅游管理专业领域信息进行收集和数据分析处理，能够迅速适应实际工作岗位的要求，具有良好的团队合作能力,经济学原理、管理学、市场营销学、财务管理、金融学、统计学、战略管理、创新管理、组织行为学（双语）、消费者行为学（双语）、旅游学、高端旅游与市场、旅游大数据与智慧旅游、旅游规划、旅游景区运营与管理、国际酒店管理、会奖旅游与策划。,旅游管理专业始终坚持“根植实践、面向国际、突破创新”的思路，构建“以行业需求为导向、以产学研相结合为途径、以培养实践创新能力为重点”的旅游管理专业办学理念。 一是切实落实“根植实践”的培养理念。根植于中国旅游发展所短缺的高端旅游与目的地营销、旅游大数据分析与智慧旅游、旅游规划与景区管理等实践领域，注重职业能力培养，突出宽口径，构建一体化的知识结构，将教与学、学与研、社会实践与就业目标有效地结合在一起。 二是积极探索“面向国际”的培养路径。秉承国际化视野，积极借鉴国际一流旅游院校的培养理念和国内出色的国际化合作旅游院校的成功经验，探索旅游管理国际化人才的培养路径。 三是注重学生实践创新能力的培养。立足工商管理学院和学校其他相关院系的优质资源，坚持课堂教学与实践教学相结合；案例教学与理论教学相结合；校内实训和校外实习基地相结合的人才培养方法，加强对学生实践能力和创新能力的培养。,本专业基本学制为四年，实行弹性修业年限制度，学生在校修业年限可以提前至三年或延长至六年，修满规定的学分准予毕业。符合学士学位授予条件者，授予管理学学士学位。,CUEB-2023-024,旅游管理
首都经济贸易大学,2023级,工商管理学院,物流管理,物流管理,物流管理专业本科人才培养方案,120601,2023级/2工商管理学院/2023级培养方案/物流管理/物流专业1-6.docx,01_Markdown培养方案/2023级/2工商管理学院/2023级培养方案/物流管理/物流专业1-6.md,本专业以立德树人为根本，秉承“厚德精业，守正出新”的价值观，肩负“植根管理实践，探索商学前沿，培养卓越商才，服务社会发展”的使命，坚持“三全育人”，推进思政育人与专业育人同向同行，培养具有社会主义核心价值观，适应现代经济和社会发展需要，德智体美劳全面发展，掌握现代管理理论与管理方法，理论基础扎实、知识结构合理、人文素养高、具有较强的实践能力和创新创业能力以及开阔的国际化视野，具备物流实务运作能力和跨组织的供应链协调能力，在相关领域有较大发展潜力的高级应用型和复合型人才。,1、掌握通识教育类、学科基础类、专业类知识及相关学科知识，并能将所学知识用于解释本专业领域及相关领域的现象和问题，了解本学科发展前沿，具有国际视野；2、能够应用本学科基本原理、方法对本专业领域及相关领域问题进行判断、分析和研究，提出相应对策和建议，并形成解决方案；3、能够恰当使用现代工具，对本专业领域数据信息进行收集和分析处理，完成所从事的专业领域任务；4、能够使用书面和口头表达方式与国内外业界同行、社会公众就本专业领域现象和问题进行有效沟通与交流；5、具有团队协作意识，能够在本学科及多学科团队活动中发挥个人能力，并能与其他成员进行协作,供应链管理、运营管理、运筹学、物流管理、物流运作管理、采购管理、智慧供应链、供应链金融、国际物流、质量管理、物流经济学。 主要专业实验：物流管理与运作实验、供应链系统仿真实验、供应链金融、智慧供应链,1.需求导向的应用型、复合型人才培养定位；2.学科导向与能力导相相结合的课程体系设置；3.注重学生实践创新能力的培养；4．立足实际需求培养管理人才,本专业基本学制为四年，实行弹性修业年限制度，学生在校修业年限可以提前至三年或延长至六年，修满规定的学分准予毕业。符合学士学位授予条件者，授予管理学学士学位。,CUEB-2023-025,物流管理
首都经济贸易大学,2023级,工商管理学院,电子商务,电子商务,电子商务专业本科人才培养方案,120801,2023级/2工商管理学院/2023级培养方案/电子商务/电子商务专业 1-6.docx,01_Markdown培养方案/2023级/2工商管理学院/2023级培养方案/电子商务/电子商务专业 1-6.md,本专业以立德树人为根本，秉承 “厚德精业，守正出新”的价值观，坚持“三全育人”，推进思政育人与专业育人同向同行。培养具有社会主义核心价值观，适应现代经济与社会发展需要，德智体美劳全面发展，掌握现代管理理论与管理方法、计算机科学、统计学等相关领域专业知识和基本技能的卓越商才。同时，还应具有互联网思维、国际化视野、创新思维和创业精神以及较强实践能力，能在各类企事业单位及政府部门从事数据挖掘与分析、数字化运营与咨询、电子商务规划与设计等相关工作，具有较大发展潜力的应用型、复合型高级专业人才。,（1）掌握通识教育类、学科基础类、专业类知识及相关学科知识，并能将所学知识用于解释本专业领域及相关领域的现象和问题，了解本学科发展前沿，具有国际视野； （2）能够系统应用管理学、经济学以及计算机科学的基本原理和方法对本专业领域及相关领域问题进行判断、分析和研究，提出相应对策和建议，并形成解决方案； （3）能够恰当使用现代工具，对本专业领域数据信息进行收集和分析处理，完成所从事的专业领域任务； （4）能够使用书面和口头表达方式与国内外业界同行、社会公众就本专业领域现象和问题进行有效沟通与交流； （5）具有团队协作意识，能够在本学科及多学科团队活动中发挥个人能力，并能与其他成员进行协作； （6）具有自主学习和终身学习意识，有创新创业能力及不断学习与适应发展的能力； （7）具有人文素养、科学精神和社会责任感，熟悉本专业领域相关政策及法律、法规，能够在本专业领域实践活动中理解并遵守职业道德和职业规范。,管理学、经济学原理、财务管理学、统计学、会计学、市场营销学、运营管理、运营管理、创新管理、管理决策模拟、组织行为学（双语）、消费者行为学（双语）、企业战略管理、人力资源管理、电子商务、企业资源规划(ERP)、供应链管理、商务智能理论与应用、互联网商务模式与创新、电子商务技术基础、电子商务网络技术、电子商务网站规划与设计、数据库原理与应用、客户关系管理、大数据商务分析与应用等。,1.进行管理学与计算机科学交叉培养；2．聚焦数字经济环境下的智能商务需求；3.重视实践能力,本专业基本学制为四年，实行弹性修业年限制度，学生在校修业年限可以提前至三年或延长至六年，修满规定的学分准予毕业。符合学士学位授予条件者，授予管理学学士学位。,CUEB-2023-026,电子商务
首都经济贸易大学,2023级,经济学院,国际经济与贸易,国际经济与贸易,国际经济与贸易专业本科人才培养方案,020401,2023级/3经济学院/国际经济与贸易/国际经济与贸易1-6.docx,01_Markdown培养方案/2023级/3经济学院/国际经济与贸易/国际经济与贸易1-6.md,本专业培养具有社会主义核心价值观以及规范使用语言文字的意识和能力，系统掌握马克思主义经济学基本原理和国际经济贸易相关理论和方法，能够正确认识和理解国内外经济与贸易发展规律和运行机制，具有国际视野、开拓创新精神和实践能力，并具有较高的外语水平和一定的国际交流能力，能够在政府机关、各类经济部门、科研机构、高等院校从事经济理论与政策研究、经济分析和涉外经济实务工作的高素质应用型、复合型人才。,2.掌握马克思主义、毛泽东思想、邓小平理论和中国特色社会主义理论体系，牢固树立社会主义核心价值观；3.系统掌握国际经济、国际贸易、国际商务方面的知识和基本技能，熟悉通行的国际贸易惯例、法规及工作流程；4.具有较深厚的人文、社会和科学素养，较宽的知识面和较合理的知识结构；5.具有宽广的国际视野，熟练掌握一门外语，具备一定的国际沟通能力；6.了解本学科发展动态，具备分析和解决本专业实际问题的能力,政治经济学（资本主义）、微观经济学、宏观经济学、金融学、计量经济学、会计学、统计学、产业经济学、财政学、国际经济学（双语）、中国对外贸易、国际贸易、国际贸易实务（双语）、国际金融学（双语）、国际商法（双语）、国际市场营销、国际商务（英语）等。,1．注重扎实的经济理论基础培养；2．强调知识结构的广度、深度和合理性；3．注重培养学生的国际交流能力；4．强化综合能力培养,本专业基本学制为四年，实行弹性修业年限制度，学生在校修业年限可以提前至三年或延长至六年，修满规定的学分准予毕业。符合学士学位授予条件者，授予经济学学士学位。,CUEB-2023-027,国际经济与贸易
首都经济贸易大学,2023级,经济学院,国际经济与贸易（国际班）,国际经济与贸易（国际班）,国际经济与贸易专业（国际班）本科人才培养方案,020401,2023级/3经济学院/国际经济与贸易（国际班）/国际经济与贸易（国际班）1-6.docx,01_Markdown培养方案/2023级/3经济学院/国际经济与贸易（国际班）/国际经济与贸易（国际班）1-6.md,本专业培养具有社会主义核心价值观以及规范使用语言文字的意识和能力，系统掌握马克思主义经济学的基本原理和国际经济贸易相关理论和方法，能够正确认识和理解国内外经济与贸易发展规律和运行机制，具有国际视野、开拓创新精神和实践能力，并具有较高的外语水平和良好的国际交流能力，能够在政府机关、各类经济部门、科研机构、高等院校从事经济理论与政策研究、经济分析和涉外经济实务工作的高素质应用型、复合型人才。,1.系统掌握马克思主义、毛泽东思想、邓小平理论和中国特色社会主义理论体系，牢固树立社会主义核心价值观；2.系统掌握国际经济、国际贸易、国际商务方面的知识和基本技能，熟悉通行的国际贸易惯例、法规及工作流程；3.具有较深厚的人文、社会和科学素养，较宽的知识面和较合理的知识结构；4.具有宽广的国际视野，熟练掌握一门外语，具备良好的国际沟通能力；5.了解本学科发展动态，具备分析和解决本专业实际问题的能力,政治经济学（资本主义）、微观经济学、宏观经济学、金融学、计量经济学、会计学、统计学、财政学、产业经济学、国际经济学（双语）、国际贸易（英语）、国际贸易实务（英语）、国际金融学（英语）、国际商法（英语）、国际市场营销、跨境电子商务（英语）、国际商务（英语）、中国商务环境（英语）等。,1．注重扎实的经济理论基础培养；2．强调知识结构的广度、深度和合理性；3．注重培养学生的国际交流能力；4．强调综合能力培养,本专业基本学制为四年，实行弹性修业年限制度，学生在校修业年限可以提前至三年或延长至六年，修满规定的学分准予毕业。符合学士学位授予条件者，授予经济学学士学位。,CUEB-2023-028,国际经济与贸易（国际班）
首都经济贸易大学,2023级,经济学院,经济学,经济学,ADDIN CNKISM.UserStyle经济学专业本科人才培养方案,020101,2023级/3经济学院/经济学/经济学1-6.doc,01_Markdown培养方案/2023级/3经济学院/经济学/经济学1-6.md,本专业培养具有社会主义核心价值观以及规范使用语言文字的意识和应用能力，具有马克思主义经济学和现代西方经济学理论素养，专业基础扎实，知识面宽广，外语水平高，具有向经济学相关领域扩展渗透的能力、熟练应用外语的能力、熟练应用现代经济分析方法和技术手段的能力，能够在国内外大学继续深造，或者在政府机构、各类经济部门、高校和科研机构从事经济理论研究、经济政策研究、经济分析和其他实际经济工作的高素质复合型人才。,"1.掌握马克思主义、毛泽东思想、中国特色社会主义理论和习近平新时代中国特色社会主义思想；2．系统掌握政治经济学、西方经济学、经济思想史、经济史方面的理论，熟悉计量经济学、宏观经济分析中的基本工具软件的应用；3.能够应用本学科基本原理、方法对本专业领域及相关领域问题进行判断、分析和研究，提出相应的对策和建议,并形成解决方案；4.能够恰当使用现代工具，对本专业领域的问题进行深入研究，完成所从事的专业领域任务；5.能够使用书面和口头表达方式与国内外同行及社会公众就本专业领域现象和问题进行有效沟通和交流",政治经济学、微观经济学、宏观经济学、中级微观经济学、中级宏观经济学、金融学、计量经济学、统计学、财政学、经济思想史、欧美经济史、中国特色社会主义政治经济学、国际经济学（双语）、产业经济学等。,1．强调高素质复合型人才培养定位；2．按照学科导向与能力导向相结合的原则进行课程体系的设置；3.实现专业育人与思政育人同向同行；4．注重国际化人才培养；5．强化综合能力培养,本专业基本学制为四年，实行弹性学制，学生在校学习年限可以提前至三年或延长至六年，修满规定的学分准予毕业。符合学士学位授予条件者授予经济学学士学位。,CUEB-2023-029,经济学
首都经济贸易大学,2023级,经济学院,经济学（实验班）,经济学（实验班）,经济学专业（实验班）本科人才培养方案,020101,2023级/3经济学院/经济学（实验班）/经济学（实验班）1-6.doc,01_Markdown培养方案/2023级/3经济学院/经济学（实验班）/经济学（实验班）1-6.md,本专业培养具有正确社会主义核心价值观以及规范使用语言文字的意识和应用能力，具有马克思主义经济学和现代西方经济学理论素养，知识面宽广，外语水平高，创新意识和适应能力强，具有向经济学相关领域扩展渗透的能力，熟练应用现代经济分析方法和技术手段的能力，能够在国内外大学继续深造，或者在政府机构、各类经济部门、高校和科研机构从事经济理论研究、经济政策研究、经济分析和其他实际经济工作的高素质复合型拔尖创新人才。,"1．掌握马克思主义、毛泽东思想、中国特色社会主义理论和习近平新时代中国特色社会主义思想；2．系统掌握政治经济学、西方经济学、经济思想史、经济史方面的理论，系统掌握计量经济学、宏观经济分析中的基本工具软件的应用；3．能够运用数理对经济机制建模和分析，利用定量分析工具对本专业和相关领域问题进行判断、分析和研究，提出相应的对策和建议,并形成解决方案；4．能够使用书面和口头表达方式与国内外同行及社会公众就本专业领域现象和问题进行有效沟通和交流；5．能够通过较强的社会适应能力和学习能力迅速适应实际工作岗位的要求",政治经济学、微观经济学、宏观经济学、中级微观经济学、中级宏观经济学、计量经济学、统计学、经济数学方法、博弈论、国际经济学（双语）、国际金融学（英语）、投入产出分析、经济预测、新制度经济学。,1．注重经济理论基础和数学功底的培养；2．强调现代经济分析方法和技术手段的结合；3.实现专业育人与思政育人同向同行；4．注重国际化人才培养；5．强化综合能力培养,本专业基本学制为四年，实行弹性修业年限制度，学生在校修业年限可以提前至三年或延长至六年，修满规定的学分准予毕业。符合学士学位授予条件者，授予经济学学士学位。,CUEB-2023-030,经济学（实验班）
首都经济贸易大学,2023级,经济学院,贸易经济,贸易经济,贸易经济专业本科人才培养方案,020402,2023级/3经济学院/贸易经济/贸易经济1-6.docx,01_Markdown培养方案/2023级/3经济学院/贸易经济/贸易经济1-6.md,贸易经济专业坚持立德树人的教育理念，秉承服务国家发展、助力首都建设、打造一流专业的发展定位，培养坚持社会主义核心价值观，具有马克思主义经济学和现代西方经济学理论素养，具备创新精神、社会责任感和跨文化沟通能力，能够在政府部门、工商企业、中介机构胜任跨国经营、跨领域管理和跨文化沟通工作的高素质、应用性、复合型经济管理人才。,1、具有正确的人生观、世界观和价值观；2、掌握马克思主义商业经济理论和西方经济学现代研究方法，善于运用经济管理理论原理和工具方法，对内外贸、商物流领域的相关问题进行分析、判断、研究和解决；3、能够立足国际视野，观察和判断宏观经济形势，理解和洞悉中观行业动向，识别和把握跨国、跨领域、跨文化的微观商业机会，适应和胜任不同场景和文化背景中的经管实践要求；4、能够发现经济运行和市场流通中的问题，并恰当使用现代研究工具和方法，收集、处理、分析数据信息，完成商务决策和解决方案；5、能够自由地通过书面或口头方式进行跨国界、跨语言、跨文化的沟通，能够规范地写作公务文档和商务文案,政治经济学、微观经济学、宏观经济学、国际经济学、计量经济学、新制度经济学、管理学、金融学、会计学、统计学、产业经济学、商业经济学、消费经济学、中国商业史、商业政策、品牌学、零售学、物流学、商业伦理学、现代商业技术、商品学、期货贸易、电子商务、商务交流、价格学、国际商务（英语）、国际贸易理论与实务、国际市场营销等。,1、以服务国家发展，助力首都建设，依托一流专业、培养专业人才为目标的发展定位；2、以马克思主义商业经济理论为核心，以应用经济学前沿理论和先进方法为重点的课程体系；3、以国际化、差异化、协同创新、实践教育为支点的培养方式,本专业基本学制为四年，实行弹性修业年限制度，学生在校修业年限可以提前至三年或延长至六年，修满规定的学分准予毕业。符合学士学位授予条件者，授予经济学学士学位。,CUEB-2023-031,贸易经济
首都经济贸易大学,2023级,经济学院,贸易经济（高水平运动队）,贸易经济（高水平运动队）,贸易经济专业（高水平运动队）本科人才培养方案,020402,2023级/3经济学院/贸易经济（高水平运动队）/贸易经济1-6.docx,01_Markdown培养方案/2023级/3经济学院/贸易经济（高水平运动队）/贸易经济1-6.md,贸易经济专业坚持立德树人的教育理念，秉承服务国家发展、助力首都建设、打造一流专业的发展定位，培养坚持社会主义核心价值观，具有马克思主义经济学和现代西方经济学理论素养，具备创新精神、社会责任感和跨文化沟通能力，能够在政府部门、工商企业、中介机构胜任跨国经营、跨领域管理和跨文化沟通工作的高素质、应用性、复合型经济管理人才。,1、具有正确的人生观、世界观和价值观；2、掌握马克思主义商业经济理论和西方经济学现代研究方法，善于运用经济管理理论原理和工具方法，对内外贸、商物流领域的相关问题进行分析、判断、研究和解决；3、能够立足国际视野，观察和判断宏观经济形势，理解和洞悉中观行业动向，识别和把握跨国、跨领域、跨文化的微观商业机会，适应和胜任不同场景和文化背景中的经管实践要求；4、能够发现经济运行和市场流通中的问题，并恰当使用现代研究工具和方法，收集、处理、分析数据信息，完成商务决策和解决方案；5、能够自由地通过书面或口头方式进行跨国界、跨语言、跨文化的沟通，能够规范地写作公务文档和商务文案,政治经济学、微观经济学、宏观经济学、国际经济学、计量经济学、新制度经济学、管理学、金融学、会计学、统计学、产业经济学、商业经济学、消费经济学、中国商业史、商业政策、品牌学、零售学、物流学、商业伦理学、现代商业技术、商品学、期货贸易、电子商务、商务交流、价格学、国际商务（英语）、国际贸易理论与实务、国际市场营销等。,1、以服务国家发展，助力首都建设，依托一流专业、培养专业人才为目标的发展定位；2、以马克思主义商业经济理论为核心，以应用经济学前沿理论和先进方法为重点的课程体系；3、以国际化、差异化、协同创新、实践教育为支点的培养方式,本专业基本学制为四年，实行弹性修业年限制度，学生在校修业年限可以提前至三年或延长至六年，修满规定的学分准予毕业。符合学士学位授予条件者，授予经济学学士学位。,CUEB-2023-032,贸易经济（高水平运动队）
首都经济贸易大学,2023级,会计学院,会计学,会计学,会计学专业本科人才培养方案,120203K,2023级/4会计学院/会计学/会计学1-6.doc,01_Markdown培养方案/2023级/4会计学院/会计学/会计学1-6.md,本专业培养适应现代市场经济需要，具备人文精神、科学素质和诚信品质，能够践行社会主义核心价值观，具有规范使用语言文字的意识和应用能力，具备扎实的会计学基本理论和突出的定量分析能力，知识面宽广，有创新意识和向上发展能力，有较高的外语水平，能够胜任企、事业单位及政府部门会计工作的应用型、复合型专业人才。,1.政治立场坚定，恪守社会主义核心价值观，具有强烈的社会责任感和法律意识；2.掌握从事现代会计工作所必需的经济学、管理学、法学以及信息科学的基本知识，并能将所学知识用于解释会计专业领域的现象和问题，了解会计学科发展前沿，具有国际视野；3.系统掌握会计学基本理论、基本方法和基本技能，能够应用会计学基本原理、方法对本专业领域及相关领域问题进行判断、分析和研究，提出相应对策和建议，并形成专业解决方案；4.能够熟练掌握并运用现代信息技术特别是大数据云计算技术，对会计数据进行采集、存储、分析形成内外部决策有用的会计信息；5.具有较强的语言与文字表达、人际沟通、信息获取能力，能够熟练掌握并运用一门外语进行会计专业沟通与交流,经济学原理、管理学、商法学、会计学基础、中级财务会计、成本管理会计、高级财务会计、政府与非营利组织会计、会计信息系统、财务管理学、审计学、RPA与智能会计、商业智能与财会决策支持、商业伦理与会计职业道德、企业经营决策沙盘模拟、财务共享原理与实践。,1．基于需求导向的应用型、复合型培养目标定位；2．按照学科导向与能力导向相结合的原则进行课程体系的设置；3．注重学生实践创新能力的培养,本专业基本学制为四年，实行弹性修业年限制度，学生在校修业年限可以提前至三年或延长至六年，修满规定的学分准予毕业。符合学士学位授予条件者，授予管理学学士学位。,CUEB-2023-033,会计学
首都经济贸易大学,2023级,会计学院,会计学（国际会计-acca）,会计学（国际会计-acca）,会计学专业（国际会计—ACCA）本科人才培养方案,120203K,2023级/4会计学院/会计学（国际会计-acca）/会计学（国际会计-acca）1-6.doc,01_Markdown培养方案/2023级/4会计学院/会计学（国际会计-acca）/会计学（国际会计-acca）1-6.md,本专业培养系统掌握会计学基本理论和方法，熟悉国际和国内会计准则，具有较强的市场经济意识和社会适应能力，具有国际视野、人文精神、科学素质和诚信品质以及规范使用语言文字的意识和应用能力，能够践行社会主义核心价值观，能够在企事业单位（跨国公司与跨国机构）及政府部门胜任涉外会计工作的国际化、应用型、复合型专业人才。,1.政治立场坚定，恪守社会主义核心价值观，具有较强的社会责任感和法律意识；2.掌握经济学、管理学以及法学的基本知识；3.能够应用会计学基本原理、方法对国际经济交易活动或事项中的会计问题进行判断、分析和研究，提出相应对策和建议，并形成专业解决方案；4.能够熟练掌握并运用现代信息技术特别是大数据云计算技术，对会计数据进行采集、存储、分析形成内外部决策有用的会计信息；5.具有较强的语言与文字表达、人际沟通、信息获取能力，能够运用英语进行会计业务处理,经济学原理、管理信息系统、管理学、统计学、商法学、AB（会计师与企业）（双语）、FM（财务管理学）（英语）、FA（INT）（财务会计）（双语）、FR（INT）（财务报告）（英）、MA（管理会计）（双语）、APM（高级业绩管理）（英语）、SBR（INT）（企业战略报告）（英语）、AA（审计与认证业务）（英语）、PM（业绩管理）（英语）、AFM（高级财务管理）（英语）、SBL（企业战略领袖）（英语）、CBL（UK）（公司法与商法）（英语）、Taxation UK（税务）（英语）、会计信息系统（双语）、商业伦理与会计职业道德。,1．国际化会计人才培养定位；2．国际化培养模式与方法,本专业基本学制为四年，实行弹性修业年限制度，学生在校修业年限可以提前至三年或延长至六年，修满规定的学分准予毕业。符合学士学位授予条件者，授予管理学学士学位。,CUEB-2023-034,会计学（国际会计-acca）
首都经济贸易大学,2023级,会计学院,会计学（数智化国际会计）,会计学（数智化国际会计）,会计学（数智化国际会计）专业本科人才培养方案,,2023级/4会计学院/会计学（数智化国际会计）/会计学（数智化国际会计）1-6 4月5日.doc,01_Markdown培养方案/2023级/4会计学院/会计学（数智化国际会计）/会计学（数智化国际会计）1-6 4月5日.md,本专业培养能够践行社会主义核心价值观，具备人文素养、科学精神和诚信品质，系统地掌握会计、管理、经济、法律和计算机应用的知识，具备适应数智化和国际化环境之下的会计知识视野和能力素质，能够将数智化的技术与方法熟练地应用于会计实践当中，能够在企事业单位及政府部门胜任财会审工作的国际化、应用型、复合型的数智化财会专门人才。,1.政治立场坚定，恪守社会主义核心价值观，具有较强的社会责任感和法律意识；2.掌握经济学、管理学以及法学的基本知识；3.能够应用会计学基本原理、方法对国际经济交易活动或事项中的会计问题进行判断、分析和研究，提出相应对策和建议，并形成专业解决方案；4.能够熟练掌握并运用现代信息技术特别是大数据云计算技术，对会计数据进行采集、存储、分析形成内外部决策有用的会计信息；5.具有较强的语言与文字表达、人际沟通、信息获取能力，能够运用英语进行会计业务处理,经济学原理、管理信息系统、管理学、统计学、商法学、商业智能与财会决策支持、会计建模、会计信息系统、商业伦理与会计职业道德、大数据与智能审计、大数据应用案例、企业经营决策沙盘模拟、财务共享原理与实践、RPA与智能会计、区块链技术及其应用。,1．数智化会计应用人才培养；2．国际化会计人才培养,本专业基本学制为四年，实行弹性修业年限制度，学生在校修业年限可以提前至三年或延长至六年，修满规定的学分准予毕业。符合学士学位授予条件者，授予管理学学士学位。,CUEB-2023-035,会计学（数智化国际会计）
首都经济贸易大学,2023级,会计学院,会计学（注册会计师专门化）,会计学（注册会计师专门化）,会计学专业（注册会计师专门化）本科人才培养方案,120203K,2023级/4会计学院/会计学（注册会计师专门化）/会计学（注册会计师专门化）1-6.doc,01_Markdown培养方案/2023级/4会计学院/会计学（注册会计师专门化）/会计学（注册会计师专门化）1-6.md,本专业培养具有正确的社会主义核心价值观，能适应新时代社会主义市场经济建设需要，具备人文精神、科学素养和诚信品质，德、智、体、美、劳全面发展，具备经济、管理、法律及会计学、审计学等方面扎实的基本知识，适应当今人工智能与大数据时代会计信息处理和智能决策等业务，具备较强的会计和审计职业判断能力，具备一定的创新创业能力，能在会计师事务所、经济管理部门工作岗位从事会计实务、财务管理、审计、管理咨询等工作的应用型、复合型的专门人才。,1．政治素养：具备正确的社会主义核心价值观，具有强烈的社会责任感和法律意识，爱国敬业，诚实守信；2．职业道德：具有良好的商业伦理和职业道德，具有健康的心理和良好的体魄，能够很好地胜任会计、审计工作；3．基础知识：掌握从事现代会计、审计工作所必须的经济学、管理学、法学以及信息科学的基本知识，并能将所学知识用于解释会计、审计专业领域的现象和问题；4．专业知识：系统掌握会计学、审计学的基本理论、基本方法和基本技能，不断学习与了解会计、审计学科的理论前沿和发展动态，熟悉国内外会计、审计相关的方针政策法规和国际会计惯例，具有国际视野；5．专业技能：能够熟练掌握并运用现代信息技术特别是大数据云计算技术，对会计信息进行采集和分析，发现并指出会计信息中存在的错误与舞弊问题，以增强会计信息的有用性,管理学、经济学原理、会计学基础、财务管理、商法学、商业伦理与会计职业道德、中级财务会计、成本管理会计、高级财务会计、公司战略与风险管理、税法、审计学、大数据与智能审计、会计信息系统、内部控制理论与实务等。,1．教学实践以立德树人为核心价值引领，有机融入思政元素，推进三全育人；2.学历教育与职业能力培养相结合的培养目标定位；3．突出现代审计特征，注重信息技术知识的有机融入；4．实践教学与综合能力开发相结合的培养方法,本专业基本学制为四年，实行弹性修业年限制度，学生在校修业年限可以提前至三年或延长至六年，修满规定的学分准予毕业。符合学士学位授予条件者，授予管理学学士学位。,CUEB-2023-036,会计学（注册会计师专门化）
首都经济贸易大学,2023级,会计学院,财务管理,财务管理,财务管理专业本科人才培养方案,120204,2023级/4会计学院/财务管理/财务管理1-6.doc,01_Markdown培养方案/2023级/4会计学院/财务管理/财务管理1-6.md,本专业培养具有正确社会主义核心价值观，具备人文精神、诚信品质和科学素养，具有较强的市场经济意识和社会适应能力，具备扎实的经济、管理、法律和财务管理等方面的基础理论和突出的定量分析能力，知识面广；具备国际视野、有创新意识、有较强的实际操作能力能够胜任企事业单位、政府部门财务管理工作以及资本市场、金融机构投资分析与管理工作的应用型、复合型、创新型的专业人才。,1．掌握马克思主义、毛泽东思想和中国特色社会主义理论体系；2．诚实守信，正直善良，具有团队协作意识，能够在财务管理学科及会计学、金融学等多学科团队活动中发挥个人能力，并能与其他成员进行协调合作；3．系统地掌握财务管理学科的基础理论、专业知识和基本方法，具备承担财务管理工作的能力，并能将所学知识用于解释本专业领域及相关领域的现象和问题，了解本学科发展前沿，具有国际视野；4．能够恰当使用现代工具，对财务专业领域数据信息进行收集和分析处理，完成所从事的专业领域任务，能够使用书面和口头表达方式与国内外业界同行、社会公众就财务管理专业领域现象和问题进行有效沟通与交流；5．具备较强的判断问题和解决问题的能力，养成终生学习的能力和习惯，有较强的适应社会变化的能力,管理学、经济学原理、会计学基础、商业伦理与会计职业道德、会计管理信息系统、财务管理、商法学、中级财务会计、成本管理会计、审计学、高级财务管理（双语）、投资学、大数据智能财务决策、财务分析与公司估值。,1．培养具备现代公司财务管理知识同时兼具会计知识、投资知识、管理知识的复合型人才；2．在关注中国公司财务管理技能培育的同时，加强国际化公司财务管理理论与方法的培育，培养具备国际视野的应用型人才；3.注重学生实践创新能力的培养，培养具有开拓精神的创新人才,本专业基本学制为四年，实行弹性学制，学生在校学习年限可以提前至三年或延长至六年，修满规定的学分准予毕业。符合学士学位授予条件者授予管理学学士学位。,CUEB-2023-037,财务管理
首都经济贸易大学,2023级,劳动经济学院,人力资源管理（国际班）,人力资源管理（国际班）,人力资源管理专业（国际班）本科人才培养方案,120206,2023级/5劳动经济学院/人力资源管理（国际班）/人力资源管理（国际班）1-6.docx,01_Markdown培养方案/2023级/5劳动经济学院/人力资源管理（国际班）/人力资源管理（国际班）1-6.md,本专业培养具有社会主义核心价值观以及规范使用语言文字的意识和应用能力，适应社会经济发展需要，具备管理学、经济学、心理学和法学基础，掌握现代人力资源管理理论、工具与方法，具有国际化思维和跨文化交往能力，能够在中外资企业、政府机构及非盈利组织从事跨文化人力资源管理工作，德、智、体全面发展，并富有创新精神和创新能力的应用型、复合型高级专门人才。,"1．掌握马克思主义、毛泽东思想和中国特色社会主义理论体系；2.具有强烈的社会责任感和法律意识，熟悉有关的方针、政策及法律法规；3.系统掌握管理学、经济学、心理学和法学基础知识和人力资源管理专业基础理论, 熟悉人力资源规划、薪酬管理、绩效管理、员工发展管理、员工关系管理、跨文化管理的原理和方法，具有扎实的管理理论基础；4.具有分析和解决人力资源管理问题的业务操作能力，具有国际化人力资源管理的思维和跨文化沟通的基本技能；5.了解管理学科研究前沿和商界动态",管理学、微观经济学、宏观经济学、会计学、组织与管理研究方法、统计学、人力资源管理导论、员工招聘（双语）、员工培训与开发（英语）、绩效管理实践（英语）、薪酬与福利管理（英语）、工作分析、人事心理学。,1．注重培养学生的实践创新能力；2．注重培养学生的跨文化视角；3．注重培养学生的多维知识体系,本专业基本学制为四年，实行弹性修业年限制度，学生在校修业年限可以提前至三年或延长至六年，修满规定的学分准予毕业。符合学士学位授予条件者，授予管理学学士学位。,CUEB-2023-038,人力资源管理（国际班）
首都经济贸易大学,2023级,劳动经济学院,人力资源管理（实验班）,人力资源管理（实验班）,人力资源管理专业（实验班）本科人才培养方案,120206,2023级/5劳动经济学院/人力资源管理（实验班）/人力资源管理（实验班）1-6.doc,01_Markdown培养方案/2023级/5劳动经济学院/人力资源管理（实验班）/人力资源管理（实验班）1-6.md,"本专业总体目标是培养适应现代经济和社会发展需要，德智体美劳全面发展，理论基础扎实，知识结构合理，具有国际视野与创新精神的社会主义建设者和接班人。本专业培养具有社会主义核心价值观、适应社会经济发展需要以及规范使用语言文字的意识和应用能力，具备管理学和经济学基础，掌握人力资源管理理论前沿与工具使用技能，培养学生发现、研究和处理人力资源管理相关问题的能力，尤其注重培养学生向往学术钻研的思想价值观，强化多学科研究方法的学习与相关统计软件实操训练，具备良好的团队合作精神、人际沟通能力和创新创业能力,使学生能在企事业单位、国家机关以及研究咨询机构从事人力资源管理研究与实践工作的复合型高级专门人才。 毕业要求 掌握马克思主义、毛泽东思想和中国特色社会主义理论体系；具有良好的思想品德、社会公德和个人修养；具有爱岗敬业、遵纪守…",掌握马克思主义、毛泽东思想和中国特色社会主义理论体系；1．突出学术研究视角；2．注重实验教学；3．注重知识结构的完备性；3,社会学、社会保障学、社会工作导论、专业研究坊、人事心理学、劳动法律制度、员工培训与开发（双语）、员工招聘、工作分析、绩效管理、薪酬管理、组织与管理研究方法。,1．突出学术研究视角；2．注重实验教学；3．注重知识结构的完备性,本专业基本学制为四年，实行弹性修业年限制度，学生在校修业年限可以提前至三年或延长至六年，修满规定的学分准予毕业。符合学士学位授予条件者，授予管理学学士学位。,CUEB-2023-039,人力资源管理（实验班）
首都经济贸易大学,2023级,劳动经济学院,劳动与社会保障,劳动与社会保障,劳动与社会保障专业本科人才培养方案,120403,2023级/5劳动经济学院/劳动与社会保障/劳动与社会保障1-6.docx,01_Markdown培养方案/2023级/5劳动经济学院/劳动与社会保障/劳动与社会保障1-6.md,坚持“立足北京、服务京津冀、面向全国、走向国际”的定位，服务国家民生发展、助力北京社会建设，以国内一流、国际知名专业为目标，培养德、智、体、美、劳全面发展，通晓国内外劳动和社会保障理论、实践与发展历史，注重科学的思考方法和研究方法，具备新时代劳动与社会保障专业人才所需的专业知识和能力素质，具有社会主义核心价值观和国际视野，理论素养和实践技能并重的复合型、创新型人才。通过多方面综合的学习与实践，具备在国家人力资源和社会保障部门等相关部门、企事业单位人力资源管理部门、养老产业从事管理实务工作，以及在科研机构、高等院校从事科研、教学工作的能力。,1.素质结构要求：思想品德+专业素养+实践技能；2.知识结构要求：管理学+经济学+社会学+法学+方法论；3．能力结构要求：思考能力+应用能力+创新能力,管理学、微观经济学、宏观经济学、管理信息系统、劳动与社会保障量化分析、公共伦理学、人力资源管理导论、劳动经济学、劳动关系学、会计学、社会学 、社会保障学、社会工作导论、专业研究坊、人事心理学、劳动法律制度、劳动与社会保障专业展望、社会保险学、社会福利政策、劳动科学实践中的计量方法、人力资本理论与价值度量,1.注重培养学生健全的人格；2.强化综合能力培养；3.学科交叉优势突出,本专业基本学制为四年，实行弹性修业年限制度，学生在校修业年限可以提前至三年或延长至六年，修满规定的学分准予毕业。符合学士学位授予条件者，授予管理学学士学位。,CUEB-2023-040,劳动与社会保障
首都经济贸易大学,2023级,劳动经济学院,劳动关系,劳动关系,劳动关系专业本科人才培养方案,120211T,2023级/5劳动经济学院/劳动关系/劳动关系1-6.docx,01_Markdown培养方案/2023级/5劳动经济学院/劳动关系/劳动关系1-6.md,本专业培养具有社会主义核心价值观和多学科视野，具有规范使用语言文字的意识和应用能力，具有社会公正理念，精通劳动关系理论知识，善于沟通，能够应用劳动关系理论、技术、方法处理劳动关系领域中出现的矛盾和问题，能以专业的实践能力解决实际问题，胜任各类企业、政府、工会、相关社会机构劳动关系的协调和管理工作，具备从事劳动关系相关工作的素质与能力的应用型、复合型人才。,1．政治素养要求：掌握马克思主义、毛泽东思想、邓小平理论和中国特色社会主义理论体系；2.理论要求：系统掌握劳动关系学、人力资源管理学、劳动经济学、劳动社会学、产业心理学和劳动法学的基本知识，全面掌握劳动关系领域的理论研究和分析方法，熟悉企业劳动关系管理策略与技术、预防与处理劳动争议的各种渠道及具体操作技术，熟悉国家劳动关系的方针、政策和法律法规及其应用，熟练掌握规范的研究方法，具有扎实的劳动关系理论基础，具备综合视角分析劳动关系问题的能力；3．能力要求：具备良好的学习能力、研究能力、思辨能力；4．人文素养要求：具有强烈的社会责任感和法律意识,管理学、微观经济学、宏观经济学、会计学、统计学、人力资源管理导论、社会学、劳动关系学、劳动社会学、人事心理学、劳动法律制度、员工关系管理、劳动争议处理、工会与工人运动、工作场所沟通与协商、职业安全与健康管理。,1、多学科融合的专业知识体系；2、突出学生实践能力的培养；3、注重本土性和国际性的融合；4、雄厚师资助益培养复合型人才,本专业基本学制为四年，实行弹性修业年限制度，学生在校修业年限可以提前至三年或延长至六年，修满规定的学分准予毕业。符合学士学位授予条件者，授予管理学学士学位。,CUEB-2023-041,劳动关系
首都经济贸易大学,2023级,劳动经济学院,劳动经济学,劳动经济学专业培养方案2022,劳动经济学本科专业人才培养方案,,2023级/5劳动经济学院/劳动经济学专业培养方案2022/2022版劳动经济学专业人才培养方案 第1-6部分-2022.docx,01_Markdown培养方案/2023级/5劳动经济学院/劳动经济学专业培养方案2022/2022版劳动经济学专业人才培养方案 第1-6部分-2022.md,劳动经济学专业旨在培养具备社会主义核心价值观、政治素质过硬、劳动情怀深厚、经济理论基础扎实、专业实践能力突出的适应中国特色社会主义市场经济需要的高素质复合型人才。具体培养目标包括：（1）系统学习现代劳动经济学的基本理论，培养学生扎实的劳动经济学的理论素养，具备较强的理论分析能力；（2）系统学习现代劳动经济学的研究方法，培养学生扎实的经济研究方法基础，具备一定的实证研究能力；（3）全面学习我国宏观劳动资源的分配规律，培养学生从国情特别是首都实际情况出发评估劳动力市场运行情况的能力；（4）系统学习我国微观企业劳动力资源配置规律，培养学生依据国情特别是首都实际情况开展实践工作的能力。劳动经济学专业的基本任务是为中央以及北京市各级政府部门和事业单位、教学和科研机构、各类企业单位，培养经济理论与经济方法过硬、宏观政策和…,学生政治素质良好，有志于中国社会主义建设，具有扎实的专业基础和较强的分析、解决实际问题的能力；身体健康，达到 “学生体质健康标准”。 本专业以切实巩固人才培养中心地位和本科教学基础地位为核心，旨在把学生培养成为熟练掌握经济理论基础和现代经济学分析方法，系统了解劳动经济学科体系，掌握社会调查和数据处理的基本常识和通用方法，能够熟练运用数学、外语和计算机等工具的复合型人才。 毕业生应获得以下知识和能力： （一）掌握经济学的基本理论和分析方法，熟悉劳动经济学科整体理论框架和主要知识； （二）熟悉国情，熟悉国家经济建设和经济改革等方面的基本方针、政策和法规，深刻理解国家关于劳动经济问题的处理原则、思路和主要政策； （三）了解经济学的理论前沿和中国经济社会实际运行状况，熟悉中国经济改革尤其是劳动经济领域需要解决的重大问题； （四）能够较好地运用统计学、计量经济学等分析方法对现实经济问题进行分析研究，具有较强的劳动经济问题理解力和分析能力…,管理学、微观经济学、宏观经济学、计量经济学、统计学、会计学、 劳动经济学、人力资源管理、劳动关系学、社会学、劳动力市场与公共政策、劳动法律制度、人口与家庭经济学、健康经济学、收入分配与不平等、人事管理经济学、绩效与薪酬、数字经济与劳动力市场、社会调查设计与数据分析、行为与实验经济学、论文选题与写作。 1. 学制与学位 本专业基本学制为四年，实行弹性修业年限制度，学生在校修业年限可以提前至三年或延长至六年，修满规定的学分准予毕业。符合学士学位授予条件者，授予经济学学士学位。,（一）注重培养学生的完整人格。将学生看作一个主体性的，完整的人，促使其心智提升，人格健全，思想完善，形成关注民生、关爱弱势群体、热爱劳动的专业文化，塑造学生的人文精神。 （二）强化综合能力培养。依托我院劳动经济学国家重点学科，为学生提供综合能力培养的平台，培养学生掌握宏观劳动力市场机制、社会保障政策和微观社会保障管理技能。 （三）建立多维知识体系。通过宽口径、多样化的课程体系，在教授劳动社会保障核心知识的同时，以人力资源管理、劳动关系等多学科为补充，建立学生全面丰富的劳动科学知识体系。,nan,CUEB-2023-042,劳动经济学|劳动经济学专业培养方案2022
首都经济贸易大学,2023级,劳动经济学院,社会工作,社会工作,社会工作专业本科人才培养方案,030302,2023级/5劳动经济学院/社会工作/社会工作1-6.docx,01_Markdown培养方案/2023级/5劳动经济学院/社会工作/社会工作1-6.md,本专业培养具有社会主义核心价值观，适应社会主义和谐社会建设与人的全面发展需要，具备社会学、心理学、经济学、政治学、管理学、法学基础，掌握专业社会工作的价值、方法与技能，了解社会工作理论与实践前沿，具有国际视野和创新意识，能够在企事业单位、社会组织和政府部门从事社会管理、社会服务、社会政策、社会调查等工作，思想品德优良、专业信念执着、知识结构丰富、实践能力过硬的复合型、应用型高素质社会工作人才。,1．具有强烈的社会责任感和法律意识；2．系统掌握心理学、社会学、法学和经济管理的基础知识和专业理论，熟悉社会工作的基本理论，具备社会工作的价值理念，学习和掌握开展社会工作的技能与方法，具有扎实的人文社会科学知识基础，较宽的知识面和知识结构；3．具有开展社会调查研究的能力，具有社会工作理论分析、实务操作的能力，具有开展个人与家庭辅导、团体辅导、社会项目管理、社会政策与管理的基本能力，具备良好的语言表达和沟通协调能力,自我认知与成长、社会工作导论、个案社会工作、群体社会工作、社区社会工作、青少年与家庭社会工作、老年社会工作、企业社会工作；人类行为与社会环境、社会学、社会分层与流动、社会福利政策、社会科学研究方法、社会企业与社会创新等。,1．符合国际通用社工培养标准；2．注重全人教育和培养；3．强调实践性与反思性,本专业基本学制为四年，实行弹性修业年限制度，学生在校修业年限可以提前至三年或延长至六年，修满规定的学分准予毕业。符合学士学位授予条件者，授予法学学士学位。,CUEB-2023-043,社会工作
首都经济贸易大学,2023级,文化与传播学院,传播学,传播学,传播学专业本科人才培养方案,050304,2023级/6文化与传播学院/传播学/传播学1-6.docx,01_Markdown培养方案/2023级/6文化与传播学院/传播学/传播学1-6.md,本专业以立德树人为根本，面向媒体发展前沿，培养具有正确的世界观、人生观和价值观，具备深厚的人文底蕴和扎实的社会科学基础，系统掌握传播理论和技能，具备马克思主义新闻观，拥有先进的媒介经营管理理念，熟悉传媒产业的法规、政策与伦理，富于创新精神和高度社会责任感，能够在党政机关、企业、传媒和其他社会组织中从事新闻生产、文化传播、产品运营、品牌推广、公共关系等领域的相关工作，适应数字媒介时代要求的复合型、应用型传媒人才。,1.具备马克思主义新闻观，具有为社会服务的使命感和责任感；2.系统掌握传播学领域的相关知识，包括新闻学、传播学、社会学等相关领域的知识；3.熟悉新闻传播的基本规律，能够从历史和现实两个维度、理论与实践两个方面把握新闻传播的原则、方法和趋势；4.知晓传媒产业的法规、制度、伦理、政策，具备敏锐的市场经济意识；5.掌握媒体经营管理的先进理念，了解传媒产业的前沿动态，能够将经济学、管理学、市场营销学等领域的知识与传播学相结合,学科基础课：马克思主义新闻观、传播学概论、广告学概论、传播社会学、中外新闻传播史、中外广告史、摄影与摄像基础、音频节目赏析与制作、市场营销学 专业核心课：新闻学概论、新闻编辑学、影视传播学、视听语言、影视编导、媒介经营与管理、媒介策划与运营实务、新媒体传播、传播学研究方法、传播法,1.马克思主义新闻观贯穿于人才培养的全过程，充分利用与经济日报社的部校共建平台，落实“三全育人”体制机制，推进课程思政建设，帮助学生塑造正确的世界观、人生观和价值观；2.培养学生具备深厚的人文底蕴；3.注重培养学生的学习能力；4.强化学生的实践能力；5.突出媒体经营管理方面的专业特色,本专业基本学制为四年，实行弹性修业年限制度，学生在校修业年限可以提前至三年或延长至六年，修满规定的学分准予毕业。符合学士学位授予条件者，授予文学学士学位。,CUEB-2023-044,传播学
首都经济贸易大学,2023级,文化与传播学院,广告学,广告学,广告学专业本科人才培养方案,050303,2023级/6文化与传播学院/广告学/广告学1-6.docx,01_Markdown培养方案/2023级/6文化与传播学院/广告学/广告学1-6.md,本专业以立德树人为根本任务，以马克思主义新闻观为统领，培养具备社会责任感和职业道德，具有营销学、传播学、心理学、文化学的基础理论，通晓和掌握现代广告策划、创作、经营基本技能，具备创新能力和专精的业务技能，能胜任专业广告公司、新闻媒介、政府机构等企事业单位，从事广告创作、策划运营的应用型、复合型的国际化高级专门人才。,1．系统掌握马克思主义和中国特色社会主义理论体系；2．具有当代数字营销理念和广告理念，通晓广告专业理论知识和现代数字媒体技术；3．具备文化创意产业与广告产业、市场运营和组织管理等方面专业知识；4．具有较高的国际化素质，具备广告市场调研分析能力、策划实施能力、创作设计能力、整合营销能力；5．具备较强的语言表达能力和人际沟通能力,经济学原理、市场营销学、管理学、传播学概论、广告学概论、新媒体与广告、广告策划、广告设计、广告文案、广告效果研究、广告经营管理、现代视觉与广告、计算广告学、移动营销设计、影视广告创作。,1.夯实基础理论的学习；2.强化基本技能的训练；3．突出创新能力的培养；4．强化实践能力的提升,本专业基本学制为四年，实行弹性修业年限制度，学生在校修业年限可以提前至三年或延长至六年，修满规定的学分准予毕业。符合学士学位授予条件者，授予文学学士学位。,CUEB-2023-045,广告学
首都经济贸易大学,2023级,管理工程学院,信息管理与信息系统,信息管理与信息系统,信息管理与信息系统专业本科人才培养方案,120102,2023级/7管理工程学院/信息管理与信息系统/信息管理与信息系统1--6.docx,01_Markdown培养方案/2023级/7管理工程学院/信息管理与信息系统/信息管理与信息系统1--6.md,本专业将“做人做事的基本道理、社会主义核心价值观的要求、实现民族复兴的理想和责任”有机融入到人才培养的全过程，实现专业育人与思政育人同向同行；坚持“价值引领、五育并举”的育人导向，致力培养德智体美劳全面发展的社会主义建设者和接班人。本专业立足于大数据、云计算和人工智能等新一代信息技术，面向金融科技领域，培养具备量化投资决策能力以及信息系统分析、设计、开发与实施能力、能够在金融机构、政府部门、工商企业从事金融投资决策支持、信息系统建设等工作的高素质、应用型、复合型专门人才。,1.掌握思想政治、中文、外语、数学、体育、劳育和美育等通识教育类、经济、管理、统计和计算机等学科基础类、信管专业类知识及相关学科知识，并能将所学知识用于解释信管专业领域及金融投资等相关领域的现象和问题，了解本学科发展前沿，具有国际视野；2.能够应用管理科学与工程学科基本原理、方法对信管专业领域及金融投资相关领域问题进行判断、分析和研究，提出相应对策和建议，并形成解决方案；3.能够恰当使用信息和计算机建模技术等现代工具，对信管专业领域及金融投资相关领域数据信息进行收集和分析处理，完成所从事的专业领域任务；4.能够使用书面和口头表达方式与国内外业界同行、社会公众就信管专业领域及金融投资相关领域现象和问题进行有效沟通与交流；5.具有团队协作意识，能够在管理科学与工程学科及多学科团队活动中发挥个人能力，并能与其他成员进行协作,深化课程思政建设，坚持课程思政、专业思政一体化设计、一体化实施。本专业的核心课程主要包括：管理学、经济学原理、面向对象程序设计、数据结构、计算机网络技术与应用、数据分析理论与实践（双语）、信息管理概论、运筹学、统计学、管理信息系统、金融时间序列分析方法与技术、机器学习与量化投资、数据库原理与应用、Web前端开发技术、Web应用系统开发实践。,1.聚焦金融投资决策；2.专注优化决策方法；3.重视实践能力培养,本专业基本学制为四年，实行弹性修业年限制度，学生在校修业年限可以提前至三年或延长至六年，修满规定的学分准予毕业。符合学士学位授予条件者，授予管理学学士学位。,CUEB-2023-046,信息管理与信息系统
首都经济贸易大学,2023级,管理工程学院,信息管理与信息系统（商务智能）,信息管理与信息系统（商务智能）,信息管理与信息系统专业（商务智能）本科人才培养方案,120102,2023级/7管理工程学院/信息管理与信息系统（商务智能）/信息管理与信息系统（商务智能）1--6.docx,01_Markdown培养方案/2023级/7管理工程学院/信息管理与信息系统（商务智能）/信息管理与信息系统（商务智能）1--6.md,本专业将“做人做事的基本道理、社会主义核心价值观的要求、实现民族复兴的理想和责任”有机融入到人才培养的全过程，实现专业育人与思政育人同向同行；坚持“价值引领、五育并举”的育人导向，致力培养德智体美劳全面发展的社会主义建设者和接班人。本专业立足于大数据、云计算和人工智能等新一代信息技术，面向商务智能领域，培养具备信息系统分析、设计、开发与实施以及基于数据分析的管理决策能力、能够在国家各级政府部门、企事业单位、大型信息技术公司从事信息系统建设、数据分析与挖掘等工作的高素质、应用型、复合型专门人才。,1.掌握思想政治、中文、外语、数学、体育、劳育和美育等通识教育类、经济、管理、统计和计算机等学科基础类、信管专业类知识及相关学科知识，并能将所学知识用于解释信管专业领域及商务智能等相关领域的现象和问题，了解本学科发展前沿，具有国际视野；2.能够应用管理科学与工程学科基本原理、方法对信管专业领域及商务智能相关领域问题进行判断、分析和研究，提出相应对策和建议，并形成解决方案；3.能够恰当使用信息和计算机建模技术等现代工具，对信管专业领域及商务智能相关领域数据信息进行收集和分析处理，完成所从事的专业领域任务；4.能够使用书面和口头表达方式与国内外业界同行、社会公众就信管专业领域及商务智能相关领域现象和问题进行有效沟通与交流；5.具有团队协作意识，能够在管理科学与工程学科及多学科团队活动中发挥个人能力，并能与其他成员进行协作,深化课程思政建设，坚持课程思政、专业思政一体化设计、一体化实施。本专业的核心课程主要包括：管理学、经济学原理、面向对象程序设计、数据结构、计算机网络技术与应用、数据分析理论与实践（双语）、信息管理概论、运筹学、统计学、管理信息系统、数据库原理与应用、Web前端开发技术、Web应用系统开发实践、商务智能与数据仓库、数据挖掘方法与技术。,1.强调实践能力培养的基础地位；2.强化专业技能在商务智能领域的深度应用；3.实现双创教育与专业教育深度融合,本专业基本学制为四年，实行弹性修业年限制度，学生在校修业年限可以提前至三年或延长至六年，修满规定的学分准予毕业。符合学士学位授予条件者，授予管理学学士学位。,CUEB-2023-047,信息管理与信息系统（商务智能）
首都经济贸易大学,2023级,管理工程学院,安全工程（注册安全工程师）,安全工程（注册安全工程师）,安全工程（注册安全工程师）专业本科人才培养方案,082901,2023级/7管理工程学院/安全工程（注册安全工程师）/安全工程（注册安全工程师）1-6.doc,01_Markdown培养方案/2023级/7管理工程学院/安全工程（注册安全工程师）/安全工程（注册安全工程师）1-6.md,安全工程专业培养具有正确社会主义核心价值观以及规范使用语言文字的意识和应用能力；具有依法、客观、公正从业的品质；具有辨识、分析、评价系统危险有害因素并提出对策措施建议的知识和能力；具有从事安全工程的研究、设计、运行控制、推广、检测检验、培训等的能力；能够从法律、管理、社会、环境等多视角系统管理安全专业项目；能够有效地与公众、客户、团队成员进行沟通，具备终身学习、专业发展、领导协作等方面能力的高素质工程技术人才，旨在培养毕业后经过5年左右的专业实践，能够胜任安全工程师或安全评价师岗位能力水平的安全工程专业人才。,安全工程人才培养主要面向从事生产和城市运行安全中的安全管理及初步安全设计、安全评估、技术咨询服务，毕业时达到见习安全工程师技术能力要求；1．掌握马克思主义，毛泽东思想和中国特色社会主义理论体系，具有正确社会主义核心价值观；2．应用数学、自然科学、工程基础、安全科学等专业知识，解决安全工程专业相关的复杂工程问题；3．运用安全科学基础理论和方法，基于数学、自然科学和工程科学，借助文献研究等手段，识别、分析复杂工程问题，并可以获得有效结论；4．针对复杂工程问题设计、开发解决方案，并体现创新意识,工程制图、工程力学、流体力学、热工学、电工学、系统安全工程、安全人机工程、机械设计基础、机械安全工程、电气安全工程、锅炉压力容器安全、防火防爆、安全管理学、职业卫生工程、安全检测与监控技术等。,1．以安全科学基本原理为核心开展教学，培养面向生产与城市运行安全的安全工程人才；2．坚持“安全管理和安全技术并重”的理念，培养具有安全管理能力和掌握安全技术的工程人才；3．紧密结合安全生产的社会需求与发展，强化安全工程师和安全评价师的实践能力和综合素质的培养,本专业基本学制为四年，实行弹性修业年限制度，学生在校修业年限可以提前至三年或延长至六年，修满规定的学分准予毕业。符合学士学位授予条件者，授予工学学士学位。,CUEB-2023-048,安全工程（注册安全工程师）
首都经济贸易大学,2023级,管理工程学院,工业工程,工业工程,工业工程专业本科人才培养方案,,2023级/7管理工程学院/工业工程/工业工程 1-6部分.doc,01_Markdown培养方案/2023级/7管理工程学院/工业工程/工业工程 1-6部分.md,本专业培养具有正确社会主义核心价值观以及规范使用语言文字的意识和应用能力，掌握工程学、管理学、经济学等方面的基本知识；具有扎实的理论基础、较强的计算机应用和管理过程分析优化能力；具有较高外语水平和协作能力；毕业后经过5年的工作实践能在各行业胜任各类管理工作中的决策与优化、设计与改善、管理与控制等方面工作；注重德智体美全面发展，培养强基础、宽专业、较强创新能力的复合型管理技术人才。,1、掌握马克思主义、毛泽东思想和中国特色社会主义理论体系，具有人文素养、科学精神和社会责任感，熟悉管理科学领域相关政策及法律、法规，能够在管理科学领域实践活动中理解并遵守职业道德和职业规范；2、掌握数学、计算机、工业工程专业及相关学科领域知识，并能将所学知识应用于解决各行业管理过程中的问题，同时了解专业学科发展前沿，具备国际视野；3、能够应用管理科学的基本原理、方法对各类管理问题进行分析和建摸，并通过开展实验进行验证，系统地提出解决方案；4、能够恰当使用各类现代分析计算工具，对管理过程中相关数据信息进行收集、处理和分析，辅助完成决策管理工作；5、能够应用专业知识通过书面和口头表达方式与国内外业界同行、社会公众就管理过程中各类现象和问题进行有效沟通与交流,工程技术基础、运筹学、系统工程、经济学原理、管理学方法论、统计学概论、工业工程基础、生产计划与控制、物流工程、人因工程、建模与仿真、系统分析与设计、管理信息系统、质量管理工程、标准化管理。,1、在夯实基础上，通过构建计算机编程+应用数学+科学计算的课程体系，加强数据处理和分析能力的培养；2、在宽口径、强基础上，通过专业提升课模块的构建，进一步加强学生决策与优化、设计与评价、管理与控制的能力；3、在专业能力培养基础上，构建面向现代企业管理的创新创业实践课程模块，加强学生与实际应用的对接,本专业基本学制为四年，实行弹性修业年限制度，学生在校修业年限可以提前至三年或延长至六年，修满规定的学分准予毕业。符合学士学位授予条件者，授予管理学士学位。,CUEB-2023-049,工业工程
首都经济贸易大学,2023级,管理工程学院,数据科学与大数据技术（信息技术）,数据科学与大数据技术（信息技术）,数据科学与大数据技术（信息技术）专业本科人才培养方案,080910T,2023级/7管理工程学院/数据科学与大数据技术（信息技术）/数据科学与大数据技术（信息技术）1-6.docx,01_Markdown培养方案/2023级/7管理工程学院/数据科学与大数据技术（信息技术）/数据科学与大数据技术（信息技术）1-6.md,本专业旨在培养具有正确的社会主义核心价值观以及规范使用语言文字的意识和应用能力，德、智、体、美全面发展，以信息技术为基础，系统掌握数据科学与大数据技术等专业知识，具有搜集、整理、分析和呈现大数据的基本能力，能够熟练使用在大数据架构上的基本工具进行数据分析，为企业、咨询和研究机构解决实际问题的应用型大数据分析人才。,1.掌握马克思主义、毛泽东思想与中国特色社会主义基本理论，具有良好的思想品德、个人修养以及健康的心理和体魄，具有良好的人文社会科学素养、职业道德和心理素质，社会责任感强；2.掌握信息技术专业所必须的数学基础知识，理解如何使用数学语言表达思想；3.具有扎实的数据科学理论功底，系统掌握数据科学和大数据专业知识，了解国内外国际前沿动态；4.具有较强的计算机及互联网应用能力，掌握高效的处理大数据的方法，掌握大数据建模和分析的基础理论，能够从大数据中获取有价值的知识；5.具备解决交叉学科实际问题的能力,数学分析、高等代数、数据科学的概率基础、面向对象程序设计（JAVA）、数据科学的计算机基础、数据科学导论、数据科学的统计基础、数据库原理与应用、抽样技术与应用、回归分析、分布式计算、时间序列分析、数据结构、统计编程基础、程序设计语言（Python）、数据仓库与数据挖掘、机器学习、大数据预处理、数据科学算法,1．实现信息类与统计学科的交叉培养；2．注重实践能力的培养与业界的结合；3．本专业（方向）与国内国外有关学校深入广泛合作，与港澳台和国外知名大学有充分的交流与合作，有着突出的教育国际化的特点,本专业基本学制为四年，实行弹性修业年限制度，学生在校修业年限可以提前至三年或延长至六年，修满规定的学分准予毕业。符合学士学位授予条件者，授予理学学士学位。,CUEB-2023-050,数据科学与大数据技术（信息技术）
首都经济贸易大学,2023级,管理工程学院,计算机科学与技术,计算机科学与技术,计算机科学与技术专业本科人才培养方案,080901,2023级/7管理工程学院/计算机科学与技术/计算机科学与技术1-6.doc,01_Markdown培养方案/2023级/7管理工程学院/计算机科学与技术/计算机科学与技术1-6.md,本专业培养适应社会主义市场经济，具有正确社会主义核心价值观以及规范使用语言文字的意识和应用能力，具有良好的公共道德和职业道德，具有优良的科学素养和国际视野，具有应用计算机科学主流技术进行开发的能力，并能够结合经济、管理、金融等相关领域知识，将互联网技术、人工智能技术与各行业、各业态及服务创新相融合，成为能在开发、科研、咨询等多领域工作的应用型和复合型人才。,1．掌握马克思主义、毛泽东思想和中国特色社会主义理论体系；2．掌握计算机专业知识，了解与计算机学科相关的经济、管理知识，具有从事互联网开发和人工智能方面工作所需要的知识结构，了解本学科发展前沿，具有国际视野；3．能够应用计算机科学与技术的基本原理、方法对互联网编程技术和智能算法等专业领域及相关领域问题进行判断、分析和研究，提出相应对策和建议，并形成解决方案，能将所学知识用于解释计算机专业领域及相关领域的现象和问题；4．能够恰当使用数学工具、现代编程工具和方法，对计算机专业领域数据信息进行收集和分析处理，完成对复杂问题的计算模拟、预测和验证；5．掌握一门外语，具备较好的语言表达和沟通协调能力，能够使用书面和口头表达方式与国内外业界同行、社会公众就计算机专业领域现象和问题进行有效沟通与交流，并能够撰写专题报告文稿并清晰表达计算机专业问题,高等数学、线性代数、概率论与数理统计、计算机导论、面向对象程序设计、数据结构、数据库原理与应用、离散数学、计算机原理与汇编语言、计算机网络技术与应用、操作系统、人工智能、计算智能与模式识别、编译原理、网络编程、C#程序语言设计、数字逻辑与数字电路等。,1．新技术引领教育；2．多方位协同教育；3．提升实践创新能力,本专业基本学制为四年，实行弹性学制，学生在校学习年限可以提前至三年或延长至六年，修满规定的学分准予毕业。符合学士学位授予条件者授予理学学士学位。,CUEB-2023-051,计算机科学与技术
首都经济贸易大学,2023级,财政税务学院,税收学（税务师）,税收学（税务师）,税收学专业（税务师）本科人才培养方案,020202,2023级/8财政税务学院/税收学（税务师）/税收学（税务师）1-6.docx,01_Markdown培养方案/2023级/8财政税务学院/税收学（税务师）/税收学（税务师）1-6.md,本专业旨在培养具有正确社会主义核心价值观以及规范使用语言文字的意识和应用能力，具备高综合素质、高专业技能、高创新能力，能够胜任中外涉税专业机构以及政府和企事业单位的涉税业务，从事涉税操作、涉税鉴证、税务筹划、涉税管理等方面业务的基础实、视野广、能力强的复合型、应用型高级人才。按照税务师方向设置课程体系，实施立体化实践教学模式，培养学生精通税务知识和税务实务操作，具备工具应用能力和研究分析能力、涉税专业应用能力和创新拓展能力强的税务高级人才。,1．掌握马克思主义、毛泽东思想和中国特色社会主义理论体系；2．掌握经济学、英语、及数学等学科基础知识，精通税收专业知识，了解税收学科发展前沿，具有国际视野；3．能够运用所学税收专业知识分析税收政策、解决具体税收问题；4．能够恰当使用计算机、数学等工具，对税收信息、税务数据进行分析、处理、研究；5．能够与国内外高校、业界同行、社会公众就税收专业领域现象和问题进行有效沟通与交流,微观经济学、宏观经济学、计量经济学、财政学、金融学、税收学、中国税制、外国税制（双语）、国际税收（双语）、纳税检查、涉税服务实务、税收筹划、财务管理学、财务会计学、高级会计等。,1．以税务师方向的人才培养为目标，培养具备会计业务能力的税务高级应用型人才；2．实行立体化的实践教学体系，提升涉税专业应用能力；3．搭建专业交流平台，激发学生的创新能力,本专业基本学制为四年，实行弹性修业年限制度，学生在校修业年限可以提前至三年或延长至六年，修满规定的学分准予毕业。符合学士学位授予条件者，授予经济学学士学位。,CUEB-2023-052,税收学（税务师）
首都经济贸易大学,2023级,财政税务学院,财政学（实验班）,财政学（实验班）,财政学专业（实验班）本科人才培养方案,020201K,2023级/8财政税务学院/财政学（实验班）/财政学（实验班）1-6.doc,01_Markdown培养方案/2023级/8财政税务学院/财政学（实验班）/财政学（实验班）1-6.md,本专业本着“宽口径、厚基础”的人才培养要求，培养具有正确社会主义核心价值观，适应现代经济和社会发展需要，德智体美劳全面发展，具有国际视野与创新精神，系统、全面地掌握财税理论与实务，能够在各级政府财税部门、经济管理部门、事业单位、金融机构和企业以及非营利性组织从事公共经济分析、财政税务管理、国有资产管理、财务管理等工作的复合型专业人才，并为学生在国内外进一步深造打下良好的基础。,1.掌握马克思主义、毛泽东思想和中国特色社会主义理论体系；2.掌握通识教育类、学科基础类、专业基础类、专业类知识及相关学科知识，能将所学知识用于解释公共经济、财政税收及相关领域的现象和问题，具有国际视野；3.了解财政学科发展前沿，能够应用公共经济和财政税收基本理论、方法对公共经济、财政税收及相关领域的问题进行判断、分析和研究，提出对策和建议，并形成解决方案；4.适应“互联网+”的背景，能够恰当使用现代工具，对公共经济、财政税收领域数据信息进行收集和分析处理，完成所从事的专业领域任务；5.能够与国内外业界同行、社会公众就公共经济、财政税收专业领域现象和问题进行有效沟通与交流,政治经济学、微观经济学、宏观经济学、计量经济学、统计学、金融学、财政学、会计学基础、税收学、中国税制、财务会计、财务管理、政府预算、国有资产管理、公共部门财政管理（双语）、政府财政统计、西方财政思想史、公债管理与投资、地方财政学、公共项目评估、税收筹划、涉税服务实务等。,1.公共经济理论和财政税收业务课程相辅相成；2.学生读研、出国深造和就业渠道顺畅便捷；3.教学方式多元及教学软硬件环境优越,本专业基本学制为四年，实行弹性修业年限制度，学生在校修业年限可以提前至三年或延长至六年，修满规定的学分准予毕业。符合学士学位授予条件者，授予经济学学士学位。,CUEB-2023-053,财政学（实验班）
首都经济贸易大学,2023级,财政税务学院,资产评估（评估师）,资产评估（评估师）,资产评估专业（评估师）本科人才培养方案,120208,2023级/8财政税务学院/资产评估（评估师）/资产评估（评估师）1-6.docx,01_Markdown培养方案/2023级/8财政税务学院/资产评估（评估师）/资产评估（评估师）1-6.md,"本专业培养具有正确社会主义核心价值观，具有创新性思维和国际视野，具备人文精神和诚信品质，熟练掌握中外资产评估知识，拥有扎实的资产评估理论基础和综合实践能力,可以在中外资产评估机构、会计师事务所等鉴证类中介机构以及政府资产管理部门、企事业单位、金融机构从事资产评估及相关工作的复合型国际化高素质人才。",1.掌握马克思主义、毛泽东思想和中国特色社会主义理论体系；2.掌握通识教育类、学科基础类、专业必修类、专业选修类课程知识及相关管理学和经济学知识，并能运用所学知识解释、分析资产评估及相关领域的现象和问题；3.能够应用资产评估学科基本原理、方法对资产评估及相关领域问题进行判断、分析和研究，提出相应对策和建议，并形成解决方案；4.适应互联网+背景，能够恰当选择与使用现代工具对资产评估领域数据信息进行文献检索、资料查询和分析处理，完成所从事的专业任务；5.了解资产评估学科发展前沿，具有国际视野，能够使用书面和口头表达方式与国内外业界同行、社会公众就资产评估领域现象和问题进行有效沟通与交流,评估学原理（双语）、财务管理学、资产定价理论基础（双语）、金融资产评估、企业价值评估、无形资产评估、国际评估准则（双语）、房地产评估、价值评估和财务报表分析、并购价值评估、资产评估实务与案例分析、会计学基础、财务会计学、审计学、金融学、中国税制、经济法等。,1．打造“理实一体”国际化资产评估卓越人才；2．实行“内外双驱”、“四位一体”式实践教学模式；3．个人成长与专业发展相结合,本专业基本学制为四年，实行弹性修业年限制度，学生在校修业年限可以提前至三年或延长至六年，修满规定的学分准予毕业。符合学士学位授予条件者，授予管理学学士学位。,CUEB-2023-054,资产评估（评估师）
首都经济贸易大学,2023级,法学院,法学,法学,法学专业本科人才培养方案,030101K,2023级/9法学院/法学/法学专业1-6.doc,01_Markdown培养方案/2023级/9法学院/法学/法学专业1-6.md,本专业坚持以马克思主义法学思想、中国特色社会主义法治理论特别是习近平法治思想为指导，坚持立德树人，德法兼修，践行明法笃行、知行合一，培养德、智、体、美、劳全面发展，具有扎实的专业理论基础和熟练的职业技能、合理的知识结构，具备国际视野的复合型、应用型、创新型法治人才，服务北京“四个中心”建设。毕业生能够在政府部门、司法机关、律师事务所、企事业单位等单位从事各类国内国际法律实务工作，部分具有学术潜质的学生可以通过继续深造从事法学教育与研究工作。,1．正确的政治立场与基本的人文素养：掌握马克思列宁主义、毛泽东思想、邓小平理论、“三个代表”重要思想、科学发展观、习近平新时代中国特色社会主义思想，树立正确的政治立场，形成良好的职业道德操守，具备基本的人文科学知识；2．扎实的法学专业知识：系统掌握法学基本理论和方法，熟悉国内国际法律规则，了解学科发展前沿，形成完整的法律专业知识体系；3．良好的法学专业技能：形成严谨的法学思维，具有良好的法律实务技能，能够撰写法律文书和法学论文，可以进行良好的表达、沟通与合作；4．较强的综合运用能力：能够理论联系实践，具备发现、分析、解决法律问题的初步能力，具有适应法治建设的自主学习能力和创新意识；5．必要的财经专业知识：了解相关财经类专业理论，具备从事法律职业所必要的财经专业知识，以及在经济管理领域从事法律工作的优势背景,习近平法治思想概论、法理学、宪法、中国法律史、刑法、民法总论、刑事诉讼法、民事诉讼法、行政法与行政诉讼法、国际法（双语）、法律职业伦理、经济法（总论与竞争法）、知识产权法、商法（总论与公司法）、国际私法、国际经济法（双语）、环境资源法、劳动与社会保障法、证据法、财税法、物权法、合同法、侵权责任法、金融法、诊所课程等。,1.应用型；2.复合型；3.创新型,本专业基本学制为四年，实行弹性修业年限制度，学生在校修业年限可以提前至三年或延长至六年，修满规定的学分准予毕业。符合学士学位授予条件者，授予法学学士学位。,CUEB-2023-055,法学
首都经济贸易大学,2024级,金融学院,金融科技,2024级金融科技培养方案,金融科技专业本科人才培养方案,020310T,2024级/10金融学院/2024级金融科技培养方案(2)/2024级金融科技培养方案/首都经济贸易大学金融科技培养方案1-6.docx,01_Markdown培养方案/2024级/10金融学院/2024级金融科技培养方案(2)/2024级金融科技培养方案/首都经济贸易大学金融科技培养方案1-6.md,金融科技专业旨在培养具有正确社会主义核心价值观，具有全球视野，系统掌握经济金融理论与技能，同时熟悉新一代信息科学科技的复合型人才，该专业学生需熟悉金融实务操作，系统学习算法与数据结构、计算机网络、计算机组成与架构等信息科技知识，熟练掌握人工智能、大数据、区块链与智能合约研发技能，具有较强的实践能力和创新精神，能够适应银行科技、智能投顾与交易、保险科技、监管科技等领域工作，能胜任“金融+AI”算法研发、金融科技系统架构设计、金融产品设计、大数据金融风控等复杂岗位需求。金融科技人才培养还注重对学生进行前瞻性教育培养，使其能适应诸如量子技术、AGI（人工广义智能）、Web3.0等超新一代技术浪潮冲击。本人才培养方案从业界需求出发，“为党育才、为国育才”，培养适应“百年未有之大变局”时局下的高素质、复合型、应用型人才。,1．掌握马克思主义、毛泽东思想和中国特色社会主义理论体系；2.拥有强烈的社会责任感和健康的身心素质；3.系统掌握金融科技专业基础知识理论，具备完善的知识结构；4.具备良好的金融经济专业视野和自主学习能力；5.熟悉金融科技原理、技术和方法，具有对本领域相关问题的判断和分析能力,微观经济学、宏观经济学、算法与数据结构、会计学、金融学、投资学，公司金融、商业银行经营管理、金融科技学导论、金融计量学、金融数据库、固定收益证券、金融衍生工具、机器学习理论、数字货币学、量化金融学、区块链与智能合约、深度学习理论、自然语言处理、计算机视觉学、人工智能程序设计、智能系统与应用、智能芯片原理与应用、量子计算与金融等。,1.夯实金融基础，彰显技术底色；2．注重实践创新，强调专业技能；3．力行开放办学，推动产教融合,本专业基本学制为四年，实行弹性修业年限制度，学生在校修业年限可以提前至三年或延长至六年，修满规定的学分准予毕业。符合学士学位授予条件者，授予经济学学士学位。,CUEB-2024-056,金融科技|2024级金融科技培养方案
首都经济贸易大学,2024级,金融学院,保险学（保险精算）,保险学（保险精算）,保险学专业（保险精算）本科人才培养方案,020303,2024级/10金融学院/保险学（保险精算）/保险学（保险精算）1-6.docx,01_Markdown培养方案/2024级/10金融学院/保险学（保险精算）/保险学（保险精算）1-6.md,本专业培养具有社会主义核心价值观以及规范使用语言文字的意识和应用能力，适应现代经济与社会发展需要，德智体美劳全面发展，经济学、金融学和保险学理论基础扎实，擅长保险精算，知识结构合理，适应能力强，富有创新精神，能够在境内外保险公司、银行、证券公司、信托投资公司以及其他金融机构、企事业单位和政府部门从事相关专业工作的保险精算人才、保险实务人才、金融业务人才和管理人才。同时，培养具备较高的经济学、统计学、金融学、保险学理论素养，志向从事科研工作的科研潜力人才。,1．掌握马克思主义、毛泽东思想和习近平新时代中国特色社会主义思想理论体系；2．系统掌握经济学和金融保险学科的基础知识和专业理论；3．具备一定的保险精算技能和保险实务操作技能,政治经济学、微观经济学、宏观经济学、金融学、会计学、统计学、公司金融、计量经济学、保险学原理、财产保险、人身保险、利息理论、再保险、保险会计与财务、寿险精算、非寿险精算、保险法与保险监管。,1．以中国精算师资格考试为导向；2．注重实践教学；3．倡导开放式办学；4．加强科研训练,本专业基本学制为四年，实行弹性修业年限制度，学生在校修业年限可以提前至三年或延长至六年，修满规定的学分准予毕业。符合学士学位授予条件者，授予经济学学士学位。,CUEB-2024-057,保险学（保险精算）
首都经济贸易大学,2024级,金融学院,投资学,投资学,BB投资学专业本科人才培养方案,020304,2024级/10金融学院/投资学/投资学1-6.docx,01_Markdown培养方案/2024级/10金融学院/投资学/投资学1-6.md,本专业培养具有正确社会主义核心价值观以及规范使用语言文字的意识和应用能力，具有较强业务与科研素养，具有国际视野，具有解决复杂金融投资问题的综合能力，能够胜任银行、证券、保险等金融机构、政府部门和企事业单位的专业工作要求，同时能在大数据与人工智能时代背景下，融会贯通前沿量化投资与金融知识的应用型和复合型人才。,1．掌握马克思主义、毛泽东思想和中国特色社会主义理论体系；2．掌握投资学的基础知识和专业基础理论，熟悉金融学、计算机科学（偏人工智能方向）、经济学等学科原理与方法，了解投资与金融领域的有关方针、政策和法规以及国内外本学科的理论前沿和发展动态；3．能够应用投资学的基本原理、方法对本专业领域及相关领域问题进行分析、管理和研究，并能在实际工作中提出相应对策和建议，形成解决方案；4．具有宽广的国际视野，熟悉国际惯例,政治经济学、微观经济学、金融学、宏观经济学、会计学、统计学、计量经济学、金融计量学、国际金融学（双语）、商业银行经营管理、公司金融（双语）、投资学、金融衍生工具（双语）、固定收益证券（双语）、保险学。,1．夯实金融基础，凸显量化投资思维；2．注重实践能力，强调专业技能；3．践行开放办学理念，鼓励学生国际学习合作交流,本专业基本学制为四年，实行弹性修业年限制度，学生在校修业年限可以提前至三年或延长至六年，修满规定的学分准予毕业。符合学士学位授予条件者，授予经济学学士学位。,CUEB-2024-058,投资学
首都经济贸易大学,2024级,金融学院,金融学,金融学,金融学类专业（金融学）本科人才培养方案,020301K,2024级/10金融学院/金融学/金融学1-6.docx,01_Markdown培养方案/2024级/10金融学院/金融学/金融学1-6.md,金融学专业着眼于学生社会主义核心价值观的正确树立和德智体美劳的全面发展。着重培养金融人才的国际化视野、科研创新能力和长期自我学期能力，具备扎实的经济学和金融学理论基础、熟练的金融学专业知识和应用技能、国内外继续深造的基础和能力；具有深厚的知识储备和合理的知识结构、较高的外语水平和广泛的国际化视角；具有团队合作意识、社会责任感和创新精神，能够胜任国内外金融机构、工商企业以及政府部门金融实际工作的知识、能力、素质“三位一体”的复合型、国际化、创新金融人才。,1．掌握马克思主义、毛泽东思想和新时代中国特色社会主义思想体系；2．注重金融创新人才身心健康、职业道德、德智体美劳等综合发展；3．夯实金融学科基础知识理论、拓宽知识广度、优化知识结构；4．具备金融和经济现象的分析能力、思考能力和实践开拓能力；5．具有宽广的国际视野、熟悉国际惯例并恰当使用现代工具,微观经济学、宏观经济学、政治经济学、统计学、计量经济学、会计学金融学课导论、金融学、国际金融学、投资学、金融计量学、保险学、商业银行经营管理、公司金融、衍生金融工具、固定收益证券等。,1．注重综合能力、培养复合型创新人才；2．注重科研与实践结合、培养专业操作能力；3．重视职业技能培养、注重量化工具使用能力,本专业基本学制为四年，实行弹性修业年限制度，学生在校修业年限可以提前至三年或延长至六年，修满规定的学分准予毕业。符合学士学位授予条件者，授予经济学学士学位。,CUEB-2024-059,金融学
首都经济贸易大学,2024级,金融学院,金融学（国际金融英文班）,金融学（国际金融英文班）“三型一化”,金融学专业（国际金融英文班）本科人才培养方案,020301K,2024级/10金融学院/金融学（国际金融英文班）“三型一化”(1)/金融学（国际金融英文班）“三型一化”/2024修订_金融学（国际金融英文班） 1-6.docx,01_Markdown培养方案/2024级/10金融学院/金融学（国际金融英文班）“三型一化”(1)/金融学（国际金融英文班）“三型一化”/2024修订_金融学（国际金融英文班） 1-6.md,本专业培养具有正确社会主义核心价值观以及规范使用语言文字的意识和应用能力，具有扎实的经济学和金融学理论基础，熟练运用现代经济、金融分析方法和技术手段，具有开阔的国际视野和较高的外语水平，能够到国际一流学府继续深造，或者在中外资金融机构从事金融实务工作的高素质、创新型、应用型、国际化人才。,1．掌握马克思主义、毛泽东思想和习近平新时代中国特色社会主义理论体系；2．系统掌握经济学和国际金融学的基本理论；3．具备金融和经济现象的分析能力、思考能力和实践开拓能力；4．参与并通过主要金融资格考试；5．具备良好的社会公德和个人修养等综合素质,货币金融学、公司金融、投资学、国际金融学、金融衍生工具、商业银行经营管理、固定收益证券、保险与风险管理、金融计量学，核心课程全部使用英文原版教材、实行英语教学。,1．全英文的教学语境与国际化培养模式；2．科学的课程体系设置；3．强调阅读并将着眼点放在日常学习的人才培养模式；4．个性化的学生服务；5．聚焦拔尖创新人才培养,本专业基本学制为四年，实行弹性修业年限制度，学生在校修业年限可以提前至三年或延长至六年，修满规定的学分准予毕业。符合学士学位授予条件者，授予经济学学士学位。,CUEB-2024-060,金融学（国际金融英文班）|金融学（国际金融英文班）“三型一化”
首都经济贸易大学,2024级,金融学院,金融工程,金融工程,33金融工程专业本科人才培养方案,020302,2024级/10金融学院/金融工程/金融工程1-6.doc,01_Markdown培养方案/2024级/10金融学院/金融工程/金融工程1-6.md,金融工程专业旨在培养具有正确社会主义核心价值观，具备坚实的经济金融理论基础和数理功底，熟练掌握金融工程专业知识和技术方法，拥有科学精神、创新精神和自主学习能力，能够设计、开发新的金融工具和交易手段，能够开展金融风险管理、投融资管理以及金融衍生产品定价工作，具有较高的专业素养、外语水平和强烈的社会责任感，能够在金融机构、工商企业或其他部门从事风险管理、财务以及金融相关领域工作的高素质、复合型、应用型人才。,1．掌握马克思主义、毛泽东思想和中国特色社会主义理论体系；2.拥有强烈的社会责任感和健康的身心素质；3.系统掌握金融工程专业基础知识理论，具备完善的知识结构；4.具备良好的专业视野和自主学习能力；5.熟悉金融工程原理、技术和方法，具有对本领域相关问题的判断和分析能力,政治经济学、微观经济学、宏观经济学、计量经济学、会计学、统计学、金融学、投资学，公司金融、商业银行经营管理、金融工程学、金融计量学、固定收益证券、金融衍生工具、数理金融、金融风险测度与管理等。,1.夯实金融基础，凸显数理思维；2．注重实践能力，强调专业技能；3．力行开放办学，鼓励合作交流,本专业基本学制为四年，实行弹性修业年限制度，学生在校修业年限可以提前至三年或延长至六年，修满规定的学分准予毕业。符合学士学位授予条件者，授予经济学学士学位。,CUEB-2024-061,金融工程
首都经济贸易大学,2024级,统计学院,数学与应用数学（金融方向）,数学与应用数学（金融方向）,本科人才培养方案,070101,2024级/11统计学院/数学与应用数学（金融方向）/数学与应用数学（金融方向）1-6.docx,01_Markdown培养方案/2024级/11统计学院/数学与应用数学（金融方向）/数学与应用数学（金融方向）1-6.md,本专业旨在培养具有正确的社会主义核心价值观，适应现代经济和社会发展需要，德智体美劳全面发展，具有扎实的数学与统计理论基础，系统掌握基本的金融理论，具有较强的计算机应用能力，熟练运用数学与统计等软件和模型解决实际问题尤其是金融相关问题，能在经济部门、科研部门和政府部门等从事经济分析、金融产品设计等工作，或继续攻读应用数学、金融数学、应用统计等相关专业研究生学位的金融数学专业人才，具有国际视野与创新精神的社会主义建设者和接班人。,1．热爱祖国，拥护中国共产党的领导，掌握马克思主义、毛泽东思想和中国特色社会主义理论体系，树立辩证唯物主义和历史唯物主义的世界观，具有强烈的法律意识及较好的人文社会科学素养，在实践中自觉遵守职业道德规范，履行社会责任和义务；2.系统掌握数学科学、统计科学的基本理论和基本方法，熟悉经济、金融、计算机等领域的相关基础知识和基本方法，具有运用数学、统计和计算机等知识建立模型以解决实际问题的能力，特别是金融定量分析能力，具有较宽的知识面和知识结构；3．掌握科学思维方法和科学研究方法，具有较强的学习能力和科学研究能力，掌握资料查询、文献检索及运用现代信息技术获取相关信息的基本方法；4．掌握一门外语，具有较强的外语阅读能力和外语听、说、写、译能力，能利用外语获取专业信息；5．具有良好的个人修养及健康的心理体魄，能够在多学科背景下发挥个体优势，具有团队协作能力，并具有一定的组织领导能力,数学分析、高等代数与几何、概率论、数理统计、实变函数与泛函分析、常微分方程、优化方法、数值分析、复变函数、时间序列分析、回归分析、随机过程、多元统计分析、微观经济学、宏观经济学、金融学、金融数学、证券投资分析、金融统计分析,1．加强基础理论和方法论学习；2．注重实践能力培养；3．加强创新能力培养；4．重视国际视野培养,本专业基本学制为四年，实行弹性修业年限制度，学生在校修业年限可以提前至三年或延长至六年，修满规定的学分准予毕业。符合学士学位授予条件者，授予理学学士学位。,CUEB-2024-062,数学与应用数学（金融方向）
首都经济贸易大学,2024级,统计学院,数据科学与大数据技术,数据科学与大数据技术,数据科学与大数据技术专业本科人才培养方案,080910T,2024级/11统计学院/数据科学与大数据技术/数据科学与大数据技术1-6.docx,01_Markdown培养方案/2024级/11统计学院/数据科学与大数据技术/数据科学与大数据技术1-6.md,本专业旨在培养具有正确的社会主义核心价值观，适应现代经济和社会发展需要，德智体美劳全面发展，以数学与计算机为基础，系统掌握数据科学及大数据技术的专业知识，具有搜集、整理、分析和呈现大数据的基本能力，能够熟练使用在大数据架构上的基本工具进行数据分析，为企业、咨询和研究机构解决实际问题的应用型大数据分析人才，具有国际视野与创新精神的社会主义建设者和接班人。,1.掌握马克思主义、毛泽东思想与中国特色社会主义基本理论，具有良好的思想品德、个人修养以及健康的心理和体魄，具有良好的人文社会科学素养、职业道德和心理素质，社会责任感强；2.掌握统计专业所必须的数学基础知识，理解如何使用数学语言表达统计思想；3.具有扎实的数据科学理论功底，系统掌握数据科学和大数据专业知识，了解国内外国际前沿动态；4.具有较强的计算机及互联网应用能力，掌握高效的处理大数据的方法，掌握大数据建模和分析的基础理论，能够从大数据中获取有价值的知识；5.具备解决交叉学科实际问题的能力,数学分析、高等代数、数据科学的概率基础、面向对象程序设计（JAVA）、数据科学的计算机基础、经济学原理、数据科学导论、数据科学的统计基础、数据库原理与应用、抽样技术与应用、回归分析、分布式计算、时间序列分析、数据结构、统计编程基础、Python数据分析、数据仓库与数据挖掘、机器学习、大数据预处理、数据科学算法,1．实现与计算机学科的交叉培养；2．注重实践能力的培养与业界的结合；3．本专业（方向）与国内国外有关学校深入广泛合作，与港澳台和国外知名大学有充分的交流与合作，有着突出的教育国际化的特点,本专业基本学制为四年，实行弹性修业年限制度，学生在校修业年限可以提前至三年或延长至六年，修满规定的学分准予毕业。符合学士学位授予条件者，授予理学学士学位。,CUEB-2024-063,数据科学与大数据技术
首都经济贸易大学,2024级,统计学院,经济统计学,经济统计学,经济统计学专业本科人才培养方案,020102,2024级/11统计学院/经济统计学/经济统计学1-6.docx,01_Markdown培养方案/2024级/11统计学院/经济统计学/经济统计学1-6.md,本专业旨在培养具有正确的社会主义核心价值观，适应现代经济和社会发展需要，德智体美劳全面发展。具有良好的数学与经济学素养，具有厚实的统计学理论方法与经济学基础。能够熟练掌握数据分析方法和统计软件，具备搜集、整理、分析数据的知识和能力，胜任经济管理数据分析工作的高级统计分析人才。具有国际视野与创新精神的社会主义建设者和接班人。,1.具有正确的社会主义核心价值观，德智体美劳全面发展；2．应用概率论、数理统计、经济理论等专业知识，胜任经济管理数据分析工作；3．运用经济统计学基础理论和方法，基于概率论、计算机技术，借助文献研究等手段，识别、分析复杂问题，并可以建立统计模型，获得有效结论；4．掌握统计软件及常用数据库工具的使用及各类软件的优缺点，并针对现实问题可以合理选择数据分析工具或利用已有资源进行简单开发小型数据处理平台；5．具备一定的国际视野，关注国际统计应用的新进展，借鉴国际先进统计分析方法并运用到自己的工作实际,数学分析、概率论、数理统计、微观经济学、宏观经济学、抽样技术与应用、时间序列分析、多元统计分析、回归分析、贝叶斯统计、国民经济核算、非参数统计等。,1．注重统计方法在经济分析中的应用；2．注重实践能力的培养；3．遵循经济统计学学科发展规律及教育教学规律，课程设置与国际接轨，可以进行国内外的学术沟通与交流，满足国际化需求,本专业基本学制为四年，实行弹性修业年限制度，学生在校修业年限可以提前至三年或延长至六年，修满规定的学分准予毕业。符合学士学位授予条件者，授予经济学学士学位。,CUEB-2024-064,经济统计学
首都经济贸易大学,2024级,统计学院,统计学,统计学,统计学专业本科人才培养方案,071201,2024级/11统计学院/统计学/统计学1-6.docx,01_Markdown培养方案/2024级/11统计学院/统计学/统计学1-6.md,本专业旨在培养具有正确的社会主义核心价值观，德智体美劳全面发展，具有扎实的数学与统计理论基础，能系统掌握统计学思想，熟练运用统计知识和方法分析处理数据，具备较强的应用和解决实际问题能力及创新创业能力的卓越统计师、数据工程师、数据科学家和拔尖的统计学基础学科研究人才，具有国际视野与创新精神的社会主义建设者和接班人。,1．掌握马克思主义、毛泽东思想和中国特色社会主义理论体系；2.具备扎实的数学基础，受到严格的科学思维训练，初步掌握数学科学思想方法，形成严谨的逻辑推理和量化分析的思维方式；3.具备计算机应用的基本技术技能，掌握至少一门面向数据的编程语言，具有一定的统计计算和数据挖掘能力，理解常用统计软件的原理，并能熟练使用这些统计分析软件处理相关问题；4.关注社会经济发展状况，了解与统计、数据挖掘等有关的自然科学、社会科学、工程技术某一领域的基本知识，能够将其与统计学理论相结合，具备在某些实践领域发现问题，并适当描述问题、能灵活运用所学知识分析并最终解决问题的初步能力；5.具有较高的外语水平，具有良好的听、说、读、写能力，熟悉本专业的英文专业术语，能够顺利阅读本专业外文资料,数学分析、高等代数与几何、概率论、数理统计、经济学原理、实变函数与泛函分析、常微分方程、随机过程、时间序列分析、多元统计分析、回归分析、试验设计、抽样技术与应用、贝叶斯统计、非参数统计等。,1．注重数学思维与统计思想的有机融合；2．注重统计理论与实践能力的并重培养,本专业基本学制为四年，实行弹性修业年限制度，学生在校修业年限可以提前至三年或延长至六年，修满规定的学分准予毕业。符合学士学位授予条件者，授予理学学士学位。,CUEB-2024-065,统计学
首都经济贸易大学,2024级,外国语学院,商务英语,商务英语,商务英语专业本科人才培养方案,050262,2024级/12外国语学院/商务英语/商务英语1-6.docx,01_Markdown培养方案/2024级/12外国语学院/商务英语/商务英语1-6.md,nan,1.具有人文素养、科学精神和社会责任感，熟悉商务领域相关政策及法律、法规，能够在本专业领域实践活动中理解并遵守职业道德和职业规范，具有国际视野；2.掌握通识教育类、英语语言文学和商务学科基础类、专业类知识及相关学科知识，并能将所学知识用于解释本专业领域及相关领域的现象和问题；3.能够应用英语语言文学基础理论和研究方法、应用商务活动的基本原理和方法，对相关领域问题进行判断、分析和研究，提出相应对策和建议，并形成解决方案；4.能够恰当使用现代工具，对英语语言文学领域与商务领域的数据信息进行收集和分析处理，完成所从事的专业领域任务；5.能够使用书面和口头表达方式就英语语言文学领域以及商务领域的现象和问题进行有效沟通与交流,综合英语I-IV、高级英语I-II、英语阅读I-II、商务英语阅读、高级商务英语阅读、英语视听说I-II、商务英语视听说（实验）、高级商务英语视听说（实验）、翻译概论、基础口译、经贸翻译实务、商务会议口译、英语基础写作、高级英语写作、商务英语写作、商务英语函电、研究方法与学术写作、英语文学导论、英美文学选读、语言学概论、中国文化（英语）、英语国家概况、交际英语、商务导论、跨文化商务沟通导论、经济学原理、话说北京（英语）、京津冀商务论坛（实验）等。,1.“教学+思政”的理念；2.“着眼国际+服务区域”的目标；3.“英语+商务”的课程主体框架；4.“理论+实践”的培养模式；5.“国内+国际”联合培养的学习渠道,本专业基本学制为四年，实行弹性修业年限制度，学生在校修业年限可以提前至三年或延长至六年，修满规定的学分准予毕业。符合学士学位授予条件者，授予文学学士学位。,CUEB-2024-066,商务英语
首都经济贸易大学,2024级,外国语学院,法语,法语,012B法语专业本科人才培养方案,050204,2024级/12外国语学院/法语/法语专业人才培养方案.docx,01_Markdown培养方案/2024级/12外国语学院/法语/法语专业人才培养方案.md,--- | --- | --- | --- | --- | --- | | 毕业要求 | 培养目标 | | | | | | 目标1 具有社会主义核心价值观，具有良好的思想品德、社会公德、职业道德和个人修养 | 目标2 具备较高的人文素养、国际视野与跨文化沟通能力 | 目标3 熟悉中国文化知识；具备扎实法语语言基础 | 目标4 能在政府机关、外事部门、翻译机构、企业、学校、科研院所等单位就职 | 目标5 能够从事商务、贸易、金融、翻译、文化、新闻出版、教育等工作的应用型、复合型人才 | | 指标1 了解法语及英语国家政治、经济、历史、社会文化、风俗习惯等方面的概况。 | H | M | H | M | M | | 指标2 具备比较全面和扎实的法语和英语听、说、读、写、译的基本技能 ；掌握较系统的法语和英语语言和…,--- | --- | --- | --- | --- | --- | --- | --- | | 课程名称 | 毕业要求 | | | | | | | | 指标1 了解法语及英语国家政治、经济、历史、社会文化、风俗习惯等方面的概况 | 指标2 具备比较全面和扎实的法语和英语听、说、读、写、译的基本技能 ；掌握较系统的法语和英语语言和文化基础知识 | 指标3 理解跨文化商务活动中的思维模式、价值观念和行为准则；掌握经贸法语的基础知识 | 指标4 具有扎实的法语和英语语言基础和较强的听、说、读、写、译的实际应用能力 | 指标5 了解我国国情和相关的方针、政策、法律法规，具有较好的汉语表达能力；熟悉计算机办公软件和其他信息技术的应用 | 指标6 具有较强的跨文化沟通意识与沟通能力，能够流利、准确地使用法语和英语从事跨文化交流，国际合作，对外经贸，文化宣传等工作的能力 | 指标7 具有良好的身心素质，体魄强健、心理稳定、意志坚强；具有…,基础法语I、基础法语II、中级法语I、中级法语II、高级法语I、高级法语II、初级法语视听说、中级法语视听说、高级法语视听说、法语阅读与写作I、法语阅读与写作II、高级法语写作、经贸文章选读、商务法语、法国社会与文化、中国文化（法语）。,2.法语+英语；3.法语+经贸；4.立足北京，服务区域发展,本专业基本学制为四年，实行弹性修业年限制度，学生在校修业年限可以提前至三年或延长至六年，修满规定的学分准予毕业。符合学士学位授予条件者，授予文学学士学位。,CUEB-2024-067,法语
首都经济贸易大学,2024级,华侨学院,信息管理与信息系统（金融信息管理）,信息管理与信息系统（金融信息管理）,信息管理与信息系统专业（金融信息管理）本科人才培养方案,120102,2024级/13华侨学院/信息管理与信息系统（金融信息管理）/信息管理与信息系统（金融信息管理）1-6.docx,01_Markdown培养方案/2024级/13华侨学院/信息管理与信息系统（金融信息管理）/信息管理与信息系统（金融信息管理）1-6.md,本专业与行业发展紧密结合，参考全球认可度较高的金融类证书认证课程设置，以英文为教学语言，培养思想健康、政治正确、体魄强健，具有正确社会主义核心价值观、明辨性思维，较强的专业软件应用和外语应用能力，规范使用语言文字的意识和应用能力，系统的信息系统认知，掌握信息管理、金融信息数据分析的方法与手段，具有良好的沟通和关系拓展能力、具有人文素养、国际视野、创新与创业精神和领导力，能够在跨国企业、会计师事务所、金融机构以及相关政府部门从事信息管理、信息系统设计、信息技术开发、金融信息数据分析等方面工作，并具有出国深造、海外就业等发展潜力的国际化、应用型高级专业人才。,1.掌握马克思主义、毛泽东思想和中国特色社会主义理论体系；2.能够使用书面和口头表达方式与国内外业界同行、社会公众就本专业领域现象和问题进行有效沟通与交流，同时能利用英文进行顺畅有效的沟通；1.逻辑清晰，具有明辨性思维，能够辩证的看待、分析社会环境、经济环境、政治环境、技术环境的变化所产生的影响，具备终身学习的能力；2.对自然科学、哲学、艺术、文学等知识有广泛的涉猎，具备较为深厚的人文与科学素养，奠定人才全面、可持续发展的基础,经济学、管理学、运筹学、管理信息系统、数据库、计算机网络、系统分析与设计、管理统计学。,1．学位培养与资格证书相结合；2．本土教育与国际教育相结合；3．积极开展与国外一流大学的国际交流项目合作；1、2+2等模式，以派遣交流交换学生、攻读海外硕士学位等形式，推进越来越多的学生出国学习，积极利用和引进国外优质师资等教育资源，开拓学生的国际视野、提升学生的综合竞争能力,本专业基本学制为四年，实行弹性修业年限制度，学生在校修业年限可以提前至三年或延长至六年，修满规定的学分准予毕业。符合学士学位授予条件者，授予管理学学士学位。,CUEB-2024-068,信息管理与信息系统（金融信息管理）
首都经济贸易大学,2024级,华侨学院,工商管理（国际会计）,工商管理（国际会计）,工商管理（国际会计）专业本科人才培养方案,,2024级/13华侨学院/工商管理（国际会计）/工商管理（国际会计）1-6.docx,01_Markdown培养方案/2024级/13华侨学院/工商管理（国际会计）/工商管理（国际会计）1-6.md,本专业与行业发展紧密结合，参考全球认可度较高的财会类证书认证课程设置，以英文为教学语言，培养思想健康、政治正确、体魄强健，具有正确社会主义核心价值观、明辨性思维，较强的专业软件应用和外语应用能力，规范使用语言文字的意识和应用能力，系统的商业认知，掌握现代企业经营管理的方法与手段，具有良好的沟通和关系拓展能力、具有人文素养、国际视野、创新与创业精神和领导力，能够在跨国企业、会计师事务所、金融机构以及相关政府部门从事管理、会计、审计、咨询、金融分析等方面工作，并具备出国深造、海外就业等发展潜力的国际化、应用型高级专业人才。,1.掌握马克思主义、毛泽东思想和中国特色社会主义理论体系；2.能够使用书面和口头表达方式与国内外业界同行、社会公众就本专业领域现象和问题进行有效沟通与交流，同时能利用英文进行顺畅有效的沟通；3.逻辑清晰，具有明辨性思维，能够辩证的看待、分析社会环境、经济环境、政治环境、技术环境的变化所产生的影响，具备终身学习的能力；4.对自然科学、哲学、艺术、文学等知识有广泛的涉猎，具备较为深厚的人文与科学素养，奠定人才全面、可持续发展的基础；5.能够恰当使用现代工具，对本专业领域数据信息进行收集和分析处理，完成所从事的专业领域任务,nan,1．学位培养与资格证书相结合*；2．本土教育与国际教育相结合；3.积极开展与国外一流大学的国际交流项目合作；1、2+2等模式，以派遣交流交换、攻读海外硕士学位等形式，推进越来越多的学生出国学习，积极利用和引进国外师资等优质教育资源，开拓学生的国际视野、提升学生的综合竞争能力,本专业基本学制为四年，实行弹性修业年限制度，学生在校修业年限可以提前至三年或延长至六年，修满规定的学分准予毕业。符合学士学位授予条件者，授予管理学学士学位。,CUEB-2024-069,工商管理（国际会计）
首都经济贸易大学,2024级,国际经济管理学院,金融学（数据与计量分析）,金融学（数据与计量分析）,金融学专业（数据与计量分析）人才培养方案,020301K,2024级/14国际经济管理学院/金融学（数据与计量分析）/金融学（数据与计量分析）1-6.docx,01_Markdown培养方案/2024级/14国际经济管理学院/金融学（数据与计量分析）/金融学（数据与计量分析）1-6.md,本专业培养具有正确社会主义核心价值观，具备扎实的金融学和经济学理论基础，熟练运用计量和数据分析技术，以及互联网经济与大数据金融的分析方法和技术手段，具有开阔的国际视野和较高的外语水平，能够到国内外大学继续深造，或者在政府机关、金融机构、科研院所、外资企业等单位从事金融经济理论研究与政策分析决策等工作，既能胜任传统金融工作，又能适应金融行业发展趋势的复合型拔尖创新金融人才。,1.注重人才思想政治、身心健康和职业道德等综合素质；2.系统掌握金融学基本理论和数理计量分析基本方法，具有扎实的数学基础和包括金融学和经济学在内的较宽知识面与知识结构，并具备使用统计软件分析金融和经济数据、解决经济问题的能力，为在金融学方向的进一步深造奠定坚实的基础；3.具备计量分析和大数据与互联网经济与金融分析能力；4.具有较高的英语水平和宽广的国际视野；5.具备较强的创新意识，善于将理论与实际相结合,高等数学、概率论与数理统计、中级微观经济学、中级宏观经济学、计量经济学、会计学、国际经济学、货币银行学、公司金融、投资学、固定收益证券、经济时间序列分析、金融衍生品分析等。,1．独特的课程体系设置；2．英文教学与广泛的国际合作；3．灵活的人才培养模式,本专业基本学制为四年，实行弹性学制，学生在校学习年限可以提前至三年或延长至六年，修满规定的学分准予毕业。符合学士学位授予条件者，授予经济学学士学位。,CUEB-2024-070,金融学（数据与计量分析）
首都经济贸易大学,2024级,城市经济与公共管理学院,土地资源管理,土地资源管理,土地资源管理专业本科人才培养方案,120404,2024级/1城市经济与公共管理学院/土地资源管理/土地资源管理1-6.doc,01_Markdown培养方案/2024级/1城市经济与公共管理学院/土地资源管理/土地资源管理1-6.md,本专业培养具有社会主义核心价值观以及规范使用语言文字意识和应用能力，具备现代管理学、经济学、土地资源与房地产经济管理方面的基本理论，熟悉土地管理与房地产经济管理的政策法规，掌握土地调查与评价、土地规划、土地制度与政策、房地产经营与管理、房地产估价、土地信息技术等专业技能，具有“评测、规划、估价、管理”的实践素养和创新能力，适应新时期国土、城建、房地产以及相关领域工作和研究的发展需要，为国家土地管理事业和首都经济建设服务的高级复合型专门人才。,掌握马克思主义、毛泽东思想和中国特色社会主义理论体系；2.通识教育类、学科基础类知识要求；3.专业基本理论与专业知识要求；4.专业技术与工具运用能力要求；5.相关法律政策基础要求,公共管理学、公共经济学、公共政策学、社会学、统计学、土地经济学土地资源学、土地测量与管理、国土空间规划、土地管理学、地籍测量与管理、土地信息系统，房地产经济学、房地产开发经营、房地产估价理论与方法、房地产金融、遥感与GIS应用等。,1．突出土地与房地产管理的课程特色；2．以房地产经济管理为专业特色；3．强调“评测、规划、估价、管理”等实践能力的人才培养特色,本专业基本学制为四年，实行弹性修业年限制度，学生在校修业年限可以提前至三年或延长至六年，修满规定的学分准予毕业。符合学士学位授予条件者，授予管理学学士学位。,CUEB-2024-071,土地资源管理
首都经济贸易大学,2024级,城市经济与公共管理学院,城市管理,城市管理,城市管理专业本科人才培养方案,120405,2024级/1城市经济与公共管理学院/城市管理/城市管理1-6.docx,01_Markdown培养方案/2024级/1城市经济与公共管理学院/城市管理/城市管理1-6.md,本专业培养具有社会主义核心价值观，适应我国城市群与超大城市经济发展需要，德智体美劳全面发展，具备扎实的区域与城市经济管理的理论基础和实践能力，具有开阔的国际视野和区域与城市经济管理创新思维，“强经济、擅技术、懂政策、精管理”，能够在城市各级政府、各类银行、研究咨询机构，以及其他大型企事业单位等从事区域与城市数智经济规划与管理、城市群与超大城市数智产业监测、区域与城市经济大数据分析、区域与城市发展规划及政策分析、区域发展与城市建设投融资策划与分析、数智化时代的公共服务规划设计、城市社会经济网络运行分析与规划、城市经济与管理的运行模拟仿真、城市数字政府建设与数据治理、城市经济精细化管理及战略决策等工作的高素质、复合型优秀人才。,1.掌握通识教育类、学科基础类、专业类知识及相关学科知识，并能将所学知识用于解释区域和城市经济管理领域及相关领域的现象和问题，了解本学科发展前沿，具有国际视野；2.能够应用区域与城市经济学、城市管理学、城市规划学等的基本原理，以及GIS与空间分析、统计与空间计量、社会网络分析、大数据分析、政策分析、模拟仿真等方法工具，对本专业领域及相关领域问题进行判断、分析和研究，提出相应对策和建议，并形成解决方案,10. 城市经济学（双语）、城市管理学、城市建设投融资、城市发展与财政、城市文化学（英语）、城市数字经济、城市经济分析方法、空间计量经济基础、城市地理学（双语）、城市规划与管理（双语）、城市数字化管理、城市经济战略管理、遥感与GIS应用、城市社会网络与UCInet应用、Python与城市大数据分析、城市经济管理模拟仿真、城市经济管理政策分析、城市发展策划实务、城市建设经济评价实务、区域经济协同专题、区域产业与发展等。,1；1.面向首都北京城市经济发展与精细化管理；1,本专业基本学制为四年，实行弹性修业年限制度，学生在校修业年限可以提前至三年或延长至六年，修满规定的学分准予毕业。符合学士学位授予条件者，授予管理学学士学位。,CUEB-2024-072,城市管理
首都经济贸易大学,2024级,城市经济与公共管理学院,城市管理（区域经济管理）,城市管理（区域经济管理）,城市管理专业（区域经济管理）本科人才培养方案,120405,2024级/1城市经济与公共管理学院/城市管理（区域经济管理）/城市管理（区域经济管理）1-6.docx,01_Markdown培养方案/2024级/1城市经济与公共管理学院/城市管理（区域经济管理）/城市管理（区域经济管理）1-6.md,本专业主要培养具有社会主义核心价值观，适应区域与城市经济发展需要，具有扎实的区域与城市经济管理理论基础和突出的定量分析能力，掌握地理信息系统、AutoCAD等空间分析与制图技术，知识面宽广，有创新意识和一定的研究能力，能够在区域和城市建设和管理部门、政府政策研究机构、咨询机构等企事业单位从事实务、科研以及具体管理工作的复合型、应用型专门人才。,1．掌握马克思主义、毛泽东思想和中国特色社会主义理论体系；2．系统掌握现代区域经济管理的基本知识和专业基础理论，熟悉区域经济分析的原理和方法，具有扎实的经济学和管理学基础，具备较宽的公共管理专业知识面以及合理知识结构；3．具有区域经济管理的思维与能力；4．具有自主学习和终身学习意识，有创业创新能力及不断学习与适应发展的能力；5．熟悉本专业领域相关政策及法律、法规，能够在本专业领域实践活动中理解并遵守职业道德和职业规范,经济学原理、中级微观经济学、管理学、公共经济学、公共政策学、公共管理学、区域经济学、城市经济学、空间经济计量基础、城市规划与管理、经济地理学、区域规划理论与方法、中国区域经济、地理信息系统、地方财政学等。,1.强调学科交叉、理论与应用兼顾的专业特色；2.强调宽基础、重技能的课程特色；3.强调“规划、管理”等创新型实践能力的人才培养特色,本专业基本学制为四年，实行弹性修业年限制度，学生在校修业年限可以提前至三年或延长至六年，修满规定的学分准予毕业。符合学士学位授予条件者，授予管理学学士学位。,CUEB-2024-073,城市管理（区域经济管理）
首都经济贸易大学,2024级,城市经济与公共管理学院,行政管理,行政管理,行政管理专业本科人才培养方案,120402,2024级/1城市经济与公共管理学院/行政管理/行政管理1-6.doc,01_Markdown培养方案/2024级/1城市经济与公共管理学院/行政管理/行政管理1-6.md,本专业旨在培养适应现代经济和社会发展需要，德智体美劳全面发展，具备扎实的行政管理理论基础，具有较深厚的人文素养和科学精神，知识结构完善合理，具有高度责任心和使命感，具备较高行政管理素质与较强行政管理能力，具有国际视野与创新精神，能在政府机关、企事业单位、咨询机构、非营利组织及社区从事公共行政、社会管理、市场监管、文秘助理、人力资源管理、政策分析、项目咨询等工作的高素质、复合型、应用型管理人才。,1.掌握马克思列宁主义、毛泽东思想、邓小平理论、“三个代表”重要思想、科学发展观和习近平新时代中国特色社会主义思想；2.掌握通识教育类、学科基础类、专业核心知识及相关学科知识，并能将所学知识用于分析公共管理领域的现象和问题，并通过问题诊断、分析和研究，提出相应对策和建议，并形成解决方案；3.熟悉国家治理以及公共管理方面的法律法规、方针、政策，具备现代行政管理能力、公共政策分析能力、调查统计分析能力、组织策划能力、协调沟通能力、写作表达能力等；4.有正确的世界观、人生观、价值观，具有良好的人文、艺术修养和审美情趣；5.重视思维的多元化与系统性训练，在跨学科与复合多元的知识体系下，能较全面地掌握并熟练运用行政管理、公共政策、信息管理、计算机、统计调查等多个交叉领域的知识，提升应对多元复杂问题的能力,当代中国政府与政治、政府监管、行政法学、行政组织学、行政伦理学、电子政务概论、领导科学、行政管理史、比较政治制度（双语）、非营利组织管理、国家公务员制度、应急管理概论、公共部门人力资源管理（双语）、行政职业能力、学术写作与学科前沿、社会调查研究方法、跨文化交际与沟通、政府绩效评估、城市数字化管理、城市社区治理、北京历史文化概论等。,1.突出服务首都北京，夯实经济行政的特色；2.强调知识的多维与系统，强调理论与实践相结合；3.注重本土化与国际化的培养模式,本专业基本学制为四年，实行弹性修业年限制度，学生在校修业年限可以提前至三年或延长至六年，修满规定的学分准予毕业。符合学士学位授予条件者，授予管理学学士学位。,CUEB-2024-074,行政管理
首都经济贸易大学,2024级,工商管理学院,供应链管理,《供应链管理》专业培养方案-2024级,供应链管理专业本科人才培养方案,120604T,2024级/2工商管理学院/2024级培养方案/2工商管理学院/《供应链管理》专业培养方案/《供应链管理》专业培养方案-2024级/供应链管理1-6部分.docx,01_Markdown培养方案/2024级/2工商管理学院/2024级培养方案/2工商管理学院/《供应链管理》专业培养方案/《供应链管理》专业培养方案-2024级/供应链管理1-6部分.md,本专业秉承“厚德精业，守正出新”的价值观，肩负“植根管理实践，探索商学前沿，培养卓越商才，服务社会发展”的使命，旨在培养树立社会主义核心价值观、具有高度社会责任感和使命感、良好科学文化素养和国际视野，具有扎实的管理理论基础，掌握现代供应链管理知识，具有较强的复杂数据分析与处理能力，具备创新精神、创业意识及一定的创新创业能力，能够在供应链管理领域从事科学研究、应用实践等工作，善于发现问题并提出创新性供应链优化方案的的复合型管理人才。 1. 毕业要求 本专业在人才培养中注重引导学生树立和践行社会主义核心价值观，强化学科基础和专业理论知识的学习。学生毕业时应达到如下要求： 1. 热爱祖国，拥护中国共产党领导，掌握马列主义、毛泽东思想、邓小平理论、“三个代表”重要思想、科学发展观、习近平新时代中国特色社会主义思想；具…,nan,供应链管理、运营管理、采购与供应管理、仓储管理与库存控制、运输与配送管理、数据模型与决策、供应链大数据分析方法、绿色供应链管理、供应链金融、供应链建模与优化等。,1.培养宽口径厚基础、交叉跨界的复合型人才；2.培养具备可持续管理理念与数智化管理能力的应用型人才；3.培养具备创造性思维和良好创新能力的创新型人才,本专业基本学制为四年，实行弹性修业年限制度，学生在校修业年限可以提前至三年或延长至六年，修满规定的学分准予毕业。符合学士学位授予条件者，授予管理学学士学位。,CUEB-2024-075,供应链管理|《供应链管理》专业培养方案-2024级
首都经济贸易大学,2024级,工商管理学院,数智管理实验班,工商管理（数智管理实验班）培养方案-2024级,数智管理实验班本科人才培养方案,120201K,2024级/2工商管理学院/2024级培养方案/2工商管理学院/《工商管理（数智管理实验班）》培养方案/工商管理（数智管理实验班）培养方案-2024级/工商管理（数智管理实验班）1-6部分.docx,01_Markdown培养方案/2024级/2工商管理学院/2024级培养方案/2工商管理学院/《工商管理（数智管理实验班）》培养方案/工商管理（数智管理实验班）培养方案-2024级/工商管理（数智管理实验班）1-6部分.md,本专业以立德树人为根本，秉承“厚德精业，守正出新”的价值观，肩负“植根管理实践，探索商学前沿，培养卓越商才，服务社会发展”的使命，坚持“三全育人”，推进思政育人与专业育人同向同行，培养具有社会主义核心价值观，适应新时代社会发展需要的，德智体美劳全面发展，掌握现代管理理论与管理方法、具备良好数字思维能力、具有独立科学研究能力，善于创新创造，具有开阔国际视野，适应进一步深造需要的创新型拔尖的人才。 1. 毕业要求 1.掌握马克思主义、毛泽东思想和中国特色社会主义理论体系；具有良好的思想品德、社会公德、职业道德和个人修养；具有爱岗敬业、遵纪守法和团结合作的品质；具有为国家富强、民族昌盛而奋斗的志向和责任感。 2.系统掌握经济与管理学科的基础知识和企业管理的基本理论与方法，掌握数字时代企业管理的规律和特点，及相应的原…,nan,管理学、经济学原理、数字经济导论、管理学研究方法、管理学经典文献导读、数智创新管理、企业战略管理、组织行为学、数智人力资源管理、会计学、财务管理、市场营销、数据科学导论、程序设计语言（Python）、人工智能导论、统计学、大数据预处理、数智财务分析与决策、数字化商业模式创新、商业数据分析与决策、数字化跨国企业与全球战略、公司治理、数智化网络交流管理。,1.按照高水平拔尖人才的培养规律，着重加强对学生理论能力与研究方法的长线训练；2.精准分层，贯通培养，打通“本-硕-博-后-MBA”全体系；3.数智管理研究平台；4.教研团队网络；5.多元深造路径,本专业基本学制为四年，实行弹性修业年限制度，学生在校修业年限可以提前至三年或延长至六年，修满规定的学分准予毕业。符合学士学位授予条件者，授予管理学学士学位。,CUEB-2024-076,数智管理实验班|工商管理（数智管理实验班）培养方案-2024级
首都经济贸易大学,2024级,工商管理学院,工商管理（ESG投资与管理）,工商管理（ESG投资与管理）,工商管理（ESG投资与管理）本科人才培养方案,120201K,2024级/2工商管理学院/2024级培养方案/2工商管理学院/工商管理（ESG投资与管理）/工商管理（ESG投资与管理）1-6部分.docx,01_Markdown培养方案/2024级/2工商管理学院/2024级培养方案/2工商管理学院/工商管理（ESG投资与管理）/工商管理（ESG投资与管理）1-6部分.md,本专业以立德树人为根本，秉承“厚德精业，守正出新”的学院价值观，肩负“植根管理实践，探索商学前沿，培养卓越商才，服务社会发展”的使命，坚持“三全育人”，推进思政育人与专业育人同向同行，培养具有社会主义核心价值观，适应现代经济和社会发展需要，德智体美劳全面发展，掌握现代管理理论与管理方法、拥有良好的专业知识综合素养、具备较强的ESG投资分析与实操能力以及企业ESG管理与实践能力、具有创造性思维和良好创新能力，能适应进一步学习深造的需要，或在企、事业单位和政府部门中从事ESG、社会责任与相关领域管理岗位工作，以及资本市场、金融机构ESG投资分析与管理工作的复合型、应用型、创新型人才。 1. 毕业要求 1. 掌握马克思主义、毛泽东思想和中国特色社会主义理论体系；具有良好的思想品德、社会公德、职业道德和个人修养；具有…,nan,管理学、经济学原理、财务管理学、统计学、运营管理、市场营销学、会计学、组织行为学、企业战略管理、消费者行为学、电子商务、企业资源规划（ERP）、供应链管理、ESG理论与实践、金融学、绿色金融、ESG前沿讲座、ESG投资理论与实践、投资学、量化金融学、ESG战略规划与实施、ESG报告与信息披露管理、企业ESG管理、气候风险管理等。,1.培养具备ESG投资与管理知识同时兼具管理、财务、金融知识的复合型人才；2.培养具备扎实ESG投资与管理能力的应用型人才；3.培养具备创造性思维和良好创新能力的创新型人才,本专业基本学制为四年，实行弹性修业年限制度，学生在校修业年限可以提前至三年或延长至六年，修满规定的学分准予毕业。符合学士学位授予条件者，授予管理学学士学位。,CUEB-2024-077,工商管理（ESG投资与管理）
首都经济贸易大学,2024级,工商管理学院,工商管理（公司理财）,工商管理（公司理财）,工商管理专业（公司理财）本科人才培养方案,,2024级/2工商管理学院/2024级培养方案/2工商管理学院/工商管理（公司理财）/工商管理（公司理财）1-6.docx,01_Markdown培养方案/2024级/2工商管理学院/2024级培养方案/2工商管理学院/工商管理（公司理财）/工商管理（公司理财）1-6.md,本专业以立德树人为根本，秉承“厚德精业，守正出新”的学院价值观，肩负“植根管理实践，探索商学前沿，培养卓越商才，服务社会发展”的使命，坚持“三全育人”，推进思政育人与专业育人同向同行，培养具有社会主义核心价值观，适应现代经济和社会发展需要，德智体美劳全面发展、掌握现代管理理论与管理方法、具备良好的专业知识综合素养、具有较强的财务金融分析和创新创业能力，在企、事业单位和政府部门中从事理财与相关领域岗位工作，以及资本市场、金融机构投资分析与管理工作的应用型、复合型人才。 1. 毕业要求 1. 掌握马克思主义、毛泽东思想和中国特色社会主义理论体系；具有良好的思想品德、社会公德、职业道德和个人修养；具有爱岗敬业、遵纪守法和团结合作的品质；具有为国家富强、民族昌盛而奋斗的志向和责任感。 2. 系统掌握经济与管理学科的基…,nan,管理学、经济学原理、金融学、财务管理学、统计学、运营管理、市场营销学、会计学、组织行为学、企业战略管理、消费者行为学、电子商务、企业资源规划（ERP）、供应链管理、企业财务分析、公司估值、公司重组、数字金融、创新创业金融、投资学、风险管理、商法学、企业伦理,1.培养具备扎实理财专业能力的应用型人才；2.培养具备现代公司理财知识同时兼具财务、金融、管理、创新创业知识的复合型人才；3.注重学生创新创业能力的培养,本专业基本学制为四年，实行弹性修业年限制度，学生在校修业年限可以提前至三年或延长至六年，修满规定的学分准予毕业。符合学士学位授予条件者，授予管理学学士学位。,CUEB-2024-078,工商管理（公司理财）
首都经济贸易大学,2024级,工商管理学院,工商管理（国际商务）,工商管理（国际商务）,工商管理（国际商务）专业本科人才培养方案,,2024级/2工商管理学院/2024级培养方案/2工商管理学院/工商管理（国际商务）/工商管理（国际商务）1-6.docx,01_Markdown培养方案/2024级/2工商管理学院/2024级培养方案/2工商管理学院/工商管理（国际商务）/工商管理（国际商务）1-6.md,本专业以立德树人为根本，秉承“厚德精业，守正出新”的价值观，肩负“植根管理实践，探索商学前沿，培养卓越商才，服务社会发展”的使命，坚持“三全育人”，推进思政育人与专业育人同向同行，培养具有社会主义核心价值观，适应现代经济和社会发展需要，德智体美劳全面发展，掌握现代管理理论与管理方法、具备良好的专业知识综合素养、具备国际贸易和电子商务管理能力，适应经济全球化发展需要，通晓国际商务发展动向与前沿，掌握国际商务理论知识及实践技能，谙熟国际经济法规和商务惯例，具有良好的国际视野与战略眼光、较强的商务实践能力、创新创业能力以及团队合作能力，以国际化、实践型为突出特征的高层次复合型国际商务人才。,1．掌握马克思主义、毛泽东思想和中国特色社会主义理论体系；2.系统掌握从事国际商务工作所需要的管理学、营销学、经济学、贸易学、金融学等方面的基本知识和基本技能，具备良好的学习能力、分析与解决实际问题的能力，具备较强的商务谈判技能、企业管理与市场营销技能；3.具有较好的语言与文字表达能力，熟练应用一门外国语，能够使用书面和口头表达方式与国内外业界同行、社会公众就本专业领域现象和问题进行有效沟通与交流；4.能够熟练运用计算机和管理实务方面的应用软件，对商务以及市场数据信息进行收集和分析处理，能够迅速适应实际工作岗位的要求；5.具有较强社会适应能力和学习能力，具有自主学习和终身学习意识,国际商务、国际市场营销、国际零售管理、商务谈判、经济学原理、国际商法（双语）、国际贸易、国际金融学（双语）、国际物流、消费者行为学（双语）、国际税收（双语）、国际结算（双语）、客户关系管理（英语）、国际商务礼仪、统计学、会计学、财务管理学、运营管理、企业资源规划（ERP）、供应链管理等。,1.突出国际化商务人才培养；2.突出跨学科复合型人才培养；3.注重学生实践创新能力的培养；4．突出现代国际商务特色,本专业基本学制为四年，实行弹性修业年限制度，学生在校修业年限可以提前至三年或延长至六年，修满规定的学分准予毕业。符合学士学位授予条件者，授予管理学学士学位。,CUEB-2024-079,工商管理（国际商务）
首都经济贸易大学,2024级,工商管理学院,市场营销,市场营销,市场营销专业本科人才培养方案,,2024级/2工商管理学院/2024级培养方案/2工商管理学院/市场营销/市场营销1-6.docx,01_Markdown培养方案/2024级/2工商管理学院/2024级培养方案/2工商管理学院/市场营销/市场营销1-6.md,本专业以立德树人为根本，秉承“厚德精业，守正出新”的价值观，肩负“植根管理实践，探索商学前沿，培养卓越商才，服务社会发展”的使命，坚持“三全育人”，推进思政育人与专业育人同向同行，培养具有社会主义核心价值观，适应现代经济和社会发展需要，德智体美劳全面发展，掌握现代管理理论与管理方法、具备良好的专业知识综合素养、具有较强的逻辑分析和创新创业能力以及开阔的国际化视野，适应进一步学习深造的需要，或在企、事业单位和政府部门中从事管理与相关领域科研岗位工作的应用型、复合型营销管理人才。,1．掌握马克思主义、毛泽东思想和中国特色社会主义理论体系；2.系统掌握经济与管理学科的基础知识和市场营销的基本理论与方法，掌握企业管理的规律和特点，能够将所学知识用于解释、分析和评价企业市场营销实践中的具体现象和问题，并能够形成解决方案；3.具有较好的语言与文字表达能力，熟练应用一门外国语，能够使用书面和口头表达方式与国内外业界同行、社会公众就本专业领域现象和问题进行有效沟通与交流；4.能够熟练运用计算机和管理实务方面的应用软件，对市场营销专业领域数据信息进行收集和分析处理，能够迅速适应实际工作岗位的要求；5.具有较强社会适应能力和学习能力，具有自主学习和终身学习意识,管理学、经济学原理、市场营销学、消费者行为学（双语）、品牌管理、国际市场营销（英语）、服务营销、客户关系管理、商务谈判、管理决策模拟、商务分析、公共关系学、统计学、财务管理学、会计学、运营管理、电子商务、企业资源规划（ERP）、供应链管理、组织行为学（双语）、企业战略管理等。,1．基于需求导向的应用型、复合型培养目标定位；2．突出国际化营销人才培养；3.注重学生商务分析和实践创新能力的培养；4．突出现代服务业市场营销特色,本专业基本学制为四年，实行弹性修业年限制度，学生在校修业年限可以提前至三年或延长至六年，修满规定的学分准予毕业。符合学士学位授予条件者，授予管理学学士学位。,CUEB-2024-080,市场营销
首都经济贸易大学,2024级,工商管理学院,电子商务,电子商务,电子商务专业本科人才培养方案,120801,2024级/2工商管理学院/2024级培养方案/2工商管理学院/电子商务/电子商务专业 1-6.docx,01_Markdown培养方案/2024级/2工商管理学院/2024级培养方案/2工商管理学院/电子商务/电子商务专业 1-6.md,本专业以立德树人为根本，秉承 “厚德精业，守正出新”的价值观，坚持“三全育人”，推进思政育人与专业育人同向同行。培养具有社会主义核心价值观，适应现代经济与社会发展需要，德智体美劳全面发展，掌握现代管理理论与管理方法、计算机科学、统计学等相关领域专业知识和基本技能的卓越商才。同时，还应具有互联网思维、国际化视野、创新思维和创业精神以及较强实践能力，能在各类企事业单位及政府部门从事数据挖掘与分析、数字化运营与咨询、电子商务规划与设计等相关工作，具有较大发展潜力的应用型、复合型高级专业人才。,（1）掌握通识教育类、学科基础类、专业类知识及相关学科知识，并能将所学知识用于解释本专业领域及相关领域的现象和问题，了解本学科发展前沿，具有国际视野； （2）能够系统应用管理学、经济学以及计算机科学的基本原理和方法对本专业领域及相关领域问题进行判断、分析和研究，提出相应对策和建议，并形成解决方案； （3）能够恰当使用现代工具，对本专业领域数据信息进行收集和分析处理，完成所从事的专业领域任务； （4）能够使用书面和口头表达方式与国内外业界同行、社会公众就本专业领域现象和问题进行有效沟通与交流； （5）具有团队协作意识，能够在本学科及多学科团队活动中发挥个人能力，并能与其他成员进行协作； （6）具有自主学习和终身学习意识，有创新创业能力及不断学习与适应发展的能力； （7）具有人文素养、科学精神和社会责任感，熟悉本专业领域相关政策及法律、法规，能够在本专业领域实践活动中理解并遵守职业道德和职业规范。,管理学、经济学原理、财务管理学、统计学、会计学、市场营销学、运营管理、运营管理、创新管理、管理决策模拟、组织行为学（双语）、消费者行为学（双语）、企业战略管理、人力资源管理、电子商务、企业资源规划(ERP)、供应链管理、商务智能理论与应用、互联网商务模式与创新、电子商务技术基础、电子商务网络技术、电子商务网站规划与设计、数据库原理与应用、客户关系管理、大数据商务分析与应用等。,1.进行管理学与计算机科学交叉培养；2．聚焦数字经济环境下的智能商务需求；3.重视实践能力,本专业基本学制为四年，实行弹性修业年限制度，学生在校修业年限可以提前至三年或延长至六年，修满规定的学分准予毕业。符合学士学位授予条件者，授予管理学学士学位。,CUEB-2024-081,电子商务
首都经济贸易大学,2024级,经济学院,国际经济与贸易,国际经济与贸易,国际经济与贸易专业本科人才培养方案,020401,2024级/3经济学院/国际经济与贸易/国际经济与贸易1-6.docx,01_Markdown培养方案/2024级/3经济学院/国际经济与贸易/国际经济与贸易1-6.md,本专业培养具有社会主义核心价值观以及规范使用语言文字的意识和能力，系统掌握马克思主义经济学基本原理和国际经济贸易相关理论和方法，能够正确认识和理解国内外经济与贸易发展规律和运行机制，具有国际视野、开拓创新精神和实践能力，并具有较高的外语水平和一定的国际交流能力，能够在政府机关、各类经济部门、科研机构、高等院校从事经济理论与政策研究、经济分析和涉外经济实务工作的高素质应用型、复合型人才。,2.掌握马克思主义、毛泽东思想、邓小平理论和中国特色社会主义理论体系，牢固树立社会主义核心价值观；3.系统掌握国际经济、国际贸易、国际商务方面的知识和基本技能，熟悉通行的国际贸易惯例、法规及工作流程；4.具有较深厚的人文、社会和科学素养，较宽的知识面和较合理的知识结构；5.具有宽广的国际视野，熟练掌握一门外语，具备一定的国际沟通能力；6.了解本学科发展动态，具备分析和解决本专业实际问题的能力,政治经济学（资本主义）、微观经济学、宏观经济学、金融学、计量经济学、会计学、统计学、产业经济学、财政学、国际经济学（双语）、中国对外贸易、国际贸易、国际贸易实务（双语）、国际金融学（双语）、国际商法（双语）、国际市场营销、国际商务（英语）等。,1．注重扎实的经济理论基础培养；2．强调知识结构的广度、深度和合理性；3．注重培养学生的国际交流能力；4．强化综合能力培养,本专业基本学制为四年，实行弹性修业年限制度，学生在校修业年限可以提前至三年或延长至六年，修满规定的学分准予毕业。符合学士学位授予条件者，授予经济学学士学位。,CUEB-2024-082,国际经济与贸易
首都经济贸易大学,2024级,经济学院,国际经济与贸易（国际班）,国际经济与贸易（国际班）,国际经济与贸易专业（国际班）本科人才培养方案,020401,2024级/3经济学院/国际经济与贸易（国际班）/国际经济与贸易（国际班）1-6.docx,01_Markdown培养方案/2024级/3经济学院/国际经济与贸易（国际班）/国际经济与贸易（国际班）1-6.md,本专业培养具有社会主义核心价值观以及规范使用语言文字的意识和能力，系统掌握马克思主义经济学的基本原理和国际经济贸易相关理论和方法，能够正确认识和理解国内外经济与贸易发展规律和运行机制，具有国际视野、开拓创新精神和实践能力，并具有较高的外语水平和良好的国际交流能力，能够在政府机关、各类经济部门、科研机构、高等院校从事经济理论与政策研究、经济分析和涉外经济实务工作的高素质应用型、复合型人才。,1.系统掌握马克思主义、毛泽东思想、邓小平理论和中国特色社会主义理论体系，牢固树立社会主义核心价值观；2.系统掌握国际经济、国际贸易、国际商务方面的知识和基本技能，熟悉通行的国际贸易惯例、法规及工作流程；3.具有较深厚的人文、社会和科学素养，较宽的知识面和较合理的知识结构；4.具有宽广的国际视野，熟练掌握一门外语，具备良好的国际沟通能力；5.了解本学科发展动态，具备分析和解决本专业实际问题的能力,政治经济学（资本主义）、微观经济学、宏观经济学、金融学、计量经济学、会计学、统计学、财政学、产业经济学、国际经济学（双语）、国际贸易（英语）、国际贸易实务（英语）、国际金融学（英语）、国际商法（英语）、国际市场营销、跨境电子商务（英语）、国际商务（英语）、中国商务环境（英语）等。,1．注重扎实的经济理论基础培养；2．强调知识结构的广度、深度和合理性；3．注重培养学生的国际交流能力；4．强调综合能力培养,本专业基本学制为四年，实行弹性修业年限制度，学生在校修业年限可以提前至三年或延长至六年，修满规定的学分准予毕业。符合学士学位授予条件者，授予经济学学士学位。,CUEB-2024-083,国际经济与贸易（国际班）
首都经济贸易大学,2024级,经济学院,数字经济,数字经济,数字经济专业本科人才培养方案,020109T,2024级/3经济学院/数字经济/数字经济1-6.docx,01_Markdown培养方案/2024级/3经济学院/数字经济/数字经济1-6.md,本专业致力于培养践行社会主义核心价值观，坚持全面发展德智体美劳的理念，旨在使学生掌握扎实的经济学理论知识和系统的经济学分析方法。通过深入学习经济学、大数据科学、计算机科学和数字经济等领域的基础理论，学生将深刻认识和把握数字经济的运行规律，熟练运用现代信息技术与数据分析工具，成为交叉复合型人才。本专业毕业生将具备在国内外知名学府深造的能力；同时可以灵活适应政府部门、高校、科研机构和事业单位日益增长的数智化需求；更能在区块链、人工智能、物联网、电子商务等国家战略新兴产业以及传统产业的数字化转型中展现专业优势，为国家数字经济的持续发展提供坚实支撑，助力我国实现数字经济高质量发展，构建新发展格局。数字经济专业的学生必定会成为全面建设社会主义现代化国家的重要力量，为国家繁荣稳定、经济发展贡献自己的智慧与力量。,1.掌握马克思主义、毛泽东思想、中国特色社会主义理论和习近平新时代中国特色社会主义思想；2.系统掌握政治经济学、西方经济学、数字经济以及数字贸易领域的理论知识，为深入研究经济问题奠定坚实基础；3.具有应用计量经济学、统计学、大数据等方法进行经济学问题分析和研究的能力，为应对现实经济挑战提供专业支持；4.熟悉数字经济的运行规律，了解数字经济对个体决策、产业发展和经济运行的影响，熟悉数字经济相关的法律法规，助力用人企业合规经营与发展；5.能够运用数字经济的基本原理和方法，对现实经济问题进行准确判断、深入分析和有效研究，提出相应的应对策略和建议,政治经济学、微观经济学、宏观经济学、中级微观经济学、中级宏观经济学、金融学、计量经济学、统计学、财政学、博弈论、新制度经济学、数字经济概论、数据科学导论、数字产业创新、网络经济学、平台经济学、人工智能经济学、大数据经济分析、Python数据分析、智能算法与模型、中国特色社会主义政治经济学等。,1.以经济为基，以数字为翼，培养交叉复合型人才；2.校企合作、校地合作，共建数字经济人才培养基地；3.人才培养与社会需求高度匹配，服务首都数字经济发展,本专业基本学制为四年，实行弹性学制，学生在校学习年限可以提前至三年或延长至六年，修满规定的学分准予毕业。符合学士学位授予条件者授予经济学学士学位。,CUEB-2024-084,数字经济
首都经济贸易大学,2024级,经济学院,经济学,经济学,ADDIN CNKISM.UserStyle经济学专业本科人才培养方案,020101,2024级/3经济学院/经济学/经济学1-6.doc,01_Markdown培养方案/2024级/3经济学院/经济学/经济学1-6.md,本专业培养具有社会主义核心价值观以及规范使用语言文字的意识和应用能力，具有马克思主义经济学和现代西方经济学理论素养，专业基础扎实，知识面宽广，外语水平高，具有向经济学相关领域扩展渗透的能力、熟练应用外语的能力、熟练应用现代经济分析方法和技术手段的能力，能够在国内外大学继续深造，或者在政府机构、各类经济部门、高校和科研机构从事经济理论研究、经济政策研究、经济分析和其他实际经济工作的高素质复合型人才。,"1.掌握马克思主义、毛泽东思想、中国特色社会主义理论和习近平新时代中国特色社会主义思想；2．系统掌握政治经济学、西方经济学、经济思想史、经济史方面的理论，熟悉计量经济学、宏观经济分析中的基本工具软件的应用；3.能够应用本学科基本原理、方法对本专业领域及相关领域问题进行判断、分析和研究，提出相应的对策和建议,并形成解决方案；4.能够恰当使用现代工具，对本专业领域的问题进行深入研究，完成所从事的专业领域任务；5.能够使用书面和口头表达方式与国内外同行及社会公众就本专业领域现象和问题进行有效沟通和交流",政治经济学、微观经济学、宏观经济学、中级微观经济学、中级宏观经济学、金融学、计量经济学、统计学、财政学、经济思想史、欧美经济史、中国特色社会主义政治经济学、国际经济学（双语）、产业经济学等。,1．强调高素质复合型人才培养定位；2．按照学科导向与能力导向相结合的原则进行课程体系的设置；3.实现专业育人与思政育人同向同行；4．注重国际化人才培养；5．强化综合能力培养,本专业基本学制为四年，实行弹性学制，学生在校学习年限可以提前至三年或延长至六年，修满规定的学分准予毕业。符合学士学位授予条件者授予经济学学士学位。,CUEB-2024-085,经济学
首都经济贸易大学,2024级,经济学院,经济学（实验班）,经济学（实验班）,经济学专业（实验班）本科人才培养方案,020101,2024级/3经济学院/经济学（实验班）/经济学（实验班）1-6.doc,01_Markdown培养方案/2024级/3经济学院/经济学（实验班）/经济学（实验班）1-6.md,本专业培养具有正确社会主义核心价值观以及规范使用语言文字的意识和应用能力，具有马克思主义经济学和现代西方经济学理论素养，知识面宽广，外语水平高，创新意识和适应能力强，具有向经济学相关领域扩展渗透的能力，熟练应用现代经济分析方法和技术手段的能力，能够在国内外大学继续深造，或者在政府机构、各类经济部门、高校和科研机构从事经济理论研究、经济政策研究、经济分析和其他实际经济工作的高素质复合型拔尖创新人才。,"1．掌握马克思主义、毛泽东思想、中国特色社会主义理论和习近平新时代中国特色社会主义思想；2．系统掌握政治经济学、西方经济学、经济思想史、经济史方面的理论，系统掌握计量经济学、宏观经济分析中的基本工具软件的应用；3．能够运用数理对经济机制建模和分析，利用定量分析工具对本专业和相关领域问题进行判断、分析和研究，提出相应的对策和建议,并形成解决方案；4．能够使用书面和口头表达方式与国内外同行及社会公众就本专业领域现象和问题进行有效沟通和交流；5．能够通过较强的社会适应能力和学习能力迅速适应实际工作岗位的要求",政治经济学、微观经济学、宏观经济学、中级微观经济学、中级宏观经济学、计量经济学、统计学、经济数学方法、博弈论、国际经济学（双语）、国际金融学（英语）、投入产出分析、经济预测、新制度经济学。,1．注重经济理论基础和数学功底的培养；2．强调现代经济分析方法和技术手段的结合；3.实现专业育人与思政育人同向同行；4．注重国际化人才培养；5．强化综合能力培养,本专业基本学制为四年，实行弹性修业年限制度，学生在校修业年限可以提前至三年或延长至六年，修满规定的学分准予毕业。符合学士学位授予条件者，授予经济学学士学位。,CUEB-2024-086,经济学（实验班）
首都经济贸易大学,2024级,经济学院,贸易经济,贸易经济,贸易经济专业本科人才培养方案,020402,2024级/3经济学院/贸易经济/贸易经济1-6.docx,01_Markdown培养方案/2024级/3经济学院/贸易经济/贸易经济1-6.md,贸易经济专业坚持立德树人的教育理念，秉承服务国家发展、助力首都建设、打造一流专业的发展定位，培养坚持社会主义核心价值观，具有马克思主义经济学和现代西方经济学理论素养，具备创新精神、社会责任感和跨文化沟通能力，能够在政府部门、工商企业、中介机构胜任跨国经营、跨领域管理和跨文化沟通工作的高素质、应用性、复合型经济管理人才。,1、具有正确的人生观、世界观和价值观；2、掌握马克思主义商业经济理论和西方经济学现代研究方法，善于运用经济管理理论原理和工具方法，对内外贸、商物流领域的相关问题进行分析、判断、研究和解决；3、能够立足国际视野，观察和判断宏观经济形势，理解和洞悉中观行业动向，识别和把握跨国、跨领域、跨文化的微观商业机会，适应和胜任不同场景和文化背景中的经管实践要求；4、能够发现经济运行和市场流通中的问题，并恰当使用现代研究工具和方法，收集、处理、分析数据信息，完成商务决策和解决方案；5、能够自由地通过书面或口头方式进行跨国界、跨语言、跨文化的沟通，能够规范地写作公务文档和商务文案,政治经济学、微观经济学、宏观经济学、国际经济学、计量经济学、新制度经济学、管理学、金融学、会计学、统计学、产业经济学、商业经济学、消费经济学、中国商业史、商业政策、品牌学、零售学、物流学、商业伦理学、现代商业技术、商品学、期货贸易、电子商务、商务交流、价格学、国际商务（英语）、国际贸易理论与实务、国际市场营销等。,1、以服务国家发展，助力首都建设，依托一流专业、培养专业人才为目标的发展定位；2、以马克思主义商业经济理论为核心，以应用经济学前沿理论和先进方法为重点的课程体系；3、以国际化、差异化、协同创新、实践教育为支点的培养方式,本专业基本学制为四年，实行弹性修业年限制度，学生在校修业年限可以提前至三年或延长至六年，修满规定的学分准予毕业。符合学士学位授予条件者，授予经济学学士学位。,CUEB-2024-087,贸易经济
首都经济贸易大学,2024级,经济学院,贸易经济（高水平运动队）,贸易经济（高水平运动队）,贸易经济专业（高水平运动队）本科人才培养方案,020402,2024级/3经济学院/贸易经济（高水平运动队）/贸易经济1-6.docx,01_Markdown培养方案/2024级/3经济学院/贸易经济（高水平运动队）/贸易经济1-6.md,贸易经济专业坚持立德树人的教育理念，秉承服务国家发展、助力首都建设、打造一流专业的发展定位，培养坚持社会主义核心价值观，具有马克思主义经济学和现代西方经济学理论素养，具备创新精神、社会责任感和跨文化沟通能力，能够在政府部门、工商企业、中介机构胜任跨国经营、跨领域管理和跨文化沟通工作的高素质、应用性、复合型经济管理人才。,1、具有正确的人生观、世界观和价值观；2、掌握马克思主义商业经济理论和西方经济学现代研究方法，善于运用经济管理理论原理和工具方法，对内外贸、商物流领域的相关问题进行分析、判断、研究和解决；3、能够立足国际视野，观察和判断宏观经济形势，理解和洞悉中观行业动向，识别和把握跨国、跨领域、跨文化的微观商业机会，适应和胜任不同场景和文化背景中的经管实践要求；4、能够发现经济运行和市场流通中的问题，并恰当使用现代研究工具和方法，收集、处理、分析数据信息，完成商务决策和解决方案；5、能够自由地通过书面或口头方式进行跨国界、跨语言、跨文化的沟通，能够规范地写作公务文档和商务文案,政治经济学、微观经济学、宏观经济学、国际经济学、计量经济学、新制度经济学、管理学、金融学、会计学、统计学、产业经济学、商业经济学、消费经济学、中国商业史、商业政策、品牌学、零售学、物流学、商业伦理学、现代商业技术、商品学、期货贸易、电子商务、商务交流、价格学、国际商务（英语）、国际贸易理论与实务、国际市场营销等。,1、以服务国家发展，助力首都建设，依托一流专业、培养专业人才为目标的发展定位；2、以马克思主义商业经济理论为核心，以应用经济学前沿理论和先进方法为重点的课程体系；3、以国际化、差异化、协同创新、实践教育为支点的培养方式,本专业基本学制为四年，实行弹性修业年限制度，学生在校修业年限可以提前至三年或延长至六年，修满规定的学分准予毕业。符合学士学位授予条件者，授予经济学学士学位。,CUEB-2024-088,贸易经济（高水平运动队）
首都经济贸易大学,2024级,会计学院,会计学,会计学,会计学专业本科人才培养方案,120203K,2024级/4会计学院/会计学/会计学1-6.doc,01_Markdown培养方案/2024级/4会计学院/会计学/会计学1-6.md,本专业培养适应现代市场经济需要，具备人文精神、科学素质和诚信品质，能够践行社会主义核心价值观，具有规范使用语言文字的意识和应用能力，具备扎实的会计学基本理论和突出的定量分析能力，知识面宽广，有创新意识和向上发展能力，有较高的外语水平，能够胜任企、事业单位及政府部门会计工作的应用型、复合型专业人才。,1.政治立场坚定，恪守社会主义核心价值观，具有强烈的社会责任感和法律意识；2.掌握从事现代会计工作所必需的经济学、管理学、法学以及信息科学的基本知识，并能将所学知识用于解释会计专业领域的现象和问题，了解会计学科发展前沿，具有国际视野；3.系统掌握会计学基本理论、基本方法和基本技能，能够应用会计学基本原理、方法对本专业领域及相关领域问题进行判断、分析和研究，提出相应对策和建议，并形成专业解决方案；4.能够熟练掌握并运用现代信息技术特别是大数据云计算技术，对会计数据进行采集、存储、分析形成内外部决策有用的会计信息；5.具有较强的语言与文字表达、人际沟通、信息获取能力，能够熟练掌握并运用一门外语进行会计专业沟通与交流,经济学原理、管理学、商法学、会计学基础、中级财务会计、成本管理会计、高级财务会计、政府与非营利组织会计、会计信息系统、财务管理学、审计学、RPA与智能会计、商业智能与财会决策支持、商业伦理与会计职业道德、企业经营决策沙盘模拟、财务共享原理与实践。,1．基于需求导向的应用型、复合型培养目标定位；2．按照学科导向与能力导向相结合的原则进行课程体系的设置；3．注重学生实践创新能力的培养,本专业基本学制为四年，实行弹性修业年限制度，学生在校修业年限可以提前至三年或延长至六年，修满规定的学分准予毕业。符合学士学位授予条件者，授予管理学学士学位。,CUEB-2024-089,会计学
首都经济贸易大学,2024级,会计学院,会计学（国际会计-acca）,会计学（国际会计-acca）,BB会计学专业（国际会计—ACCA）本科人才培养方案,120203K,2024级/4会计学院/会计学（国际会计-acca）/会计学（国际会计-acca）1-6.doc,01_Markdown培养方案/2024级/4会计学院/会计学（国际会计-acca）/会计学（国际会计-acca）1-6.md,本专业培养系统掌握会计学基本理论和方法，熟悉国际和国内会计准则，具有较强的市场经济意识和社会适应能力，具有国际视野、人文精神、科学素质和诚信品质以及规范使用语言文字的意识和应用能力，能够践行社会主义核心价值观，能够在企事业单位（跨国公司与跨国机构）及政府部门胜任涉外会计工作的国际化、应用型、复合型专业人才。,1.政治立场坚定，恪守社会主义核心价值观，具有较强的社会责任感和法律意识；2.掌握经济学、管理学以及法学的基本知识；3.能够应用会计学基本原理、方法对国际经济交易活动或事项中的会计问题进行判断、分析和研究，提出相应对策和建议，并形成专业解决方案；4.能够熟练掌握并运用现代信息技术特别是大数据云计算技术，对会计数据进行采集、存储、分析形成内外部决策有用的会计信息；5.具有较强的语言与文字表达、人际沟通、信息获取能力，能够运用英语进行会计业务处理,经济学原理、管理信息系统、管理学、统计学、商法学、AB（会计师与企业）（双语）、FM（财务管理学）（英语）、FA（INT）（财务会计）（双语）、FR（INT）（财务报告）（英）、MA（管理会计）（双语）、APM（高级业绩管理）（英语）、SBR（INT）（企业战略报告）（英语）、AA（审计与认证业务）（英语）、PM（业绩管理）（英语）、AFM（高级财务管理）（英语）、SBL（企业战略领袖）（英语）、CBL（UK）（公司法与商法）（英语）、Taxation UK（税务）（英语）、会计信息系统（双语）、商业伦理与会计职业道德。,1．国际化会计人才培养定位；2．国际化培养模式与方法,本专业基本学制为四年，实行弹性修业年限制度，学生在校修业年限可以提前至三年或延长至六年，修满规定的学分准予毕业。符合学士学位授予条件者，授予管理学学士学位。,CUEB-2024-090,会计学（国际会计-acca）
首都经济贸易大学,2024级,会计学院,会计学（数智化国际会计）,会计学（数智化国际会计）,2423会计学（数智化国际会计）专业本科人才培养方案,,2024级/4会计学院/会计学（数智化国际会计）/会计学（数智化国际会计）1-6 4月5日.doc,01_Markdown培养方案/2024级/4会计学院/会计学（数智化国际会计）/会计学（数智化国际会计）1-6 4月5日.md,本专业培养能够践行社会主义核心价值观，具备人文素养、科学精神和诚信品质，系统地掌握会计、管理、经济、法律和计算机应用的知识，具备适应数智化和国际化环境之下的会计知识视野和能力素质，能够将数智化的技术与方法熟练地应用于会计实践当中，能够在企事业单位及政府部门胜任财会审工作的国际化、应用型、复合型的数智化财会专门人才。,1.政治立场坚定，恪守社会主义核心价值观，具有较强的社会责任感和法律意识；2.掌握经济学、管理学以及法学的基本知识；3.能够应用会计学基本原理、方法对国际经济交易活动或事项中的会计问题进行判断、分析和研究，提出相应对策和建议，并形成专业解决方案；4.能够熟练掌握并运用现代信息技术特别是大数据云计算技术，对会计数据进行采集、存储、分析形成内外部决策有用的会计信息；5.具有较强的语言与文字表达、人际沟通、信息获取能力，能够运用英语进行会计业务处理,经济学原理、管理信息系统、管理学、统计学、商法学、商业智能与财会决策支持、会计建模、会计信息系统、商业伦理与会计职业道德、大数据与智能审计、大数据应用案例、企业经营决策沙盘模拟、财务共享原理与实践、RPA与智能会计、区块链技术及其应用。,1．数智化会计应用人才培养；2．国际化会计人才培养,本专业基本学制为四年，实行弹性修业年限制度，学生在校修业年限可以提前至三年或延长至六年，修满规定的学分准予毕业。符合学士学位授予条件者，授予管理学学士学位。,CUEB-2024-091,会计学（数智化国际会计）
首都经济贸易大学,2024级,会计学院,会计学（注册会计师专门化）,会计学（注册会计师专门化）,会计学专业（注册会计师专门化）本科人才培养方案,120203K,2024级/4会计学院/会计学（注册会计师专门化）/会计学（注册会计师专门化）1-6.doc,01_Markdown培养方案/2024级/4会计学院/会计学（注册会计师专门化）/会计学（注册会计师专门化）1-6.md,本专业培养具有正确的社会主义核心价值观，能适应新时代社会主义市场经济建设需要，具备人文精神、科学素养和诚信品质，德、智、体、美、劳全面发展，具备经济、管理、法律及会计学、审计学等方面扎实的基本知识，适应当今人工智能与大数据时代会计信息处理和智能决策等业务，具备较强的会计和审计职业判断能力，具备一定的创新创业能力，能在会计师事务所、经济管理部门工作岗位从事会计实务、财务管理、审计、管理咨询等工作的应用型、复合型的专门人才。,1．政治素养：具备正确的社会主义核心价值观，具有强烈的社会责任感和法律意识，爱国敬业，诚实守信；2．职业道德：具有良好的商业伦理和职业道德，具有健康的心理和良好的体魄，能够很好地胜任会计、审计工作；3．基础知识：掌握从事现代会计、审计工作所必须的经济学、管理学、法学以及信息科学的基本知识，并能将所学知识用于解释会计、审计专业领域的现象和问题；4．专业知识：系统掌握会计学、审计学的基本理论、基本方法和基本技能，不断学习与了解会计、审计学科的理论前沿和发展动态，熟悉国内外会计、审计相关的方针政策法规和国际会计惯例，具有国际视野；5．专业技能：能够熟练掌握并运用现代信息技术特别是大数据云计算技术，对会计信息进行采集和分析，发现并指出会计信息中存在的错误与舞弊问题，以增强会计信息的有用性,管理学、经济学原理、会计学基础、财务管理、商法学、商业伦理与会计职业道德、中级财务会计、成本管理会计、高级财务会计、公司战略与风险管理、税法、审计学、大数据与智能审计、会计信息系统、内部控制理论与实务等。,1．教学实践以立德树人为核心价值引领，有机融入思政元素，推进三全育人；2.学历教育与职业能力培养相结合的培养目标定位；3．突出现代审计特征，注重信息技术知识的有机融入；4．实践教学与综合能力开发相结合的培养方法,本专业基本学制为四年，实行弹性修业年限制度，学生在校修业年限可以提前至三年或延长至六年，修满规定的学分准予毕业。符合学士学位授予条件者，授予管理学学士学位。,CUEB-2024-092,会计学（注册会计师专门化）
首都经济贸易大学,2024级,会计学院,财务管理,财务管理,财务管理专业本科人才培养方案,120204,2024级/4会计学院/财务管理/财务管理1-6.doc,01_Markdown培养方案/2024级/4会计学院/财务管理/财务管理1-6.md,本专业培养具有正确社会主义核心价值观，具备人文精神、诚信品质和科学素养，具有较强的市场经济意识和社会适应能力，具备扎实的经济、管理、法律和财务管理等方面的基础理论和突出的定量分析能力，知识面广；具备国际视野、有创新意识、有较强的实际操作能力能够胜任企事业单位、政府部门财务管理工作以及资本市场、金融机构投资分析与管理工作的应用型、复合型、创新型的专业人才。,1．掌握马克思主义、毛泽东思想和中国特色社会主义理论体系；2．诚实守信，正直善良，具有团队协作意识，能够在财务管理学科及会计学、金融学等多学科团队活动中发挥个人能力，并能与其他成员进行协调合作；3．系统地掌握财务管理学科的基础理论、专业知识和基本方法，具备承担财务管理工作的能力，并能将所学知识用于解释本专业领域及相关领域的现象和问题，了解本学科发展前沿，具有国际视野；4．能够恰当使用现代工具，对财务专业领域数据信息进行收集和分析处理，完成所从事的专业领域任务，能够使用书面和口头表达方式与国内外业界同行、社会公众就财务管理专业领域现象和问题进行有效沟通与交流；5．具备较强的判断问题和解决问题的能力，养成终生学习的能力和习惯，有较强的适应社会变化的能力,管理学、经济学原理、会计学基础、商业伦理与会计职业道德、会计管理信息系统、财务管理、商法学、中级财务会计、成本管理会计、审计学、高级财务管理（双语）、投资学、大数据智能财务决策、财务分析与公司估值。,1．培养具备现代公司财务管理知识同时兼具会计知识、投资知识、管理知识的复合型人才；2．在关注中国公司财务管理技能培育的同时，加强国际化公司财务管理理论与方法的培育，培养具备国际视野的应用型人才；3.注重学生实践创新能力的培养，培养具有开拓精神的创新人才,本专业基本学制为四年，实行弹性学制，学生在校学习年限可以提前至三年或延长至六年，修满规定的学分准予毕业。符合学士学位授予条件者授予管理学学士学位。,CUEB-2024-093,财务管理
首都经济贸易大学,2024级,劳动经济学院,人力资源管理,人力资源管理,人力资源管理专业本科人才培养方案,120206,2024级/5劳动经济学院/人力资源管理/人力资源管理1-6.doc,01_Markdown培养方案/2024级/5劳动经济学院/人力资源管理/人力资源管理1-6.md,"本专业总体目标是培养适应现代经济和社会发展需要，德智体美劳全面发展，理论基础扎实，知识结构合理，具有国际视野与创新精神的社会主义建设者和接班人。本专业培养具有社会主义核心价值观、适应社会经济发展需要以及规范使用语言文字的意识和应用能力，具备管理学和经济学基础，掌握人力资源管理理论前沿与工具使用技能，培养学生发现、研究和处理人力资源管理相关问题的能力，尤其注重培养学生向往学术钻研的思想价值观，强化多学科研究方法的学习与相关统计软件实操训练，具备良好的团队合作精神、人际沟通能力和创新创业能力,使学生能在企事业单位、国家机关以及研究咨询机构从事人力资源管理研究与实践工作的复合型高级专门人才。 毕业要求 掌握马克思主义、毛泽东思想和中国特色社会主义理论体系；具有良好的思想品德、社会公德和个人修养；具有爱岗敬业、遵纪守…",掌握马克思主义、毛泽东思想和中国特色社会主义理论体系；1．突出学术研究视角；2．注重实验教学；3．注重知识结构的完备性；4,社会学、社会保障学、社会工作导论、人事心理学、劳动法律制度、员工培训与开发、员工招聘、工作分析、绩效管理、薪酬管理、组织与管理研究方法。,1．突出学术研究视角；2．注重实验教学；3．注重知识结构的完备性,本专业基本学制为四年，实行弹性修业年限制度，学生在校修业年限可以提前至三年或延长至六年，修满规定的学分准予毕业。符合学士学位授予条件者，授予管理学学士学位。,CUEB-2024-094,人力资源管理
首都经济贸易大学,2024级,劳动经济学院,人力资源管理（实验班）,人力资源管理（实验班）,人力资源管理专业（实验班）本科人才培养方案,120206,2024级/5劳动经济学院/人力资源管理（实验班）/人力资源管理（实验班）1-6.doc,01_Markdown培养方案/2024级/5劳动经济学院/人力资源管理（实验班）/人力资源管理（实验班）1-6.md,本专业总体目标是培养适应现代经济与社会发展需求，德智体美劳全面发展的复合型人才，使其具备坚实的理论基础、广阔的国际视野、创新思维以及数字化管理能力，成为面向未来世界的人力资源高级管理精英。本专业致力于塑造学生的社会主义核心价值观，满足社会经济发展的需求，并强化其语言文字规范使用意识与应用能力。通过多学科研究方法的学习与相关统计软件、大数据分析的实际操作训练，学生将掌握人力资源管理领域的前沿理论与工具使用技能，熟悉人力资源管理的具体操作流程及实务技巧。借助双语教学及与国际标准接轨的课程内容，本专业着重培养学生的国际化视野和跨文化交流能力。此外，通过鼓励学生参与科研项目与学术研究，本专业特别注重培养学生对学术探索的兴趣和能力，提升其批判性思维与创新能力，以应对人力资源管理领域因数智化时代所带来的新挑战与变化。通过…,掌握马克思主义、毛泽东思想和中国特色社会主义理论体系；1．突出学术研究视角；2．注重实验教学；3．注重知识结构的完备性；4．学术与职业双重培养,社会保障学、人事心理学、劳动法律制度、员工培训与开发、员工招聘、工作分析、绩效管理、薪酬管理、组织与管理研究方法、python大数据分析：在劳动科学中的应用、量化数据分析与应用。,1．突出学术研究视角；2．注重实验教学；3．注重知识结构的完备性；4．学术与职业双重培养,本专业基本学制为四年，实行弹性修业年限制度，学生在校修业年限可以提前至三年或延长至六年，修满规定的学分准予毕业。符合学士学位授予条件者，授予管理学学士学位。,CUEB-2024-095,人力资源管理（实验班）
首都经济贸易大学,2024级,劳动经济学院,劳动与社会保障,劳动与社会保障,劳动与社会保障专业本科人才培养方案,120403,2024级/5劳动经济学院/劳动与社会保障/劳动与社会保障1-6.docx,01_Markdown培养方案/2024级/5劳动经济学院/劳动与社会保障/劳动与社会保障1-6.md,坚持“立足北京、服务京津冀、面向全国、走向国际”的定位，服务国家民生发展、助力北京社会建设，以国内一流、国际知名专业为目标，培养德、智、体、美、劳全面发展，通晓国内外劳动和社会保障理论、实践与发展历史，注重科学的思考方法和研究方法，具备新时代劳动与社会保障专业人才所需的专业知识和能力素质，具有社会主义核心价值观和国际视野，理论素养和实践技能并重的复合型、创新型人才。通过多方面综合的学习与实践，具备在国家人力资源和社会保障部门等相关部门、企事业单位人力资源管理部门、养老产业从事管理实务工作，以及在科研机构、高等院校从事科研、教学工作的能力。,1.素质结构要求：思想品德+专业素养+实践技能；2.知识结构要求：管理学+经济学+社会学+法学+方法论；3．能力结构要求：思考能力+应用能力+创新能力,管理学、微观经济学、宏观经济学、管理信息系统、劳动与社会保障量化分析、公共伦理学、人力资源管理导论、劳动经济学、劳动关系学、会计学、社会学 、社会保障学、社会工作导论、专业研究坊、人事心理学、劳动法律制度、劳动与社会保障专业展望、社会保险学、社会福利政策、劳动科学实践中的计量方法、人力资本理论与价值度量,1.注重培养学生健全的人格；2.强化综合能力培养；3.学科交叉优势突出,本专业基本学制为四年，实行弹性修业年限制度，学生在校修业年限可以提前至三年或延长至六年，修满规定的学分准予毕业。符合学士学位授予条件者，授予管理学学士学位。,CUEB-2024-096,劳动与社会保障
首都经济贸易大学,2024级,劳动经济学院,劳动关系,劳动关系,劳动关系专业本科人才培养方案,120211T,2024级/5劳动经济学院/劳动关系/劳动关系1-6.docx,01_Markdown培养方案/2024级/5劳动经济学院/劳动关系/劳动关系1-6.md,本专业培养具有社会主义核心价值观和多学科视野，具有规范使用语言文字的意识和应用能力，具有社会公正理念，精通劳动关系理论知识，善于沟通，能够应用劳动关系理论、技术、方法处理劳动关系领域中出现的矛盾和问题，能以专业的实践能力解决实际问题，胜任各类企业、政府、工会、相关社会机构劳动关系的协调和管理工作，具备从事劳动关系相关工作的素质与能力的应用型、复合型人才。,1．政治素养要求：掌握马克思主义、毛泽东思想、邓小平理论和中国特色社会主义理论体系；2.理论要求：系统掌握劳动关系学、人力资源管理学、劳动经济学、劳动社会学、产业心理学和劳动法学的基本知识，全面掌握劳动关系领域的理论研究和分析方法，熟悉企业劳动关系管理策略与技术、预防与处理劳动争议的各种渠道及具体操作技术，熟悉国家劳动关系的方针、政策和法律法规及其应用，熟练掌握规范的研究方法，具有扎实的劳动关系理论基础，具备综合视角分析劳动关系问题的能力；3．能力要求：具备良好的学习能力、研究能力、思辨能力；4．人文素养要求：具有强烈的社会责任感和法律意识,管理学、微观经济学、宏观经济学、会计学、统计学、人力资源管理导论、社会学、劳动关系学、劳动社会学、人事心理学、劳动法律制度、员工关系管理、劳动争议处理、工会与工人运动、工作场所沟通与协商、职业安全与健康管理。,1、多学科融合的专业知识体系；2、突出学生实践能力的培养；3、注重本土性和国际性的融合；4、雄厚师资助益培养复合型人才,本专业基本学制为四年，实行弹性修业年限制度，学生在校修业年限可以提前至三年或延长至六年，修满规定的学分准予毕业。符合学士学位授予条件者，授予管理学学士学位。,CUEB-2024-097,劳动关系
首都经济贸易大学,2024级,劳动经济学院,劳动经济学,劳动经济学专业培养方案,劳动经济学本科专业人才培养方案,020107T,2024级/5劳动经济学院/劳动经济学专业培养方案/劳动经济学专业人才培养方案 第1-6部分-2022.docx,01_Markdown培养方案/2024级/5劳动经济学院/劳动经济学专业培养方案/劳动经济学专业人才培养方案 第1-6部分-2022.md,劳动经济学专业旨在培养具备社会主义核心价值观、政治素质过硬、劳动情怀深厚、经济理论基础扎实、专业实践能力突出的适应中国特色社会主义市场经济需要的高素质复合型人才。具体培养目标包括：（1）系统学习现代劳动经济学的基本理论，培养学生扎实的劳动经济学的理论素养，具备较强的理论分析能力；（2）系统学习现代劳动经济学的研究方法，培养学生扎实的经济研究方法基础，具备一定的实证研究能力；（3）全面学习我国宏观劳动资源的分配规律，培养学生从国情特别是首都实际情况出发评估劳动力市场运行情况的能力；（4）系统学习我国微观企业劳动力资源配置规律，培养学生依据国情特别是首都实际情况开展实践工作的能力。劳动经济学专业的基本任务是为中央以及北京市各级政府部门和事业单位、教学和科研机构、各类企业单位，培养经济理论与经济方法过硬、宏观政策和…,学生政治素质良好，有志于中国社会主义建设，具有扎实的专业基础和较强的分析、解决实际问题的能力；身体健康，达到 “学生体质健康标准”。 本专业以切实巩固人才培养中心地位和本科教学基础地位为核心，旨在把学生培养成为熟练掌握经济理论基础和现代经济学分析方法，系统了解劳动经济学科体系，掌握社会调查和数据处理的基本常识和通用方法，能够熟练运用数学、外语和计算机等工具的复合型人才。 毕业生应获得以下知识和能力： （一）掌握经济学的基本理论和分析方法，熟悉劳动经济学科整体理论框架和主要知识； （二）熟悉国情，熟悉国家经济建设和经济改革等方面的基本方针、政策和法规，深刻理解国家关于劳动经济问题的处理原则、思路和主要政策； （三）了解经济学的理论前沿和中国经济社会实际运行状况，熟悉中国经济改革尤其是劳动经济领域需要解决的重大问题； （四）能够较好地运用统计学、计量经济学等分析方法对现实经济问题进行分析研究，具有较强的劳动经济问题理解力和分析能力…,管理学、微观经济学、宏观经济学、计量经济学、统计学、会计学、 劳动经济学、人力资源管理、劳动关系学、社会学、劳动力市场与公共政策、劳动法律制度、人口与家庭经济学、健康经济学、收入分配与不平等、人事管理经济学、绩效与薪酬、数字经济与劳动力市场、社会调查设计与数据分析、行为与实验经济学、论文选题与写作。 1. 学制与学位 本专业基本学制为四年，实行弹性修业年限制度，学生在校修业年限可以提前至三年或延长至六年，修满规定的学分准予毕业。符合学士学位授予条件者，授予经济学学士学位。,（一）注重培养学生的完整人格。将学生看作一个主体性的，完整的人，促使其心智提升，人格健全，思想完善，形成关注民生、关爱弱势群体、热爱劳动的专业文化，塑造学生的人文精神。 （二）强化综合能力培养。依托我院劳动经济学国家重点学科，为学生提供综合能力培养的平台，培养学生掌握宏观劳动力市场机制、社会保障政策和微观社会保障管理技能。 （三）建立多维知识体系。通过宽口径、多样化的课程体系，在教授劳动社会保障核心知识的同时，以人力资源管理、劳动关系等多学科为补充，建立学生全面丰富的劳动科学知识体系。,nan,CUEB-2024-098,劳动经济学|劳动经济学专业培养方案
首都经济贸易大学,2024级,劳动经济学院,社会工作,社会工作,社会工作专业本科人才培养方案,030302,2024级/5劳动经济学院/社会工作/社会工作1-6.docx,01_Markdown培养方案/2024级/5劳动经济学院/社会工作/社会工作1-6.md,本专业培养具有社会主义核心价值观，适应社会主义和谐社会建设与人的全面发展需要，具备社会学、心理学、经济学、政治学、管理学、法学基础，掌握专业社会工作的价值、方法与技能，了解社会工作理论与实践前沿，具有国际视野和创新意识，能够在企事业单位、社会组织和政府部门从事社会管理、社会服务、社会政策、社会调查等工作，思想品德优良、专业信念执着、知识结构丰富、实践能力过硬的复合型、应用型高素质社会工作人才。,1．具有强烈的社会责任感和法律意识；2．系统掌握心理学、社会学、法学和经济管理的基础知识和专业理论，熟悉社会工作的基本理论，具备社会工作的价值理念，学习和掌握开展社会工作的技能与方法，具有扎实的人文社会科学知识基础，较宽的知识面和知识结构；3．具有开展社会调查研究的能力，具有社会工作理论分析、实务操作的能力，具有开展个人与家庭辅导、团体辅导、社会项目管理、社会政策与管理的基本能力，具备良好的语言表达和沟通协调能力,自我认知与成长、社会工作导论、个案社会工作、群体社会工作、社区社会工作、青少年与家庭社会工作、老年社会工作、企业社会工作；人类行为与社会环境、社会学、社会分层与流动、社会福利政策、社会科学研究方法、社会企业与社会创新等。,1．符合国际通用社工培养标准；2．注重全人教育和培养；3．强调实践性与反思性,本专业基本学制为四年，实行弹性修业年限制度，学生在校修业年限可以提前至三年或延长至六年，修满规定的学分准予毕业。符合学士学位授予条件者，授予法学学士学位。,CUEB-2024-099,社会工作
首都经济贸易大学,2024级,文化与传播学院,传播学,传播学,传播学专业本科人才培养方案,050304,2024级/6文化与传播学院/传播学/传播学1-6.docx,01_Markdown培养方案/2024级/6文化与传播学院/传播学/传播学1-6.md,本专业以立德树人为根本，面向媒体发展前沿，培养具有正确的世界观、人生观和价值观，具备深厚的人文底蕴和扎实的社会科学基础，系统掌握传播理论和技能，具备马克思主义新闻观，拥有先进的媒介经营管理理念，熟悉传媒产业的法规、政策与伦理，富于创新精神和高度社会责任感，能够在党政机关、企业、传媒和其他社会组织中从事新闻生产、文化传播、产品运营、品牌推广、公共关系等领域的相关工作，适应数字媒介时代要求的复合型、应用型传媒人才。,1.具备马克思主义新闻观，具有为社会服务的使命感和责任感；2.系统掌握传播学领域的相关知识，包括新闻学、传播学、社会学等相关领域的知识；3.熟悉新闻传播的基本规律，能够从历史和现实两个维度、理论与实践两个方面把握新闻传播的原则、方法和趋势；4.知晓传媒产业的法规、制度、伦理、政策，具备敏锐的市场经济意识；5.掌握媒体经营管理的先进理念，了解传媒产业的前沿动态，能够将经济学、管理学、市场营销学等领域的知识与传播学相结合,学科基础课：马克思主义新闻观、传播学概论、广告学概论、传播社会学、中外新闻传播史、中外广告史、摄影与摄像基础、音频节目赏析与制作、市场营销学 专业核心课：新闻学概论、新闻编辑学、影视传播学、视听语言、影视编导、媒介经营与管理、媒介策划与运营实务、新媒体传播、传播学研究方法、传播法,1.马克思主义新闻观贯穿于人才培养的全过程，充分利用与经济日报社的部校共建平台，落实“三全育人”体制机制，推进课程思政建设，帮助学生塑造正确的世界观、人生观和价值观；2.培养学生具备深厚的人文底蕴；3.注重培养学生的学习能力；4.强化学生的实践能力；5.突出媒体经营管理方面的专业特色,本专业基本学制为四年，实行弹性修业年限制度，学生在校修业年限可以提前至三年或延长至六年，修满规定的学分准予毕业。符合学士学位授予条件者，授予文学学士学位。,CUEB-2024-100,传播学
首都经济贸易大学,2024级,文化与传播学院,广告学,广告学,广告学专业本科人才培养方案,050303,2024级/6文化与传播学院/广告学/广告学1-6.docx,01_Markdown培养方案/2024级/6文化与传播学院/广告学/广告学1-6.md,本专业以立德树人为根本任务，以马克思主义新闻观为统领，培养具备社会责任感和职业道德，具有营销学、传播学、心理学、文化学的基础理论，通晓和掌握现代广告策划、创作、经营基本技能，具备创新能力和专精的业务技能，能胜任专业广告公司、新闻媒介、政府机构等企事业单位，从事广告创作、策划运营的应用型、复合型的国际化高级专门人才。,1．系统掌握马克思主义和中国特色社会主义理论体系；2．具有当代数字营销理念和广告理念，通晓广告专业理论知识和现代数字媒体技术；3．具备文化创意产业与广告产业、市场运营和组织管理等方面专业知识；4．具有较高的国际化素质，具备广告市场调研分析能力、策划实施能力、创作设计能力、整合营销能力；5．具备较强的语言表达能力和人际沟通能力,经济学原理、市场营销学、管理学、传播学概论、广告学概论、新媒体与广告、广告策划、广告设计、广告文案、广告效果研究、广告经营管理、现代视觉与广告、计算广告学、移动营销设计、影视广告创作。,1.夯实基础理论的学习；2.强化基本技能的训练；3．突出创新能力的培养；4．强化实践能力的提升,本专业基本学制为四年，实行弹性修业年限制度，学生在校修业年限可以提前至三年或延长至六年，修满规定的学分准予毕业。符合学士学位授予条件者，授予文学学士学位。,CUEB-2024-101,广告学
首都经济贸易大学,2024级,管理工程学院,信息管理与信息系统,信息管理与信息系统,信息管理与信息系统专业本科人才培养方案,120102,2024级/7管理工程学院/信息管理与信息系统/信息管理与信息系统1--6.docx,01_Markdown培养方案/2024级/7管理工程学院/信息管理与信息系统/信息管理与信息系统1--6.md,本专业将“做人做事的基本道理、社会主义核心价值观的要求、实现民族复兴的理想和责任”有机融入到人才培养的全过程，实现专业育人与思政育人同向同行；坚持“价值引领、五育并举”的育人导向，致力培养德智体美劳全面发展的社会主义建设者和接班人。本专业立足于大数据、云计算和人工智能等新一代信息技术，面向金融科技领域，培养具备量化投资决策能力以及信息系统分析、设计、开发与实施能力、能够在金融机构、政府部门、工商企业从事金融投资决策支持、信息系统建设等工作的高素质、应用型、复合型专门人才。,1.掌握思想政治、中文、外语、数学、体育、劳育和美育等通识教育类、经济、管理、统计和计算机等学科基础类、信管专业类知识及相关学科知识，并能将所学知识用于解释信管专业领域及金融投资等相关领域的现象和问题，了解本学科发展前沿，具有国际视野；2.能够应用管理科学与工程学科基本原理、方法对信管专业领域及金融投资相关领域问题进行判断、分析和研究，提出相应对策和建议，并形成解决方案；3.能够恰当使用信息和计算机建模技术等现代工具，对信管专业领域及金融投资相关领域数据信息进行收集和分析处理，完成所从事的专业领域任务；4.能够使用书面和口头表达方式与国内外业界同行、社会公众就信管专业领域及金融投资相关领域现象和问题进行有效沟通与交流；5.具有团队协作意识，能够在管理科学与工程学科及多学科团队活动中发挥个人能力，并能与其他成员进行协作,深化课程思政建设，坚持课程思政、专业思政一体化设计、一体化实施。本专业的核心课程主要包括：管理学、经济学原理、面向对象程序设计、数据结构、计算机网络技术与应用、数据分析理论与实践（双语）、信息管理概论、运筹学、统计学、管理信息系统、金融时间序列分析方法与技术、机器学习与量化投资、数据库原理与应用、Web前端开发技术、Web应用系统开发实践。,1.聚焦金融投资决策；2.专注优化决策方法；3.重视实践能力培养,本专业基本学制为四年，实行弹性修业年限制度，学生在校修业年限可以提前至三年或延长至六年，修满规定的学分准予毕业。符合学士学位授予条件者，授予管理学学士学位。,CUEB-2024-102,信息管理与信息系统
首都经济贸易大学,2024级,管理工程学院,信息管理与信息系统（商务智能）,信息管理与信息系统（商务智能）,信息管理与信息系统专业（商务智能）本科人才培养方案,120102,2024级/7管理工程学院/信息管理与信息系统（商务智能）/信息管理与信息系统（商务智能）1--6.docx,01_Markdown培养方案/2024级/7管理工程学院/信息管理与信息系统（商务智能）/信息管理与信息系统（商务智能）1--6.md,本专业将“做人做事的基本道理、社会主义核心价值观的要求、实现民族复兴的理想和责任”有机融入到人才培养的全过程，实现专业育人与思政育人同向同行；坚持“价值引领、五育并举”的育人导向，致力培养德智体美劳全面发展的社会主义建设者和接班人。本专业立足于大数据、云计算和人工智能等新一代信息技术，面向商务智能领域，培养具备信息系统分析、设计、开发与实施以及基于数据分析的管理决策能力、能够在国家各级政府部门、企事业单位、大型信息技术公司从事信息系统建设、数据分析与挖掘等工作的高素质、应用型、复合型专门人才。,1.掌握思想政治、中文、外语、数学、体育、劳育和美育等通识教育类、经济、管理、统计和计算机等学科基础类、信管专业类知识及相关学科知识，并能将所学知识用于解释信管专业领域及商务智能等相关领域的现象和问题，了解本学科发展前沿，具有国际视野；2.能够应用管理科学与工程学科基本原理、方法对信管专业领域及商务智能相关领域问题进行判断、分析和研究，提出相应对策和建议，并形成解决方案；3.能够恰当使用信息和计算机建模技术等现代工具，对信管专业领域及商务智能相关领域数据信息进行收集和分析处理，完成所从事的专业领域任务；4.能够使用书面和口头表达方式与国内外业界同行、社会公众就信管专业领域及商务智能相关领域现象和问题进行有效沟通与交流；5.具有团队协作意识，能够在管理科学与工程学科及多学科团队活动中发挥个人能力，并能与其他成员进行协作,深化课程思政建设，坚持课程思政、专业思政一体化设计、一体化实施。本专业的核心课程主要包括：管理学、经济学原理、面向对象程序设计、数据结构、计算机网络技术与应用、数据分析理论与实践（双语）、信息管理概论、运筹学、统计学、管理信息系统、数据库原理与应用、Web前端开发技术、Web应用系统开发实践、商务智能与数据仓库、数据挖掘方法与技术。,1.强调实践能力培养的基础地位；2.强化专业技能在商务智能领域的深度应用；3.实现双创教育与专业教育深度融合,本专业基本学制为四年，实行弹性修业年限制度，学生在校修业年限可以提前至三年或延长至六年，修满规定的学分准予毕业。符合学士学位授予条件者，授予管理学学士学位。,CUEB-2024-103,信息管理与信息系统（商务智能）
首都经济贸易大学,2024级,管理工程学院,安全工程（注册安全工程师）,安全工程（注册安全工程师）,安全工程（注册安全工程师）专业本科人才培养方案,082901,2024级/7管理工程学院/安全工程（注册安全工程师）/安全工程（注册安全工程师）1-6.doc,01_Markdown培养方案/2024级/7管理工程学院/安全工程（注册安全工程师）/安全工程（注册安全工程师）1-6.md,安全工程专业培养具有正确社会主义核心价值观以及规范使用语言文字的意识和应用能力；具有依法、客观、公正从业的品质；具有辨识、分析、评价系统危险有害因素并提出对策措施建议的知识和能力；具有从事安全工程的研究、设计、运行控制、推广、检测检验、培训等的能力；能够从法律、管理、社会、环境等多视角系统管理安全专业项目；能够有效地与公众、客户、团队成员进行沟通，具备终身学习、专业发展、领导协作等方面能力的高素质工程技术人才，旨在培养毕业后经过5年左右的专业实践，能够胜任安全工程师或安全评价师岗位能力水平的安全工程专业人才。,安全工程人才培养主要面向从事生产和城市运行安全中的安全管理及初步安全设计、安全评估、技术咨询服务，毕业时达到见习安全工程师技术能力要求；1．掌握马克思主义，毛泽东思想和中国特色社会主义理论体系，具有正确社会主义核心价值观；2．应用数学、自然科学、工程基础、安全科学等专业知识，解决安全工程专业相关的复杂工程问题；3．运用安全科学基础理论和方法，基于数学、自然科学和工程科学，借助文献研究等手段，识别、分析复杂工程问题，并可以获得有效结论；4．针对复杂工程问题设计、开发解决方案，并体现创新意识,工程制图、工程力学、流体力学、热工学、电工学、系统安全工程、安全人机工程、机械设计基础、机械安全工程、电气安全工程、锅炉压力容器安全、防火防爆、安全管理学、职业卫生工程、安全检测与监控技术等。,1．以安全科学基本原理为核心开展教学，培养面向生产与城市运行安全的安全工程人才；2．坚持“安全管理和安全技术并重”的理念，培养具有安全管理能力和掌握安全技术的工程人才；3．紧密结合安全生产的社会需求与发展，强化安全工程师和安全评价师的实践能力和综合素质的培养,本专业基本学制为四年，实行弹性修业年限制度，学生在校修业年限可以提前至三年或延长至六年，修满规定的学分准予毕业。符合学士学位授予条件者，授予工学学士学位。,CUEB-2024-104,安全工程（注册安全工程师）
首都经济贸易大学,2024级,管理工程学院,工业工程,工业工程,工业工程专业本科人才培养方案,,2024级/7管理工程学院/工业工程/工业工程 1-6部分.doc,01_Markdown培养方案/2024级/7管理工程学院/工业工程/工业工程 1-6部分.md,本专业培养具有正确社会主义核心价值观以及规范使用语言文字的意识和应用能力，掌握工程学、管理学、经济学等方面的基本知识；具有扎实的理论基础、较强的计算机应用和管理过程分析优化能力；具有较高外语水平和协作能力；毕业后经过5年的工作实践能在各行业胜任各类管理工作中的决策与优化、设计与改善、管理与控制等方面工作；注重德智体美全面发展，培养强基础、宽专业、较强创新能力的复合型管理技术人才。,1、掌握马克思主义、毛泽东思想和中国特色社会主义理论体系，具有人文素养、科学精神和社会责任感，熟悉管理科学领域相关政策及法律、法规，能够在管理科学领域实践活动中理解并遵守职业道德和职业规范；2、掌握数学、计算机、工业工程专业及相关学科领域知识，并能将所学知识应用于解决各行业管理过程中的问题，同时了解专业学科发展前沿，具备国际视野；3、能够应用管理科学的基本原理、方法对各类管理问题进行分析和建摸，并通过开展实验进行验证，系统地提出解决方案；4、能够恰当使用各类现代分析计算工具，对管理过程中相关数据信息进行收集、处理和分析，辅助完成决策管理工作；5、能够应用专业知识通过书面和口头表达方式与国内外业界同行、社会公众就管理过程中各类现象和问题进行有效沟通与交流,工程技术基础、运筹学、系统工程、经济学原理、管理学方法论、统计学概论、工业工程基础、生产计划与控制、物流工程、人因工程、建模与仿真、系统分析与设计、管理信息系统、质量管理工程、标准化管理。,1、在夯实基础上，通过构建计算机编程+应用数学+科学计算的课程体系，加强数据处理和分析能力的培养；2、在宽口径、强基础上，通过专业提升课模块的构建，进一步加强学生决策与优化、设计与评价、管理与控制的能力；3、在专业能力培养基础上，构建面向现代企业管理的创新创业实践课程模块，加强学生与实际应用的对接,本专业基本学制为四年，实行弹性修业年限制度，学生在校修业年限可以提前至三年或延长至六年，修满规定的学分准予毕业。符合学士学位授予条件者，授予管理学士学位。,CUEB-2024-105,工业工程
首都经济贸易大学,2024级,管理工程学院,数据科学与大数据技术（信息技术）,数据科学与大数据技术（信息技术）,数据科学与大数据技术（信息技术）专业本科人才培养方案,080910T,2024级/7管理工程学院/数据科学与大数据技术（信息技术）/数据科学与大数据技术（信息技术）1-6.docx,01_Markdown培养方案/2024级/7管理工程学院/数据科学与大数据技术（信息技术）/数据科学与大数据技术（信息技术）1-6.md,本专业旨在培养具有正确的社会主义核心价值观以及规范使用语言文字的意识和应用能力，德、智、体、美全面发展，以信息技术为基础，系统掌握数据科学与大数据技术等专业知识，具有搜集、整理、分析和呈现大数据的基本能力，能够熟练使用在大数据架构上的基本工具进行数据分析，为企业、咨询和研究机构解决实际问题的应用型大数据分析人才。,1.掌握马克思主义、毛泽东思想与中国特色社会主义基本理论，具有良好的思想品德、个人修养以及健康的心理和体魄，具有良好的人文社会科学素养、职业道德和心理素质，社会责任感强；2.掌握信息技术专业所必须的数学基础知识，理解如何使用数学语言表达思想；3.具有扎实的数据科学理论功底，系统掌握数据科学和大数据专业知识，了解国内外国际前沿动态；4.具有较强的计算机及互联网应用能力，掌握高效的处理大数据的方法，掌握大数据建模和分析的基础理论，能够从大数据中获取有价值的知识；5.具备解决交叉学科实际问题的能力,数学分析、高等代数、数据科学的概率基础、面向对象程序设计（JAVA）、数据科学的计算机基础、数据科学导论、数据科学的统计基础、数据库原理与应用、抽样技术与应用、回归分析、分布式计算、时间序列分析、数据结构、统计编程基础、程序设计语言（Python）、数据仓库与数据挖掘、机器学习、大数据预处理、数据科学算法,1．实现信息类与统计学科的交叉培养；2．注重实践能力的培养与业界的结合；3．本专业（方向）与国内国外有关学校深入广泛合作，与港澳台和国外知名大学有充分的交流与合作，有着突出的教育国际化的特点,本专业基本学制为四年，实行弹性修业年限制度，学生在校修业年限可以提前至三年或延长至六年，修满规定的学分准予毕业。符合学士学位授予条件者，授予理学学士学位。,CUEB-2024-106,数据科学与大数据技术（信息技术）
首都经济贸易大学,2024级,管理工程学院,计算机科学与技术,计算机科学与技术,计算机科学与技术专业本科人才培养方案,080901,2024级/7管理工程学院/计算机科学与技术/计算机科学与技术1-6.doc,01_Markdown培养方案/2024级/7管理工程学院/计算机科学与技术/计算机科学与技术1-6.md,本专业培养适应社会主义市场经济，具有正确社会主义核心价值观以及规范使用语言文字的意识和应用能力，具有良好的公共道德和职业道德，具有优良的科学素养和国际视野，具有应用计算机科学主流技术进行开发的能力，并能够结合经济、管理、金融等相关领域知识，将互联网技术、人工智能技术与各行业、各业态及服务创新相融合，成为能在开发、科研、咨询等多领域工作的应用型和复合型人才。,1．掌握马克思主义、毛泽东思想和中国特色社会主义理论体系；2．掌握计算机专业知识，了解与计算机学科相关的经济、管理知识，具有从事互联网开发和人工智能方面工作所需要的知识结构，了解本学科发展前沿，具有国际视野；3．能够应用计算机科学与技术的基本原理、方法对互联网编程技术和智能算法等专业领域及相关领域问题进行判断、分析和研究，提出相应对策和建议，并形成解决方案，能将所学知识用于解释计算机专业领域及相关领域的现象和问题；4．能够恰当使用数学工具、现代编程工具和方法，对计算机专业领域数据信息进行收集和分析处理，完成对复杂问题的计算模拟、预测和验证；5．掌握一门外语，具备较好的语言表达和沟通协调能力，能够使用书面和口头表达方式与国内外业界同行、社会公众就计算机专业领域现象和问题进行有效沟通与交流，并能够撰写专题报告文稿并清晰表达计算机专业问题,高等数学、线性代数、概率论与数理统计、计算机导论、面向对象程序设计、数据结构、数据库原理与应用、离散数学、计算机原理与汇编语言、计算机网络技术与应用、操作系统、人工智能、计算智能与模式识别、编译原理、网络编程、C#程序语言设计、数字逻辑与数字电路等。,1．新技术引领教育；2．多方位协同教育；3．提升实践创新能力,本专业基本学制为四年，实行弹性学制，学生在校学习年限可以提前至三年或延长至六年，修满规定的学分准予毕业。符合学士学位授予条件者授予理学学士学位。,CUEB-2024-107,计算机科学与技术
首都经济贸易大学,2024级,财政税务学院,税收学（税务师）,税收学（税务师）,2423012B税收学专业（税务师）本科人才培养方案,020202,2024级/8财政税务学院/税收学（税务师）/税收学（税务师）1-6.docx,01_Markdown培养方案/2024级/8财政税务学院/税收学（税务师）/税收学（税务师）1-6.md,本专业旨在培养具有正确社会主义核心价值观以及规范使用语言文字的意识和应用能力，具备高综合素质、高专业技能、高创新能力，能够胜任中外涉税专业机构以及政府和企事业单位的涉税业务，从事涉税操作、涉税鉴证、税务筹划、涉税管理等方面业务的基础实、视野广、能力强的复合型、应用型高级人才。按照税务师方向设置课程体系，实施立体化实践教学模式，培养学生精通税务知识和税务实务操作，具备工具应用能力和研究分析能力、涉税专业应用能力和创新拓展能力强的税务高级人才。,1．掌握马克思主义、毛泽东思想和中国特色社会主义理论体系；2．掌握经济学、英语、及数学等学科基础知识，精通税收专业知识，了解税收学科发展前沿，具有国际视野；3．能够运用所学税收专业知识分析税收政策、解决具体税收问题；4．能够恰当使用计算机、数学等工具，对税收信息、税务数据进行分析、处理、研究；5．能够与国内外高校、业界同行、社会公众就税收专业领域现象和问题进行有效沟通与交流,微观经济学、宏观经济学、计量经济学、财政学、金融学、税收学、中国税制、外国税制（双语）、国际税收（双语）、纳税检查、涉税服务实务、税收筹划、财务管理学、财务会计学、高级会计等。,1．以税务师方向的人才培养为目标，培养具备会计业务能力的税务高级应用型人才；2．实行立体化的实践教学体系，提升涉税专业应用能力；3．搭建专业交流平台，激发学生的创新能力,本专业基本学制为四年，实行弹性修业年限制度，学生在校修业年限可以提前至三年或延长至六年，修满规定的学分准予毕业。符合学士学位授予条件者，授予经济学学士学位。,CUEB-2024-108,税收学（税务师）
首都经济贸易大学,2024级,财政税务学院,财政学（实验班）,财政学（实验班）,财政学专业（实验班）本科人才培养方案,020201K,2024级/8财政税务学院/财政学（实验班）/财政学（实验班）1-6.doc,01_Markdown培养方案/2024级/8财政税务学院/财政学（实验班）/财政学（实验班）1-6.md,本专业本着“宽口径、厚基础”的人才培养要求，培养具有正确社会主义核心价值观，适应现代经济和社会发展需要，德智体美劳全面发展，具有国际视野与创新精神，系统、全面地掌握财税理论与实务，能够在各级政府财税部门、经济管理部门、事业单位、金融机构和企业以及非营利性组织从事公共经济分析、财政税务管理、国有资产管理、财务管理等工作的复合型专业人才，并为学生在国内外进一步深造打下良好的基础。,1.掌握马克思主义、毛泽东思想和中国特色社会主义理论体系；2.掌握通识教育类、学科基础类、专业基础类、专业类知识及相关学科知识，能将所学知识用于解释公共经济、财政税收及相关领域的现象和问题，具有国际视野；3.了解财政学科发展前沿，能够应用公共经济和财政税收基本理论、方法对公共经济、财政税收及相关领域的问题进行判断、分析和研究，提出对策和建议，并形成解决方案；4.适应“互联网+”的背景，能够恰当使用现代工具，对公共经济、财政税收领域数据信息进行收集和分析处理，完成所从事的专业领域任务；5.能够与国内外业界同行、社会公众就公共经济、财政税收专业领域现象和问题进行有效沟通与交流,政治经济学、微观经济学、宏观经济学、计量经济学、统计学、金融学、财政学、会计学基础、税收学、中国税制、财务会计、财务管理、政府预算、国有资产管理、公共部门财政管理（双语）、政府财政统计、西方财政思想史、公债管理与投资、地方财政学、公共项目评估、税收筹划、涉税服务实务等。,1.公共经济理论和财政税收业务课程相辅相成；2.学生读研、出国深造和就业渠道顺畅便捷；3.教学方式多元及教学软硬件环境优越,本专业基本学制为四年，实行弹性修业年限制度，学生在校修业年限可以提前至三年或延长至六年，修满规定的学分准予毕业。符合学士学位授予条件者，授予经济学学士学位。,CUEB-2024-109,财政学（实验班）
首都经济贸易大学,2024级,财政税务学院,资产评估（评估师）,资产评估（评估师）,资产评估专业（评估师）本科人才培养方案,120208,2024级/8财政税务学院/资产评估（评估师）/资产评估（评估师）1-6.docx,01_Markdown培养方案/2024级/8财政税务学院/资产评估（评估师）/资产评估（评估师）1-6.md,"本专业培养具有正确社会主义核心价值观，具有创新性思维和国际视野，具备人文精神和诚信品质，熟练掌握中外资产评估知识，拥有扎实的资产评估理论基础和综合实践能力,可以在中外资产评估机构、会计师事务所等鉴证类中介机构以及政府资产管理部门、企事业单位、金融机构从事资产评估及相关工作的复合型国际化高素质人才。",1.掌握马克思主义、毛泽东思想和中国特色社会主义理论体系；2.掌握通识教育类、学科基础类、专业必修类、专业选修类课程知识及相关管理学和经济学知识，并能运用所学知识解释、分析资产评估及相关领域的现象和问题；3.能够应用资产评估学科基本原理、方法对资产评估及相关领域问题进行判断、分析和研究，提出相应对策和建议，并形成解决方案；4.适应互联网+背景，能够恰当选择与使用现代工具对资产评估领域数据信息进行文献检索、资料查询和分析处理，完成所从事的专业任务；5.了解资产评估学科发展前沿，具有国际视野，能够使用书面和口头表达方式与国内外业界同行、社会公众就资产评估领域现象和问题进行有效沟通与交流,评估学原理（双语）、财务管理学、资产定价理论基础（双语）、金融资产评估、企业价值评估、无形资产评估、国际评估准则（双语）、房地产评估、价值评估和财务报表分析、并购价值评估、资产评估实务与案例分析、会计学基础、财务会计学、审计学、金融学、中国税制、经济法等。,1．打造“理实一体”国际化资产评估卓越人才；2．实行“内外双驱”、“四位一体”式实践教学模式；3．个人成长与专业发展相结合,本专业基本学制为四年，实行弹性修业年限制度，学生在校修业年限可以提前至三年或延长至六年，修满规定的学分准予毕业。符合学士学位授予条件者，授予管理学学士学位。,CUEB-2024-110,资产评估（评估师）
首都经济贸易大学,2024级,法学院,法学,ทจัง,法学专业本科人才培养方案,030101K,2024级/9法学院/9ทจังิบ/ทจัง/ทจังืจาต1-6.doc,01_Markdown培养方案/2024级/9法学院/9ทจังิบ/ทจัง/ทจังืจาต1-6.md,本专业坚持以马克思主义法学思想、中国特色社会主义法治理论特别是习近平法治思想为指导，坚持立德树人，德法兼修，践行明法笃行、知行合一，培养德、智、体、美、劳全面发展，具有扎实的专业理论基础和熟练的职业技能、合理的知识结构，具备国际视野的复合型、应用型、创新型法治人才，服务北京“四个中心”建设。毕业生能够在政府部门、司法机关、律师事务所、企事业单位等单位从事各类国内国际法律实务工作，部分具有学术潜质的学生可以通过继续深造从事法学教育与研究工作。,1．正确的政治立场与基本的人文素养：掌握马克思列宁主义、毛泽东思想、邓小平理论、“三个代表”重要思想、科学发展观、习近平新时代中国特色社会主义思想，树立正确的政治立场，形成良好的职业道德操守，具备基本的人文科学知识；2．扎实的法学专业知识：系统掌握法学基本理论和方法，熟悉国内国际法律规则，了解学科发展前沿，形成完整的法律专业知识体系；3．良好的法学专业技能：形成严谨的法学思维，具有良好的法律实务技能，能够撰写法律文书和法学论文，可以进行良好的表达、沟通与合作；4．较强的综合运用能力：能够理论联系实践，具备发现、分析、解决法律问题的初步能力，具有适应法治建设的自主学习能力和创新意识；5．必要的财经专业知识：了解相关财经类专业理论，具备从事法律职业所必要的财经专业知识，以及在经济管理领域从事法律工作的优势背景,习近平法治思想概论、法理学、宪法、中国法律史、刑法、民法总论、刑事诉讼法、民事诉讼法、行政法与行政诉讼法、国际法（双语）、法律职业伦理、经济法（总论与竞争法）、知识产权法、商法（总论与公司法）、国际私法、国际经济法（双语）、环境资源法、劳动与社会保障法、证据法、财税法、物权法、合同法、侵权责任法、金融法、诊所课程等。,1.应用型；2.复合型；3.创新型,本专业基本学制为四年，实行弹性修业年限制度，学生在校修业年限可以提前至三年或延长至六年，修满规定的学分准予毕业。符合学士学位授予条件者，授予法学学士学位。,CUEB-2024-111,法学|ทจัง
首都经济贸易大学,2024级,法学院,法学（数字法学卓越班）专业学分制,24级卓越班培养方案,法学（数字法学卓越班）专业学分制本科人才培养方案,,2024级/9法学院/9法学院/24级卓越班培养方案/定稿-法学专业培养方案1-6（24级卓越班）.docx,01_Markdown培养方案/2024级/9法学院/9法学院/24级卓越班培养方案/定稿-法学专业培养方案1-6（24级卓越班）.md,目标1：坚持以习近平法治思想为指导，坚持立德树人，德法兼修，践行明法笃行、知行合一，培养德、智、体、美、劳全面发展； 目标2：具有扎实的专业理论基础和熟练的职业技能、合理的知识结构，并掌握从事数字法治所必要的专业知识； 目标3：具备国际视野的复合型、应用型、创新型法治人才，掌握从事数字法治所必要的专业知识，服务北京“四个中心”建设； 目标4：能够在政府部门、司法机关、律师事务所、企事业单位等单位从事各类国内国际法律实务工作，部分具有学术潜质的学生可以通过继续深造从事数字法学教育与研究工作； 目标5：毕业后5年左右，能够独立处理复杂的法律案件，特别是涉数字类法律案件，胜任法官、检察官等职务，成为律师事务所骨干或合伙人，担任互联网企业法务总监或合规官等。,1．知识要求 掌握扎实的专业基础知识、外语知识，了解人文社会科学和自然科学的基础知识，形成合理的整体性知识结构；1.1 正确的政治立场与基本的人文素养：掌握马克思列宁主义、毛泽东思想、邓小平理论、“三个代表”重要思想、科学发展观、习近平新时代中国特色社会主义思想，树立正确的政治立场，形成良好的职业道德操守，具备基本的人文科学知识；1.2 扎实的法学专业知识：系统掌握法学基本理论和方法，熟悉国内国际法律规则，了解学科发展前沿，形成完整的法律专业知识体系；1.3 较好的外语知识与应用能力：熟练掌握一门外国语，具有较好的听、说、读、写能力，能够较为顺利地阅读外文资料，具有国际视野；1.4 必要的数字法治知识：了解数字技术、大数据分析等相关理论，掌握从事数字法治所必要的专业知识，具备从事数字法学相关理论与实务工作,主干学科：法学理论、民商法学、经济法学、宪法学与行政法学、国际法学、刑法学、环境资源法学。 核心课程：习近平法治思想概论、法理学、宪法学、中国法律史、刑法、民法、刑事诉讼法、民事诉讼法、行政法与行政诉讼法、国际法、法律职业伦理、经济法、知识产权法、商法（总论与公司法）、物权法、合同法、侵权责任法、大学文科数学、法律统计基础、自然语言处理、数字法治与Python实践、人工智能法学导论、网络与电子商务法、个人信息保护法等。,nan,学制：本专业基本学制为四年，实行弹性修业年限制度，学生在校修业年限可以提前至三年或延长至六年，修满规定的学分准予毕业。 学位：符合学士学位授予条件者，授予法学学士学位。 毕业条件：学生在规定的学习年限内，完成培养方案要求的最低总学分160学分。其中： | | | | | | --- | --- | --- | --- | | 教学环节 | 课程类别 | 门数 | 学分 | | 通识教育 | 通识教育必修课 | 20 | 39 | | 通识教育选修课 | | 10 | | 专…,CUEB-2024-112,法学（数字法学卓越班）专业学分制|24级卓越班培养方案
首都经济贸易大学,2025级,城市学院,城市管理（区域经济管理）,城市管理（区域经济管理）,城市管理（区域经济管理）专业本科人才培养方案,120405,2025级/01城市学院/城市管理（区域经济管理）/城市管理（区域经济管理）1-6.docx,01_Markdown培养方案/2025级/01城市学院/城市管理（区域经济管理）/城市管理（区域经济管理）1-6.md,本专业以习近平新时代中国特色社会主义思想为指导，贯彻全国教育大会精神，禀承“崇德尚能，经世济民”的校训精神，践行人才培养质量提升“琢玉工程”，立足经管学科交叉融合的特色优势，适应新质生产力和数智化发展要求，服务国家区域发展战略和新时代首都发展需求，落实立德树人根本任务，面向区域和城市建设管理部门、政府政策研究部门和咨询机构，培养德智体美劳全面发展，政治立场坚定、专业基础扎实、数智素养突出、实践能力优秀、国际视野开阔，具有强烈使命感和责任感的“三型一化”城市与区域经济管理人才。本专业学生在毕业后5年左右预期能够承担城市和区域经济管理领域的行政管理、项目规划与技术咨询等方面的工作，并能实现以下目标： 目标1：具有浓厚的爱国意识、高尚的思想品德和强烈的社会责任感，坚持国家利益、公众利益优先，德智体美劳综合发展。 目…,为实现本专业的培养目标，通过四年学习，城市管理（区域经济管理）专业的学生必须达到以下各项要求：；1．知识要求；1.1系统掌握现代区域经济管理的基本知识和专业基础理论，熟悉区域经济分析的原理和方法；1.2 了解城市与区域经济管理理论的演进脉络和前沿动态，了解城市与区域经济管理实践创新的最新发展趋势；1.3 了解党和国家有关区域协调发展战略、京津冀协调发展战略的决策部署、发展实际和未来导向,主干学科：区域经济学、城市管理学 核心课程：政治学、经济学原理、城市社会学、公共管理学、公共政策分析、城市管理与AI应用、计算社会科学（研究方法）、区域经济学（英语）、空间计量分析方法与AI应用、城市经济学（双语）、中国区域经济、地理信息系统、区域规划理论与方法。 专业知识图谱：,nan,学制：本专业基本学制为四年，实行弹性修业年限制度，学生在校修业年限可以提前至三年或延长至六年，修满规定的学分准予毕业。 学位：符合学士学位授予条件者，授予管理学学士学位。 毕业条件：学生在规定的学习年限内，完成培养方案要求的最低总学分140学分。其中： | | | | | | --- | --- | --- | --- | | 教学环节 | 课程类别 | 门数 | 学分 | | 通识教育 | 通识教育必修课 | 21 | 47 | | 通识教育选修课 | —— | 10 |…,CUEB-2025-113,城市管理（区域经济管理）
首都经济贸易大学,2025级,城市学院,城市管理（智慧国土）,城市管理（智慧国土）,城市管理（智慧国土）专业本科人才培养方案,120405,2025级/01城市学院/城市管理（智慧国土）/城市管理（智慧国土）专业1-6.docx,01_Markdown培养方案/2025级/01城市学院/城市管理（智慧国土）/城市管理（智慧国土）专业1-6.md,本专业以习近平新时代中国特色社会主义思想为指导，秉承首都经济贸易大学 “崇德尚能，经世济民” 的校训精神，践行人才培养质量提升“琢玉工程”，立足城市管理（智慧国土）专业“多元融合、精研致用”的特点，发挥学院多学科交叉融合的特色优势，面向全球资源治理和国家自然资源管理的现实要求，面向新时代首都北京 “四个中心” 建设以及京津冀协同发展背景下国土资源优化配置的战略需求，积极顺应新质生产力和数智化发展要求，落实立德树人根本任务，坚持 “五育并举，三全育人” 的人才培养要求，遵循 “人先于才、德重于才” 的人才成长规律，构建“数字转型与AI创新双向驱动，前沿理论与技术实操双轮并进”的双向双轮、全方位培养模式。面向自然资源管理部门、土地开发企业、科研机构以及相关社会组织，着力培养具有正确的世界观、人生观、价值观，政治立…,为实现上述培养目标，通过四年学习，城市管理（智慧国土）专业学生必须达到以下各项要求：；1．知识要求 掌握扎实的专业基础知识、外语知识，以及适应新时代智慧国土管理需求的多元化知识体系，以应对复杂多变的行业挑战与发展机遇；1.1 系统掌握政治学、经济学、社会学、土地经济学、土地资源学、土地管理学、房地产开发经营、国土空间规划等学科的核心概念、基础理论和研究方法；1.2 跟踪掌握国家治理和智慧国土管理相关理论的演进脉络和前沿动态，洞察智慧国土管理实践创新的最新发展趋势；1.3 全面把握全球经济社会发展大趋势，精准理解党和国家有关法律、制度、方针和政策，熟知国家治理现代化的现实情况与要求,主干学科：公共管理学、地理学、应用经济学、农业工程学 核心课程：政治学、经济学原理、城市社会学、公共管理学、公共政策分析、自然资源治理与AI应用、城市管理与AI应用、计算社会科学（研究方法）、土地经济学、土地资源学、国土空间规划、土地管理学、地籍测量与管理、土地信息系统，房地产经济学、房地产开发经营、房地产估价理论与方法、房地产金融、遥感与GIS应用、公共管理大数据分析、数字经济概论、国土空间规划实施与治理、土地利用工程与信息技术等。 专业知识图谱如下图所示：,nan,学制：本专业基本学制为四年，实行弹性修业年限制度，学生在校修业年限可以提前至三年或延长至六年，修满规定的学分准予毕业。 学位：符合学士学位授予条件者，授予管理学学士学位。 毕业条件：学生在规定的学习年限内，完成培养方案要求的最低总学分140学分。其中： | | | | | | --- | --- | --- | --- | | 教学环节 | 课程类别 | 门数 | 学分 | | 通识教育 | 通识教育必修课 | 22 | 47 | | 通识教育选修课 | —— | 10 |…,CUEB-2025-114,城市管理（智慧国土）
首都经济贸易大学,2025级,城市学院,城市管理（智慧治理）,城市管理（智慧治理）,城市管理（智慧治理）专业本科人才培养方案,120405,2025级/01城市学院/城市管理（智慧治理）/城市管理（智慧治理）专业1-6.docx,01_Markdown培养方案/2025级/01城市学院/城市管理（智慧治理）/城市管理（智慧治理）专业1-6.md,目标1：厚植家国情怀与职业素养，培养德才兼备的中国式现代化建设者 以新时代中国特色社会主义思想为指导，全面落实立德树人根本任务和“以本为本“四个回归”的要求，聚焦培养“三观”正、“三力”强，具有“四个自信”和强烈的家国情怀，对祖国和人民怀有深厚情感，具备服务人民、奉献社会的责任感，恪守城市经济管理的职业规范，将个人发展与京津冀协同发展战略、首都等超大特大城市经济与管理的高质量发展紧密结合的中国式城市现代化建设的优秀人才。 目标2：突出战略思维与多元智能，培养“三型三化”城市经济管理干才 面向新质生产力和数字经济发展需要，践行“厚基础、重交叉、优个性、强数智”的育人理念，探索“数智引领、五育融合、经管先行、全面发展”的育人路径，着力构建“创新型、应用型、复合型”人才培养体系，强化“国际化、数字化、自信化”办学特…,1.知识要求；1.1 掌握扎实的专业基础知识 系统掌握城市管理学、城市经济学、区域经济学、城市数字经济、城市规划与更新、城市文化学、城市建设投融资等城市经济管理的基础知识，熟悉城市经济与管理、城市规划与更新、城市投融资、智慧城市管理等领域的知识体系与工具方法；1.2 熟悉法律法规与政策标准 熟悉国家及北京市城市规划、建设与管理的法律法规与制度政策，掌握京津冀协同发展、北京城市定位以及精细化管理、其他城市群和超大特大城市经济管理等的政策导向，能够应用人工智能，结合政策背景制定城市经济管理制度政策与方案；1.3 具备信息技术与数智管理知识 掌握AI、Python与大数据分析、GIS、社会网络分析、智慧城市平台等技术工具，熟悉城市数智化管理的基本原理与应用场景，能够运用相关技术与工具，解决城市经济发展、城市规划与更新、城市基层治理以及城市投融资分析等实际问题；1.4 具备专业外语与国际视野知识 依托国际化外培项目、海外留学项目、暑期…,主干学科：公共管理学、应用经济学、城市经济与战略管理 核心课程：人工智能导论、人工智能素养、城市经济学（双语）、区域经济学、城市建设投融资、城市发展与财政、城市管理与AI应用、城市数字经济与AI应用、城市产业经济、城市规划与更新、地理信息科学与AI应用、城市文化学（英语）、城市产业园区管理、智慧城市建设与管理、城市基础设施智慧管理、首都城市治理、中央商务区管理、城市社区治理、城市经济统计与分析、计算机制图与AI应用、公共管理大数据分析、计算社会科学、社会调查方法。 专业知识图谱：,nan,学制：本专业基本学制为四年，实行弹性修业年限制度，学生在校修业年限可以提前至三年或延长至六年，修满规定的学分准予毕业。 学位：符合学士学位授予条件者，授予管理学学士学位。 毕业条件：学生在规定的学习年限内，完成培养方案要求的最低总学分139学分。其中： | | | | | | --- | --- | --- | --- | | 教学环节 | 课程类别 | 门数 | 学分 | | 通识教育 | 通识教育必修课 | 23 | 47 | | 通识教育选修课 | -- | 10 |…,CUEB-2025-115,城市管理（智慧治理）
首都经济贸易大学,2025级,城市学院,行政管理（数字政府）,行政管理（数字政府）,行政管理（数字政府）专业本科人才培养方案,120402,2025级/01城市学院/行政管理（数字政府）/行政管理（数字政府）专业1-6.docx,01_Markdown培养方案/2025级/01城市学院/行政管理（数字政府）/行政管理（数字政府）专业1-6.md,本专业以习近平新时代中国特色社会主义思想为指导，禀承首都经济贸易大学“崇德尚能，经世济民”的立校宗旨，立足行政管理专业理实并重、博专结合的特点，发挥学院多学科交叉融合的特色优势，面向全球治理和国家治理的现实要求，面向新时代首都北京“四个中心”建设和京津冀协同发展的战略需求，积极顺应新质生产力和数智化发展要求，落实立德树人根本任务，坚持“五育并举，三全育人”的人才培养要求，遵循“人先于才、德重于才”的人才成长规律，面向党政机关、企事业单位和社会组织，着力培养具有正确的世界观、人生观、价值观，政治立场稳、综合素质高、理论基础厚、知识视野广、应用能力强、数智素养好的通识型、创新性、自性化行政管理人才。,通过四年学习，行政管理专业学生须达到以下各项要求：；1．知识要求；1.1 系统掌握政治学、经济学、法学、社会学、行政管理学、公共政策学、统计学等学科的核心概念、基础理论和研究方法；1.2 了解国家治理和行政管理相关理论的演进脉络和前沿动态，了解行政管理实践创新的最新发展趋势；1.3 了解全球经济社会发展大趋势，了解党和国家有关法律、制度、方针和政策，了解国家治理现代化的现实情况与要求,主干学科：公共管理学、政治学等 核心课程：公共政策学、国家治理概论、公共管理法学基础、经济学原理、城市社会学、数字政府、行政管理学说史、行政伦理学、城市管理与AI应用、政府监管与AI应用、计算社会科学等 专业知识图谱：,nan,学制：本专业基本学制为四年，实行弹性修业年限制度，学生在校修业年限可以提前至三年或延长至六年，修满规定的学分准予毕业。 学位：符合学士学位授予条件者，授予管理学学士学位。 毕业条件：学生在规定的学习年限内，完成培养方案要求的最低总学分140学分。其中： | | | | | | --- | --- | --- | --- | | 教学环节 | 课程类别 | 门数 | 学分 | | 通识教育 | 通识教育必修课 | 23 | 47 | | 通识教育选修课 | —— | 10 |…,CUEB-2025-116,行政管理（数字政府）
首都经济贸易大学,2025级,工商管理学院,供应链管理,供应链管理,2025级培养方案模板,120604T,2025级/02工商管理学院/2025级培养方案/02工商管理学院/供应链管理/供应链管理专业1-6.docx,01_Markdown培养方案/2025级/02工商管理学院/2025级培养方案/02工商管理学院/供应链管理/供应链管理专业1-6.md,本专业秉承“厚德精业，守正出新”的价值观，肩负“植根管理实践，探索商学前沿，培养卓越商才，服务社会发展”的使命，旨在培养树立社会主义核心价值观、具有高度社会责任感和使命感、良好科学文化素养和国际视野，具有扎实的管理理论基础，掌握现代供应链管理知识，具有较强的复杂数据分析与处理能力以及较高的人工智能素养，具备创新精神、创业意识及一定的创新创业能力，能够在供应链管理领域从事科学研究、应用实践等工作，善于发现问题并提出创新性供应链优化方案的应用型人才。 目标1：具备扎实的数据管理、供应链运营等专业知识与可持续发展技能，能够熟练运用大数据、人工智能等前沿技术，胜任供应链数据收集与处理，以及供应链咨询与分析等工作。 目标2：具备较强的科研能力和国际化视野，能够独立进行科学研究，毕业后在国内外高校继续深造，从事供应链管理…,1．知识要求 掌握扎实的专业基础知识、外语知识，具备较强的交叉学科知识储备，并能够熟练运用这些知识解决实际问题；1.1 人文社会科学知识：具有人文素养、科学精神和社会责任感，熟悉本专业领域相关政策及法律、法规，能够在本专业领域实践活动中理解并遵守职业道德和职业规范；1.2 专业基础知识：掌握管理学、经济学、金融学等基础理论，以及必要的供应链管理理论与方法、供应链系统优化理论与方法、物流业务运作及组织管理知识，能够将其定量及定性分析的基本思想应用于供应链及相关领域的实际工作中；1.3 外语知识：具有较强的语言与文字表达能力，熟练应用一门外国语，能够与国内外业界同行、社会公众就本专业领域现象和问题进行有效沟通；1.4 数据科学知识：掌握大数据分析、人工智能等数字技术的基本原理，能够熟练运用计算机和管理实务软件，能够对本专业领域数据信息进行收集和分析处理，迅速适应实际工作岗位的要求,主干学科：管理学、经济学原理、市场营销学、会计学、运营管理、企业战略管理、消费者行为学（双语）、组织行为学（双语）、AI与大数据分析、供应链管理、电子商务、企业可持续发展理论与实践、企业资源规划（ERP）与智能管理。 核心课程：管理运筹学、数据模型与决策、国际物流与全球供应链、采购与供应管理、仓储管理与库存控制、运输与配送管理、人工智能时代的预测创新、建模与智能分析、质量管理学、企业ESG管理、大数据企业案例解析、供应链系统规划与设计、绿色供应链管理、项目管理、供应链金融、供应链风险管理，等。 专业知识图谱：,nan,学制：本专业基本学制为四年，实行弹性修业年限制度，学生在校修业年限可以提前至三年或延长至六年，修满规定的学分准予毕业。 学位：符合学士学位授予条件者，授予管理学学士学位。 毕业条件：学生在规定的学习年限内，完成培养方案要求的最低总学分140学分。其中： | | | | | | --- | --- | --- | --- | | 教学环节 | 课程类别 | 门数 | 学分 | | 通识教育 | 通识教育必修课 | 23 | 48 | | 通识教育选修课 | | 10 | |…,CUEB-2025-117,供应链管理
首都经济贸易大学,2025级,工商管理学院,工商管理（ESG投资与管理）,工商管理（ESG投资与管理）,工商管理（ESG投资与管理）专业学分制本科人才培养方案,120201K,2025级/02工商管理学院/2025级培养方案/02工商管理学院/工商管理（ESG投资与管理）/工商管理（ESG投资与管理）专业1-6.docx,01_Markdown培养方案/2025级/02工商管理学院/2025级培养方案/02工商管理学院/工商管理（ESG投资与管理）/工商管理（ESG投资与管理）专业1-6.md,目标1：培养坚定拥护党和国家战略、践行社会主义核心价值观，具有高度的环境、社会与治理（ESG）责任感的复合型人才，毕业生能够主动服务“双碳”目标、乡村振兴等国家重大战略，毕业后5年内在智库机构、企业战略部门或国际组织中成为推动可持续发展政策落地的业务骨干； 目标2：培养系统掌握企业ESG管理方法和技术、ESG投资方法和工具、ESG信息披露与报告撰写、ESG指数构建与评级建模、绿色金融工具设计、碳中和路径规划等核心技术，熟练进行ESG数据分析与决策支持的应用型人才，毕业生可在金融机构（如ESG投资分析师）、第三方评级机构（如MSCI研究员）等岗位胜任，5年内成长为行业认可的ESG技术专家或项目负责人； 目标3：培养融通国际ESG标准（如GRI、SASB、ISSB等）和政策体系，具有ESG投资与管理国际化视野，具…,1．知识要求 掌握扎实的政策认知、工商管理基础知识、ESG投资与管理专业知识、学科交叉知识和与上述知识相适应的外语知识，形成ESG投资与管理的完整知识体系；1.1 政策认知：熟悉关于生态文明建设、共同富裕、中国式现代化、创新驱动战略、新质生产力等重大战略和方针的决策逻辑与实践路径，掌握我国“双碳”战略、ESG和可持续信息披露等相关政策法规，理解全球可持续发展目标（SDGs）与国内政策的衔接逻辑；1.2 工商管理基础知识：掌握管理学核心理论和知识，包括战略管理、组织行为学、运营管理、市场营销、财务管理等工商管理学科基础理论，具备企业运营与决策的系统思维；1.3 ESG投资与管理专业知识：掌握ESG投资策略、ESG风险识别与管理、ESG评价与评级等ESG投资核心知识，掌握ESG融入企业战略管理、采购与供应链管理、生产与运营管理、财务管理、市场营销等企业核心职能的知识和方法，能够撰写ESG报告和进行ESG数据分析；1.4 学科交叉知…,主干学科：工商管理、金融学、管理科学与工程、统计学 核心课程：管理学、经济学原理、会计学、运营管理、企业战略管理、市场营销学、消费者行为学（双语）、组织行为学（双语）、AI与大数据分析、统计学、电子商务、企业可持续发展理论与实践、投资学、ESG信息披露管理、公司治理、企业ESG管理、ESG投资、ESG数据分析、企业ESG报告编制实训、企业气候风险管理、公司理财与数智财管、绿色金融、创业投融资、ESG战略规划与实施、管理学研究方法（双语）等。 专业知识图谱： 图1 工商管理（ESG投资与管理）专业知识图谱,nan,学制：本专业基本学制为四年，实行弹性修业年限制度，学生在校修业年限可以提前至三年或延长至六年，修满规定的学分准予毕业。 学位：符合学士学位授予条件者，授予管理学学士学位。 毕业条件：学生在规定的学习年限内，完成培养方案要求的最低总学分140学分。其中： | | | | | | --- | --- | --- | --- | | 教学环节 | 课程类别 | 门数 | 学分 | | 通识教育 | 通识教育必修课 | 23 | 48 | | 通识教育选修课 | / | 10 |…,CUEB-2025-118,工商管理（ESG投资与管理）
首都经济贸易大学,2025级,工商管理学院,工商管理（公司理财）,工商管理（公司理财）,2025级培养方案模板,120201K,2025级/02工商管理学院/2025级培养方案/02工商管理学院/工商管理（公司理财）/工商管理（公司理财）专业1-6.docx,01_Markdown培养方案/2025级/02工商管理学院/2025级培养方案/02工商管理学院/工商管理（公司理财）/工商管理（公司理财）专业1-6.md,本专业以立德树人为根本，秉承“厚德精业，守正出新”的学院价值观，肩负“植根管理实践，探索商学前沿，培养卓越商才，服务社会发展”的使命，坚持“三全育人”，推进思政育人与专业育人同向同行，培养具有社会主义核心价值观，适应现代经济和社会发展需要，德智体美劳全面发展、掌握现代管理理论与管理方法、具备良好的专业知识综合素养、具有较强的财务金融分析和创新创业能力，在企、事业单位和政府部门中从事理财与相关领域岗位工作，以及资本市场、金融机构投资分析与管理工作的应用型、复合型人才。 目标1：具备扎实的财务分析与战略管理能力，能够在企事业单位及政府部门从事财务、理财等相关岗位工作的应用型人才。 目标2：具备良好的数字化思维和金融分析能力，能够运用大数据、人工智能等现代技术工具进行财务分析与决策支持，适应数字化、智能化背景下的企…,1．知识要求 掌握扎实的专业基础知识、外语知识，能够在实践中灵活运用所学知识；1.1 管理学基础知识：掌握管理学、经济学原理、公司理财等核心课程内容，了解企业财务管理的规律、方法与技能，具备分析和解决公司理财实践问题的能力；1.2 外语知识：具备国际化视野，能够在学术或职业领域进行有效的书面和口头交流；1.3 数字技术应用知识：掌握大数据分析、人工智能、物联网等数字技术的基本原理及其在管理中的应用，能够在数字化背景下进行有效的决策分析；2．能力要求 具备过硬的自主学习能力、沟通表达能力、专业技术能力、学术创新能力，能够适应快速变化的工作环境和复杂的业务需求,主干学科：管理学、经济学原理、会计学、投资学、人工智能导论、AI与大数据分析、数字经济导论、组织行为学（双语）、市场营销学、消费者行为学、运营管理、电子商务、企业可持续发展理论与实践、企业战略管理、公司治理、公司理财与数智财管。 核心课程：商法学、企业伦理、创业投融资、数字商业融资、金融风险管理师（FRM）专题、国际公司理财、公司重组、公司估值、数据分析与企业决策、商务谈判、创业学、全球企业史和企业理论、数智化团队管理、管理沟通、企业资源规划（ERP）与智能管理、供应链金融、数智创新管理、数字化商业模式创新、企业经营管理决策模拟、ESG投资。 专业知识图谱：,nan,学制：本专业基本学制为四年，实行弹性修业年限制度，学生在校修业年限可以提前至三年或延长至六年，修满规定的学分准予毕业。 学位：符合学士学位授予条件者，授予管理学学士学位。 毕业条件：学生在规定的学习年限内，完成培养方案要求的最低总学分140学分。其中： | | | | | | --- | --- | --- | --- | | 教学环节 | 课程类别 | 门数 | 学分 | | 通识教育 | 通识教育必修课 | 23 | 48 | | 通识教育选修课 | | 10 | |…,CUEB-2025-119,工商管理（公司理财）
首都经济贸易大学,2025级,工商管理学院,工商管理（国际商务）,工商管理（国际商务）,工商管理（国际商务）专业学分制本科人才培养方案,120201K,2025级/02工商管理学院/2025级培养方案/02工商管理学院/工商管理（国际商务）/工商管理（国际商务）专业1-6.docx,01_Markdown培养方案/2025级/02工商管理学院/2025级培养方案/02工商管理学院/工商管理（国际商务）/工商管理（国际商务）专业1-6.md,本专业以立德树人为根本，着力培养具有社会主义核心价值观，德智体美劳全面发展，适应经济全球化发展需要，掌握国际商务理论知识与实践技能，通晓国际商务发展动向与前沿，谙熟国际经济贸易法规和商务惯例，具有良好的国际视野与战略眼光，具备卓越的商务实践与创新能力、管理决策能力、跨文化沟通与团队协作能力以及人工智能素养，以国际化、实践型为突出特征的高素质复合型国际商务人才。具体目标如下： 1. 目标1：培养具有社会主义核心价值观、崇高理想与远大奋斗目标、社会责任感与时代使命感，德智体美劳全面发展，适应现代经济社会高质量发展需要，高度匹配国家发展战略与首都发展定位，能够胜任未来国际商务工作的优秀管理人才； 2. 目标2：培养学生系统掌握国际商务专业知识与基本技能，熟悉国际贸易规则、国际金融政策以及跨国企业管理流程，能够运用专…,本专业的毕业要求旨在确保学生在毕业时能够获得必要的知识、能力和素质，以适应国际商务领域的职业发展需求，能够在全球化的经济环境中胜任各种挑战，实现个人职业发展和社会价值；1.知识要求；1.1 学科基础知识：系统掌握从事国际商务工作所需要的管理学、营销学、经济学、贸易学、金融学等方面的基本知识；1.2 专业核心知识：系统掌握国际商务专业知识，包括国际贸易、国际金融、跨国企业管理、国际营销、国际商法等核心课程内容，具有扎实的专业基础，了解国际商务学科发展前沿，具有国际视野；1.3 通识教育知识：掌握马克思主义、毛泽东思想和中国特色社会主义理论体系,主干学科：管理学、经济学、统计学 核心课程：管理学、经济学原理、市场营销学、会计学、国际商务（双语）、商务数据分析、投资学、国际市场营销（英文）、国际零售管理、国际商法、国际贸易、国际公司理财、国际金融学（双语）、国际物流、国际税收（双语）、国际结算（双语）、商务谈判、商务礼仪实践、数智化营销、管理决策模拟、消费者行为学（双语）、数智化客户关系管理（双语）、统计学、人工智能与企业资源规划、数智创新管理等。,nan,学制：本专业基本学制为四年，实行弹性修业年限制度，学生在校修业年限可以提前至三年或延长至六年，修满规定的学分准予毕业。 学位：符合学士学位授予条件者，授予管理学学士学位。 毕业条件：学生在规定的学习年限内，完成培养方案要求的最低总学分140学分。其中： | | | | | | --- | --- | --- | --- | | 教学环节 | 课程类别 | 门数 | 学分 | | 通识教育 | 通识教育必修课 | 23 | 48 | | 通识教育选修课 | 5 | 10 |…,CUEB-2025-120,工商管理（国际商务）
首都经济贸易大学,2025级,工商管理学院,工商管理（数智管理实验班）,工商管理（数智管理实验班）,数智管理实验班专业学分制本科人才培养方案,120201K,2025级/02工商管理学院/2025级培养方案/02工商管理学院/工商管理（数智管理实验班）/工商管理（数智管理实验班）专业1-6.docx,01_Markdown培养方案/2025级/02工商管理学院/2025级培养方案/02工商管理学院/工商管理（数智管理实验班）/工商管理（数智管理实验班）专业1-6.md,本专业以立德树人为根本，秉承“厚德精业，守正出新”的价值观，肩负“植根管理实践，探索商学前沿，培养卓越商才，服务社会发展”的使命，坚持“三全育人”，推进思政育人与专业育人同向同行，培养具有社会主义核心价值观，适应新时代社会发展需要的，德智体美劳全面发展，掌握现代管理理论与管理方法、具备良好数字思维能力、具有独立科学研究能力，善于创新创造，具有开阔国际视野，适应进一步深造需要的创新型拔尖的人才。培养目标具体如下： 目标1：具备良好的数字思维与信息技术应用能力，能够熟练运用大数据、人工智能等前沿技术，助力企业数字化转型与智能管理。 目标4：具备较强的科研能力和创新精神，能够独立进行科学研究，毕业后可进入国内外高校深造学习。 目标2：能够在科研机构、学术界、智库等领域从事数字化管理研究、技术创新、政策咨询等工作。…,1．知识要求 掌握扎实的管理学基础知识、外语知识，具备较强的跨学科知识储备，并能够运用这些知识解决实际管理问题；1.1 管理学基础知识：掌握管理学、经济学原理、组织行为学、市场营销学、企业战略管理等核心课程内容，具备系统的管理理论基础；1.2 外语知识：具备国际化视野，能够在学术或职业领域进行有效的书面和口头交流；1.3 数字技术应用知识：掌握大数据分析、人工智能、物联网等数字技术的基本原理及其在管理中的应用，能够在数字化背景下进行有效的决策分析；2．能力要求 具备过硬的自主学习能力、沟通表达能力、专业技术能力、学术创新能力，能够将理论知识应用于实际管理工作中,主干学科：管理学、经济学原理、会计学、AI与大数据分析、运营管理、电子商务、企业战略管理、组织行为学（双语）、市场营销学、消费者行为学（双语）、企业可持续发展理论与实践、数智创新管理、公司治理。 核心课程：数字经济导论、数据科学导论、大数据预处理、管理学经典文献导读、管理学研究方法（双语）、管理心理学、领导力开发、数智化团队管理、公司重组、企业伦理、商法学、创业学、数智人力资源管理、管理沟通、数字化商业模式创新、企业数字化转型案例解析、数据分析与企业决策、公司理财与数智财管、企业ESG管理、战略与创新前沿专题讲座、组织行为前沿专题讲座。 专业知识图谱：,nan,学制：本专业基本学制为四年，实行弹性修业年限制度，学生在校修业年限可以提前至三年或延长至六年，修满规定的学分准予毕业。 学位：符合学士学位授予条件者，授予管理学学士学位。 毕业条件：学生在规定的学习年限内，完成培养方案要求的最低总学分140学分。其中： | | | | | | --- | --- | --- | --- | | 教学环节 | 课程类别 | 门数 | 学分 | | 通识教育 | 通识教育必修课 | 23 | 48 | | 通识教育选修课 | | 10 | |…,CUEB-2025-121,工商管理（数智管理实验班）
首都经济贸易大学,2025级,工商管理学院,工商管理（数科与大数据双学位）,工商管理（数科与大数据双学位）,2025级培养方案模板,120201K,2025级/02工商管理学院/2025级培养方案/02工商管理学院/工商管理（数科与大数据双学位）/工商管理（数科与大数据双学位）专业 1-6.docx,01_Markdown培养方案/2025级/02工商管理学院/2025级培养方案/02工商管理学院/工商管理（数科与大数据双学位）/工商管理（数科与大数据双学位）专业 1-6.md,本专业以立德树人为根本，致力于培养具有社会主义核心价值观，德智体美劳全面发展，掌握现代管理理论与方法，精通数据科学与大数据技术，具有良好国际视野与跨文化沟通能力，能够胜任数据驱动管理决策与研究创新工作的高素质复合型拔尖人才。本专业学生经过系统学习获得相关理论知识与实践能力，毕业五年左右达到以下培养目标： 目标1：具备良好的数字思维与信息技术应用能力，能够熟练运用大数据、人工智能等前沿技术，助力企业数字化转型与智能管理。 目标4：具备科研创新能力，能够在国内外高水平大学继续深造或在科研机构、智库等领域开展研究工作。 目标2：具备优秀的职业素养、团队合作与沟通能力，能够在快速变化的全球商业与技术环境中持续学习与成长。 目标3：系统掌握数据科学、大数据分析、人工智能等核心技术，具备从数据中提取信息并支持企业决策的能…,1．知识要求 掌握扎实的管理学基础知识、外语知识，具备较强的跨学科知识储备，并能够运用这些知识解决实际管理问题；1.1 管理学基础知识：掌握管理学、经济学原理、组织行为学、市场营销学、企业战略管理等核心课程内容，具备系统的管理理论基础；1.2 外语知识：具备国际化视野，能够在学术或职业领域进行有效的书面和口头交流；1.3 数字技术应用知识：掌握统计学、数据库原理、Python数据分析、机器学习、大数据分析、人工智能等数据科学与大数据技术基础知识，能够在数字化背景下进行有效的决策分析；2．能力要求 具备过硬的自主学习能力、沟通表达能力、专业技术能力、学术创新能力，能够将理论知识应用于实际管理工作中,主干学科：管理学、经济学原理、会计学、AI与大数据分析、电子商务、企业战略管理、组织行为学（双语）、市场营销学、数智创新管理、公司治理、统计与数据科学导论、数据科学的概率基础、数据科学的统计基础、时间序列分析、数据库原理与SQL实践、机器学习。 核心课程：数字经济导论、运营大数据管理与分析、人力资源大数据管理与分析、营销大数据管理与分析、财务大数据管理与分析、大数据预处理、可视化技术与实践、神经网络与深度学习、大语言模型理论与应用、Python商业数据分析方法与应用、管理学研究方法（双语）、领导力开发、数智化团队管理、公司重组、企业伦理、创业学、数智人力资源管理、管理沟通、数字化商业模式创新、企业数字化转型案例解析、数据分析与企业决策、公司理财与数智财管、企业ESG管理。 专业知识图谱：,nan,学制：本专业基本学制为四年，实行弹性修业年限制度，学生在校修业年限可以提前至三年或延长至六年，修满规定的学分准予毕业。 学位：符合学士学位授予条件者，授予管理学学士和理学学士双学位。 毕业条件：学生在规定的学习年限内，完成培养方案要求的最低总学分170学分。其中： | | | | | | --- | --- | --- | --- | | 教学环节 | 课程类别 | 门数 | 学分 | | 通识教育 | 通识教育必修课 | 23 | 50 | | 通识教育选修课 | | 1…,CUEB-2025-122,工商管理（数科与大数据双学位）
首都经济贸易大学,2025级,工商管理学院,市场营销（国际数智营销）,市场营销（国际数智营销）,学分制本科人才培养方案,,2025级/02工商管理学院/2025级培养方案/02工商管理学院/市场营销（国际数智营销）/市场营销（国际数智营销）专业1-6.docx,01_Markdown培养方案/2025级/02工商管理学院/2025级培养方案/02工商管理学院/市场营销（国际数智营销）/市场营销（国际数智营销）专业1-6.md,本专业以立德树人为根本，秉承“厚德精业，守正出新”的价值观，肩负“植根管理实践，探索商学前沿，培养卓越商才，服务社会发展”的使命，坚持“三全育人”，推进思政育人与专业育人同向同行，致力于培养具有社会主义核心价值观，掌握现代管理理论与管理方法、具备数智营销思维和专业知识素养、具有应用数字工具解决现代企业营销管理难题并进行数字创新实践的能力，能够适应数字经济发展和满足首都需要的应用型、复合型和创新型营销管理人才。 目标1：培养融合经典营销理论与数智化工具的专业人才。学生需精通市场营销经典理论（4P、STP、消费者行为学），同时理解大数据、AI等技术在市场洞察、精准投放中的应用逻辑，实现传统理论与数智化工具的有效结合。 目标2：塑造数据驱动的全链路营销策略设计与执行能力。学生能够通过数据挖掘用户需求，设计个性化营销…,1．知识要求 掌握必要的学科基础理论知识，如管理学、经济学原理、计算机科学（如AI大数据、Python）等，为构建跨学科、综合化、多元化知识体系打下基础；1.1 数智化营销知识体系：掌握经典营销理论及数字化营销范式（用户画像、精准投放等）；1.2 全球化市场与跨文化知识：熟悉国际市场规则（如跨境电商合规）、区域消费文化特征；1.3 数据法规与创新趋势相关知识：熟知数据隐私法规及广告伦理规范；3.0营销、隐私计算（联邦学习）等前沿技术趋势,主干学科：管理学、经济学、心理学、统计学 核心课程：管理学、市场营销学、经济学原理、消费者行为学（双语）、品牌管理、国际市场营销（英语）、数智服务营销、数智客户关系管理、商务谈判、管理决策模拟、商务数据分析、会计学、运营管理、电子商务、组织行为学（双语）、企业战略管理等。 专业知识图谱：,nan,学制：本专业基本学制为四年，实行弹性修业年限制度，学生在校修业年限可以提前至三年或延长至六年，修满规定的学分准予毕业。 学位：符合学士学位授予条件者，授予管理学学士学位。 毕业条件：学生在规定的学习年限内，完成培养方案要求的最低总学分140学分。其中： | | | | | | --- | --- | --- | --- | | 教学环节 | 课程类别 | 门数 | 学分 | | 通识教育 | 通识教育必修课 | 23 | 48 | | 通识教育选修课 | 5 | 10 |…,CUEB-2025-123,市场营销（国际数智营销）
首都经济贸易大学,2025级,工商管理学院,电子商务（商务智能与大数据分析）,电子商务（商务智能与大数据分析）,2025级培养方案模板,120801,2025级/02工商管理学院/2025级培养方案/02工商管理学院/电子商务（商务智能与大数据分析）/电子商务（商务智能与大数据分析）专业1-6.docx,01_Markdown培养方案/2025级/02工商管理学院/2025级培养方案/02工商管理学院/电子商务（商务智能与大数据分析）/电子商务（商务智能与大数据分析）专业1-6.md,本专业秉承“厚德精业，守正出新”的价值观，肩负“植根管理实践，探索商学前沿，培养卓越商才，服务社会发展”的使命，旨在培养具有社会主义核心价值观，适应新质生产力发展要求和新时代首都发展需求，德智体美劳全面发展，既掌握扎实的现代管理理论与管理方法、计算机科学、统计学以及大数据分析与管理等方面专业知识和基本技能，同时具有较强的复杂数据分析与处理能力以及较高的人工智能素养，具备国际化视野、创新精神、创业意识及较强的实践能力和数字技术应用能力，兼具行业前瞻视野、跨学科整合能力和开拓精神，能够在各类企事业单位及政府部门从事数据挖掘与分析、大数据管理与应用、数字化运营与咨询、电子商务规划与设计等相关工作，并具有较大发展潜力的应用型、复合型拔尖创新人才。 目标1（专业素养）：培养学生具备扎实的经济管理、数学、计算机和电子商务…,1.知识要求 掌握扎实的专业基础知识、外语知识，能够在实践中灵活运用所学知识；1.1 人文社科知识：具有人文素养、科学精神和社会责任感，熟悉电子商务领域相关政策及法律、法规，能够在电子商务领域实践活动中理解并遵守职业道德和规范；1.2学科专业知识：掌握扎实的数学、经济学、管理学、统计学和计算机科学等学科基础知识，掌握基本管理理论与方法和大数据管理的原理、方法与技能，能够将管理和计算机相关知识应用于电子商务及相关领域的实际工作中；1.3外语知识：具备国际化视野，能够在学术或职业领域进行有效的书面和口头交流，能够理解和应用国际贸易与跨境电子商务知识；1.4 数据科学知识：掌握大数据分析、人工智能等计算机技术的基本原理，能够熟练运用计算机和ERP等管理实务软件，能够对电子商务领域数据信息进行收集和分析处理，能够为电子商务平台的开发、维护与优化提供技术支持,主干学科：管理学、经济学原理、市场营销学、会计学、运营管理、企业战略管理、消费者行为学（双语）、组织行为学（双语）、AI与大数据分析、电子商务、企业可持续发展理论与实践、企业资源规划（ERP）与智能管理、供应链管理。 核心课程：数字商务技术基础、技术经济学、统计学、Python商业数据分析方法与应用、社会调查与统计分析、互联网商业模式与创新、商务智能理论与应用、云计算与人工智能、数智化客户关系管理 、大语言模型理论与应用、面向AI的电子商务系统分析与设计、商务智能分析案例及解析、商业数据建模与应用、数字产品与服务、供应链金融、数智化新媒体运营、跨境电商理论与实务，数字经济概论等。 专业知识图谱：,nan,学制：本专业基本学制为四年，实行弹性修业年限制度，学生在校修业年限可以提前至三年或延长至六年，修满规定的学分准予毕业。 学位：符合学士学位授予条件者，授予管理学士学位。 毕业条件：学生在规定的学习年限内，完成培养方案要求的最低总学分140学分。其中： | | | | | | --- | --- | --- | --- | | 教学环节 | 课程类别 | 门数 | 学分 | | 通识教育 | 通识教育必修课 | 23 | 48 | | 通识教育选修课 | | 10 | | 专…,CUEB-2025-124,电子商务（商务智能与大数据分析）
首都经济贸易大学,2025级,工商管理学院,电子商务（数科与大数据双学位）,电子商务（数科与大数据双学位）,学分制本科人才培养方案,120801,2025级/02工商管理学院/2025级培养方案/02工商管理学院/电子商务（数科与大数据双学位）/电子商务（数科与大数据双学位）专业1-6.docx,01_Markdown培养方案/2025级/02工商管理学院/2025级培养方案/02工商管理学院/电子商务（数科与大数据双学位）/电子商务（数科与大数据双学位）专业1-6.md,“电子商务（数科与大数据双学位）”双学士学位复合型人才培养项目，旨在培养具有社会主义核心价值观，适应新质生产力发展要求和新时代首都发展需求，德智体美劳全面发展，既掌握现代管理理论与管理方法、计算机科学、统计学等相关领域专业知识和基本技能，能将数智化信息科学和智慧管理的理论与实践融会贯通，综合运用商务思维和数字技术解决电子商务领域问题；又系统掌握数据科学及大数据技术的专业知识，具有搜集、整理、分析和呈现大数据的基本能力，能够熟练使用在大数据架构上的基本工具进行数据分析，为企业、咨询和研究机构解决实际问题；同时具有较强的复杂数据分析与处理能力以及较高的人工智能素养，具备国际化视野、创新精神、创业意识及较强的实践能力和数字技术应用能力，兼具行业前瞻视野、跨学科整合能力和开拓精神，能够在各类企事业单位及政府部门从事数…,1.知识要求 掌握扎实的专业基础知识、外语知识，能够在实践中灵活运用所学知识；1.1 人文社科知识：具有人文素养、科学精神和社会责任感，熟悉电子商务和数据科学领域相关政策及法律、法规，能够在电子商务和数据科学领域实践活动中理解并遵守职业道德和规范；1.2学科专业知识：掌握扎实的数学、经济学、管理学、统计学和计算机科学等学科基础知识，掌握基本管理理论与方法和大数据技术的原理、方法与技能，能够将管理、数据科学和计算机相关知识应用于电子商务及大数据分析相关领域的实际工作中；1.3外语知识：具备国际化视野，能够在学术或职业领域进行有效的书面和口头交流，能够理解和应用国际贸易与跨境电子商务知识；1.4 数据科学知识：掌握大数据分析、人工智能等计算机技术的基本原理，能够熟练运用计算机和ERP等管理实务软件，能够对电子商务领域数据信息进行收集和分析处理，能够为电子商务平台的开发、维护与优化提供技术支持,主干学科：管理学、经济学原理、市场营销学、数据科学的概率基础、会计学、运营管理、企业战略管理、统计与数据科学导论、数据科学的统计基础、AI与大数据分析、Linux系统与c语言、电子商务、大数据预处理、企业资源规划（ERP）与智能管理、供应链管理、数据库原理与SQL实践、机器学习。 交叉融合及核心课程：消费者行为学（双语）、组织行为学（双语）、统计编程基础、企业可持续发展理论与实践、Python商业数据分析方法与应用、社会调查与统计分析、技术经济学、互联网商业模式与创新、企业经营管理决策模拟、应用回归分析、数据结构与算法分析、商务智能理论与应用、数字商务技术基础、云计算与人工智能、数智化客户关系管理 、大语言模型理论与应用、数智创新管理、跨境电商理论与实务、财务大数据管理与分析、神经网络与深度学习、可视化技术与实践、面向AI的电子商务系统分析与设计、商务智能分析案例及解析、商业数据建模与应用、创业投融资、数字产品与服务、供应链金融、数智化新媒体运营、数智人力资源管理、超高维数据分析、数字经济概论等。 专业知识图谱：,nan,学制：本专业基本学制为四年，实行弹性修业年限制度，学生在校修业年限可以提前至三年或延长至六年，修满规定的学分准予毕业。 学位：符合双学士学位授予条件者，授予“管理学--理学”双学士学位。 毕业条件：学生在规定的学习年限内，完成培养方案要求的最低总学分172学分，准予毕业。其中： | | | | | | --- | --- | --- | --- | | 教学环节 | 课程类别 | 门数 | 学分 | | 通识教育 | 通识教育必修课 | 23 | 50 | | 通识教育选修…,CUEB-2025-125,电子商务（数科与大数据双学位）
首都经济贸易大学,2025级,经济学院,国际经济与贸易,国际经济与贸易,国际经济与贸易专业学分制本科人才培养方案,020401,2025级/03经济学院/03经济学院/国际经济与贸易/国际经济与贸易专业1-6.docx,01_Markdown培养方案/2025级/03经济学院/03经济学院/国际经济与贸易/国际经济与贸易专业1-6.md,本专业培养具有社会主义核心价值观以及规范使用语言文字的意识和能力，系统掌握经济学基本原理和国际经济贸易相关理论和方法，能够正确认识和理解国内外经济与贸易发展规律和运行机制，具有国际视野、开拓创新精神和实践能力，并具有较高的外语水平和一定的国际交流能力，能够在政府机关、各类经济部门、科研机构、高等院校从事经济理论与政策研究、经济分析和涉外经济实务工作的高素质应用型、复合型人才。 目标1：学生毕业后能够进入国际贸易、跨境电商、全球供应链管理、金融服务、国际投资、政策咨询等领域，担任外贸经理、国际市场分析师、国际贸易专员、跨境电商经理、贸易金融分析师等岗位，或在外企、跨国公司、政府机构、国际组织等单位中从事相关工作。 目标2：培养学生具备较强的国际视野，能够分析和解决全球经济环境中的复杂问题，熟练运用现代数字技术工…,1．知识要求 掌握扎实的经济学理论基础知识和研究方法，构建完善的国际经济与贸易学科知识体系，深刻理解国际贸易的发展规律，掌握与国际商务、国际规则相关的理论和技术，能够熟练运用学科知识解决实际问题，为职业发展奠定坚实的知识基础；1.1系统掌握经济学、国际贸易学的基本理论，熟悉全球经济格局、国际投资与金融、区域经济一体化等内容，能够解释本专业及相关领域的现象和问题；1.2掌握国际贸易专业类知识及相关学科知识，并能将所学知识用于解释本专业领域及相关领域的现象和问题，了解全球经济格局、国际投资与金融、区域经济一体化与全球供应链管理等内容；1.3掌握国际经济与贸易领域的政策法规和标准，包括国际贸易规则、区域贸易协定和全球供应链管理规范；1.4熟练掌握收集、处理和分析经济数据的方法，了解数字化技术（如大数据、人工智能、区块链等）在国际贸易中的应用，理解其对行业的影响，为决策提供支持,主干学科：政治经济学、西方经济学、数量经济学、国际贸易学、金融学、会计学、财政学 核心课程：国际贸易实务、国际商法（双语）、国际商务（英语）、世界经济、跨国公司经营与管理、中国对外贸易、国际商务谈判、数字贸易理论与政策 专业知识图谱：,nan,学制：本专业基本学制为四年，实行弹性修业年限制度，学生在校修业年限可以提前至三年或延长至六年，修满规定的学分准予毕业。 学位：符合学士学位授予条件者，授予经济学学士学位。 毕业条件：学生在规定的学习年限内，完成培养方案要求的最低总学分143学分。其中： | | | | | | --- | --- | --- | --- | | 教学环节 | 课程类别 | 门数 | 学分 | | 通识教育 | 通识教育必修课 | 23 | 48 | | 通识教育选修课 | — | 10 |…,CUEB-2025-126,国际经济与贸易
首都经济贸易大学,2025级,经济学院,国际经济与贸易（国际班）,国际经济与贸易（国际班）,学分制本科人才培养方案,020401,2025级/03经济学院/03经济学院/国际经济与贸易（国际班）/国际经济与贸易（国际班）1-6.docx,01_Markdown培养方案/2025级/03经济学院/03经济学院/国际经济与贸易（国际班）/国际经济与贸易（国际班）1-6.md,本专业培养具有社会主义核心价值观以及规范使用语言文字的意识和能力，系统掌握经济学基本原理和国际经济贸易相关理论和方法，能够正确认识和理解国内外经济与贸易发展规律和运行机制，具有国际视野、开拓创新精神和实践能力，并具有较高的外语水平和良好的国际交流能力，能够在国际机构与组织、政府机关、各类经济部门、科研机构、高等院校从事经济理论与政策研究、经济分析和涉外经济实务工作的高素质应用型、复合型人才。 目标1：学生毕业后能够进入国际贸易、跨境电商、全球供应链管理、金融服务、国际投资、政策咨询等领域，担任外贸经理、国际市场分析师、国际贸易专员、跨境电商经理、贸易金融分析师等岗位，或在外企、跨国公司、政府机构、国际组织等单位中从事相关工作。 目标2：培养学生具备较强的国际视野和良好的国际交流能力，能够分析和解决全球经济环境…,1．知识要求 掌握扎实的经济学理论基础知识和研究方法，构建完善的国际经济与贸易学科知识体系，深刻理解国际贸易的发展规律，掌握与国际商务、国际规则相关的理论和技术，能够熟练运用学科知识解决实际问题，为职业发展奠定坚实的知识基础；1.1系统掌握经济学、国际贸易学的基本理论，熟悉全球经济格局、国际投资与金融、区域经济一体化等内容，能够解释本专业及相关领域的现象和问题；1.2掌握国际贸易专业类知识及相关学科知识，并能将所学知识用于解释本专业领域及相关领域的现象和问题，了解全球经济格局、国际投资与金融、区域经济一体化与全球供应链管理等内容；1.3掌握国际经济与贸易领域的政策法规和标准，包括国际贸易规则、区域贸易协定和全球供应链管理规范；1.4熟练掌握收集、处理和分析经济数据的方法，了解数字化技术（如大数据、人工智能、区块链等）在国际贸易中的应用，理解其对行业的影响，为决策提供支持,主干学科：政治经济学、西方经济学、国际贸易学、数量经济学、金融学、会计学、财政学 核心课程：国际贸易实务（英语）、国际商法（双语）、国际商务（英语）、跨国公司经营与管理、世界经济、国际商务谈判、数字贸易理论与政策 专业知识图谱：,nan,学制：本专业基本学制为四年，实行弹性修业年限制度，学生在校修业年限可以提前至三年或延长至六年，修满规定的学分准予毕业。 学位：符合学士学位授予条件者，授予经济学学士学位。 毕业条件：学生在规定的学习年限内，完成培养方案要求的最低总学分143学分。其中： | | | | | | --- | --- | --- | --- | | 教学环节 | 课程类别 | 门数 | 学分 | | 通识教育 | 通识教育必修课 | 23 | 48 | | 通识教育选修课 | — | 10 |…,CUEB-2025-127,国际经济与贸易（国际班）
首都经济贸易大学,2025级,经济学院,数字经济,数字经济,数字经济专业本科人才培养方案,020109T,2025级/03经济学院/03经济学院/数字经济/数字经济专业培养方案1-6.docx,01_Markdown培养方案/2025级/03经济学院/03经济学院/数字经济/数字经济专业培养方案1-6.md,目标 1：培养积极践行社会主义核心价值观，德智体美劳全面发展，具备在数字经济时代开展建设与推动工作能力的专业人才 。 目标 2：助力学生扎实掌握经济学理论知识与研究方法，熟练运用大数据分析、人工智能等数字技术，构建跨学科知识技能体系，获取数字经济时代核心竞争能力。 目标 3：聚焦创新意识与实践能力培养，着重提升学生战略思维与跨界合作能力，使其具备在数字经济时代解决复杂问题的能力。 目标 4：帮助学生筑牢学术基础，拥有一定独立研究能力，能够深刻洞察与把握数字经济运行规律，具备进入国内外知名学府深造的能力。 目标 5：为国家数字经济高质量发展输送人才，毕业生能够灵活契合政府部门、高校、科研机构及企事业单位数智化转型需求，具备推动区块链、人工智能、物联网、电子商务等国家战略新兴产业发展的能力。,1．知识要求 掌握扎实的经济学理论基础知识和研究方法，深刻理解数字经济发展规律，熟练掌握数字技术，能够解决现实经济问题；1.1 系统掌握政治经济学、西方经济学、数字经济以及数字贸易领域的理论知识，熟悉数字经济的运行规律，能够对现实经济问题进行准确判断、深入分析和有效研究，并提出应对策略和建议；1.2 熟练掌握计量经济学、统计学、大数据分析、人工智能等研究方法，为应对现实经济问题的挑战提供专业支持；1.3 熟悉常用的数据分析软件和编程语言，能够进行数据收集、处理、分析，并对数据进行建模和预测；1.4 熟悉数字经济相关的法律法规，具备数智素养、人文底蕴、科学精神和社会责任感，能够助力用人企事业单位合规经营与数智化转型,主干学科：政治经济学、西方经济学、数量经济学、统计学、财政学、金融学等 核心课程：平台经济学、人工智能经济学、数字贸易理论与政策、数字经济发展与治理、数字化与产业创新概论、Python数据分析、大数据预处理、超高维数据分析、人工神经网络、机器学习、数据挖掘方法与技术 专业知识图谱：,nan,学制：本专业基本学制为四年，实行弹性修业年限制度，学生在校修业年限可以提前至三年或延长至六年，修满规定的学分准予毕业。 学位：符合学士学位授予条件者，授予经济学学士学位。 毕业条件：学生在规定的学习年限内，完成培养方案要求的最低总学分145学分。其中： | | | | | | --- | --- | --- | --- | | 教学环节 | 课程类别 | 门数 | 学分 | | 通识教育 | 通识教育必修课 | 23 | 48 | | 通识教育选修课 | — | 10 |…,CUEB-2025-128,数字经济
首都经济贸易大学,2025级,经济学院,经济学,经济学,经济学专业学分制本科人才培养方案,020101,2025级/03经济学院/03经济学院/经济学/经济学1-6.docx,01_Markdown培养方案/2025级/03经济学院/03经济学院/经济学/经济学1-6.md,在全面贯彻党和国家教育方针的指引下，在人才培养数智化转型的大趋势下，经济学专业紧密贴合服务中国式现代化与新时代首都发展的需求，致力于培育具备扎实经济学理论基础的“三型一化”（创新型、复合型、应用型、国际化）人才。具体培养目标包括以下几个方面： 目标1：培养学生树立坚定理想信念，自觉践行核心价值观。具备良好道德修养，严守学术诚信，拥有为国家和社会贡献力量的高度责任感与使命感，能将理念转化为实际行动。 目标2：助力学生具备马克思主义与现代西方经济学理论素养，熟知经济史与思想史。能够从历史维度剖析经济问题，精准把握经济现象长期趋势与阶段特征，为经济决策提供历史依据。 目标3：培养学生战略思维、数据分析及跨界合作能力，打造应对经济领域复杂挑战的综合素质，使其能在复杂经济环境中有效解决问题。 目标4：帮助学生夯实学术基…,1．知识要求；1.1 公共基础知识：具备扎实的公共基础知识，包括数学、外语、计算机和人文社科基础；1.2专业基础知识：掌握政治经济学的基本理论和分析框架，掌握微观经济学和宏观经济学的基本概念、理论和分析方法，熟练运用经济学模型分析解决问题；1.3 研究方法知识：掌握统计学和计量经济学的基本原理和方法，能够运用统计工具进行数据收集、整理和分析，为经济分析提供数据支持；1.4 外语知识：熟练掌握英语，具备较强的听、说、读、写能力，能够与国内外业界同行、社会公众就经济领域现象和问题进行有效沟通与交流,主干学科：政治经济学、西方经济学、统计学、财政学、金融学等 核心课程：中级微观经济学、中级宏观经济学、计量经济学、外国经济思想史、欧美经济史、中国经济思想史、中国经济史、数字经济概论、产业经济学、国际经济学、发展经济学等 专业知识图谱： 发展经济学 新制度经济学 国际经济学 企业经济学 行为经济学 《资本论》选读 世界经济 环境经济学 公共经济学 经济法 产业经济学 高等数学 线性代数 概率论与数理统计 政治经济学（资本主义） 社会调查研究与方法 学术写作与专业前沿 经济数学方法 经济学方法论 博弈论 平台经济学 数字经济概论 人工智能经济学 数字经济发展与治理 计量经济学 计量经济学实验 统计学 金融学 财政学 会计学 中级宏观经济学 中级微观经济学 核心基础课程 专业核心课程 专业提升课程 前沿领域 研究方法 欧美经济史 管理学 财务管理学 经济预测 宏观经济分析 投入产出分析 外国经济思想史 中国经济思想史 中国经济史,nan,学制：本专业基本学制为四年，实行弹性修业年限制度，学生在校修业年限可以提前至三年或延长至六年，修满规定的学分准予毕业。 学位：符合学士学位授予条件者，授予经济学学士学位。 毕业条件：学生在规定的学习年限内，完成培养方案要求的最低总学分143学分。其中： | | | | | | --- | --- | --- | --- | | 教学环节 | 课程类别 | 门数 | 学分 | | 通识教育 | 通识教育必修课 | 23 | 48 | | 通识教育选修课 | — | 10 |…,CUEB-2025-129,经济学
首都经济贸易大学,2025级,经济学院,经济学（实验班）,经济学（实验班）,经济学专业（实验班）学分制本科人才培养方案,,2025级/03经济学院/03经济学院/经济学（实验班）/经济学实验班培养方案1-6.docx,01_Markdown培养方案/2025级/03经济学院/03经济学院/经济学（实验班）/经济学实验班培养方案1-6.md,nan,1．知识要求 掌握扎实的专业理论知识、数理方法知识、前沿与交叉知识、国际经济知识；1.1专业理论知识：系统掌握政治经济学、微观经济学、宏观经济学、计量经济学、财政学、金融学、会计学、统计学等核心课程知识，理解经济学原理及模型构建，能解释经济现象与运行规律；1.2数理方法知识：精通高等数学、线性代数、概率论与数理统计等数学工具，熟练运用计量经济学与统计学软件，并能够融合利用大数据与人工智能技术，对经济数据进行处理与分析；1.3前沿与交叉知识：了解经济学前沿研究成果，熟悉金融科技、数字经济等新兴领域知识，具备跨学科思维，融合经济学与计算机科学、管理学知识；1.4国际经济知识：掌握国际经济与贸易理论与应用知识，熟悉主要经济体经济政策与发展态势，具备国际视野,（一）主干学科：理论经济学、应用经济学、数学与计算机 （二）核心课程： 1. 通识基础课：包括《数学分析I》、《数学分析II》、《线性代数》、《概率论与数理统计》、《人工智能导论》、《人工智能素养课》等基础课程。 2. 专业必修课：包括《政治经济学》、《经济学原理》、《计量经济学》、《中级微观经济学》、《中级宏观经济学》、《中级计量经济学》、《博弈论》等专业课程；以及《财政学》、《金融学》、《会计学》、《统计学》、《国际经济学》等学科共同课。 3. 专业选修课： 3.1《外国经济思想史》、《欧美经济史》、《中国经济思想史》、《中国经济史》等经济史学课程； 3.2《发展经济学》、《新制度经济学》、《产业经济学》、《企业经济学》、《世界经济》、《环境经济学》、《行为经济学》等应用经济学基础选修课程； 3.3《经济数学方法》、《计量经济学实验》、《投入产出分析》、《经济预测》、《Python数据分析》、《机器学习》等现代经济学前沿方法选修课程； 3.4《数字经济概论》、《人工智能经济学》、《平台经济学》等“数字经济”与“人工智能+”融合类课程。 （三）专业知识图谱：,nan,学制：本专业基本学制为四年，实行弹性修业年限制度，学生在校修业年限可以提前至三年或延长至六年，修满规定的学分准予毕业。 学位：符合学士学位授予条件者，授予经济学学士学位。 毕业条件：学生在规定的学习年限内，完成培养方案要求的最低总学分150学分。其中： | | | | | | --- | --- | --- | --- | | 教学环节 | 课程类别 | 门数 | 学分 | | 通识教育 | 通识教育必修课 | 23 | 52 | | 通识教育选修课 | — | 10 |…,CUEB-2025-130,经济学（实验班）
首都经济贸易大学,2025级,经济学院,贸易经济,贸易经济,2025级培养方案,020402,2025级/03经济学院/03经济学院/贸易经济/贸易经济专业1-6.docx,01_Markdown培养方案/2025级/03经济学院/03经济学院/贸易经济/贸易经济专业1-6.md,贸易经济专业坚持立德树人的教育理念，秉承服务国家发展、助力首都建设、打造一流专业的发展定位，培养坚持社会主义核心价值观，具有马克思主义经济学和现代西方经济学理论素养，掌握计量经济、博弈分析、管理科学、人工智能等工具和方法，具备“衔接宏微观，打通内外贸，覆盖产供消，协同商物流”的特色知识结构，兼具国际视野、创新精神、社会责任意识和跨文化沟通能力，能够在政府部门、工商企业、中介机构胜任跨国别经营、跨领域管理和跨文化沟通工作的高素质、应用性、复合型经济管理人才。 目标1：具有正确的人生观、世界观和价值观；具有良好的思想品德、社会公德和职业道德；具有人文素质、科学精神和社会责任意识；具有爱岗敬业、遵纪守法和团结合作的个人修养。 目标2：具有马克思主义商业经济学和现代西方应用经济学理论素养，掌握计量经济、博弈分析、管理…,3.1知识要求 贸易经济专业毕业生应具备扎实、全面和具有特色的知识体系，以满足未来不同方向的职业发展与学术研究需求；3.2 能力要求 为在贸易经济领域展现专业素养与竞争优势，学生需具备多方面的能力；3.3 素质要求 贸易经济专业学生应具备全面的素质，以适应多元化的职业环境与社会发展需求,4.1 主干学科 （1）对应学科门类：经济学 （2）对应一级学科：应用经济学 （3）对应二级学科：产业经济学、商业经济学 （4）所属专业大类：经济与贸易类 （5）关联专业：国际经济与贸易、工商管理、市场营销、物流管理、电子商务、财政学、金融学、商品学（环境经济） 4.2 核心课程 政治经济学、微观经济学、宏观经济学、国际经济学、计量经济学、统计学、管理学、会计学、财政学、金融学、产业经济学、商业经济学、消费经济学、中国商业史、商业伦理学、商业博弈分析方法、现代商业技术、零售学、品牌学、物流学、商品学、价格学、商务交流、期货贸易、电子商务、平台经济学、数据科学导论、数字经济概论、国际商务（英语）、国际贸易理论与实务、国际商务谈判、国际市场营销等。 4.3 专业知识图谱 （1）贸易经济专业所属的专业图谱 （2）贸易经济专业的课程图谱,nan,5.1学制 本专业基本学制为四年，实行弹性修业年限制度，学生在校修业年限可以提前至三年或延长至六年，修满规定的学分准予毕业。 5.2 学位 符合学士学位授予条件者，授予经济学学士学位。 5.3 毕业条件 学生在规定的学习年限内，完成培养方案要求的最低总学分143学分。其中： | | | | | | --- | --- | --- | --- | | 教学环节 | 课程类别 | 门数 | 学分 | | 通识教育 | 通识教育必修课 | 23 | 48 | | 通识教育选修课…,CUEB-2025-131,贸易经济
首都经济贸易大学,2025级,会计学院,会计学,会计学专业,会计学专业学分制本科人才培养方案,,2025级/04会计学院/会计学院培养方案（2025年修订版）报教务处20251028/会计学专业/会计学专业1-6.docx,01_Markdown培养方案/2025级/04会计学院/会计学院培养方案（2025年修订版）报教务处20251028/会计学专业/会计学专业1-6.md,会计学专业培养全面贯彻党和国家的教育方针，紧密贴合学校的办学定位，深度融入社会经济发展的脉搏，积极响应国家及区域发展战略需求，精准对接行业发展需求，适应现代市场经济需要，具备人文精神、科学素质和诚信品质，能够践行社会主义核心价值观，具有规范使用语言文字的意识和应用能力，具备扎实的会计学基本理论和突出的定量分析能力，知识面宽广，有创新意识和向上发展能力，有较高的外语水平，能够胜任企、事业单位及政府部门会计工作的应用型、复合型专业人才。具体目标为： 目标1：培养具备扎实会计理论基础的复合型人才 本专业致力于培养具有扎实的会计学基本理论知识，能够深入理解会计准则、财务报表分析、成本控制等核心课程内容的毕业生。毕业生应具备运用会计理论解决实际问题的能力，以适应现代市场经济的复杂多变需求。通过系统的学习和实践，学生能够…,1．知识要求；1.1 扎实的专业基础知识：毕业生应全面掌握会计学的基本理论、原理和方法，包括但不限于财务会计、管理会计、成本会计、审计学、财务管理等领域的核心知识；1.2 外语知识：毕业生应熟练掌握一门外语（通常为英语），具备阅读会计学专业外文文献、进行国际会计交流与合作的能力；1.3 跨学科知识：毕业生应了解会计学科的发展前沿，具备国际视野，能够关注并理解国内外会计行业的最新动态和趋势；2．能力要求,（1）主干学科 经济学、管理学、法学 （2）核心课程 经济学原理、管理学、商法学、会计学基础、中级财务会计、成本管理会计、高级财务会计、政府与非营利组织会计、会计信息系统、财务管理学、RPA与智能会计、商业智能与财会决策支持、商业伦理与会计职业道德 （3）专业知识图谱 基础理论与法规： 经济学原理、管理学知识构建起学科框架，让学生了解宏观经济环境和企业运营管理模式；商法学、商业伦理与会计职业道德等知识提供法律和素养保障，确保会计活动合法合规。 经济学原理：奠定经济学基础，理解宏观经济与微观经济现象。 管理学：掌握管理的基本理论和方法，了解组织管理与运营。 商法学：了解商业法律环境，特别是与会计、审计相关的法律法规。 商业伦理与会计职业道德：培养正确的职业道德观念，遵循会计行业的行为准则。 会计核心技能： 以财务会计知识为核心，结合成本管理会计、财务管理、政府与非营利组织会计等课程深入学习会计学专业技能。 会计学基础：会计学的入门课程，奠定会计基础知识框架。 中级财务会计：深入学习会计实务操作，掌握复杂会计业务处理。 成本管理会计：理解成本控制与管理会计理论，提升财务决策能力。 高级财…,nan,学制：本专业基本学制为四年，实行弹性修业年限制度，学生在校修业年限可以提前至三年或延长至六年，修满规定的学分准予毕业。 学位：符合学士学位授予条件者，授予管理学学士学位。 毕业条件：学生在规定的学习年限内，完成培养方案要求的最低总学分147分。其中： | | | | | | --- | --- | --- | --- | | 教学环节 | 课程类别 | 门数 | 学分 | | 通识教育 | 通识教育必修课 | 23 | 48 | | 通识教育选修课 | --- | >=10…,CUEB-2025-132,会计学|会计学专业
首都经济贸易大学,2025级,会计学院,会计学（数智化国际会计）,会计学（数智化国际会计）专业,学分制本科人才培养方案,,2025级/04会计学院/会计学院培养方案（2025年修订版）报教务处20251028/会计学（数智化国际会计）专业/会计学（数智化国际会计）专业1-6.docx,01_Markdown培养方案/2025级/04会计学院/会计学院培养方案（2025年修订版）报教务处20251028/会计学（数智化国际会计）专业/会计学（数智化国际会计）专业1-6.md,会计学（数智化国际会计）专业培养全面贯彻党和国家的教育方针，紧密契合学校的办学定位，深度融入以大数据、人工智能（AI）为代表的现代信息技术和社会经济发展环境，积极响应国家及区域发展战略需求，致力于培养具备前沿信息化应用技术和手段、广阔国际视野，能敏锐洞察前沿知识与理念，引领行业发展潮流的高素质会计人才。通过系统学习会计、管理、经济、法律和计算机应用等知识，具备适应数智化和国际化环境之下的会计知识视野和能力素质，能够将大数据、人工智能（AI）等数智化技术与方法熟练地应用于会计实践当中，在企事业单位及政府部门胜任财会审工作的国际化、应用型、复合型的数智化财会专门人才。 具体目标如下： 目标1：知识和技能目标：使学生全面掌握经济、管理、法律、会计学、审计学、财务管理等基础理论知识，熟练运用专业知识解决会计、管理、财…,1.知识要求；1.1 掌握扎实的人工智能、程序语言、经济管理、会计学、审计学等知识，深刻理解宏观经济运行规律、企业管理基本原理及经济法律体系框架，能够运用其进行发现问题、分析问题和实际工作中产生的问题，并给出解决思路；1.2 掌握信息化原理、互联网+、数据库与大数据、人工智能等信息技术方面的知识；1.3 具备良好的外语知识，能够熟练阅读外文文献，熟悉国际会计报告准则相关英文表述，可与国际同行就专业问题进行交流；2.能力要求,经济学原理、管理信息系统、管理学、统计学、商法学、商业智能与财会决策支持、会计信息系统、商业伦理与会计职业道德、大数据与智能审计、大数据应用案例、企业经营决策沙盘模拟、财务共享原理与实践、RPA与智能会计、区块链技术及其应用案例、《程序语言设计》等课程，为深入学习数智化、国际化专业课程打好基础。 经济与管理基础类：《经济学原理》《管理学》，为理解市场经济规律和企业管理基本原理奠定基础。 财务会计类：《会计学基础》《中级财务会计》《高级财务会计》，讲授会计核算原理、复杂会计业务处理等专业知识。 数字化与智能财务类：商业智能与财会决策支持、会计信息系统、大数据与智能审计、大数据应用案例、企业经营决策沙盘模拟、财务共享原理与实践、RPA与智能会计、区块链技术及其应用。培养学生运用大数据、人工智能等信息化技术和智能工具进行管理决策与会计处理的能力。 相关法律类：《商法学》《税法》《商业伦理与会计职业道德》，使学生熟悉商业活动和会计中的法律规范、伦理范式和道德遵循。 （3）专业知识图谱 底层基础：以通识教育课程为根基，涵盖思想政治、外语、数学、体育等知识，培养学生基本素养和学习能力。其中，微积…,nan,学制：本专业基本学制为四年，实行弹性修业年限制度，学生在校修业年限可以提前至三年或延长至六年，修满规定的学分准予毕业。 学位：符合学士学位授予条件者，授予管理学士学位。 毕业条件：学生在规定的学习年限内，完成培养方案要求的最低总学分150学分。其中： | | | | | | --- | --- | --- | --- | | 教学环节 | 课程类别 | 门数 | 学分 | | 通识教育 | 通识教育必修课 | 23 | 48 | | 通识教育选修课 | —— | >=10…,CUEB-2025-133,会计学（数智化国际会计）|会计学（数智化国际会计）专业
首都经济贸易大学,2025级,会计学院,注册会计师专门化,注册会计师专门化,会计学（注册会计师专门化）专业学分制本科人才培养方案,,2025级/04会计学院/会计学院培养方案（2025年修订版）报教务处20251028/注册会计师专门化/会计学（注册会计师专门化）专业1-6.docx,01_Markdown培养方案/2025级/04会计学院/会计学院培养方案（2025年修订版）报教务处20251028/注册会计师专门化/会计学（注册会计师专门化）专业1-6.md,本专业培养具备人文精神、科学素养、诚信品质、身心健康和一定的创新创业能力，德、智、体、美、劳全面发展，具备经济、管理、法律、信息技术及会计学、审计学等方面扎实的基本知识及跨学科知识的实践应用能力，具备人工智能与大数据时代会计信息处理和智能决策相关的数智素养，具备较强的会计和审计职业判断能力，能在政府部门、会计师事务所、企事业单位、金融机构等从事会计实务、财务管理、审计、管理咨询等工作的应用型、复合型、创新型和国际化专门人才。具体目标为： 目标1：知识和技能掌握：使学生具有扎实的会计学、审计学等基础理论知识，能够深入理解会计准则、审计准则等实务标准，具备运用会计、审计理论解决实际问题的能力，以适应现代市场经济的复杂多变需求。通过系统的学习和实践，学生能够掌握会计信息的处理和报告技巧，掌握审计证据分析、财务舞弊识…,1.知识要求；1.1 掌握扎实的经济学、管理学等基础知识：掌握从事现代会计、审计工作所必须的经济学、管理学、法学以及信息科学的基本知识，并能将所学知识用于发现、解释、解决会计及审计专业领域的现象和问题；1.2 掌握会计学、审计学等专业知识：系统掌握会计学、审计学的基本理论、基本方法和基本技能，不断学习与了解会计、审计学科的理论前沿和发展动态，尤其是智能会计与智能审计相关发展动态，熟悉国内外会计、审计相关的方针政策法规和国际会计惯例，具有国际视野，具有国际国内情境比较思维；1.3 具备良好的专业外语知识：能够熟练阅读外文会计和审计业务相关的文献，掌握国际财务报告准则和审计准则相关英文表述，可与国际同行就会计、审计专业问题进行书面交流；2.能力要求,（1）主干学科 经济学、管理学、法学 （2）核心课程 经济与管理基础类：《经济学原理》《管理学》，为理解市场经济规律和企业管理基本原理奠定基础。 财务会计类：《会计学基础》《中级财务会计（上、下）》《高级财务会计》，讲授会计核算的基本方法与财务报表的编制等。 审计和财务管理核心类：《审计学》《商业伦理与会计职业道德》《财务管理学》《公司战略与风险管理》，讲授审计、财务管理和会计职业道德的理论、方法及实际应用、公司战略规划与风险管理内容等。 相关法律类：《商法学》《税法》，使学生熟悉商业活动和会计中的法律规范。 数字化与智能财务类：《大数据与智能审计》《会计信息系统》，培养学生运用大数据、人工智能等信息化技术和智能工具进行审计程序与会计处理的能力。 （3）专业知识图谱 底层基础：以通识教育课程为根基，涵盖思想政治、外语、数学、体育等知识，培养学生基本素养和学习能力。其中，微积分、线性代数、概率论与数理统计等数学课程为后续定量分析打下基础；英语课程助力学生具备国际交流和阅读外文文献的能力。 学科支撑：经济学原理、管理学知识构建起学科框架，让学生了解宏观经济环境和企业运营管理模式；商法学…,nan,学制：本专业基本学制为四年，实行弹性修业年限制度，学生在校修业年限可以提前至三年或延长至六年，修满规定的学分准予毕业。 学位：符合学士学位授予条件者，授予管理学学士学位。 毕业条件：学生在规定的学习年限内，完成培养方案要求的最低总学分146学分。其中： | | | | | | --- | --- | --- | --- | | 教学环节 | 课程类别 | 门数 | 学分 | | 通识教育 | 通识教育必修课 | 23 | 48 | | 通识教育选修课 | --- | >=1…,CUEB-2025-134,注册会计师专门化
首都经济贸易大学,2025级,会计学院,财务管理-数据科学与大数据技术双学士学位（报教务处20251028）,财务管理-数据科学与大数据技术双学士学位（报教务处20251028）,学分制本科人才培养方案,,2025级/04会计学院/会计学院培养方案（2025年修订版）报教务处20251028/财务管理-数据科学与大数据技术双学士学位（报教务处20251028）/财务管理-数据科学与大数据技术1-6.docx,01_Markdown培养方案/2025级/04会计学院/会计学院培养方案（2025年修订版）报教务处20251028/财务管理-数据科学与大数据技术双学士学位（报教务处20251028）/财务管理-数据科学与大数据技术1-6.md,财务管理-数据科学与大数据技术双学士学位专业培养全面贯彻党和国家的教育方针，紧密贴合学校的办学定位，深度融入社会经济发展的脉搏，积极响应国家及区域发展战略需求，精准对接财务管理行业发展趋势。致力于培养具备广阔国际视野，能敏锐洞察前沿知识与理念，引领行业发展潮流的高素质人才。通过系统的课程设置与实践教学，促使学生在德育、智育、体育、美育、劳育等方面实现全面发展，为国家和社会输送既精通专业知识，又拥有健全人格与综合素养的财务管理领域卓越人才。具体目标为： 目标1——职业素养塑造： 以数字化时代财经人才需求为导向，通过系统性教学与实操，使学生能够坚守职业操守与数据伦理、融合财务思维与数据思维、适应数字化财务场景，成为兼具财务专业素养与数字化工具应用能力的复合型人才。 目标2——专业能力提升：构建完善的专业课程体系…,1.知识要求；1.1 掌握扎实的经济学、管理学、法学基础知识，深刻理解宏观经济运行规律、企业管理基本原理及经济法律体系框架，能够运用其分析财务问题产生的宏观背景与法律约束；1.2 精通财务管理专业知识，包括财务分析、预算管理、资本运作、风险管理等核心模块，熟悉不同行业财务运作特点，能综合运用专业知识和大数据分析工具进行财务预测、决策与评价；1.3 具备良好的外语知识，能够熟练阅读外文财务文献，掌握国际财务报告准则相关英文表述，可与国际同行就财务专业问题进行书面交流；2.能力要求,（1）主干学科 经济与管理基础类：《经济学原理》《管理学》，为理解市场经济规律和企业管理基本原理奠定基础。 法律类：《商法学》，使学生熟悉商业活动和财务管理中的法律规范。 数学基础类：《统计学》，掌握统计学方法以科学分析数据、发现规律并支持决策。 （2）核心课程 财务管理核心类：《会计学》《财务管理学》《成本管理会计》《财务分析与公司估值》《商业伦理与会计职业道德》《会计信息系统》等，聚焦财务管理的理论、方法及实际应用。 数据科学核心类：《统计与数据科学导论》《Linux系统与C语言》《数据准备》《数据库原理与SQL实践》《机器学习与数据挖掘》等，掌握数据科学全栈能力，构建完整的数据处理技术链。 数字化与智能财务类：《大数据智能财务决策》《Python商业数据分析方法与应用 》《RPA与智能会计》，培养学生运用数字化技术和智能工具进行财务决策与会计处理的能力。 投资类：《金融学》《国际财务管理》《金融风险管理》，教授投资理论和实务操作，包括证券投资、项目投资等。 （3）专业知识图谱 底层基础：以通识教育课程为根基，涵盖思想政治、外语、数学、体育等知识，培养学生基本素养和学习能力。其中…,nan,学制：本专业基本学制为四年，实行弹性修业年限制度，学生在校修业年限可以提前至三年或延长至六年，修满规定的学分准予毕业。 学位：符合学士学位授予条件者，授予管理学学士学位。 毕业条件：学生在规定的学习年限内，完成培养方案要求的最低总学分170学分。其中： | | | | | | --- | --- | --- | --- | | 教学环节 | 课程类别 | 门数 | 学分 | | 通识教育 | 通识教育必修课 | 23 | 48 | | 通识教育选修课 | —— | >=10…,CUEB-2025-135,财务管理-数据科学与大数据技术双学士学位（报教务处20251028）
首都经济贸易大学,2025级,劳动经济学院,人力资源管理,人力资源管理专业,2025级培养方案,120206,2025级/05劳动经济学院/人力资源管理专业/人力资源管理1-6.doc,01_Markdown培养方案/2025级/05劳动经济学院/人力资源管理专业/人力资源管理1-6.md,本专业总体目标是培养适应现代经济与社会发展需求，德智体美劳全面发展的复合型人才，使其具备坚实的理论基础、广阔的国际视野、创新思维以及数字化管理能力，成为面向未来世界的人力资源高级管理精英。具体目标如下： 目标1：价值观与综合素质培养。 培养具有社会主义核心价值观、德智体美劳全面发展的复合型人才，注重职业道德与社会责任感，强化人文关怀意识，使其在民生保障与社会治理中践行公平正义理念。 目标2：实践导向的专业理论与方法培养 本专业强调实践应用，确保学生不仅理解国内外人力资源管理的核心理论、政策法规及发展历程，还能在实际工作中高效运用这些知识。通过实际操作训练和多学科研究方法的学习，学生将掌握人力资源管理领域的前沿理论与工具使用技能。 目标3：实践能力与国际化视野 鼓励学生积极企事业单位人力资源管理项目和实践训练…,人力资源管理的毕业要求旨在培养德才兼备、具有创新能力、国际视野和数字化管理思维的应用型、复合型高素质人力资源管理人才；1.知识要求 掌握扎实的专业基础知识、外语知识，熟悉政策法规与技术工具，形成多学科交叉的知识体系；1.1专业基础知识：系统掌握管理学、经济学、社会学、法学等学科的核心理论，理解人力资源管理、工商管理、劳动经济学、社会保障等领域的专业理论与历史发展脉络；1.2政策法规知识：熟悉熟悉本专业领域相关政策、法律和法规，具备良好的职业道德素养，能够在实践中遵守职业规范；1.3数字技术应用：掌握人工智能、大数据分析等在人力资源管理中的应用，包括数字化人才测评技术和办公软件高级应用实务,主干学科：管理学、经济学 核心课程：管理学、微观经济学、宏观经济学、会计学、人力资源管理导论、劳动法律制度、社会学、劳动经济学、社会保障学、人事心理学、工作分析、组织与管理研究方法、员工招聘、员工培训与开发、绩效管理、薪酬管理、人才发展导论、人力资源战略、雇主品牌管理、人力资源管理学科前沿、公司治理、职业生涯规划、人事测评技术、人事管理经济学、企业战略管理、社会调查设计与数据分析、商业智能数据分析及Stata应用、国际人才管理等。 专业知识图谱如下：,nan,学制：本专业基本学制为四年，实行弹性修业年限制度，学生在校修业年限可以提前至三年或延长至六年，修满规定的学分准予毕业。 学位：符合学士学位授予条件者，授予管理学学士学位。 毕业条件：学生在规定的学习年限内，完成培养方案要求的最低总学分144学分。其中： 教学环节 课程类别 门数 学分 通识教育 通识教育必修课 23 48 通识教育选修课 10 专业教育 专业必修课 12 28 专业选修课 14 27 实践教育（不含课堂实验学分） 27 体质健康测试 通过 总计 140,CUEB-2025-136,人力资源管理|人力资源管理专业
首都经济贸易大学,2025级,劳动经济学院,人力资源管理（实验班）,人力资源管理（实验班）,2025级培养方案,120206,2025级/05劳动经济学院/人力资源管理（实验班）/人力资源管理（实验班）1-6.doc,01_Markdown培养方案/2025级/05劳动经济学院/人力资源管理（实验班）/人力资源管理（实验班）1-6.md,本专业总体目标是培养适应现代经济与社会发展需求，德智体美劳全面发展的复合型人才，使其具备坚实的理论基础、广阔的国际视野、创新思维以及数字化管理能力，成为面向未来世界的人力资源高级管理精英。具体目标如下： 目标1：价值观与综合素质培养。 培养具有社会主义核心价值观、德智体美劳全面发展的复合型人才，注重职业道德与社会责任感，强化人文关怀意识，使其在民生保障与社会治理中践行公平正义理念。 目标2：专业理论与研究方法能力。 通过学习多学科研究方法及接受相关统计软件、大数据分析的实际操作训练，掌握人力资源管理领域的前沿理论与工具使用技能。此外，统掌握国内外人力资源管理领域的核心理论、政策法规及实践发展脉络，熟悉人力资源管理的具体操作流程及实务技巧，强化定量与定性研究方法训练，培养科学思维能力和创新意识，能够独立开展政策…,人力资源管理（实验班）的毕业要求旨在培养德才兼备、具有创新能力、国际视野和数字化管理思维的应用型、复合型高素质人力资源管理人才；1.知识要求 掌握扎实的专业基础知识、外语知识，熟悉政策法规与技术工具，形成多学科交叉的知识体系；1.1专业基础知识：系统掌握管理学、经济学、社会学、法学等学科的核心理论，理解人力资源管理、工商管理、劳动经济学、社会保障等领域的专业理论与历史发展脉络；1.2政策法规知识：熟悉熟悉本专业领域相关政策、法律和法规，具备良好的职业道德素养，能够在实践中遵守职业规范；1.3数字技术应用：掌握人工智能、大数据分析等在人力资源管理中的应用，包括数字化人才测评技术和办公软件高级应用实务,主干学科：管理学、经济学 核心课程：政治经济学、管理学、微观经济学、宏观经济学、会计学、劳动法律制度、劳动经济学、社会保障学、人事心理学、工作分析、组织与管理研究方法、员工招聘、员工培训与开发、绩效管理、薪酬管理、人力资本理论与价值度量、人力资源战略、雇主品牌管理、人力资源管理学科前沿、公司治理、职业生涯规划、人事测评技术、人事管理经济学、企业战略管理、社会调查设计与数据分析、商业智能数据分析及Stata应用、大数据分析在社会科学中的应用、国际人才管理。 专业知识图谱如下：,nan,学制：本专业基本学制为四年，实行弹性修业年限制度，学生在校修业年限可以提前至三年或延长至六年，修满规定的学分准予毕业。 学位：符合学士学位授予条件者，授予管理学学士学位。 毕业条件：学生在规定的学习年限内，完成培养方案要求的最低总学分146学分。其中： 教学环节 课程类别 门数 学分 通识教育 通识教育必修课 23 48 通识教育选修课 10 专业教育 专业必修课 15 34 专业选修课 14 27 实践教育（不含课堂实验学分） 27 体质健康测试 通过 总计 146,CUEB-2025-137,人力资源管理（实验班）
首都经济贸易大学,2025级,劳动经济学院,劳动与社会保障,劳动与社会保障专业,2025级培养方案,120403,2025级/05劳动经济学院/劳动与社会保障专业/劳动与社会保障专业1-6.docx,01_Markdown培养方案/2025级/05劳动经济学院/劳动与社会保障专业/劳动与社会保障专业1-6.md,坚持“立足北京、服务京津冀、面向全国、走向国际”的办学定位，服务国家民生战略、支撑首都社会发展，以建设国内一流、国际知名专业为目标，培养适应新质生产力发展需求与新时代首都建设需要，德智体美劳全面发展，兼具社会主义核心价值观与国际视野，掌握现代劳动与社会保障专业知识体系，具有扎实专业根基、突出数智技能、优秀实践能力的复合创新型人才。通过多方面综合的学习与实践，具备在国家人力资源和社会保障部门等相关部门、企事业单位人力资源管理部门、养老产业从事管理实务工作，以及在科研机构、高等院校从事科研、教学工作的能力。 具体目标包括： 目标1：价值观与综合素质培养。培养具有社会主义核心价值观、德智体美劳全面发展的复合型人才，注重职业道德与社会责任感，强化人文关怀意识，使其在民生保障与社会治理中践行公平正义理念。 目标2：专业…,劳动与社会保障专业的毕业要求旨在培养具备全面素质、扎实知识结构与综合实践能力的复合型人才；1．知识要求 掌握扎实的专业基础知识、外语知识，熟悉政策法规与技术工具，形成多学科交叉的知识体系；1.专业基础知识：系统掌握管理学、经济学、社会学、法学等学科的核心理论，理解劳动就业、社会保障等领域的专业理论与历史发展脉络；2.政策法规知识：熟悉国家劳动法、社会保障法、社会保障政策及国际劳工标准，关注政策动态与改革实践，具备政策分析与解读能力；3.信息技术应用知识：掌握现代信息技术与数据分析工具，适应数字经济发展需求，熟练运用社会保障信息化平台及相关软件,主干学科：管理学、经济学、社会学 核心课程：政治经济学、管理学、微观经济学、宏观经济学、会计学、人力资源管理、劳动法律制度、社会学、劳动经济学、社会保障学、公共管理与公共政策、劳动科学实践中的计量方法、社会保障统计与调查，社会保险学、社会保障基金管理、社会保障经济学、员工福利管理、社会福利政策、企业年金管理、风险管理与保险原理、公共部门人力资源管理、劳动与社会保障国际比较、养老金融学、招聘与培训、绩效与薪酬，劳动与社会保障量化分析、大数据在社会科学中的应用。 专业知识图谱如下：,nan,学制：本专业基本学制为四年，实行弹性修业年限制度，学生在校修业年限可以提前至三年或延长至六年，修满规定的学分准予毕业。 学位：符合学士学位授予条件者，授予管理学学士学位。 毕业条件：学生在规定的学习年限内，完成培养方案要求的最低总学分142学分。其中： | | | | | | --- | --- | --- | --- | | 教学环节 | 课程类别 | 门数 | 学分 | | 通识教育 | 通识教育必修课 | 23 | 47 | | 通识教育选修课 | | 10 | |…,CUEB-2025-138,劳动与社会保障|劳动与社会保障专业
首都经济贸易大学,2025级,劳动经济学院,劳动关系,劳动关系专业,2025级培养方案,120211T,2025级/05劳动经济学院/劳动关系专业/劳动关系专业1-6.docx,01_Markdown培养方案/2025级/05劳动经济学院/劳动关系专业/劳动关系专业1-6.md,目标1：毕业生应具备德智体美劳全面发展的素质，不仅具备专业素养，还具备良好的道德品质、健康的体魄、丰富的审美素养和扎实的劳动技能。他们应能够积极参与社会实践和公益活动，展现新时代劳动者的风采。 目标2：培养具有坚实专业基础和广泛国际视野的劳动关系专业人才。毕业生应具备扎实的劳动关系理论知识和实践技能，了解国际劳动关系的发展趋势和先进理念，能够运用所学知识分析和解决国内外劳动关系领域的实际问题。 目标3：毕业生应具备强烈的创新意识和实践能力，能够在劳动关系领域开展前沿研究和创新实践。他们应能够针对行业发展趋势和市场需求，提出创新性的解决方案，推动劳动关系管理的创新和发展。 目标4：毕业生应适应社会经济发展需要，服务国家和区域发展战略，能够在政府、企业、工会等组织中从事劳动关系管理、人力资源开发、劳动法律事务等工…,1．知识要求；1.1 掌握扎实的专业基础知识：毕业生应深入理解劳动关系的理论基础、法律法规、政策制度以及劳动关系管理的实践方法，能够熟练运用这些知识分析劳动关系领域的实际问题；1.2 熟练掌握外语知识：毕业生应具备较好的英语或其他外语听说读写能力，能够阅读和理解国际劳动关系领域的文献和资料，进行国际交流与合作；1.3 具备跨学科知识：毕业生应了解经济学、管理学、法学等相关学科的基本知识，能够运用跨学科视角分析劳动关系问题，提出综合性的解决方案；2．能力要求,主干学科：管理学、微观经济学、宏观经济学、政治经济学、劳动经济学、会计学、人力资源管理、社会学。 核心课程：劳动关系学、劳动社会学、劳动法律制度、劳动争议处理、集体协商与集体合同、员工关系管理、职业安全与健康管理、员工参与理论与实务、工会与工人运动、劳动关系管理案例与体验、劳动政策与劳动关系治理、企业社会责任与ESG。 专业知识图谱： 学科基础理论 劳动市场分析 劳动人事管理 劳动法律与政策 产业关系 社会福利与保障 统计与数据分析 数据收集与处理、劳动统计方法、劳动关系数据分析等 劳动关系学、社会学、劳动经济学、劳动法、社会保障法等 劳动力市场政策、就业与失业、劳动力供给与需求、职业发展与职业指导等 员工关系管理、劳动组织与工作设计、人力资源管理、绩效管理等 集体协商与集体合同、劳动监察与执法、劳动争议处理、劳动法规解读等 雇主组织与雇主策略、工会组织与工会运动、产业民主管理等 社会保障制度、员工福利管理、社会救助与福利政策等 劳动关系专业,nan,学制：本专业基本学制为四年，实行弹性修业年限制度，学生在校修业年限可以提前至三年或延长至六年，修满规定的学分准予毕业。 学位：符合学士学位授予条件者，授予管理学学士学位。 毕业条件：学生在规定的学习年限内，完成培养方案要求的最低总学分140学分。其中： | | | | | | --- | --- | --- | --- | | 教学环节 | 课程类别 | 门数 | 学分 | | 通识教育 | 通识教育必修课 | 23 | 48 | | 通识教育选修课 | | 10 | |…,CUEB-2025-139,劳动关系|劳动关系专业
首都经济贸易大学,2025级,劳动经济学院,劳动经济学,劳动经济学专业,2025级培养方案,020107T,2025级/05劳动经济学院/劳动经济学专业/劳动经济学专业1-6.docx,01_Markdown培养方案/2025级/05劳动经济学院/劳动经济学专业/劳动经济学专业1-6.md,劳动经济学专业旨在培养具备社会主义核心价值观、政治素质过硬、劳动情怀深厚、经济理论基础扎实、专业实践能力突出的适应中国特色社会主义市场经济需要的高素质复合型人才。具体培养目标包括： 目标1：系统学习现代劳动经济学的基本理论，培养学生扎实的劳动经济学的理论素养，具备较强的理论分析能力； 目标2：系统学习现代劳动经济学的研究方法，培养学生扎实的经济研究方法基础，具备一定的实证研究能力； 目标3：全面学习我国宏观劳动资源的分配规律，培养学生从国情特别是首都实际情况出发评估劳动力市场运行情况的能力； 目标4：系统学习我国微观企业劳动力资源配置规律，培养学生依据国情特别是首都实际情况开展实践工作的能力。 目标5：劳动经济学专业的基本任务是为中央以及北京市各级政府部门和事业单位、教学和科研机构、各类企业单位，培养经济理论…,学生政治素质良好，有志于中国社会主义建设，具有扎实的专业基础和较强的分析、解决实际问题的能力；1.知识要求 建立多维知识体系；1.1 掌握经济学的基本理论和分析方法，熟悉劳动经济学科整体理论框架和主要知识；1.2 熟悉国情，熟悉国家经济建设和经济改革等方面的基本方针、政策和法规，深刻理解国家关于劳动经济问题的处理原则、思路和主要政策；1.3了解经济学的理论前沿和中国经济社会实际运行状况，熟悉中国经济改革尤其是劳动经济领域需要解决的重大问题,主干学科：管理学、微观经济学、宏观经济学、计量经济学、统计学、管理学、会计学、劳动经济学。 核心课程：劳动力市场与公共政策、劳动法律制度、人口与家庭经济学、健康经济学、收入分配与共同富裕、人事管理经济学、绩效与薪酬、数字经济学、数据分析与计量经济学编程、行为与实验经济学、论文选题与写作、人力资源管理、劳动关系学、社会学。,nan,学制：本专业基本学制为四年，实行弹性修业年限制度，学生在校修业年限可以提前至三年或延长至六年，修满规定的学分准予毕业。 学位：符合学士学位授予条件者，授予经济学学士学位。 毕业条件：学生在规定的学习年限内，完成培养方案要求的最低总学分139学分。其中： | | | | | | --- | --- | --- | --- | | 教学环节 | 课程类别 | 门数 | 学分 | | 通识教育 | 通识教育必修课 | 23 | 48 | | 通识教育选修课 | | 10 | |…,CUEB-2025-140,劳动经济学|劳动经济学专业
首都经济贸易大学,2025级,劳动经济学院,社会工作,社会工作专业,2025级培养方案,030302,2025级/05劳动经济学院/社会工作专业/社会工作专业1-6.docx,01_Markdown培养方案/2025级/05劳动经济学院/社会工作专业/社会工作专业1-6.md,本专业立足推进国家治理体系和治理能力现代化、加强和创新社会治理、服务首都功能和北京“四个中心”建设对社会工作人才的迫切需求，培养具有社会主义核心价值观，适应社会主义和谐社会建设与人的全面发展需要，具备社会学、心理学、经济学、政治学、管理学、法学基础，掌握专业社会工作的价值、方法与技能，了解社会工作理论与实践前沿，具有国际视野和创新意识，思想品德优良、专业信念执着、知识结构丰富、实践能力过硬的创新型、复合型、应用型、国际化高素质社会工作人才。 具体目标如下： 目标1：专业素养与实践能力 培养学生具备扎实的社会工作专业知识和技能，熟练掌握社会工作理论、方法和实务技巧，能够运用社会调查、个案管理、群体社会工作、社区社会工作等方法解决实际社会问题。 目标2：数智化与创新思维 结合新质生产力发展需求，培养学生掌握数智化…,1．知识要求 掌握扎实的专业基础知识、外语知识、语文知识、政策法规知识、信息技术知识：；1.1 专业基础知识：系统掌握社会学、心理学、法学和经济管理的基础知识，熟悉社会工作的基本理论，了解社会工作学科的发展动态；1.2 外语知识：掌握一门外语，能够熟练阅读和理解专业外文文献，具备基本的外语交流能力；1.3 语文知识：掌握正确的语言表达艺术与技巧，能够运用母语撰写文件、报告、掌握良好扎实的写作功底；1.4 政策法规知识：熟悉社会政策及法律法规，能够运用相关知识分析和解决实际问题,主干学科：社会学 提供社会工作理论和实践的基础，帮助学生理解社会结构、社会问题及社会变迁。 心理学 关注个体心理发展与行为，支持社会工作者在个案和群体工作中的介入。 法学 涉及社会工作相关法律法规，为服务对象提供法律支持和权益保障。 公共管理学 涉及社会政策分析与社会服务体系建设，促进社会治理能力提升。 核心课程：社会工作概论 系统介绍社会工作的基本理论、历史发展、价值观及专业伦理。 个案社会工作 掌握个案工作中的评估、计划、介入与评估技巧。 小组社会工作 学习小组工作的理论与方法，培养促进小组成员互动与成长的能力。 社区社会工作 聚焦社区发展与治理，掌握社区问题解决与资源整合技巧。 社会政策 理解社会政策制定与实施过程，分析政策对社会问题的影响。 社会工作研究方法 掌握社会工作领域的定性与定量研究方法，提升实务中的研究能力。 社会服务管理 涉及社会服务机构的管理与评估，提升组织服务效能。 社会工作实习 结合案例分析与模拟实践，提升学生的专业技能。 社会福利 探讨社会福利体系的构建与发展，关注社会公平与民生保障。 专业知识图谱：,nan,学制：本专业基本学制为四年，实行弹性修业年限制度，学生在校修业年限可以提前至三年或延长至六年，修满规定的学分准予毕业。 学位：符合学士学位授予条件者，授予法学学士学位。 毕业条件：学生在规定的学习年限内，完成培养方案要求的最低总学分133学分。其中： | | | | | | --- | --- | --- | --- | | 教学环节 | 课程类别 | 门数 | 学分 | | 通识教育 | 通识教育必修课 | 22 | 40 | | 通识教育选修课 | | 10 | | 专…,CUEB-2025-141,社会工作|社会工作专业
首都经济贸易大学,2025级,文化与传播学院,传播学专业学分制,传播学25年培养方案,传播学专业学分制本科人才培养方案,050304,2025级/06文化与传播学院/传播学25年培养方案/250421-传播学1-6.docx,01_Markdown培养方案/2025级/06文化与传播学院/传播学25年培养方案/250421-传播学1-6.md,本专业以立德树人为根本，面向媒体发展前沿，培养具有正确的世界观、人生观和价值观，具备宽厚的人文底蕴和扎实的社会科学基础，系统掌握传播理论和技能，具备马克思主义新闻观，拥有先进的媒介经营管理理念，熟悉传媒产业的法规、政策与伦理，具备全媒体内容生产与传播能力，能在党政机关、企业、传媒和其他社会组织中从事新闻生产、文化传播、产品运营、品牌推广、公共关系等领域的相关工作，适应数智媒介时代要求的复合型、应用型、国际化传媒人才。 目标1：具备宽厚的人文底蕴和扎实的社会科学基础 具备深厚的人文底蕴，包括对文化、历史、哲学、文学等领域的理解和素养；同时，掌握扎实的社会科学基础，涵盖社会学、心理学、政治学等学科知识，为专业学习和发展提供坚实支撑。 目标2：系统掌握传播理论和技能，具备马克思主义新闻观 系统学习传播学、新闻学等领…,1.知识要求；1.1 与专业相关的系统知识：掌握传播学领域的系统知识，包括新闻学、传播学、社会学等相关领域的理论知识，熟悉新闻传播的基本规律、原则和方法；1.2 媒体法规、伦理与政策知识：熟悉传媒产业的法规、制度、伦理和政策；1.3 传媒经营管理知识：了解传媒产业的前沿动态，掌握媒体经营管理的先进理念，能够将经济学、管理学、市场营销学等领域的知识与传播学相结合；2.能力要求,主干学科：新闻传播学 核心课程：马克思主义新闻观、中外新闻传播史、传播学概论、新闻学概论、影视编导、视听语言、媒介经营与管理、媒介策划与运营实务、网络与新媒体概论、传播学研究方法、传播法,nan,学制：本专业基本学制为四年，实行弹性修业年限制度，学生在校修业年限可以提前至三年或延长至六年，修满规定的学分准予毕业。 学位：符合学士学位授予条件者，授予文学学士学位。 毕业条件：学生在规定的学习年限内，完成培养方案要求的最低总学分139学分。其中： | | | | | | --- | --- | --- | --- | | 教学环节 | 课程类别 | 门数 | 学分 | | 通识教育 | 通识教育必修课 | 30 | 47 | | 通识教育选修课 | | 10 | | 专…,CUEB-2025-142,传播学专业学分制|传播学25年培养方案
首都经济贸易大学,2025级,文化与传播学院,2025级培养方案模板,广告学25年培养方案,2025级培养方案模板,050303,2025级/06文化与传播学院/广告学25年培养方案/20250421-广告学1-6.docx,01_Markdown培养方案/2025级/06文化与传播学院/广告学25年培养方案/20250421-广告学1-6.md,本专业以立德树人为根本任务，以马克思主义新闻观为统领，培养具备社会责任感和职业道德，掌握营销学、传播学、心理学、文化学的基础理论，通晓数字化、智能化时代的广告策划、创作与经营管理技能，具备创新能力和专精业务技能的应用型、复合型、国际化高级专门人才。学生能够熟练运用AIGC技术与品牌战略思维，胜任广告公司、媒体、政府机构及科技企业等单位的广告创作与策划运营工作。 本专业以“T-ABC”为核心培养理念，构建适应AI时代广告行业需求的培养体系： T（Technology）技术驱动：以AIGC技术为核心驱动力，培养学生掌握人工智能、大数据、数字营销等前沿技术，具备运用AI思维进行广告创作、策划与数据分析的能力，成为技术赋能的广告创新者。 A（Art-Aesthetic Consciousness）以审美意识的培养促进…,1．知识要求 掌握扎实的专业基础知识、外语知识及相关学科知识，具备跨学科融合的知识结构，适应数智时代广告行业的发展趋势；1.1 专业基础知识：系统掌握广告学、传播学、市场营销学等学科的基本理论和方法，熟悉广告策划、创意、设计、媒介策略等核心专业知识，能够结合数智技术进行创新应用；1.2 数字营销与媒体知识：通晓数字营销理念、现代数字媒体技术及广告行业前沿动态，掌握大数据分析、人工智能、社交媒体营销等领域的理论与实践，具备数智化广告运营的能力；1.3 政策与法规知识：熟悉广告行业的方针政策、法律法规及行业伦理规范，了解文化创意产业与广告产业的运营模式，能够在数智化环境中合规开展广告活动；1.4 人文社科知识：具备坚实的人文科学、社会科学知识基础，具有较高的文化涵养和文学艺术修养，能够在广告创作中融入文化价值和社会责任,主干学科：广告学、传播学、经济学、管理学、市场营销学 核心课程：广告学概论、中外广告史、计算广告学、创意思维训练、设计思维导引、消费者心理与行为、AIGC与图像处理、数字广告策划与智能投放、广告经营管理决策模拟等 专业知识图谱：,nan,学制：本专业基本学制为四年，实行弹性修业年限制度，学生在校修业年限可以提前至三年或延长至六年，修满规定的学分准予毕业。 学位：符合学士学位授予条件者，授予文学学士学位。 毕业条件：学生在规定的学习年限内，完成培养方案要求的最低总学分140学分。其中： | | | | | | --- | --- | --- | --- | | 教学环节 | 课程类别 | 门数 | 学分 | | 通识教育 | 通识教育必修课 | 26 | 48 | | 通识教育选修课 | | 10 | | 专…,CUEB-2025-143,2025级培养方案模板|广告学25年培养方案
首都经济贸易大学,2025级,管理工程学院,2025级培养方案模板,信管培养方案,2025级培养方案模板,120102,2025级/07管理工程学院/信管培养方案/信管培养方案1-6.docx,01_Markdown培养方案/2025级/07管理工程学院/信管培养方案/信管培养方案1-6.md,本专业培养目标坚持“价值引领、五育并举”的育人导向，将专业育人与思政育人有机融合，旨在培养具备系统思维、数智化技术应用能力和创新精神的高素质复合型人才，能够在各类企事业单位及现代服务等领域胜任信息系统分析、设计、开发、实施与优化等方面工作，能够利用大数据、区块链、人工智能等数智化技术提升信息系统的效率与价值，服务国家战略和区域经济发展。 目标1：具有家国情怀与职业素养。践行社会主义核心价值观，具备良好的职业道德和社会责任感。 目标2：掌握扎实的专业理论基础。具备信息系统分析、设计、开发、实施和维护的专业技能，能够运用数智化技术进行金融等领域数据分析与挖掘，为各管理决策及量化投资提供支持。 目标3：具备较强的创新意识和实践能力。能够运用所学知识进行信息系统项目的开发和管理，并能够在实践中不断学习和提升，解决量化…,1．知识要求；1.1 专业基础知识：掌握信息管理与信息系统的基本理论、方法和技术，包括数据库原理、数据结构、计算机网络、信息系统分析与设计等；1.2 外语知识：具备良好的英语听说读写能力，能够阅读和理解英文专业文献，并能够进行基本的英语交流；1.3 量化投资领域知识：掌握数据挖掘、统计分析、金融建模等量化投资领域的核心知识，了解人工智能等新兴技术在量化投资领域的应用；1.4 跨学科知识：了解管理学、经济学、统计学等相关学科的基础知识，能够将信息管理与信息系统知识与其他学科知识相结合，解决跨学科领域的实际问题,主干学科：管理学、系统科学、数学、计算机科学。 核心课程：管理学、经济学原理、面向对象程序设计、数据结构、计算机网络技术与应用、数据分析理论与实践（双语）、信息管理概论、运筹学、管理信息系统、数据库原理与应用、Web开发技术与实践、机器学习与量化投资。 专业知识图谱：,nan,学制：本专业基本学制为四年，实行弹性修业年限制度，学生在校修业年限可以提前至三年或延长至六年，修满规定的学分准予毕业。 学位：符合学士学位授予条件者，授予管理学学士学位。 毕业条件：学生在规定的学习年限内，完成培养方案要求的最低总学分150学分。其中： | | | | | | --- | --- | --- | --- | | 教学环节 | 课程类别 | 门数 | 学分 | | 通识教育 | 通识教育必修课 | 23 | 50 | | 通识教育选修课 | —— | 10 |…,CUEB-2025-144,2025级培养方案模板|信管培养方案
首都经济贸易大学,2025级,管理工程学院,2025级培养方案模板,信管（商务智能）培养方案,2025级培养方案模板,120102,2025级/07管理工程学院/信管（商务智能）培养方案/信管（商务智能）培养方案1-6.docx,01_Markdown培养方案/2025级/07管理工程学院/信管（商务智能）培养方案/信管（商务智能）培养方案1-6.md,本专业培养目标坚持“价值引领、五育并举”的育人导向，将专业育人与思政育人有机融合，旨在培养具备系统思维、数智化技术应用能力和创新精神的高素质复合型人才，能够在各类企事业单位及现代服务等领域胜任信息系统分析、设计、开发、实施与优化等方面工作，能够利用大数据、区块链、人工智能等数智化技术提升信息系统的效率与价值，服务国家战略和区域经济发展。 目标1：具有家国情怀与职业素养。践行社会主义核心价值观，具备良好的职业道德和社会责任感。 目标2：掌握扎实的专业理论基础。具备信息系统分析、设计、开发、实施和维护的专业技能，能够运用数智化技术进行数据分析与挖掘，为各领域的管理决策提供支持。 目标3：具备较强的创新意识和实践能力。能够运用所学知识进行信息系统项目的开发和管理，并能够在实践中不断学习和提升，解决商务智能领域实际问…,1．知识要求；1.1 专业基础知识：掌握信息管理与信息系统的基本理论、方法和技术，包括数据库原理、数据结构、计算机网络、信息系统分析与设计等；1.2 外语知识：具备良好的英语听说读写能力，能够阅读和理解英文专业文献，并能够进行基本的英语交流；1.3 商务智能领域知识：掌握数据挖掘、商务智能系统等商务智能领域的核心知识，了解大数据、区块链、人工智能等新兴技术在商务智能领域的应用；1.4 跨学科知识：了解管理学、经济学、统计学等相关学科的基础知识，能够将信息管理与信息系统知识与其他学科知识相结合，解决跨学科领域的实际问题,主干学科：管理学、系统科学、数学、计算机科学。 核心课程：管理学、经济学原理、面向对象程序设计、数据结构、计算机网络技术与应用、数据分析理论与实践（双语）、信息管理概论、运筹学、管理信息系统、数据库原理与应用、Web开发技术与实践、商务智能与数据挖掘。 专业知识图谱：,nan,学制：本专业基本学制为四年，实行弹性修业年限制度，学生在校修业年限可以提前至三年或延长至六年，修满规定的学分准予毕业。 学位：符合学士学位授予条件者，授予管理学学士学位。 毕业条件：学生在规定的学习年限内，完成培养方案要求的最低总学分150学分。其中： | | | | | | --- | --- | --- | --- | | 教学环节 | 课程类别 | 门数 | 学分 | | 通识教育 | 通识教育必修课 | 23 | 51 | | 通识教育选修课 | —— | 10 |…,CUEB-2025-145,2025级培养方案模板|信管（商务智能）培养方案
首都经济贸易大学,2025级,管理工程学院,安全工程（注安师）,安全工程（注安师）,2025级培养方案模板,082901,2025级/07管理工程学院/安全工程（注安师）/安全工程（注册安全工程师）专业1-6-0508.doc,01_Markdown培养方案/2025级/07管理工程学院/安全工程（注安师）/安全工程（注册安全工程师）专业1-6-0508.md,本专业面向新时代首都发展需求和新质生产力发展要求，培养德智体美劳全面发展，具备扎实的安全工程专业基础，良好的人文素养和社会责任感，较强的数智化应用能力，一定的实践能力和国际化视野，掌握安全工程、应急和职业卫生相关的理论知识和技能，具有安全技术和安全管理能力，能够适应新质生产力发展要求和新时代首都发展需要的“三型一化”（创新型、复合型、应用型、国际化）拔尖创新人才。毕业生能够在工贸、建筑、化工、交通、城市安全、公共服务等领域从事安全科学研究、安全技术与设计、安全监察与管理、安全风险评估、安全教育与培训、应急救援与事故调查等方面及其数智化相关工作。 毕业生经过5年左右的工作实践，预期达到以下成就： 培养目标1（职业能力）：具备安全管理、安全技术、安全管理及相关行业的理论知识和实践技能，具备注册安全工程师或安全评价…,安全工程人才培养主要面向从事生产和城市运行安全中的安全管理及初步安全设计、安全评估、技术咨询服务，毕业时达到见习安全工程师技术能力要求。本专业将学生体质健康测试作为毕业审核要求，通过学生体质健康测试是毕业条件之一。 1工程知识：能够将数学、自然科学、计算、工程基础和专业知识用于解决复杂工程问题。 2问题分析：能够应用数学、自然科学和工程科学的第一性原理，识别、表达并通过文献研究分析复杂工程问题，综合考虑可持续发展的要求，以获得有效结论。 3设计/开发解决方案：能够针对复杂工程问题开发和设计解决方案，设计满足特定需求的系统、单元(部件)或工艺流程，体现创新性，并从健康与安全、全生命周期成本与净零碳要求、法律与伦理、社会与文化等角度考虑可行性。 4研究：能够基于科学原理并采用科学方法对复杂工程问题进行研究，包括设计实验、分析与解释数据、并通过信息综合得到合理有效的结论。 5使用现代工具：能够针对复杂工程问题，开发、选择与使用恰当的…,主干学科：工程制图、工程力学、流体力学、电工学、系统安全工程、安全人机工程学、机械设计基础 核心课程：机械安全工程及课程设计、电气安全工程及课程设计、锅炉压力容器安全及课程设计、防火防爆技术及课程设计、安全管理学、职业卫生工程学、安全生产法律法规 专业知识图谱： 1. 基础科学知识 高等数学、概率论与数理统计、工程力学、流体力学、热工基础、电工学 2. 工程设计与分析 工程制图、机械设计基础、系统安全工程、安全人机工程学 3. 安全工程技术 机械安全工程及课程设计、电气安全工程及课程设计、锅炉压力容器安全及课程设计、防火防爆技术及课程设计 4. 安全管理与法规 安全管理学、安全生产法律法规、安全保险学 5. 职业卫生与健康 职业卫生工程学、职业卫生工程实验、工业防毒技术、职业危害评价 6. 综合应用与实践 安全评价综合实训、人工智能与安全工程应用、消防工程综合实训、安全管理信息系统综合实训,nan,学制：本专业基本学制为四年，实行弹性修业年限制度，学生在校修业年限可以提前至三年或延长至六年，修满规定的学分准予毕业。 学位：符合学士学位授予条件者，授予工学学士学位。 毕业条件：学生在规定的学习年限内，完成培养方案要求的最低总学分150学分。其中： 教学环节 课程类别 门数 学分 通识教育 通识教育必修课 22 48 通识教育选修课 --- 10 专业教育 专业必修课 21 41 专业选修课 38 22 实践教育（不含课堂实验学分） 6 29 体质健康测试 通过 总计 8…,CUEB-2025-146,安全工程（注安师）
首都经济贸易大学,2025级,管理工程学院,工业工程,工业工程,工业工程专业专业学分制本科人才培养方案,120701,2025级/07管理工程学院/工业工程/工业工程专业1-6.docx,01_Markdown培养方案/2025级/07管理工程学院/工业工程/工业工程专业1-6.md,工业工程专业旨在培养拥有国际视野、系统思维、创新精神、精益思想、持续优化与改进技能和运筹帷幄能力的工程与管理复合型创新人才，能够在各类企事业单位及现代服务等领域胜任各类运营管理、设计与改善、管理与控制、决策与优化等方面工作，能够致力于提升工业与服务系统效率，改善人们的工作与生活质量，推动国民经济与社会发展进步。 目标1：具有正确社会主义核心价值观，具有规范使用语言文字的意识和应用能力，具有较高外语水平和计算机能力。 目标2：掌握工程学、管理学、经济学等方面的基本知识，掌握扎实与宽广的工业工程专业知识，具备分析问题与管理优化能力，能够改善工业与服务系统的效率。 目标3：具有扎实的理论基础、较强的应用和管理过程分析优化能力。 目标4：具备系统思维、批判性思维和创新精神，具有较好的沟通、组织和协作能力，能够在跨学科…,1．知识要求 掌握扎实的工业与管理专业知识、计算机和外语技能，具备一定的跨学科知识，能够适应复杂多变的管理科学领域；1.1 专业基础知识： 掌握经济学、管理学、系统工程学、运筹学、工业工程学、人机工程学等基本理论和基本知识；1.2 外语知识： 具备基本的英语或其他外语听说读写能力，能够阅读和理解专业相关的外文文献和资料；1.3 跨学科知识： 掌握一定的数学、计算机科学等相关学科领域的知识，并能将其应用于解决管理问题；2．能力要求 具备过硬的自主学习能力、沟通表达能力、专业技术能力、学术创新能力以及团队协作能力,主干学科：管理科学与工程 核心课程：智慧工业工程导论、建模与仿真、运筹学、系统工程、管理方法论、高级运筹学、数据分析与Python编程、基础工业工程、智能物流系统与设施规划、人因工程、质量管理工程、生产计划与控制（双语）。 专业知识图谱：,nan,学制：本专业基本学制为四年，实行弹性修业年限制度，学生在校修业年限可以提前至三年或延长至六年，修满规定的学分准予毕业。 学位：符合学士学位授予条件者，授予管理学学士学位。 毕业条件：学生在规定的学习年限内，完成培养方案要求的最低总学分151学分。其中： | | | | | | --- | --- | --- | --- | | 教学环节 | 课程类别 | 门数 | 学分 | | 通识教育 | 通识教育必修课 | 22 | 56 | | 通识教育选修课 | —— | 10 |…,CUEB-2025-147,工业工程
首都经济贸易大学,2025级,管理工程学院,数据科学与大数据技术（信息技术）,数据科学与大数据技术（信息技术）,数据科学与大数据技术（信息技术）专业学分制本科人才培养方案,080910T,2025级/07管理工程学院/数据科学与大数据技术（信息技术）/数据科学与大数据技术（信息技术）1-6-2025.docx,01_Markdown培养方案/2025级/07管理工程学院/数据科学与大数据技术（信息技术）/数据科学与大数据技术（信息技术）1-6-2025.md,本专业旨在培养具有正确的社会主义核心价值观以及规范使用语言文字的意识和应用能力，德、智、体、美全面发展，以信息技术为基础，系统掌握数据科学与大数据技术等专业知识，具有搜集、整理、分析和呈现大数据的基本能力，能够熟练使用在大数据架构上的基本工具进行数据分析，为企业、咨询和研究机构解决实际问题的应用型大数据分析人才。 依托于首都经济贸易大学在管理和经济学科的优势，本专业将统计学与信息科学相结合，注重多学科的协同与创新，由统计学院和管理工程学院共同合作完成，充分体现了交叉学科的特点优势。培养具有坚实信息技术基础知识、有较强数理统计分析能力的，且能掌握丰富的数据分析方法与工具、能熟悉常见的大数据分析平台和环境的，同时具有实践创新能力、能够从事经济、管理、金融等多领域的数据分析工作的，并且能面向行业、产业需求的应用型…,1．知识要求；1.1 外语水平：熟练掌握一门外语，能够在听、说、读、写、译等方面达到较高水平，具备较强的跨文化沟通能力；1.2 思想政治理论：具备完善的政治思想理论，树立马克思主义世界观，正确的政治观，科学的人生价值观与社会主义道德观，具备良好的社会责任感和国家意识；1.3 数据科学基础知识：掌握数据科学与大数据技术的基本理论、方法和技术，具备全面理解和应用大数据技术的能力；1.4 数学基础：牢固掌握概率统计的基础理论，深化数理理论功底，能够运用数学知识分析和解决复杂问题,主干学科：数据科学、统计学、人工智能等。 核心课程：数学分析、高等代数、数据科学的概率基础、人工智能导论、人工智能素养、面向对象程序设计（JAVA）、数据科学的计算机基础、数据科学导论、数据科学的统计基础、数据库原理与应用、抽样技术与应用、回归分析、分布式计算、时间序列分析、数据结构、统计编程基础、程序设计语言（Python）、数据仓库与数据挖掘、机器学习、大数据预处理、数据科学算法 专业知识图谱：,nan,学制：本专业基本学制为四年，实行弹性修业年限制度，学生在校修业年限可以提前至三年或延长至六年，修满规定的学分准予毕业。 学位：符合学士学位授予条件者，授予理学学士学位。 毕业条件：学生在规定的学习年限内，完成培养方案要求的最低总学分150学分。其中： | | | | | | --- | --- | --- | --- | | 教学环节 | 课程类别 | 门数 | 学分 | | 通识教育 | 通识教育必修课 | 23 | 55 | | 通识教育选修课 | —— | 10 |…,CUEB-2025-148,数据科学与大数据技术（信息技术）
首都经济贸易大学,2025级,财政税务学院,税收学（税务师）,税收学（税务师）,税收学（税务师）专业学分制本科人才培养方案,,2025级/08财政税务学院/08财政税务学院/税收学（税务师）/附件1-1：税收学专业培养方案1-6.docx,01_Markdown培养方案/2025级/08财政税务学院/08财政税务学院/税收学（税务师）/附件1-1：税收学专业培养方案1-6.md,立足党和国家的教育方针，结合学校发展定位，税收学专业旨在培养思想政治过硬，系统掌握税收理论与政策，并熟练运用所学知识和技能，有效应对各种涉税问题，具备高综合素质、高专业技能、高创新能力，能够在税务、司法等国家机关、企业、涉税专业服务机构等相关部门发挥重要作用的基础实、视野广、能力强的复合型、应用型高级税务人才。具体培养目标如下： 目标1：思想政治过硬，德智体美劳全面发展。培养学生践行社会主义核心价值观，增强使命感与责任感，德智体美劳全面发展，在税务领域以高尚的职业道德服务国家经济和社会发展。 目标2：系统掌握税收理论与政策，具备扎实的专业基础。系统掌握税收理论、政策和法规，具备解读制度与应用政策的能力，能够有效支持税收工作决策和制度创新，为推动税制完善和治理能力现代化提供理论支持。 目标3：熟练运用数智化工具…,1．知识要求 掌握扎实的通识教育知识、学科基础知识、专业知识、相关学科知识；1.1 通识教育知识：掌握社会科学、自然科学、信息技术等通识教育知识，包括马克思主义、毛泽东思想和中国特色社会主义理论体系、习近平新时代中国特色社会义主思想、大学英语、微积分、线性代数、人工智能、国家安全教育等，具备一定的跨学科思维；1.2 学科基础知识：掌握经济学、会计学、统计学等学科基础知识，为深入学习税收学专业知识奠定基础；1.3 专业知识：掌握税收学专业知识，包括税收学、中国税制、国际税收等，能够运用专业知识解释税收领域的现象和问题；1.4相关学科知识：了解财政学、会计学等相关学科知识，知晓这些学科与税收学的交叉融合点，以便从多学科视角分析税收问题,主干学科：应用经济学 相关学科：理论经济学、管理学 核心课程：微观经济学、宏观经济学、政治经济学、会计学、统计学、财政学、税收学、中国税制、国际税收（双语）、税收筹划 1. 专业知识逻辑层次图谱 微观经济学、宏观经济学、政治经济学 基础知识 学科基础知识 财政学、税收学、统计学、会计学、财务会计学 专业基础知识 专业 核心知识 中国税制、国际税收（双语）、税收筹划 税收征管制度、税收最新政策解读、 税收前沿问题 税收理论与政策 税收实务知识 涉税服务实务、纳税评估、税务与公司理财、涉税相关制度及案例分析、金融税收 专业 方向知识 税收技术工具 大数据与税收风险管理、税务计量分析、AI效率工具与涉税文书 外国税制（双语）、财务管理学、高级财务会计、审计学、中国税收史、经典论文解析与论文写作、资产评估、政府预算 税收拓展知识 2.专业知识学科领域图谱,nan,学制：本专业基本学制为四年，实行弹性修业年限制度，学生在校修业年限可以提前至三年或延长至六年，修满规定的学分准予毕业。 学位：符合学士学位授予条件者，授予经济学学士学位。 毕业条件：学生在规定的学习年限内，完成培养方案要求的最低总学分140学分。其中： | | | | | | --- | --- | --- | --- | | 教学环节 | 课程类别 | 门数 | 学分 | | 通识教育 | 通识教育必修课 | 23 | 48 | | 通识教育选修课 | | 10 | |…,CUEB-2025-149,税收学（税务师）
首都经济贸易大学,2025级,财政税务学院,财政学,财政学专业,财政学专业学分制本科人才培养方案,020201K,2025级/08财政税务学院/08财政税务学院/财政学专业/附件1-1：财政学专业本科培养方案1-6.docx,01_Markdown培养方案/2025级/08财政税务学院/08财政税务学院/财政学专业/附件1-1：财政学专业本科培养方案1-6.md,本专业培养具有社会主义核心价值观，适应数字经济时代发展要求和首都发展需要，德智体美劳全面发展，财税知识扎实，数智素养加持，实践、创新、合作能力显著，能够在数智化变迁背景下胜任各级政府财税部门、经济管理部门、事业单位、金融机构和企业以及非营利性组织的公共经济分析、财政税务管理、国有资产管理、财务管理等工作的专业人才。 1．培养目标 目标1：财税兼顾，知识积累。通过系统的课程设置和实践，使学生在财政税收领域具备扎实的理论基础和广泛的知识储备，同时培养学生的综合能力和职业素养，为职业发展打下坚实基础。 目标2：数智融入，丰富技能。通过针对性的课程安排，如《人工智能素养》《政府会计、财政信息分析与AI应用》等系列内容，使学生掌握财税领域专业知识与数字化、智能化相结合的技能。 目标3：理财有序，多样成长。培养学生在财政…,符合学校办学理念和人才培养目标要求，参考国家有关政策、标准和行业人才需求，对本专业学生在毕业时应达到知识、能力和素质等方面的要求；1．知识要求 掌握扎实的专业知识、学科知识、通识知识、外语知识、数智知识，形成与学生偏好相比配的较为综合的知识体系；1.1 专业知识：以财税领域知识为载体，形成对政府及其运行特征的基本认知框架；1.2 学科知识：以经济学知识为载体，形成对市场及其运行特征的基本认知框架；1.3 通识知识：以人文素养知识为载体，形成对国情、文化、历史、法律、哲学等方面有针对性的基本认知框架,主干学科：经济学、管理学 核心课程：《微观经济学》《宏观经济学》《财政学》《会计学》《财务会计学》《财务管理》《政府预算》《政府采购》《中国税制》《国际税收》《公司金融》《商业银行经营管理》 专业知识图谱：学科知识群+专业知识群（财政理论+财政管理+税收理论与实务+财会+金融+信息管理） | | | | | | | | | --- | --- | --- | --- | --- | --- | --- | | 学科知识群 | 专业知识群 | | | | | | | 财政理论 | 财政管理 | 税收理论与实务 | 财会 | 金融 | 信息管理 | | 政治经济学 | 财政学 | 政府预算 | 中国税制 | 会计学 | 公司金融（双语） | 数据库原理与应用 | | 微观经济学 | 西方财政思想史 | 国有资产管理学 | 国际税收（双语） | 财务会计学 | 商业银行经营管理 | | | 宏观经济学 | 中国财政史 | 公债管理与投资 | 税收筹划 | 政府会计、财政信息分析与AI应用 | | | | 统计学原理 | 地方财政学 | 政府采购 | 税收征管制度 | 财务管理学 | | |…,nan,学制：本专业基本学制为四年，实行弹性修业年限制度，学生在校修业年限可以提前至三年或延长至六年，修满规定的学分准予毕业。 学位：符合学士学位授予条件者，授予经济学学士学位。 毕业条件：学生在规定的学习年限内，完成培养方案要求的最低总学分为140学分，其中： | | | | | | --- | --- | --- | --- | | 教学环节 | 课程类别 | 门数 | 学分 | | 通识教育 | 通识教育必修课 | 23 | 48 | | 通识教育选修课 | ≥5 | 10…,CUEB-2025-150,财政学|财政学专业
首都经济贸易大学,2025级,财政税务学院,财政学（实验班）,财政学专业（实验班）,财政学专业（实验班）学分制本科人才培养方案,020201K,2025级/08财政税务学院/08财政税务学院/财政学专业（实验班）/附件1-1：财政学专业（实验班）本科培养方案1-6.docx,01_Markdown培养方案/2025级/08财政税务学院/08财政税务学院/财政学专业（实验班）/附件1-1：财政学专业（实验班）本科培养方案1-6.md,本专业重视“经济学”口径宽度、“财税理论和实务”厚度，培养具有社会主义核心价值观、强烈历史使命感、社会责任感、利他情怀，适应数字经济时代发展要求和首都发展需要，学科知识和专业知识扎实，数智素养突出，实践、创新、合作能力显著，能够在数智化变迁背景下胜任各级政府财税部门、经济管理部门、事业单位、金融机构和企业以及非营利性组织的公共经济分析、财政税务管理、国有资产管理、财务管理等工作的创新型、复合型、数智型专业人才，财政学（实验班）侧重培养学生扎实的理论基础，提升学生对经济学、财政学及跨相关学科研究的兴趣，全面提高学生的学术能力，培养学生缜密的科研思维，为有志于进一步深造的学生打下良好基础。 1．培养目标 目标1：财税兼顾，知识积累。通过系统的课程设置和实践，使学生在财政税收领域具备扎实的理论基础和广泛的知识储备…,符合学校办学理念和人才培养目标要求，参考国家有关政策、标准和行业人才需求，对本专业学生在毕业时应达到知识、能力和素质等方面的要求；1．知识要求 掌握扎实的专业知识、学科知识、通识知识、外语知识、数智知识，形成与学生偏好相匹配的较为综合的知识体系；1.1 专业知识：以财税领域知识为载体，形成对政府及其运行特征的基本认知框架；1.2 学科知识：以经济学知识为载体，形成对市场及其运行特征的基本认知框架；1.3 通识知识：以人文素养知识为载体，形成对国情、文化、历史、法律、哲学等方面有针对性的基本认知框架,主干学科：经济学、管理学 核心课程：《微观经济学》《宏观经济学》《政治经济学》《会计学》《财政学》《西方财政学（双语）》《比较财政学（双语）》《金融学》《统计学》《计量经济学》《中国税制》《政府预算》《西方财政思想史》 专业知识图谱：学科知识群+专业知识群（财政理论知识群+财政管理知识群+税收理论与实务知识群+财会知识群） | | | | | | | --- | --- | --- | --- | --- | | 学科知识群 | 专业知识群 | | | | | 财政理论 | 财政管理群 | 税收理论与实务 | 财会 | | 政治经济学 | 财政学 | 政府预算 | 税收学 | 会计学 | | 微观经济学 | 西方财政学（双语） | 国有资产管理学 | 中国税制 | 财务会计学 | | 宏观经济学 | 西方财政思想史 | 公债管理与投资 | | 政府会计、财政信息分析与AI应用 | | 统计学原理 | 地方财政学 | 政府采购 | | 财务管理学 | | 计量经济学 | 中国财政史 | 政府财政统计 | | 审计学 | | 金融学 | 比较财政 | 公共项目评估 | | | | 经济法…,nan,学制：本专业基本学制为四年，实行弹性修业年限制度，学生在校修业年限可以提前至三年或延长至六年，修满规定的学分准予毕业。 学位：符合学士学位授予条件者，授予经济学学士学位。 毕业条件：学生在规定的学习年限内，完成培养方案要求的最低总学分为142学分，其中： | | | | | | --- | --- | --- | --- | | 教学环节 | 课程类别 | 门数 | 学分 | | 通识教育 | 通识教育必修课 | 23 | 48 | | 通识教育选修课 | ≥5 | 10…,CUEB-2025-151,财政学（实验班）|财政学专业（实验班）
首都经济贸易大学,2025级,财政税务学院,资产评估（评估师）,资产评估（评估师）,资产评估（评估师）专业学分制本科人才培养方案,120208,2025级/08财政税务学院/08财政税务学院/资产评估（评估师）/附件1-1：资产评估专业培养方案1-6.docx,01_Markdown培养方案/2025级/08财政税务学院/08财政税务学院/资产评估（评估师）/附件1-1：资产评估专业培养方案1-6.md,目标1：培养正确社会主义核心价值观，符合新时代中国特色社会主义经济建设需求，致力于促进国家与地方经济社会发展； 目标2：培养人文精神和诚信品质，兼具高尚品德与专业能力，能够坚守诚信原则，公正、客观地进行资产评估，理解并践行可持续发展理念； 目标3：注重德智体美劳全面发展，注重培养沟通协调能力、团队合作精神、领导力以及良好的心理素质和身体素质； 目标4：熟练掌握资产评估的基本理论、方法和技术，了解国内外资产评估行业的法律法规、准则规范及最新动态，具备国际视野和跨文化交流能力； 目标5：适应资产评估行业发展需要，培养扎实的资产评估理论基础和实践能力，兼懂资产评估理论与数智技术方法，可以在中外资产评估机构、会计师事务所等鉴证类中介机构以及政府资产管理部门、企事业单位、金融机构从事资产评估及相关工作。,1.知识要求；1.1 专业基础知识：掌握经济学、会计学、财务管理、法律基础等专业知识，以及资产评估的基本理论、方法和技能；1.2 外语知识：掌握必备的英语外语知识，适应国际资产评估前沿理论与实践知识学习要求，有效满足国际交流和行业发展需要；1.3 政治思想与职业道德知识：掌握马克思列宁主义、毛泽东思想、邓小平理论、“三个代表”重要思想、科学发展观、习近平新时代中国特色社会主义思想以及资产评估职业道德知识；1.4 ‌数智化技术知识：掌握数据库查询、大数据分析等基础的数智化技术知识，熟悉最新的数智化评估工具和方法,主干学科：经济学、管理学、会计学、金融学、统计学、财政学 核心课程：微观经济学、计量经济学、管理学、财务管理学、会计学基础、统计学原理、经济法、财政学、投资学、金融学、评估学原理（双语）、资产定价理论基础（双语）、金融资产评估、无形资产评估、房地产评估（双语）、以财务报告为目的的评估、资源资产评估、建筑工程评估基础、机电设备评估基础、中外资产评估准则、财务分析与智能估值决策、资产评估实务与案例分析、资产评估与机器学习实验、企业经济行为模拟、AI+企业价值评估、AI+并购价值评估、AI+数据资产评估、资产评估大数据应用等 专业知识图谱：,nan,学制：本专业基本学制为四年，实行弹性修业年限制度，学生在校修业年限可以提前至三年或延长至六年，修满规定的学分准予毕业。 学位：符合学士学位授予条件者，授予管理学学士学位。 毕业条件：学生在规定的学习年限内，完成培养方案要求的最低总学分140学分。其中： | | | | | | --- | --- | --- | --- | | 教学环节 | 课程类别 | 门数 | 学分 | | 通识教育 | 通识教育必修课 | 23 | 48 | | 通识教育选修课 | - | 10 |…,CUEB-2025-152,资产评估（评估师）
首都经济贸易大学,2025级,法学院,法学,法学,法学专业学分制本科人才培养方案,,2025级/09法学院/2025版培养方案/法学/法学专业培养方案1-6.docx,01_Markdown培养方案/2025级/09法学院/2025版培养方案/法学/法学专业培养方案1-6.md,目标1：坚持以习近平法治思想为指导，坚持立德树人，德法兼修，践行明法笃行、知行合一，培养德、智、体、美、劳全面发展； 目标2：具有扎实的专业理论基础和熟练的职业技能、合理的知识结构； 目标3：具备国际视野的复合型、应用型、创新型法治人才，服务北京“四个中心”建设； 目标4：能够在政府部门、司法机关、律师事务所、企事业单位等单位从事各类国内国际法律实务工作，部分具有学术潜质的学生可以通过继续深造从事法学教育与研究工作； 目标5：毕业后5年左右，能够独立处理复杂的法律案件，胜任法官、检察官等职务，成为律师事务所骨干或合伙人，担任企业法务总监或合规官等。,1．知识要求 掌握扎实的专业基础知识、外语知识，了解人文社会科学和自然科学的基础知识，形成合理的整体性知识结构；1.1 正确的政治立场与基本的人文素养：掌握马克思列宁主义、毛泽东思想、邓小平理论、“三个代表”重要思想、科学发展观、习近平新时代中国特色社会主义思想，树立正确的政治立场，形成良好的职业道德操守，具备基本的人文科学知识；1.2 扎实的法学专业知识：系统掌握法学基本理论和方法，熟悉国内国际法律规则，了解学科发展前沿，形成完整的法律专业知识体系；1.3 较好的外语知识与应用能力：熟练掌握一门外国语，具有较好的听、说、读、写能力，能够较为顺利地阅读外文资料，具有国际视野；1.4 必要的财经专业知识：了解相关财经类专业理论，具备从事法律职业所必要的财经专业知识，以及在经济管理领域从事法律工作的优势背景,主干学科：法学理论、民商法学、经济法学、宪法学与行政法学、国际法学、刑法学、环境资源法学。 核心课程：习近平法治思想概论、法理学、宪法学、中国法律史、刑法、民法、刑事诉讼法、民事诉讼法、行政法与行政诉讼法、国际法、法律职业伦理、经济法、知识产权法、商法（总论与公司法）、物权法、合同法、侵权责任法、国际私法、国际经济法、环境资源法、劳动与社会保障法等。 专业知识图谱：,nan,学制：本专业基本学制为四年，实行弹性修业年限制度，学生在校修业年限可以提前至三年或延长至六年，修满规定的学分准予毕业。 学位：符合学士学位授予条件者，授予法学学士学位。 毕业条件：学生在规定的学习年限内，完成培养方案要求的最低总学分150学分。其中： | | | | | | --- | --- | --- | --- | | 教学环节 | 课程类别 | 门数 | 学分 | | 通识教育 | 通识教育必修课 | 19 | 33 | | 通识教育选修课 | | 10 | | 专…,CUEB-2025-153,法学
首都经济贸易大学,2025级,法学院,法学（数字卓越班）,法学（数字卓越班）,法学（数字法学卓越班）专业学分制本科人才培养方案,,2025级/09法学院/2025版培养方案/法学（数字卓越班）/法学专业培养方案1-6（卓越班）.docx,01_Markdown培养方案/2025级/09法学院/2025版培养方案/法学（数字卓越班）/法学专业培养方案1-6（卓越班）.md,目标1：坚持以习近平法治思想为指导，坚持立德树人，德法兼修，践行明法笃行、知行合一，培养德、智、体、美、劳全面发展； 目标2：具有扎实的专业理论基础和熟练的职业技能、合理的知识结构，并掌握从事数字法治所必要的专业知识； 目标3：具备国际视野的复合型、应用型、创新型法治人才，掌握从事数字法治所必要的专业知识，服务北京“四个中心”建设； 目标4：能够在政府部门、司法机关、律师事务所、企事业单位等单位从事各类国内国际法律实务工作，部分具有学术潜质的学生可以通过继续深造从事数字法学教育与研究工作； 目标5：毕业后5年左右，能够独立处理复杂的法律案件，特别是涉数字类法律案件，胜任法官、检察官等职务，成为律师事务所骨干或合伙人，担任互联网企业法务总监或合规官等。,1．知识要求 掌握扎实的专业基础知识、外语知识，了解人文社会科学和自然科学的基础知识，形成合理的整体性知识结构；1.1 正确的政治立场与基本的人文素养：掌握马克思列宁主义、毛泽东思想、邓小平理论、“三个代表”重要思想、科学发展观、习近平新时代中国特色社会主义思想，树立正确的政治立场，形成良好的职业道德操守，具备基本的人文科学知识；1.2 扎实的法学专业知识：系统掌握法学基本理论和方法，熟悉国内国际法律规则，了解学科发展前沿，形成完整的法律专业知识体系；1.3 较好的外语知识与应用能力：熟练掌握一门外国语，具有较好的听、说、读、写能力，能够较为顺利地阅读外文资料，具有国际视野；1.4 必要的数字法治知识：了解数字技术、大数据分析等相关理论，掌握从事数字法治所必要的专业知识，具备从事数字法学相关理论与实务工作,主干学科：法学理论、民商法学、经济法学、宪法学与行政法学、国际法学、刑法学、环境资源法学。 核心课程：习近平法治思想概论、法理学、宪法学、中国法律史、刑法、民法、刑事诉讼法、民事诉讼法、行政法与行政诉讼法、国际法、法律职业伦理、经济法、知识产权法、商法（总论与公司法）、物权法、合同法、侵权责任法、大学文科数学、法律统计基础、自然语言处理、数字法治与Python实践、人工智能法学导论、网络与电子商务法、个人信息保护法等。 专业知识图谱：,nan,学制：本专业基本学制为四年，实行弹性修业年限制度，学生在校修业年限可以提前至三年或延长至六年，修满规定的学分准予毕业。 学位：符合学士学位授予条件者，授予法学学士学位。 毕业条件：学生在规定的学习年限内，完成培养方案要求的最低总学分153学分。其中： | | | | | | --- | --- | --- | --- | | 教学环节 | 课程类别 | 门数 | 学分 | | 通识教育 | 通识教育必修课 | 19 | 33 | | 通识教育选修课 | | 10 | | 专…,CUEB-2025-154,法学（数字卓越班）
首都经济贸易大学,2025级,金融学院,保险学（保险精算）,保险学（保险精算）,2025级培养方案模板,020303,2025级/10金融学院/金融学院2025版培养方案/保险学（保险精算）/保险学（保险精算）专业培养方案1-6.docx,01_Markdown培养方案/2025级/10金融学院/金融学院2025版培养方案/保险学（保险精算）/保险学（保险精算）专业培养方案1-6.md,目标1：培养具有社会主义核心价值观的全面发展人才 本专业致力于培养具有社会主义核心价值观，德智体美劳全面发展的保险专业人才。毕业生将具备规范使用语言文字的意识和应用能力，展现出良好的职业道德和社会责任感，能够积极适应现代经济与社会发展的需要。 目标2：奠定坚实的经济学、金融学和保险学理论基础 毕业生将拥有扎实的经济学、金融学和保险学理论基础，能够深入理解保险市场的运作机制和风险管理原理。他们将能够运用所学知识分析和解决实际问题，为职业生涯的长远发展奠定坚实基础。 目标3：精通保险精算技能，适应多元就业领域 本专业注重培养毕业生的保险精算技能，使他们能够在境内外保险公司、银行、证券公司、信托投资公司等金融机构以及企事业单位和政府部门从事相关专业工作。毕业生将具备合理的知识结构、强大的适应能力和创新精神，能够在不…,1.知识要求 本专业学生在毕业时应掌握扎实的专业基础知识及相关领域知识，具体包括：；1.1 掌握马克思主义、毛泽东思想和习近平新时代中国特色社会主义思想理论体系，具备坚实的政治理论基础；1.2 系统掌握经济学和金融保险学科的基础知识和专业理论，包括但不限于金融市场运作、保险产品设计与定价、风险管理等核心课程内容；1.3 熟悉国家有关金融、保险的方针政策、法律法规和国情，了解国内外金融、保险业的最新发展动态和趋势，具备国际视野；1.4 掌握至少一门外语，具备基本的外语听说读写能力，能够进行简单的专业交流,主干学科：政治经济学、微观经济学、宏观经济学、金融学、会计学、统计学、计量经济学、保险学原理、 核心课程：财产保险、人身保险、利息理论、再保险、保险会计与财务、寿险精算、非寿险精算、保险法与保险监管、公司金融,nan,学制：本专业基本学制为四年，实行弹性修业年限制度，学生在校修业年限可以提前至三年或延长至六年，修满规定的学分准予毕业。 学位：符合学士学位授予条件者，授予经济学学士学位。 毕业条件：学生在规定的学习年限内，完成培养方案要求的最低总学分142学分。其中： | | | | | | --- | --- | --- | --- | | 教学环节 | 课程类别 | 门数 | 学分 | | 通识教育 | 通识教育必修课 | 23 | 52 | | 通识教育选修课 | - | 10 |…,CUEB-2025-155,保险学（保险精算）
首都经济贸易大学,2025级,金融学院,投资学,投资学,投资学专业本科人才培养方案,020304,2025级/10金融学院/金融学院2025版培养方案/投资学/投资学专业培养方案1-6.docx,01_Markdown培养方案/2025级/10金融学院/金融学院2025版培养方案/投资学/投资学专业培养方案1-6.md,本专业培养系统掌握习近平新时代中国特色社会主义思想、深入领会习近平经济思想核心要义与实践要求，具备正确的社会主义核心价值观，能够规范使用语言文字并具备较强的语言应用能力的学生。培养方向注重业务素养和科研能力的结合，兼具深厚的经济理论素养与鲜明的时代担当，具备广阔的国际视野和解决复杂金融投资问题的综合能力。毕业生能够在银行、证券、保险等金融机构、政府部门及企事业单位从事专业工作，胜任各种金融岗位要求。 在大数据与人工智能技术快速发展的时代背景下，紧扣金融行业数智化转型发展趋势，强化学生数智素养与技术应用能力培养，使学生具备前沿量化投资与金融知识的跨领域应用能力，熟练运用数智化工具解决金融投资实际问题，成为既具备实践操作能力，又具备创新思维的复合型金融人才，为金融行业高质量发展提供人才支撑。,1．掌握马克思主义、毛泽东思想和中国特色社会主义理论体系，深入学习习近平新时代中国特色社会主义思想和习近平经济思想；2．掌握投资学的基础知识和专业基础理论，熟悉金融学、计算机科学（偏人工智能方向）、经济学等学科原理与方法，紧跟金融数智化转型发展趋势，了解数智化背景下投资与金融领域的前沿技术、发展动态及相关方针、政策和法规，以及国内外本学科的理论前沿和发展动态；3．能够应用投资学的基本原理、方法及数智化分析工具对本专业领域及相关领域问题进行分析、管理和研究，并能在实际工作中提出相应对策和建议，形成解决方案；4．具有宽广的国际视野，熟悉国际惯例；5.具有良好的身心健康与团队协作能力，通过体育课程及实践活动保持强健体魄，具备抗压能力与团队领导力，能够在高强度金融工作中保持高效协作，通过学生体质健康测试是毕业条件之一,金融学科导论、政治经济学、微观经济学、金融学、宏观经济学、商业银行经营管理、公司金融（双语）、投资学、国际金融学（双语）、金融衍生工具（双语）、会计学、统计学、金融计量学、固定收益证券（双语）、保险学。,1．夯实金融基础，凸显量化投资思维；2．注重实践能力，强调专业技能；3．践行开放办学理念，鼓励学生国际学习合作交流,学制：本专业基本学制为四年，实行弹性修业年限制度，学生在校修业年限可以提前至三年或延长至六年，修满规定的学分准予毕业。 学位：符合学士学位授予条件者，授予经济学学士学位。 毕业条件：学生在规定的学习年限内，完成培养方案要求的最低总学分142学分。其中： | | | | | | --- | --- | --- | --- | | 教学环节 | 课程类别 | 门数 | 学分 | | 通识教育 | 通识教育必修课 | 23 | 52 | | 通识教育选修课 | - | 10 |…,CUEB-2025-156,投资学
首都经济贸易大学,2025级,金融学院,金融学,金融学,金融学类专业（金融学）本科人才培养方案,020301K,2025级/10金融学院/金融学院2025版培养方案/金融学/金融学（金融学类）培养方案1-6.docx,01_Markdown培养方案/2025级/10金融学院/金融学院2025版培养方案/金融学/金融学（金融学类）培养方案1-6.md,金融学专业着眼于学生社会主义核心价值观的正确树立和德智体美劳的全面发展。强调培养学生的人文、科技素养和实践创新能力。引导学生系统掌握习近平新时代中国特色社会主义思想与习近平经济思想，强化理论素养与时代担当；同时适应数智化转型发展趋势，提升数智素养与技术应用能力。培养具有扎实的经济学和金融学理论基础、熟练的金融学专业知识和应用技能、国内外继续深造的基础和能力；具有深厚的知识储备和合理的知识结构、较高的外语水平和开放包容的国际化视野；具有团队合作意识、社会责任感和创新精神，能够胜任各类金融机构、工商企业以及政府部门等相关专业工作的创新型、复合型、应用型、国际化的金融精英人才。,"1．掌握马克思主义、毛泽东思想和新时代中国特色社会主义思想体系，构建""大思政""育人格局；2．注重金融创新人才专业韧性、技术能力、社会价值、个人修养多维度等综合发展；3．夯实金融学科基础知识理论、拓宽知识广度、优化知识结构；4．具备金融和经济现象的分析与思考能力，培养科技创新和实践开拓能力；5．具备全球化格局下的数据智能素养、熟悉国际惯例并拓展智能技术工具",微观经济学、宏观经济学、政治经济学、金融学课导论、金融学、国际金融学、投资学、商业银行经营管理、公司金融、衍生金融工具等。,1．培养复合型创新人才，拓展国际化视野；2．深化科研与实践融合，提升金融实务能力；3．强化职业技能训练，培养高端金融人才,学制：本专业基本学制为四年，实行弹性修业年限制度，学生在校修业年限可以提前至三年或延长至六年，修满规定的学分准予毕业。 学位：符合学士学位授予条件者，授予经济学学士学位。 毕业条件：学生在规定的学习年限内，完成培养方案要求的最低总学分142学分。其中： | | | | | | --- | --- | --- | --- | | 教学环节 | 课程类别 | 门数 | 学分 | | 通识教育 | 通识教育必修课 | 23 | 52 | | 通识教育选修课 | - | 10 |…,CUEB-2025-157,金融学
首都经济贸易大学,2025级,金融学院,金融学+数据科学与大数据技术,金融学+数据科学与大数据技术,金融学+数据科学与大数据技术 双学位培养方案,,2025级/10金融学院/金融学院2025版培养方案/金融学+数据科学与大数据技术/金融学+数据科学与大数据技术1-6.docx,01_Markdown培养方案/2025级/10金融学院/金融学院2025版培养方案/金融学+数据科学与大数据技术/金融学+数据科学与大数据技术1-6.md,“金融学+数据科学与大数据技术”双学位复合型人才培养项目融合双学科优势，着重提升学生人文科技素养、实践创新能力及数据分析能力。培养学生系统掌握习近平新时代中国特色社会主义思想，将党的创新理论贯穿人才培养全过程，筑牢思想根基，系统掌握习近平经济思想，强化经管类人才的理论素养与时代担当，树立金融服务国家发展的使命意识，旨在培养既精通金融专业知识技能，又深谙数据科学与大数据技术原理与应用的复合型人才。紧扣金融行业数智化转型发展趋势，将数智化转型要求融入培养各环节，通过课程和实践提升学生数智素养与技术应用能力，培养学生具有深厚的知识储备和合理的知识结构、较高的外语水平和开放包容的国际化视野，具有团队合作意识、社会责任感和创新精神。强化学生综合运用数据分析和解决金融实际问题的能力，培养能够在各类金融机构、工商企业及政府…,"1.掌握马克思主义基本原理和新时代中国特色社会主义思想体系，构建""大思政""育人格局；2.注重金融创新人才专业韧性、技术能力、社会价值和个人修养的多维度综合发展；3.夯实金融学科基础理论和统计学专业知识，拓宽人工智能交叉学科的知识广度；4.具备金融经济现象的分析研究能力和科技创新实践能力；5.具备全球化视野下的数据智能素养，熟悉国际金融科技发展惯例",微观经济学、宏观经济学、政治经济学、金融学科导论、金融学、国际金融学、投资学、商业银行经营管理、公司金融、衍生金融工具、金融机器学习、数据科学导论、统计编程基础等。,1．夯实金融理论，融汇数据科学与大数据技术 打造“金融理论+数据科学+技术应用”三维课程体系，强调金融学与数据科学、大数据技术的深度融合，培养具备跨学科知识体系和创新思维的复合型人才；2．产学研深度融合，强化数据驱动的金融实务能力 搭建金融大数据分析实验中心与量化金融仿真平台，联合商业银行科技部门、金融科技企业建立“产-学-研-创”四维实践基地；3．创新学科交叉培养模式，引领金融科技前沿 构建CFA/FRM与CDA/Python量化分析师双认证体系，开设金融大数据挖掘、算法交易系统设计等特色课程,学制：本专业基本学制为四年，实行弹性修业年限制度，学生在校修业年限可以提前至三年或延长至六年，修满规定的学分准予毕业。 学位：符合学士学位授予条件者，授予经济学和理学双学士学位。 毕业条件：学生在规定的学习年限内，完成培养方案要求的最低总学分170学分。其中： | | | | | | --- | --- | --- | --- | | 教学环节 | 课程类别 | 门数 | 学分 | | 通识教育 | 通识教育必修课 | 23 | 52 | | 通识教育选修课 | — | 1…,CUEB-2025-158,金融学+数据科学与大数据技术
首都经济贸易大学,2025级,金融学院,金融学（国际金融英文班）,金融学（国际金融英文班）,金融学（国际金融英文班）专业学分制本科人才培养方案,020301K,2025级/10金融学院/金融学院2025版培养方案/金融学（国际金融英文班）/金融学（国际金融英文班）培养方案1-6.docx,01_Markdown培养方案/2025级/10金融学院/金融学院2025版培养方案/金融学（国际金融英文班）/金融学（国际金融英文班）培养方案1-6.md,目标1（政治素养）：培养政治立场坚定、具有家国情怀与社会责任感的金融人才，系统掌握习近平新时代中国特色社会主义思想，恪守金融职业规范，践行社会主义核心价值观，服务国家金融发展战略。 目标2（理论应用）：系统掌握经济学与金融学核心理论，系统掌握习近平经济思想，熟练运用金融工具分析国际金融市场动态，具备定量与定性结合的复杂问题解析能力。 目标3（实务能力）：具备金融机构实务操作能力，能独立或协作完成核心业务，掌握CFA、FRM、ESG等国际认证知识体系，适配行业需求。 目标4（科技创新）：对标数智化转型，掌握量化建模、大数据分析与人工智能技术等金融科技工具，能针对实务与学术问题提出创新解决方案。 目标5（全球竞争力）：把握全球金融市场运行规律与风险特征，熟练运用英语开展专业交流与研究，具备跨文化协作能力，能在国际…,毕业要求1：掌握习近平新时代中国特色社会主义思想成果，恪守金融职业伦理与合规意识；主动服务国家金融安全、开放战略，将个人发展融入国家需求。 毕业要求2：系统掌握经济学与国际金融学核心理论，系统掌握习近平经济思想，熟悉国际资本流动、汇率机制及风险传导规律，能运用数学模型解析复杂金融现象。 毕业要求3：对标数智化转型，熟练运用Python等工具进行量化建模、大数据分析与智能决策，掌握区块链、机器学习在金融场景中的应用逻辑，建立对金融科技前沿动态的常态化追踪机制。 毕业要求4：掌握CFA、FRM核心知识框架，理解ESG评价体系在投融资决策中的实践路径，具备可持续发展理念。 毕业要求5：熟悉国际金融治理规则，能识别地缘政治冲突、数字货币风险等全球性挑战，提出多边协作解决方案。 毕业要求6：精通英语专业沟通与学术写作，能在多元文化团队中主导金融谈判、政策辩论，推动中国方案国际化落地。 毕业要求7：通过体育课程及实践活动保持强健体魄，具备…,主干学科：经济学、金融学、数学与统计学、计算机科学与人工智能。 核心课程：经济学原理（英语）、政治经济学、货币金融学（英语）、中级微观经济学（英语）、中级宏观经济学（英语）、国际金融（英语）、投资学（英语）、公司金融（英语）、商业银行经营管理（英语）、保险与风险管理（英语）、能源与环境经济学（英语）、跨境数字支付与结算（双语）、金融衍生工具（英语）、金融计量学（英语）、金融机器学习（双语）、金融计算机语言（双语）、区块链金融保险、数学分析、线性代数、概率论与数理统计。 专业知识图谱： | | | | | --- | --- | --- | | 模块 | 细分领域 | 核心课程/内容 | | 学科基础模块 | 数学基础 | 数学分析、线性代数、概率论与数理统计 | | 经济学基础 | 经济学原理（微观与宏观）、政治经济学 | | 工具技能 | 人工智能导论、应用写作、金融机器学习 | | 专业核心模块 | 金融理论 | 货币金融学、国际金融、公司金融、投资学 | | 金融工具与技术 | 金融衍生工具、金融计量学、商业银行经营管理 | | 国际化能力 | 全英文课程体系（覆盖经济学、会计…,nan,学制：本专业基本学制为四年，实行弹性修业年限制度，学生在校修业年限可以提前至三年或延长至六年，修满规定的学分准予毕业。 学位：符合学士学位授予条件者，授予经济学学士学位。 毕业条件：学生在规定的学习年限内，完成培养方案要求的最低总学分150学分。其中： | | | | | | --- | --- | --- | --- | | 教学环节 | 课程类别 | 门数 | 学分 | | 通识教育 | 通识教育必修课 | 23 | 52 | | 通识教育选修课 | - | 10 |…,CUEB-2025-159,金融学（国际金融英文班）
首都经济贸易大学,2025级,金融学院,金融工程,金融工程,金融工程专业学分制本科人才培养方案,020302,2025级/10金融学院/金融学院2025版培养方案/金融工程/金融工程专业培养方案1-6.docx,01_Markdown培养方案/2025级/10金融学院/金融学院2025版培养方案/金融工程/金融工程专业培养方案1-6.md,目标1：家国情怀与专业使命 培养践行社会主义核心价值观，立足国家金融安全与改革战略需求，具备服务区域经济高质量发展使命感的专业人才。毕业生能够在金融机构、监管部门等岗位中运用专业能力推动金融创新与风险管理，助力防范系统性金融风险。 目标2：量化分析与产品设计能力 掌握扎实的数理金融基础与编程技术，精通金融工程模型构建及金融工具开发，能够独立设计衍生品定价方案、优化资产配置策略，具备CFA/FRM等国际资格认证竞争力。毕业生可在投行、基金、风险管理机构从事量化分析、金融产品创新等核心工作，具备成长为业务骨干的潜力。 目标3：风险管理与金融实务能力 熟练运用大数据与计量方法进行风险评估及决策支持，具备跨市场风险识别、压力测试与对冲策略设计能力。毕业生可在商业银行、证券公司等机构担任风险管理、资产定价等岗位，具备向…,1．知识要求；1.1 政治理论与人文素养 掌握马克思主义基本原理、习近平新时代中国特色社会主义思想，理解国家金融政策与经济发展战略，具备人文社科基础知识和辩证思维能力；1.2 学科基础与专业核心 系统掌握经济学、金融学、数学及统计学基础理论，精通金融工程核心知识，包括金融衍生工具定价、风险管理模型、资产配置理论与量化投资方法；1.3 工具与方法论 熟悉Python、MATLAB等编程语言及金融数据库（Wind、Bloomberg）操作，掌握计量经济学、时间序列分析等实证研究方法，能运用金融软件进行建模与仿真；1.4 国际视野与前沿动态 了解国际金融市场规则、金融工程前沿技术（如智能投顾、复杂衍生品设计）及绿色金融等新兴领域发展趋势,主干学科：经济学——应用经济学——金融学 核心课程：微观经济学、金融学、投资学、公司金融、金融衍生工具、固定收益证券等 专业知识图谱：,nan,学制：本专业基本学制为四年，实行弹性修业年限制度，学生在校修业年限可以提前至三年或延长至六年，修满规定的学分准予毕业。 学位：符合学士学位授予条件者，授予经济学学士学位。 毕业条件：学生在规定的学习年限内，完成培养方案要求的最低总学分140学分。其中： | | | | | | --- | --- | --- | --- | | 教学环节 | 课程类别 | 门数 | 学分 | | 通识教育 | 通识教育必修课 | 23 | 52 | | 通识教育选修课 | | 10 | |…,CUEB-2025-160,金融工程
首都经济贸易大学,2025级,金融学院,金融科技,金融科技,2025级培养方案模板,020310T,2025级/10金融学院/金融学院2025版培养方案/金融科技/金融科技专业培养方案1-6.docx,01_Markdown培养方案/2025级/10金融学院/金融学院2025版培养方案/金融科技/金融科技专业培养方案1-6.md,目标1：家国情怀与专业使命 系统掌握习近平新时代中国特色社会主义思想、习近平经济思想，培养具有正确社会主义核心价值观，立足国家金融安全战略与数字化改革需求，“为党育人、为国育才”，培养适应“百年未有之大变局”时局下的高素质、复合型、应用型人才。毕业生能够在银行科技、智能投顾、量化交易、保险科技、监管科技等金融科技产业运用交叉学科知识推动金融创新与风险管理，为构建更安全高效的现代金融体系提供智力支撑。 目标2：复合型金融科技人才 系统掌握经济金融理论与技能，熟悉金融实务操作，系统学习大数据、算法与数据结构、区块链等技术原理，构建“金融+科技”跨学科知识框架，培养新一代信息科学科技的复合型人才。 目标3：智能金融实践能力 熟练掌握人工智能、大数据、区块链与智能合约研发技能，具有较强的实践能力和创新精神，能够适应银…,1．知识要求；1.1 政治理论与人文素养：掌握习近平新时代中国特色社会主义思想、习近平经济思想，理解国家金融政策与经济发展战略，具备人文社科基础知识和辩证思维能力；1.2 金融经济核心知识：通过公司金融、国际金融、投资学等核心课程构建完整金融知识框架，理解国内外金融市场运作规律，具备对金融科技赋能传统金融场景的底层逻辑认知；1.3 信息技术基础原理：深入掌握算法与数据结构、计算机系统架构等技术原理，熟悉金融科技领域主流技术方法（如区块链、大数据风控），具备运用金融科技工具解决实际问题的理论支撑；1.4 前沿技术工具应用：熟练运用Python、MATLAB等编程语言、Wind、Bloomberg等金融数据库，通过“大数据+AI+金融”产业级实训掌握金融建模、算法研发和系统架构设计的技术实现路径,金融科技作为交叉学科，其主干学科体系以“经济学-应用经济学-金融学”为核心根基，同时深度融合计算机科学、数学与信息技术，形成“金融为骨、科技为翼”的复合型学科架构。 核心课程：微观经济学、金融学、投资学、公司金融、金融衍生工具、固定收益证券、金融机器学习、金融计算机语言、量化金融学等 专业知识图谱：,nan,学制：本专业基本学制为四年，实行弹性修业年限制度，学生在校修业年限可以提前至三年或延长至六年，修满规定的学分准予毕业。 学位：符合学士学位授予条件者，授予经济学学士学位。 毕业条件：学生在规定的学习年限内，完成培养方案要求的最低总学分141学分。其中： | | | | | | --- | --- | --- | --- | | 教学环节 | 课程类别 | 门数 | 学分 | | 通识教育 | 通识教育必修课 | 23 | 50 | | 通识教育选修课 | 5 | 10 |…,CUEB-2025-161,金融科技
首都经济贸易大学,2025级,统计与数据科学学院,数学与应用数学（实验班）（定稿）,数学与应用数学（实验班）（定稿）,学分制本科人才培养方案,070101,2025级/11统计与数据科学学院/数学与应用数学（实验班）（定稿）/附件1-1：数学与应用数学专业（实验班)培养方案1-6(定稿）.docx,01_Markdown培养方案/2025级/11统计与数据科学学院/数学与应用数学（实验班）（定稿）/附件1-1：数学与应用数学专业（实验班)培养方案1-6(定稿）.md,数学与应用数学专业（实验班）旨在培养具有正确的社会主义核心价值观，适应人工智能、数字经济和金融科技等发展需要，德智体美劳全面发展，具备扎实的数学基础，掌握统计学核心理论与方法，并深度融合人工智能技术，可以熟练运用数学、统计和人工智能技术进行数据分析与决策，解决复杂实际问题的“三型一化”（创新型、复合型、应用型、国际化）拔尖创新人才。 具体目标如下： 目标1：知识和技能目标：使学生系统掌握数学、统计学和人工智能等基础理论知识，具备跨学科知识整合能力，熟练运用Python、R等编程工具进行数据分析与决策，能在统计、金融、经济等领域设计并实现智能算法，毕业5年内成为业务骨干。 目标2：职业发展目标：使学生在全面掌握数学、统计和人工智能等理论和技术的基础上，依据市场需求及自身特长，把握人工智能、数字经济、金融科技等发…,1．知识要求；1.1 掌握数学、统计学和人工智能的基本理论和方法，熟悉计算机、经济、金融等领域的相关知识；1.2 掌握一定的数学、统计和计算机软件，具有运用软件进行数学计算、数学建模和数据分析解决实际问题，特别是经济管理中定量分析的能力；1.3 掌握外语知识，具备较强的外语听说读写能力，能够阅读和理解本专业领域的外文文献，进行国际交流与合作；2．能力要求,（1）主干学科：数学、统计学、计算机科学 （2）核心课程 数学类： 数学分析、高等代数与几何、概率论、实变函数、应用泛函分析、常微分方程、优化方法、数值分析、复变函数、抽象代数、偏微分方程、数学模型； 统计类：数理统计、随机过程、多元统计分析、回归分析、时间序列分析、神经网络与深度学习、贝叶斯统计（双语）、非参数统计； 人工智能类：人工智能导论、人工智能素养、数据结构与算法分析、机器学习、神经网络与深度学习、人工智能中的数学方法、数据库原理与SQL实践、人工智能大语言模型； 软件类：Linux系统与c语言、Python数据分析、统计编程基础； 经济金融类：经济学原理、金融数学（双语）。 （3）专业知识图谱 通识基础：以通识教育课程为基础，涵盖思想政治、外语、数学、体育等知识，培养学生基本素养和学习能力。 数理核心：以数学与统计为核心，重在培养学生的数理基础。 数学分析 → 复变函数、实变函数、数值分析 高等代数与几何 → 抽象代数、应用泛函分析、优化方法、多元统计分析 常微分方程 → 偏微分方程 概率论、数理统计→ 随机过程、多元统计分析、回归分析→时间序列分析 人工智能技术：人工智…,nan,学制：本专业基本学制为四年，实行弹性修业年限制度，学生在校修业年限可以提前至三年或延长至六年，修满规定的学分准予毕业。 学位：符合学士学位授予条件者，授予理学学士学位。 毕业条件：学生在规定的学习年限内，完成培养方案要求的最低总学分156学分。其中： | | | | | | --- | --- | --- | --- | | 教学环节 | 课程类别 | 门数 | 学分 | | 通识教育 | 通识教育必修课 | 23 | 53 | | 通识教育选修课 | | 10 | | 专…,CUEB-2025-162,数学与应用数学（实验班）（定稿）
首都经济贸易大学,2025级,统计与数据科学学院,数学与应用数学（金融方向）(定稿）,数学与应用数学（金融方向）(定稿）,学分制本科人才培养方案,070101,2025级/11统计与数据科学学院/数学与应用数学（金融方向）(定稿）/数学与应用数学专业（金融方向)培养方案1-6.docx,01_Markdown培养方案/2025级/11统计与数据科学学院/数学与应用数学（金融方向）(定稿）/数学与应用数学专业（金融方向)培养方案1-6.md,数学与应用数学专业（金融方向）致力于培养具有正确的社会主义核心价值观，适应社会经济发展需要，德智体美劳全面发展，具有扎实的数学与统计理论基础，掌握基本的金融理论，熟练运用数学、统计模型和软件解决实际问题，尤其是金融、经济相关问题的复合型人才。 具体目标如下： 目标1：知识和技能目标：使学生全面掌握数学分析、高等代数、概率论、金融学等基础理论知识，能运用数学和统计方法对金融市场的复杂问题进行建模与求解。通过学习Python、R等编程工具，能够挖掘数据价值，使学生熟练掌握量化投资分析、风险度量、金融衍生品定价等核心技能，洞察金融市场规律和趋势，毕业5年内成为金融领域量化分析业务骨干。 目标2：职业发展目标：使学生在全面掌握数学、金融、计算机等理论和技术技能的基础上，依据金融行业发展趋势、市场需求及自身特长，精准把…,1．知识要求；1.1 掌握数学与统计学的基本理论和方法，熟悉经济、金融、计算机等领域的相关基础知识和方法；1.2 掌握一定的数学与统计软件，具有运用软件进行数学计算、数学建模和数据分析解决实际问题，特别是金融定量分析的能力；1.3 掌握外语知识，具备较强的外语听说读写能力，能够阅读和理解本专业领域的外文文献，进行国际交流与合作；2．能力要求,（1）主干学科：数学、统计学、金融学 （2）核心课程 数学类： 数学分析、高等代数与几何、概率论、实变函数、应用泛函分析、常微分方程、优化方法、数值分析、复变函数、偏微分方程； 统计类：数理统计、随机过程、多元统计分析、回归分析、时间序列分析、神经网络与深度学习； 软件类：Linux系统与c语言、统计编程基础、Python数据分析； 经济与金融类：经济学原理、金融学、金融数学（双语）、证券投资分析、金融统计与风险管理、公司金融、机器学习与量化投资； 人工智能类：人工智能导论、人工智能素养、人工智能中的数学方法。 （3）专业知识图谱 通识基础：以通识教育课程为基础，涵盖思想政治、外语、数学、体育等知识，培养学生基本素养和学习能力。 专业核心：以数学与统计为核心，重在培养学生的数理基础。 数学分析 → 复变函数、实变函数、数值分析 高等代数与几何 → 应用泛函分析、优化方法、多元统计分析 常微分方程 → 偏微分方程 概率论、数理统计→ 随机过程、多元统计分析、回归分析→时间序列分析 数值分析→ 神经网络与深度学习、人工智能中的数学方法 交叉融合：数学、统计、金融和经济学的知识融合。 经济…,nan,学制：本专业基本学制为四年，实行弹性修业年限制度，学生在校修业年限可以提前至三年或延长至六年，修满规定的学分准予毕业。 学位：符合学士学位授予条件者，授予理学学士学位。 毕业条件：学生在规定的学习年限内，完成培养方案要求的最低总学分154学分。其中： | | | | | | --- | --- | --- | --- | | 教学环节 | 课程类别 | 门数 | 学分 | | 通识教育 | 通识教育必修课 | 23 | 53 | | 通识教育选修课 | | 10 | | 专…,CUEB-2025-163,数学与应用数学（金融方向）(定稿）
首都经济贸易大学,2025级,统计与数据科学学院,数据科学与大数据技术,数据科学与大数据技术,2025级培养方案模板,080910T,2025级/11统计与数据科学学院/数据科学与大数据技术/数据科学与大数据技术专业培养方案1-6.docx,01_Markdown培养方案/2025级/11统计与数据科学学院/数据科学与大数据技术/数据科学与大数据技术专业培养方案1-6.md,本专业致力于培养具有正确的社会主义核心价值观，适应社会经济发展和大数据时代需求，具备扎实的数学与统计学基础，熟练掌握数据科学与大数据技术的基本理论、方法和技能的高素质复合型人才。 具体目标如下： 目标1：熟悉大数据专业领域相关政策及法律、法规，能够在本专业领域实践活动中理解并遵守职业道德和职业规范。 目标2：能够在数据科学相关领域，运用大数据技术和分析方法，独立承担数据分析项目，从数据中提取有价值的信息，为企业的战略决策、产品优化、市场拓展等提供数据驱动的解决方案； 目标3：能够熟练运用机器学习、深度学习等人工智能技术，对复杂的大数据进行建模和预测，开发具有创新性的数据产品或服务，满足不同行业对数据智能应用的需求； 目标4：具备良好的团队协作和沟通能力，能够在跨学科团队中发挥核心作用，与不同专业背景的人员合作…,1．知识要求 掌握数学分析、高等代数等数学基础知识，为数据科学的理论学习和实践应用提供坚实的数学支撑；2．能力要求 具备数据采集、清洗、预处理和存储的能力，能够从多种数据源获取高质量的数据，并进行有效的管理和维护；3．素质要求 通过学生体质健康测试是毕业条件之一,主干学科：统计学、数据科学 核心课程：数学分析、高等代数、数据科学的概率基础、数据科学的统计基础、Linux系统与c语言、数据库原理与SQL实践、数据结构与算法分析、机器学习、大数据预处理、神经网络与深度学习、人工智能大语言模型、大数据分析实务、可视化技术与实践、非结构数据分析与建模、分布式计算、时间序列、应用回归分析、Python数据分析、多元统计分析（双语）、统计编程基础、抽样技术与应用、最优化方法与应用、超高维数据分析、数值分析、随机过程、贝叶斯统计（双语）、应用非参数统计 专业知识图谱： 1. 核心知识领域 本专业方向的课程知识涵盖数学基础、计算机技术、数据科学核心技术三大方面。 ①数学基础：数学分析、高等代数为数据科学提供了基础的分析工具和代数结构。数学分析中的极限、导数、积分等概念，是理解算法优化和数据变化趋势的基础；高等代数中的向量空间、矩阵运算等，在数据的表示与变换中应用广泛，如在图像处理、机器学习算法中的矩阵操作。数据科学的概率基础、统计基础是进行数据建模和分析的核心统计学知识。概率分布用于描述数据的不确定性，统计推断帮助从样本数据中得出关于总体的结论，为机器学习模…,nan,学制：本专业基本学制为四年，实行弹性修业年限制度，学生在校修业年限可以提前至三年或延长至六年，修满规定的学分准予毕业。 学位：符合学士学位授予条件者，授予理学学士学位。 毕业条件：学生在规定的学习年限内，完成培养方案要求的最低总学分150学分。其中： | | | | | | --- | --- | --- | --- | | 教学环节 | 课程类别 | 门数 | 学分 | | 通识教育 | 通识教育必修课 | 22 | 49 | | 通识教育选修课 | | 10 | | 专…,CUEB-2025-164,数据科学与大数据技术
首都经济贸易大学,2025级,统计与数据科学学院,经济统计,经济统计,经济统计专业学分制本科人才培养方案,020102,2025级/11统计与数据科学学院/经济统计/经济统计/经济统计专业培养方案1-6.docx,01_Markdown培养方案/2025级/11统计与数据科学学院/经济统计/经济统计/经济统计专业培养方案1-6.md,本专业旨在培养具有正确的社会主义核心价值观、适应新质生产力发展与首都建设需求的经济统计分析人才。学生将通过全面系统学习，奠定坚实的数学与经济学基础，深入掌握统计学理论与经济分析方法，并熟练掌握数据分析技术和统计软件，具备高效处理、分析及解读数据的能力。本专业着重提升学生的数智素养与实践操作能力，拓宽其国际视野，并强化其历史使命感与社会责任感，旨在培养一批能够在经济管理领域胜任复杂数据分析工作的创新型、复合型、应用型、国际化人才。 具体目标如下： 目标1：行业与职业定位。旨在培养学生成为适应经济、金融、企业管理等多个行业需求的统计分析专家。学生能够理解各行业的数据特点，掌握行业分析的方法和技巧，能够在不同行业领域从事数据收集、处理、分析及解读工作，为企业的决策制定提供坚实的数据支撑与科学依据。 目标2：素质与能…,1.知识要求 学生需掌握扎实的统计学与经济学的基本理论和基本知识，具备良好的数学基础、英语基础和计算机基础，同时具备通识教育类相关知识；1.1掌握扎实的统计与经济学知识 熟练掌握概率论、数理统计、多元统计分析等统计学专业知识；1.2熟练运用统计软件和数据库工具 掌握统计软件及常用数据库工具的使用，了解各类软件的优缺点，能够针对现实问题合理选择数据分析工具，或利用已有资源开发小型数据处理平台；1.3掌握通识与跨学科知识 掌握人文、社会科学、自然科学等通识教育类知识，具备跨学科的综合素养；2.能力要求 学生需具备过硬的自主学习能力、沟通协助表达能力、专业技术能力、学术创新能力，同时能够运用现代科技解决复杂问题，并具备团队协作和终身学习能力,（1）主干学科 经济学、统计学、数据科学。 （2）核心课程 经济类：微观经济学、宏观经济学、金融学、会计学基础、政治经济学、经济统计方法与模型、金融统计与风险管理。 统计类：概率论、数理统计、统计与数据科学导论、应用回归分析、调查与抽样技术、多元统计分析、时间序列分析、国民经济核算、精算与数据分析基础、优化方法、贝叶斯统计、非参数统计。 数据科学类：统计编程基础、Python数据分析、非结构数据分析与建模、机器学习与量化投资、神经网络与深度学习、人工智能大语言模型、人工智能中的数学方法。 （3）专业知识图谱 底层基础：以通识教育课程为根基，涵盖思想政治、外语、数学、体育等知识，培养学生基本素养和学习能力。其中，数学分析、高等代数等数学课程为后续经济统计分析和建模打下基础；英语课程助力学生具备国际交流和阅读外文文献的能力。 学科支撑：微观经济学、宏观经济学、政治经济学、金融学、会计学等课程帮助学生理解市场机制、宏观经济政策和经济发展规律；概率论、数理统计、统计与数据科学导论、国民经济核算等课程为学生提供扎实的统计理论基础；统计编程基础、Python数据分析等软件课程为学生进行统计分析打…,nan,学制：本专业基本学制为四年，实行弹性修业年限制度，学生在校修业年限可以提前至三年或延长至六年，修满规定的学分准予毕业。 学位：符合学士学位授予条件者，授予经济学学士学位。 毕业条件：学生在规定的学习年限内，完成培养方案要求的最低总学分141学分。其中： | | | | | | --- | --- | --- | --- | | 教学环节 | 课程类别 | 门数 | 学分 | | 通识教育 | 通识教育必修课 | 23 | 49 | | 通识教育选修课 | —— | >=10…,CUEB-2025-165,经济统计
首都经济贸易大学,2025级,统计与数据科学学院,统计学,统计学,2025级培养方案模板,,2025级/11统计与数据科学学院/统计学/统计学/统计学专业培养方案1-6.docx,01_Markdown培养方案/2025级/11统计与数据科学学院/统计学/统计学/统计学专业培养方案1-6.md,统计学专业旨在培养具有正确的社会主义核心价值观，德智体美劳全面发展的高素质人才。学生通过系统的理论学习和实践训练，能够扎实掌握数学与统计学基础知识，系统掌握统计学思想方法，熟练运用统计知识和工具，具备解决复杂实际问题的能力与创新创业能力，并具有国际视野与社会责任感，成为服务国家和社会需求的卓越统计师、数据工程师、数据科学家及拔尖学科研究人才。统计学专业毕业生在毕业5年后，预期达到以下能力与成就： 1. 具有正确的社会主义核心价值观以及规范使用语言文字的意识和应用能力 毕业生应具备正确的世界观、人生观和价值观，树立高度的社会责任感和历史使命感。自觉践行社会主义核心价值观，具有中国特色社会主义共同理想，为实现国家的伟大复兴梦和统计梦作出不懈努力。在职业实践中，坚持实事求是的原则，恪守职业道德，维护社会公平正义。同…,为实现本专业培养目标，统计学专业的学生在毕业时应掌握的知识、能力、素质如下：；1．知识要求；1.1 专业基础知识：具备扎实的数学基础，受到严格的科学思维训练，初步掌握数学科学思想方法，形成严谨的逻辑推理和量化分析的思维方式；1.2 外语知识：具有较高的外语水平，具有良好的听、说、读、写能力，熟悉本专业的英文专业术语，能够顺利阅读本专业外文资料；1.3 编程知识：具备计算机应用的基本技术技能，掌握至少一门面向数据的编程语言，具有一定的统计计算和数据挖掘能力，理解常用统计软件的原理，并能熟练使用这些统计分析软件处理相关问题,4.1主干学科 统计学、数理统计学 4.2核心课程 数学分析、高等代数与几何、概率论、数理统计、回归分析、多元统计分析、时间序列分析、贝叶斯统计 4.3专业知识图谱 底层基础：以通识教育课程为根基，涵盖思想政治、外语、数学、体育等知识， 培养学生基本素养和学习能力。其中，数学分析、高等代数与几何、概率论、数理统计等数学课程为后续专业课打下基础；英语课程助力学生具备国际交流和阅读外文文献的能力。 学科支撑：统计学、经济学和生物学构建起学科框架，让学生在不同的交叉学科中了解统计所起的重要作用。 专业核心：围绕统计学中相关统计方法展开，依托数据分析软件和挖掘工具，协助统计人员进行数据分析和统计决策。 数字化赋能：融入人工智能、大数据、区块链等现代信息技术课程，使学生能够利用现代信息技术提升统计效率和决策科学性，适应数字化时代的统计工作需求。 专业拓展与实践：通过专业提升课和专业拓展课，学生可根据自身兴趣和职业 规划深入学习特定领域知识，如生存分析、抽样技术、金融统计与风险管理等。同时，实践环节将所学知识应用于实际工作，培养学生解决实际问题的能力。,nan,学制：本专业基本学制为四年，实行弹性修业年限制度，学生在校修业年限可以提前至三年或延长至六年，修满规定的学分准予毕业。 学位：符合学士学位授予条件者，授予理学学士学位。 毕业条件：学生在规定的学习年限内，完成培养方案要求的最低总学分151学分。其中： | | | | | | --- | --- | --- | --- | | 教学环节 | 课程类别 | 门数 | 学分 | | 通识教育 | 通识教育必修课 | 23 | 53 | | 通识教育选修课 | -- | >=10…,CUEB-2025-166,统计学
首都经济贸易大学,2025级,统计与数据科学学院,统计学（中外合作办学）,统计学（中外合作办学）,统计学（数据科学）专业本科人才培养方案,,2025级/11统计与数据科学学院/统计学（中外合作办学）/统计学（数据科学）专业人才培养方案-（1-6部分）.docx,01_Markdown培养方案/2025级/11统计与数据科学学院/统计学（中外合作办学）/统计学（数据科学）专业人才培养方案-（1-6部分）.md,本专业旨在培养具有正确的社会主义核心价值观，德智体美劳全面发展，具有扎实的数学与统计理论基础，能系统掌握统计学思想，熟练运用统计知识和方法分析处理数据，具备较强的应用和解决实际问题能力及创新创业能力的卓越统计师、数据工程师、数据科学家和拔尖的统计学基础学科研究人才，具有国际视野与创新精神的社会主义建设者和接班人。,1．掌握马克思主义、毛泽东思想和中国特色社会主义理论体系；2.具备扎实的数学基础，受到严格的科学思维训练，初步掌握数学科学思想方法，形成严谨的逻辑推理和量化分析的思维方式；3.具备计算机应用的基本技术技能，掌握至少一门面向数据的编程语言，具有一定的统计计算和数据挖掘能力，理解常用统计软件的原理，并能熟练使用这些统计分析软件处理相关问题；4.关注社会经济发展状况，了解与统计、数据挖掘等有关的自然科学、社会科学、工程技术某一领域的基本知识，能够将其与统计学理论相结合，具备在某些实践领域发现问题，并适当描述问题、能灵活运用所学知识分析并最终解决问题的初步能力；5.具有较高的外语水平，具有良好的听、说、读、写能力，熟悉本专业的英文专业术语，能够顺利阅读本专业外文资料,Python数据分析、数据科学的线性代数、统计方法导论、经济学原理、金融数学、概率论、统计计算、抽样技术、程序设计基础（C语言）、常微分方程、统计理论、多元统计、数据可视化、统计咨询、线性回归、随机过程、大数据预处理、优化方法、非参数统计、机器学习、时间序列、贝叶斯统计、自然语言处理、数据科学顶点、试验设计等。,1．注重数学思维与统计思想的有机融合；2．注重统计理论与实践能力的并重培养,本专业基本学制为四年，实行弹性修业年限制度，学生在校修业年限最多不超过六年，修满规定的学分准予毕业。符合学士学位授予条件者，授予首都经济贸易大学统计学理学学士学位和美国亚利桑那大学统计与数据科学理学学士学位。,CUEB-2025-167,统计学（中外合作办学）
首都经济贸易大学,2025级,外国语学院,商务英语,商务英语专业,商务英语专业学分制本科人才培养方案,050262,2025级/12外国语学院/商务英语专业/商务英语专业 1-6.docx,01_Markdown培养方案/2025级/12外国语学院/商务英语专业/商务英语专业 1-6.md,商务英语专业秉承“立德树人、厚植基础、彰显个性、激励创新、全球视野”的教育观，致力于将学生培养为能够服务于国家战略发展和北京政治中心、文化中心、国际交往中心和科技创新中心建设的应用型、复合型和创新型人才。具体培养目标如下： 目标1：具备规范使用语言文字的能力，具有扎实的英语语言基础和较高的英语语言技能，特别是能够在复杂的商业场合中进行准确地、清晰地表达。 目标2：掌握英语语言文学基本理论框架与方法论，能够运用语言文学相关理论分析语言现象，理解语言的结构和功能，对英语文学作品进行深度解读，对商务英语进行深入研究，需要掌握并灵活运用相关研究方法，提高学术研究能力。 目标3：掌握基本的商务理论与实务知识，提升商务实践能力，能够熟练运用英语进行商务谈判、市场营销以及处理商务文件。 目标4：具备较高的数智素养，能够熟练…,1.知识要求 学生应掌握学科基础课程和专业核心课程内容，具备扎实的英语基础知识，具备良好的英语语言能力和文化理解能力，熟悉现代商务运作的基本理论、相关知识体系与实践技能，能够灵活运用商务英语处理各类商务事务；1.1 基础英语语言 具备扎实的英语语言基础，掌握听说读写译等基础语言技能；1.2 商务英语语言 * 具备扎实的商务英语语言能力，掌握商务英语听说技能，能够在各类商务场合进行流利、准确的交流；1.3商务实务 * 掌握国际商务的基本理论与实践，包括商务谈判、国际贸易、市场营销等方面的知识；2.能力要求 学生应具备较强的自主学习能力、沟通表达能力、专业技术能力及学术创新能力，能够独立应对各类挑战,1. 主干学科 外国语言文学 2. 核心课程 综合英语I-IV、高级英语I-II、英语视听说I-II、商务英语视听说（实验）、高级商务英语视听说（实验）、英语阅读I-II、商务英语阅读、高级商务英语阅读、英语写作与修辞、AI赋能高级英语写作、商务英语写作、智能翻译概论、AI商务翻译与译后编辑、经贸翻译实务、基础口译、商务会议口译、英语文学导论、英美文学选读、数字人文导论、语言学概论、语料库语言学、大数据语言模型与语言分析、语言与跨文化交际、中国文化（英语）、英语国家概况、话说北京（英语）、商务导论、跨文化商务沟通导论、京津冀商务论坛（实验）、国际贸易理论与实务、研究方法与学术写作、社会科学研究方法导论。 3. 商务英语专业知识图谱,nan,1. 学制 本专业基本学制为四年，实行弹性修业年限制度，学生在校修业年限可以提前至三年或延长至六年，修满规定的学分准予毕业。 2. 学位 符合学士学位授予条件者，授予文学学士学位。 3. 毕业条件 学生在规定的学习年限内，完成培养方案要求的最低总学分150学分。 | | | | | | --- | --- | --- | --- | | 教学环节 | 课程类别 | 门数 | 学分 | | 通识教育 | 通识教育必修课 | 31 | 49 | | 通识教育选修课 | —— |…,CUEB-2025-168,商务英语|商务英语专业
首都经济贸易大学,2025级,外国语学院,法语,法语专业,2025级法语专业学分制本科人才培养方案,050204,2025级/12外国语学院/法语专业/03-1法语专业人才培养方案1-6.docx,01_Markdown培养方案/2025级/12外国语学院/法语专业/03-1法语专业人才培养方案1-6.md,本专业致力于培养具有社会主义核心价值观，德、智、体、美、劳全面发展；具备扎实的法语基础和熟练的法语表达能力；具有较高的创新精神、人文素养、国际视野与跨文化交际能力；熟悉中国文化与语言对象国文化；掌握财经领域的基本知识与技能；具备较高的数智化素养；能够在政府机关、事业单位、企业、学校及科研院所从事商贸、财会、金融、翻译、文化、新闻出版、教育、科研等工作的复合型人才。 毕业生经过五年左右的职业历练，能够通过主动学习、自我学习、终身学习的能力适应经济、社会发展，能够较好地适应独立和团队工作环境，不断提高解决实际问题的能力与水平不断提高，优秀者能够成长为工作单位的业务骨干或中层管理干部。 本专业毕业生预期达到以下具体目标： 培养目标1：具有良好的思想道德品质和身心素质。 培养目标2：具备扎实的法语基本功及较强的法语听…,1．知识要求；1.1 具备全面、扎实的法语语言知识；1.2 了解主要语言对象国的政治、经济、历史、社会文化、风俗习惯等基本国情；1.3 具备良好的汉语知识和第二外语（英语）知识；1.4 掌握财会、管理、市场营销等领域的基本理论,主干学科：法语语言文学 核心课程：基础法语I、基础法语II、中级法语I、中级法语II、高级法语I、高级法语II、初级法语视听说、中级法语视听说、AI赋能高级法语视听说、法语阅读与写作I、法语阅读与写作II、AI辅助法语高级写作、法语语音、法国社会与文化、法语国家与地区概况、中国文化（法语）、中法文化交流史、AI辅助法语口译、法语笔译。,nan,学制：本专业基本学制为四年，实行弹性修业年限制度，学生在校修业年限可以提前至三年或延长至六年，修满规定的学分准予毕业。 学位：符合学士学位授予条件者，授予文学学士学位。 毕业条件：学生在规定的学习年限内，完成培养方案要求的最低总学分151学分。其中： | | | | | | --- | --- | --- | --- | | 教学环节 | 课程类别 | 门数 | 学分 | | 通识教育 | 通识教育必修课 | 27 | 50 | | 通识教育选修课 | | 10 | | 专…,CUEB-2025-169,法语|法语专业
首都经济贸易大学,2025级,华侨学院,信息管理与信息系统（数据治理）,信息管理与信息系统（数据治理）,信息管理与信息系统（数据治理）专业学分制本科人才培养方案,,2025级/13华侨学院/13华侨学院/信息管理与信息系统（数据治理）/信息管理与信息系统（数据治理）专业1-6 （25.4.1）.docx,01_Markdown培养方案/2025级/13华侨学院/13华侨学院/信息管理与信息系统（数据治理）/信息管理与信息系统（数据治理）专业1-6 （25.4.1）.md,本专业旨在培养具有数据赋能理念、跨学科整合能力和国际视野的复合型大数据治理人才。学生将在系统掌握大数据管理核心知识的基础上，特别是在数据分析、数据治理和智能决策方面，培养从复杂数据中提炼价值、支持企业决策与创新发展的能力。本专业强调家国情怀与全球视野的结合，注重培养学生与时俱进的数据素养、跨文化沟通与团队协作能力，并激发学生的创新思维和系统性问题解决能力。毕业生能够在数据治理、大数据分析、智能化决策支持等多个领域中具备职业胜任力，能够在科技公司、金融机构、政府部门及跨国企业等行业中担任数据分析师、数据治理工程师、数据架构师及战略支持顾问等职位，为推动企业数字化转型与智能化发展提供解决方案。 目标1：高尚道德品质，具有国家情怀和以人为本的意识，具备职业操守和社会责任感； 目标2：扎实基础知识，具备数理基础、金融…,1．知识要求 掌握扎实的专业知识、外语知识，人工智能、大数据分析、商业智能决策分析知识，跨学科知识等；1.1 专业知识：掌握数据治理框架、数据库技术、数据安全与隐私保护，熟悉大数据平台及分析工具，具备统计学与编程基础‌；1.2 外语知识：需掌握英语听说读写基础技能，第二外语应用及跨文化交际能力‌；1.3 掌握人工智能、大数据分析等现代技术的基本原理和应用方法：学生应具备数据挖掘、数据分析可视化和机器学习的基础知识，能够运用这些技术进行跨学科数据分析，支持管理决策；1.4 具备跨学科知识储备，能够将数据分析可视化、商业智能决策分析等多学科知识融会贯通，解决实际商业问题,主干学科：管理科学与工程 核心课程：管理信息系统、Python程序设计基础、数据治理概论、数据道德和安全、数据采集与处理、数据模型设计、数据分析与可视化、项目管理与实践、商业智能与决策分析、管理统计学、新智商业演讲力、会计学原理、微观经济学、金融学 专业知识图谱：,nan,学制：本专业基本学制为四年，实行弹性修业年限制度，学生在校修业年限可以提前至三年或延长至六年，修满规定的学分准予毕业。 学位：符合学士学位授予条件者，授予管理学学士学位。 毕业条件：学生在规定的学习年限内，完成培养方案要求的最低总学分140学分。其中： | | | | | | --- | --- | --- | --- | | 教学环节 | 课程类别 | 门数 | 学分 | | 通识教育 | 通识教育必修课 | 23 | 48 | | 通识教育选修课 | -- | 10 |…,CUEB-2025-170,信息管理与信息系统（数据治理）
首都经济贸易大学,2025级,华侨学院,工商管理（国际会计）,工商管理（国际会计）,工商管理（国际会计）专业学分制本科人才培养方案,,2025级/13华侨学院/13华侨学院/工商管理（国际会计）/华侨学院工商管理（国际会计）专业 1-6 （25.12.22）.docx,01_Markdown培养方案/2025级/13华侨学院/13华侨学院/工商管理（国际会计）/华侨学院工商管理（国际会计）专业 1-6 （25.12.22）.md,本专业旨在培养具有商业向善理念，兼具家国情怀和社会责任感的复合型管理人才。学生将系统掌握工商管理专业核心知识，深刻理解商业运作机制，擅长运用财务分析和大数据分析支持管理决策；培养卓越的跨文化沟通能力、团队协作精神、创新思维和批判性思维及良好的人工智能素养；能够在国际化背景下理解并应对复杂商业问题。毕业后能够胜任国内外企业、政府及事业单位管理工作，推动组织可持续发展。 具体目标如下： 目标1： 掌握扎实的会计、金融和财务管理知识，能够运用财务分析工具支持管理决策，确保企业可持续发展。 目标2： 具备卓越的跨文化沟通能力和全球视野，能够在多元文化环境中有效合作，推动全球业务拓展。 目标3： 熟练运用人工智能、大数据分析等技术，从数据中提取有价值的信息，为管理决策提供支撑。 目标4： 具备系统化的战略思维和领导力…,华侨学院工商管理（国际会计）专业秉承“国际化、创新型、复合型”人才培养理念，紧密结合国家政策导向、行业标准及国际化人才需求，致力于培养具有全球视野、跨文化沟通能力和创新思维的高素质管理人才；1．知识要求；1.1 掌握扎实的会计、金融和财务管理专业知识，理解商业运作机制；1.2 熟悉国际会计准则和财务管理规范，具备全球化视野；1.3 掌握人工智能、大数据分析等现代技术的基本原理和应用方法,主干学科：管理学、会计学、经济学 核心课程：管理学、经济学、会计学原理、财务会计、财务管理、市场营销、人力资源管理、战略管理、管理信息系统、管理统计学。 专业知识图谱： 经济学基础 微观经济学 宏观经济学 会计学核心 会计学原理 财务会计 管理会计 财务管理 财务报告分析 成本会计 审计学 税法 管理学基础 管理与商业导论 战略管理 人力资源管理 商业伦理 商法 计 | | - 国际经济学 | | - 运营管理 管理学基础 | | 会计学核心 | | 经济学基础 | 数智化技术应用 Python程序设计基础 Power BI在商业中的应用 人工智能导论 人工智能素养 管理信息系统 市场营销学 管理统计学 学术写作与研究方法 金融投资 定量方法 公司金融 权益投资与投资组合管理 固定收益证券 衍生品与其他投资 可持续发展 可持续发展导论 ESG报告披露 碳管理与碳会计 全球化沟通与交流 新智商业演讲力 数智笔端：国际商务英语读写实践 智语听说,二、培养目标 本专业旨在培养具有商业向善理念，兼具家国情怀和社会责任感的复合型管理人才；1．知识要求；1.1 掌握扎实的会计、金融和财务管理专业知识，理解商业运作机制；1.2 熟悉国际会计准则和财务管理规范，具备全球化视野；1.3 掌握人工智能、大数据分析等现代技术的基本原理和应用方法,学制：本专业基本学制为四年，实行弹性修业年限制度，学生在校修业年限可以提前至三年或延长至六年，修满规定的学分准予毕业。 学位：符合学士学位授予条件者，授予管理学学士学位。 毕业条件：学生在规定的学习年限内，完成培养方案要求的最低总学分139学分。其中： | | | | | | --- | --- | --- | --- | | 教学环节 | 课程类别 | 门数 | 学分 | | 通识教育 | 通识教育必修课 | 23 | 48 | | 通识教育选修课 | -- | 10 |…,CUEB-2025-171,工商管理（国际会计）
首都经济贸易大学,2025级,nan,国际经济与管理,14国际经济与管理,金融学专业（数据与计量分析）人才培养方案,020301K,2025级/14国际经济与管理/金融学（数据与计量分析）专业1-6（2025版）.docx,01_Markdown培养方案/2025级/14国际经济与管理/金融学（数据与计量分析）专业1-6（2025版）.md,本专业培养具有正确社会主义核心价值观，具备扎实的金融学和经济学理论基础，熟练运用计量和数据分析技术，以及互联网经济与大数据金融的分析方法和技术手段，具有开阔的国际视野和较高的外语水平，能够到国内外大学继续深造，或者在政府机关、金融机构、科研院所、外资企业等单位从事金融经济理论研究与政策分析决策等工作，既能胜任传统金融工作，又能适应金融行业发展趋势的复合型拔尖创新金融人才。,1.注重人才思想政治、身心健康和职业道德等综合素质；2.系统掌握金融学基本理论和数理计量分析基本方法，具有扎实的数学基础和包括金融学和经济学在内的较宽知识面与知识结构，并具备使用统计软件分析金融和经济数据、解决经济问题的能力，为在金融学方向的进一步深造奠定坚实的基础；3.具备计量分析和大数据与互联网经济与金融分析能力；4.具有较高的英语水平和宽广的国际视野；5.具备较强的创新意识，善于将理论与实际相结合,高等数学、概率论与数理统计、中级微观经济学、中级宏观经济学、计量经济学、会计学、国际经济学、货币银行学、公司金融、投资学、固定收益证券、经济时间序列分析、金融衍生品分析等。,1．独特的课程体系设置；2．英文教学与广泛的国际合作；3．灵活的人才培养模式,本专业基本学制为四年，实行弹性学制，学生在校学习年限可以提前至三年或延长至六年，修满规定的学分准予毕业。符合学士学位授予条件者，授予经济学学士学位。,CUEB-2025-172,国际经济与管理|14国际经济与管理
首都经济贸易大学,2025级,人工智能学院,计算机科学与技术,计算机科学与技术,2025级培养方案,080901,2025级/15人工智能学院/计算机科学与技术/计算机科学与技术专业培养方案1-6.docx,01_Markdown培养方案/2025级/15人工智能学院/计算机科学与技术/计算机科学与技术专业培养方案1-6.md,本专业立足新时代人工智能和大数据技术的发展对计算机专业人才的迫切需求，秉持全面发展、学以致用的教育理念，强调理论与实践深度融合、创新驱动发展的重要性，全力为社会培养具有正确社会主义核心价值观、具备扎实计算机科学理论知识以及在人工智能领域具备专长，能熟练运用计算机、人工智能、大数据、软件开发等方法和技术的人才，并能够结合经济、管理、金融等相关领域知识，将计算机技术、人工智能技术、大数据技术、软件开发技术与各行业、各业态及服务创新相融合，成为具有远大理想、不懈奋斗精神、阳光乐观心态的，具有就业竞争力的高素质复合型人才。 本专业毕业生预期达成以下目标： 目标 1（培养综合素质与塑造价值理念）：具备良好的思想道德素质和社会责任感，形成健全的世界观、人生观与价值观。具有人文艺术修养与科技伦理意识，能够在专业实践中体现职…,学生经过本专业学习获得以下知识、能力与素养；1．知识要求；1.1 工程知识：具有从事计算机、人工智能和大数据专业领域工程技术工作所需要的数学、自然科学、工程基础和专业知识，并能将这些知识用于解决互联网应用、金融及经济等计算机应用系统设计、开发等相关复杂计算机工程问题；1.2 系统性问题分析：能够应用数学、自然科学、工程科学和专业知识的基本原理，识别、表达、并通过文献研究分析计算机领域复杂工程问题，以获得有效结论；1.3解决方案设计/开发：能够设计针对计算机、人工智能和大数据领域复杂工程问题的解决方案，设计满足特定需求的系统、功能模块或工艺流程，加强实践能力，并能够在设计环节中体现创新意识，考虑社会、健康、安全、法律、文化以及环境等因素,主干学科：计算机科学与技术 核心课程：程序设计基础，数字逻辑与数字电路，面向对象程序设计，离散数学，计算机原理与汇编语言，数据库原理与应用，数据结构，操作系统，编译原理 专业知识图谱：,nan,学制：本专业基本学制为四年，实行弹性修业年限制度，学生在校修业年限可以提前至三年或延长至六年，修满规定的学分准予毕业。 学位：符合学士学位授予条件者，授予理学学士学位。 毕业条件：学生在规定的学习年限内，完成培养方案要求的最低总学分150学分。其中： | | | | | | --- | --- | --- | --- | | 教学环节 | 课程类别 | 门数 | 学分 | | 通识教育 | 通识教育必修课 | 23 | 50 | | 通识教育选修课 | —— | 10 |…,CUEB-2025-173,计算机科学与技术
首都经济贸易大学,2025级,nan,级,2025级,2025级,,2025级/16琢玉班.pdf,01_Markdown培养方案/2025级/16琢玉班.md,目标5建立本 | | | | | | | 目标4：聚焦 | 硕博贯通培养 | | ---- | ---- | ------ | ------ | ----- | ------ | ------ | ------ | | | | 目标1：培养 | 目标2：构建 | | 目标3：锻造 | | | | | | | | | | 国家战略需 | 的长效发展机 | | | | 德智体美劳 | “厚基础、强 | | 拔尖科研创 | | | | | 培养目标 | | | | | 求，打造服 | 制，毕业生五 | | | | 全面发展的 | | 交叉、重数 | 新能力，培育 | | | | 毕业要求 | | | | | | 务数字经济 | 年内应成长为 | | | | 高端研究人 | 智”的复合型 | | 数字时代的 | |…,知识要求 | | | 能力要求 | | | | 素质要求 | | | | --- | --- | ---- | --- | --- | ---- | --- | --- | --- | ---- | --- | --- |；1.1 掌 握 毕业 扎 | | 要求 | |；1.2 | | | | | | | | | | --- | --- | --- | ---- | --- | --- | --- | --- | --- | --- | --- | --- | | | | 实 |；1.3具 |；2.1,政治经济学、管理学、经济学原理、数字经济概论、法学导论、人工智能前沿 算法、数据结构与算法、Python 分析、数学分析、高等数理统计,nan,学制：本科阶段学制为四年，按管理规定修满规定的学分准予毕业。 学位：符合学士学位授予条件者，授予相应学士学位。 毕业条件：学生在规定的学习年限内，完成培养方案要求的最低总学分 144 学 分。其中： - 3 - | 教学环节 | 课程类别 | 门数 | 学分 | | ---- | ---- | --- | --- | 通识教育必修课 | | | 21 | 40 | | --- | --- | --- | --- | 通识教育 通识教育选修课 | | | 7 | 10 | |…,CUEB-2025-174,级|2025级
