学校,专业主键,年级,学院,专业,专业方向_路径,技能编号,标准技能名称,技能展示名称,技能一级类型,技能簇名称,技能供给原始分,证据条数,直接证据条数,语义规则证据条数,证据摘要,映射依据,专业区分度权重,技能供给区分度得分,专业内排名,是否代表性技能
首都经济贸易大学,CUEB-2023-001,2023级,金融学院,保险学（保险精算）,保险学（保险精算）,JN0024,Office办公软件,Office办公软件（办公套件）,工具软件与技术平台,表达沟通与通用办公协作,0.8,1,0,1,计算机应用  / Computer Application,通用计算机应用课程,2.037651588878423,1.6301212711027384,16,是
首都经济贸易大学,CUEB-2023-001,2023级,金融学院,保险学（保险精算）,保险学（保险精算）,JN0025,英语,英语,语言能力,供应链与物流管理,0.8,1,1,0,英语,课程名称直接出现唯一技能别名“英语”,1.0,0.8,23,否
首都经济贸易大学,CUEB-2023-001,2023级,金融学院,保险学（保险精算）,保险学（保险精算）,JN0041,Python,Python（编程语言）,工具软件与技术平台,云计算、系统运维与DevOps,2.3,2,2,0,Python；python,毕业要求直接出现“Python”；课程名称直接出现唯一技能别名“python”,1.5108256237659907,3.4748989346617782,5,是
首都经济贸易大学,CUEB-2023-001,2023级,金融学院,保险学（保险精算）,保险学（保险精算）,JN0072,统计分析,统计分析,方法、标准与流程,人工智能与数据挖掘,0.8,1,0,1,统计学 / Statistics,统计方法课程,1.1880522315029396,0.9504417852023517,21,否
首都经济贸易大学,CUEB-2023-001,2023级,金融学院,保险学（保险精算）,保险学（保险精算）,JN0109,会计核算,会计核算,方法、标准与流程,财务会计与税务管理,0.8,1,0,1,会计学 / Accounting,会计课程,1.2895886507223624,1.03167092057789,19,否
首都经济贸易大学,CUEB-2023-001,2023级,金融学院,保险学（保险精算）,保险学（保险精算）,JN0145,数据挖掘,数据挖掘,工具软件与技术平台,人工智能与数据挖掘,0.8,1,1,0,数据挖掘,课程名称直接出现唯一技能别名“数据挖掘”,2.4271163556401456,1.9416930845121165,14,是
首都经济贸易大学,CUEB-2023-001,2023级,金融学院,保险学（保险精算）,保险学（保险精算）,JN0172,数据建模,数据建模,工具软件与技术平台,大数据工程与数据仓库,0.8,1,0,1,金融建模 / Financial Modelling,建模课程,2.730798769438368,2.1846390155506947,13,是
首都经济贸易大学,CUEB-2023-001,2023级,金融学院,保险学（保险精算）,保险学（保险精算）,JN0335,SPSS,SPSS（办公软件与通用数字工具）,方法、标准与流程,人工智能与数据挖掘,1.5,1,1,0,SPSS,毕业要求直接出现“SPSS”,4.778491612803624,7.1677374192054355,2,是
首都经济贸易大学,CUEB-2023-001,2023级,金融学院,保险学（保险精算）,保险学（保险精算）,JN0397,数理统计,数理统计,工具软件与技术平台,人工智能与数据挖掘,0.8,1,1,0,数理统计,课程名称直接出现唯一技能别名“数理统计”,1.2019413436636068,0.9615530749308855,20,否
首都经济贸易大学,CUEB-2023-001,2023级,金融学院,保险学（保险精算）,保险学（保险精算）,JN0524,精算,精算,具体专业技能,金融风控、投资与合规,6.0,4,4,0,精算,培养目标直接出现“精算”；毕业要求直接出现“精算”；核心课程直接出现“精算”；培养特色直接出现“精算”,4.218875824868201,25.313254949209206,1,是
首都经济贸易大学,CUEB-2023-001,2023级,金融学院,保险学（保险精算）,保险学（保险精算）,JN0647,论文写作,论文写作,方法、标准与流程,表达沟通与通用办公协作,0.8,1,1,0,论文写作,课程名称直接出现唯一技能别名“论文写作”,1.4734380916943703,1.1787504733554963,18,是
首都经济贸易大学,CUEB-2023-001,2023级,金融学院,保险学（保险精算）,保险学（保险精算）,JN0690,风险管理,风险管理,专业知识与行业经验,金融风控、投资与合规,1.6,2,1,1,风险管理；金融风险分析师专题（双语）FRM（Bilingual）,课程名称直接出现唯一技能别名“风险管理”；风险管理课程,1.916290731874155,3.066065170998648,7,是
首都经济贸易大学,CUEB-2023-001,2023级,金融学院,保险学（保险精算）,保险学（保险精算）,JN0691,财务管理,财务管理,专业知识与行业经验,财务会计与税务管理,1.6,2,1,1,公司金融 / Corporate Finance；财务管理,财务管理课程；课程名称直接出现唯一技能别名“财务管理”,1.664976303593249,2.6639620857491986,9,是
首都经济贸易大学,CUEB-2023-001,2023级,金融学院,保险学（保险精算）,保险学（保险精算）,JN0755,CFA,特许金融分析师资格（CFA）,证书与资质,金融风控、投资与合规,0.8,1,1,0,cfa,课程名称直接出现唯一技能别名“cfa”,3.169053700369523,2.535242960295619,10,否
首都经济贸易大学,CUEB-2023-001,2023级,金融学院,保险学（保险精算）,保险学（保险精算）,JN0763,FRM,FRM（证书资质）,证书与资质,金融风控、投资与合规,0.8,1,1,0,frm,课程名称直接出现唯一技能别名“frm”,3.120263536200091,2.496210828960073,12,否
首都经济贸易大学,CUEB-2023-001,2023级,金融学院,保险学（保险精算）,保险学（保险精算）,JN0770,沟通能力,沟通能力,非技术性能力,组织协调与商业执行,1.5,1,1,0,沟通协调,毕业要求直接出现“沟通协调”,1.7953381214564925,2.693007182184739,8,否
首都经济贸易大学,CUEB-2023-001,2023级,金融学院,保险学（保险精算）,保险学（保险精算）,JN0773,组织协调,组织协调,非技术性能力,组织协调与商业执行,1.5,1,1,0,协调能力,毕业要求直接出现“协调能力”,2.83258146374831,4.248872195622465,3,是
首都经济贸易大学,CUEB-2023-001,2023级,金融学院,保险学（保险精算）,保险学（保险精算）,JN0779,书面表达,书面表达,非技术性能力,表达沟通与通用办公协作,0.8,1,0,1,应用写作 / Practical Writing,写作课程,1.0649195460993157,0.8519356368794526,22,否
首都经济贸易大学,CUEB-2023-001,2023级,金融学院,保险学（保险精算）,保险学（保险精算）,JN0780,诚信与职业道德,诚信与职业道德,非技术性能力,金融风控、投资与合规,1.5,1,1,0,职业道德,毕业要求直接出现“职业道德”,1.0710357731167517,1.6065536596751275,17,否
首都经济贸易大学,CUEB-2023-001,2023级,金融学院,保险学（保险精算）,保险学（保险精算）,JN0785,分析判断,分析判断,非技术性能力,组织协调与商业执行,1.5,1,1,0,分析能力,毕业要求直接出现“分析能力”,2.121734706088964,3.1826020591334463,6,是
首都经济贸易大学,CUEB-2023-001,2023级,金融学院,保险学（保险精算）,保险学（保险精算）,JN0786,管理能力,管理能力,非技术性能力,组织协调与商业执行,1.5,1,1,0,管理能力,毕业要求直接出现“管理能力”,2.730798769438368,4.096198154157552,4,是
首都经济贸易大学,CUEB-2023-001,2023级,金融学院,保险学（保险精算）,保险学（保险精算）,JN0790,创新能力,创新能力,非技术性能力,视觉设计与数字内容制作,1.5,1,1,0,创新能力,毕业要求直接出现“创新能力”,1.2895886507223624,1.9343829760835436,15,否
首都经济贸易大学,CUEB-2023-001,2023级,金融学院,保险学（保险精算）,保险学（保险精算）,JN0798,适应能力,适应能力,非技术性能力,组织协调与商业执行,1.0,1,1,0,适应能力,培养目标直接出现“适应能力”,2.5271998141971284,2.5271998141971284,11,否
首都经济贸易大学,CUEB-2023-002,2023级,金融学院,投资学,投资学,JN0024,Office办公软件,Office办公软件（办公套件）,工具软件与技术平台,表达沟通与通用办公协作,1.6,1,0,1,计算机应用 / Computer Application,通用计算机应用课程,2.037651588878423,3.260242542205477,8,是
首都经济贸易大学,CUEB-2023-002,2023级,金融学院,投资学,投资学,JN0025,英语,英语,语言能力,供应链与物流管理,1.6,1,1,0,英语,课程名称直接出现唯一技能别名“英语”,1.0,1.6,14,是
首都经济贸易大学,CUEB-2023-002,2023级,金融学院,投资学,投资学,JN0041,Python,Python（编程语言）,工具软件与技术平台,云计算、系统运维与DevOps,3.1,2,2,0,Python；python,毕业要求直接出现“Python”；课程名称直接出现唯一技能别名“python”,1.5108256237659907,4.683559433674572,5,是
首都经济贸易大学,CUEB-2023-002,2023级,金融学院,投资学,投资学,JN0072,统计分析,统计分析,方法、标准与流程,人工智能与数据挖掘,0.8,1,0,1,统计学 / statistics,统计方法课程,1.1880522315029396,0.9504417852023517,18,否
首都经济贸易大学,CUEB-2023-002,2023级,金融学院,投资学,投资学,JN0109,会计核算,会计核算,方法、标准与流程,财务会计与税务管理,0.8,1,0,1,会计学 / Accounting,会计课程,1.2895886507223624,1.03167092057789,17,否
首都经济贸易大学,CUEB-2023-002,2023级,金融学院,投资学,投资学,JN0143,机器学习,机器学习,方法、标准与流程,人工智能与数据挖掘,0.8,1,1,0,机器学习,课程名称直接出现唯一技能别名“机器学习”,2.3361445774344194,1.8689156619475356,11,是
首都经济贸易大学,CUEB-2023-002,2023级,金融学院,投资学,投资学,JN0174,人工智能技术,人工智能技术,具体专业技能,人工智能与数据挖掘,4.3,4,4,0,人工智能；ai,培养目标直接出现“人工智能”；毕业要求直接出现“人工智能”；培养特色直接出现“人工智能”；课程名称直接出现唯一技能别名“ai”,1.312755710003897,5.644849553016757,2,是
首都经济贸易大学,CUEB-2023-002,2023级,金融学院,投资学,投资学,JN0199,MATLAB,MATLAB（编程语言）,工具软件与技术平台,人工智能与数据挖掘,1.5,1,1,0,MATLAB,毕业要求直接出现“MATLAB”,4.373026504695459,6.559539757043188,1,是
首都经济贸易大学,CUEB-2023-002,2023级,金融学院,投资学,投资学,JN0397,数理统计,数理统计,工具软件与技术平台,人工智能与数据挖掘,1.6,1,1,0,数理统计,课程名称直接出现唯一技能别名“数理统计”,1.2019413436636068,1.923106149861771,10,是
首都经济贸易大学,CUEB-2023-002,2023级,金融学院,投资学,投资学,JN0413,算法建模,算法建模,方法、标准与流程,人工智能与数据挖掘,0.8,1,0,1,金融智能芯片开发与算法设计 / Financial AI IC and Algorithm Design,算法课程,3.331572629867298,2.6652581038938385,9,是
首都经济贸易大学,CUEB-2023-002,2023级,金融学院,投资学,投资学,JN0647,论文写作,论文写作,方法、标准与流程,表达沟通与通用办公协作,0.8,1,1,0,论文写作,课程名称直接出现唯一技能别名“论文写作”,1.4734380916943703,1.1787504733554963,16,否
首都经济贸易大学,CUEB-2023-002,2023级,金融学院,投资学,投资学,JN0690,风险管理,风险管理,专业知识与行业经验,金融风控、投资与合规,2.5,2,2,0,风险管理,毕业要求直接出现“风险管理”；培养特色直接出现“风险管理”,1.916290731874155,4.790726829685388,3,是
首都经济贸易大学,CUEB-2023-002,2023级,金融学院,投资学,投资学,JN0691,财务管理,财务管理,专业知识与行业经验,财务会计与税务管理,0.8,1,0,1,公司金融（双语）Corporate Finance （Bilingual）,财务管理课程,1.664976303593249,1.3319810428745993,15,否
首都经济贸易大学,CUEB-2023-002,2023级,金融学院,投资学,投资学,JN0755,CFA,特许金融分析师资格（CFA）,证书与资质,金融风控、投资与合规,1.5,1,1,0,CFA,毕业要求直接出现“CFA”,3.169053700369523,4.753580550554284,4,否
首都经济贸易大学,CUEB-2023-002,2023级,金融学院,投资学,投资学,JN0763,FRM,FRM（证书资质）,证书与资质,金融风控、投资与合规,1.5,1,1,0,金融风险管理师,毕业要求直接出现“金融风险管理师”,3.120263536200091,4.680395304300136,6,否
首都经济贸易大学,CUEB-2023-002,2023级,金融学院,投资学,投资学,JN0779,书面表达,书面表达,非技术性能力,表达沟通与通用办公协作,1.6,1,0,1,应用写作 / Practical Writing,写作课程,1.0649195460993157,1.7038712737589052,12,是
首都经济贸易大学,CUEB-2023-002,2023级,金融学院,投资学,投资学,JN0780,诚信与职业道德,诚信与职业道德,非技术性能力,金融风控、投资与合规,1.5,1,1,0,职业道德,毕业要求直接出现“职业道德”,1.0710357731167517,1.6065536596751275,13,是
首都经济贸易大学,CUEB-2023-002,2023级,金融学院,投资学,投资学,JN0784,逻辑思维,逻辑思维,非技术性能力,表达沟通与通用办公协作,1.0,1,1,0,逻辑思维,培养特色直接出现“逻辑思维”,3.456735772821304,3.456735772821304,7,是
首都经济贸易大学,CUEB-2023-003,2023级,金融学院,金融学,金融学,JN0024,Office办公软件,Office办公软件（办公套件）,工具软件与技术平台,表达沟通与通用办公协作,1.6,1,0,1,计算机应用 / Computer Application,通用计算机应用课程,2.037651588878423,3.260242542205477,6,是
首都经济贸易大学,CUEB-2023-003,2023级,金融学院,金融学,金融学,JN0025,英语,英语,语言能力,供应链与物流管理,1.6,1,1,0,英语,课程名称直接出现唯一技能别名“英语”,1.0,1.6,16,是
首都经济贸易大学,CUEB-2023-003,2023级,金融学院,金融学,金融学,JN0041,Python,Python（编程语言）,工具软件与技术平台,云计算、系统运维与DevOps,1.6,1,1,0,python,课程名称直接出现唯一技能别名“python”,1.5108256237659907,2.4173209980255854,11,是
首都经济贸易大学,CUEB-2023-003,2023级,金融学院,金融学,金融学,JN0072,统计分析,统计分析,方法、标准与流程,人工智能与数据挖掘,0.8,1,0,1,统计学 / Statistics,统计方法课程,1.1880522315029396,0.9504417852023517,21,否
首都经济贸易大学,CUEB-2023-003,2023级,金融学院,金融学,金融学,JN0109,会计核算,会计核算,方法、标准与流程,财务会计与税务管理,0.8,1,0,1,会计学 / Accounting,会计课程,1.2895886507223624,1.03167092057789,20,是
首都经济贸易大学,CUEB-2023-003,2023级,金融学院,金融学,金融学,JN0143,机器学习,机器学习,方法、标准与流程,人工智能与数据挖掘,0.8,1,1,0,机器学习,课程名称直接出现唯一技能别名“机器学习”,2.3361445774344194,1.8689156619475356,13,是
首都经济贸易大学,CUEB-2023-003,2023级,金融学院,金融学,金融学,JN0397,数理统计,数理统计,工具软件与技术平台,人工智能与数据挖掘,1.6,1,1,0,数理统计,课程名称直接出现唯一技能别名“数理统计”,1.2019413436636068,1.923106149861771,12,是
首都经济贸易大学,CUEB-2023-003,2023级,金融学院,金融学,金融学,JN0647,论文写作,论文写作,方法、标准与流程,表达沟通与通用办公协作,0.8,1,1,0,论文写作,课程名称直接出现唯一技能别名“论文写作”,1.4734380916943703,1.1787504733554963,19,是
首都经济贸易大学,CUEB-2023-003,2023级,金融学院,金融学,金融学,JN0690,风险管理,风险管理,专业知识与行业经验,金融风控、投资与合规,4.1,4,3,1,风险管理；金融风险分析师专题（双语） / FRM（Bilingual）,毕业要求直接出现“风险管理”；培养特色直接出现“风险管理”；课程名称直接出现唯一技能别名“风险管理”；风险管理课程,1.916290731874155,7.8567920006840355,3,是
首都经济贸易大学,CUEB-2023-003,2023级,金融学院,金融学,金融学,JN0691,财务管理,财务管理,专业知识与行业经验,财务会计与税务管理,0.8,1,0,1,公司金融（双语） / Corporate Finance （Bilingual）,财务管理课程,1.664976303593249,1.3319810428745993,18,是
首都经济贸易大学,CUEB-2023-003,2023级,金融学院,金融学,金融学,JN0755,CFA,特许金融分析师资格（CFA）,证书与资质,金融风控、投资与合规,3.3,3,3,0,CFA；cfa,毕业要求直接出现“CFA”；培养特色直接出现“CFA”；课程名称直接出现唯一技能别名“cfa”,3.169053700369523,10.457877211219426,1,否
首都经济贸易大学,CUEB-2023-003,2023级,金融学院,金融学,金融学,JN0763,FRM,FRM（证书资质）,证书与资质,金融风控、投资与合规,3.3,3,3,0,金融风险管理师；frm,毕业要求直接出现“金融风险管理师”；培养特色直接出现“金融风险管理师”；课程名称直接出现唯一技能别名“frm”,3.120263536200091,10.2968696694603,2,否
首都经济贸易大学,CUEB-2023-003,2023级,金融学院,金融学,金融学,JN0770,沟通能力,沟通能力,非技术性能力,组织协调与商业执行,1.5,1,1,0,沟通协调,毕业要求直接出现“沟通协调”,1.7953381214564925,2.693007182184739,10,否
首都经济贸易大学,CUEB-2023-003,2023级,金融学院,金融学,金融学,JN0771,团队合作,团队合作,非技术性能力,表达沟通与通用办公协作,1.0,1,1,0,团队合作,培养目标直接出现“团队合作”,1.4111957828171493,1.4111957828171493,17,否
首都经济贸易大学,CUEB-2023-003,2023级,金融学院,金融学,金融学,JN0773,组织协调,组织协调,非技术性能力,组织协调与商业执行,1.5,1,1,0,协调能力,毕业要求直接出现“协调能力”,2.83258146374831,4.248872195622465,4,是
首都经济贸易大学,CUEB-2023-003,2023级,金融学院,金融学,金融学,JN0779,书面表达,书面表达,非技术性能力,表达沟通与通用办公协作,1.6,1,0,1,应用写作 / Practical Writing,写作课程,1.0649195460993157,1.7038712737589052,14,否
首都经济贸易大学,CUEB-2023-003,2023级,金融学院,金融学,金融学,JN0780,诚信与职业道德,诚信与职业道德,非技术性能力,金融风控、投资与合规,1.5,1,1,0,职业道德,毕业要求直接出现“职业道德”,1.0710357731167517,1.6065536596751275,15,否
首都经济贸易大学,CUEB-2023-003,2023级,金融学院,金融学,金融学,JN0785,分析判断,分析判断,非技术性能力,组织协调与商业执行,1.5,1,1,0,分析能力,毕业要求直接出现“分析能力”,2.121734706088964,3.1826020591334463,8,否
首都经济贸易大学,CUEB-2023-003,2023级,金融学院,金融学,金融学,JN0788,口头表达,口头表达,非技术性能力,表达沟通与通用办公协作,1.5,1,1,0,口头表达,毕业要求直接出现“口头表达”,1.9021060968821986,2.853159145323298,9,否
首都经济贸易大学,CUEB-2023-003,2023级,金融学院,金融学,金融学,JN0790,创新能力,创新能力,非技术性能力,视觉设计与数字内容制作,2.5,2,2,0,创新能力,培养目标直接出现“创新能力”；毕业要求直接出现“创新能力”,1.2895886507223624,3.223971626805906,7,是
首都经济贸易大学,CUEB-2023-003,2023级,金融学院,金融学,金融学,JN0798,适应能力,适应能力,非技术性能力,组织协调与商业执行,1.5,1,1,0,环境适应能力,毕业要求直接出现“环境适应能力”,2.5271998141971284,3.7907997212956923,5,是
首都经济贸易大学,CUEB-2023-004,2023级,金融学院,金融学（国际金融英文班）,金融学（国际金融英文班）,JN0024,Office办公软件,Office办公软件（办公套件）,工具软件与技术平台,表达沟通与通用办公协作,0.8,1,0,1,计算机应用 / Computer Application,通用计算机应用课程,2.037651588878423,1.6301212711027384,15,否
首都经济贸易大学,CUEB-2023-004,2023级,金融学院,金融学（国际金融英文班）,金融学（国际金融英文班）,JN0025,英语,英语,语言能力,供应链与物流管理,4.8,3,3,0,英语,毕业要求直接出现“英语”；核心课程直接出现“英语”；课程名称直接出现唯一技能别名“英语”,1.0,4.8,6,是
首都经济贸易大学,CUEB-2023-004,2023级,金融学院,金融学（国际金融英文班）,金融学（国际金融英文班）,JN0041,Python,Python（编程语言）,工具软件与技术平台,云计算、系统运维与DevOps,2.3,2,2,0,Python；python,毕业要求直接出现“Python”；课程名称直接出现唯一技能别名“python”,1.5108256237659907,3.4748989346617782,8,是
首都经济贸易大学,CUEB-2023-004,2023级,金融学院,金融学（国际金融英文班）,金融学（国际金融英文班）,JN0058,市场分析,市场分析,方法、标准与流程,组织协调与商业执行,1.5,1,1,0,市场分析,毕业要求直接出现“市场分析”,3.7668907011251433,5.650336051687715,5,是
首都经济贸易大学,CUEB-2023-004,2023级,金融学院,金融学（国际金融英文班）,金融学（国际金融英文班）,JN0072,统计分析,统计分析,方法、标准与流程,人工智能与数据挖掘,0.8,1,0,1,统计学 / Statistics,统计方法课程,1.1880522315029396,0.9504417852023517,20,否
首都经济贸易大学,CUEB-2023-004,2023级,金融学院,金融学（国际金融英文班）,金融学（国际金融英文班）,JN0109,会计核算,会计核算,方法、标准与流程,财务会计与税务管理,0.8,1,0,1,会计学原理 （英语） / Accounting Principles (English),会计课程,1.2895886507223624,1.03167092057789,18,否
首都经济贸易大学,CUEB-2023-004,2023级,金融学院,金融学（国际金融英文班）,金融学（国际金融英文班）,JN0143,机器学习,机器学习,方法、标准与流程,人工智能与数据挖掘,0.8,1,1,0,机器学习,课程名称直接出现唯一技能别名“机器学习”,2.3361445774344194,1.8689156619475356,14,是
首都经济贸易大学,CUEB-2023-004,2023级,金融学院,金融学（国际金融英文班）,金融学（国际金融英文班）,JN0172,数据建模,数据建模,工具软件与技术平台,大数据工程与数据仓库,0.8,1,0,1,金融建模  / Financial Modelling,建模课程,2.730798769438368,2.1846390155506947,13,是
首都经济贸易大学,CUEB-2023-004,2023级,金融学院,金融学（国际金融英文班）,金融学（国际金融英文班）,JN0256,授课,授课,方法、标准与流程,表达沟通与通用办公协作,1.0,1,1,0,授课,培养特色直接出现“授课”,2.4759065198095778,2.4759065198095778,11,是
首都经济贸易大学,CUEB-2023-004,2023级,金融学院,金融学（国际金融英文班）,金融学（国际金融英文班）,JN0397,数理统计,数理统计,工具软件与技术平台,人工智能与数据挖掘,0.8,1,1,0,数理统计,课程名称直接出现唯一技能别名“数理统计”,1.2019413436636068,0.9615530749308855,19,否
首都经济贸易大学,CUEB-2023-004,2023级,金融学院,金融学（国际金融英文班）,金融学（国际金融英文班）,JN0647,论文写作,论文写作,方法、标准与流程,表达沟通与通用办公协作,0.8,1,1,0,论文写作,课程名称直接出现唯一技能别名“论文写作”,1.4734380916943703,1.1787504733554963,17,否
首都经济贸易大学,CUEB-2023-004,2023级,金融学院,金融学（国际金融英文班）,金融学（国际金融英文班）,JN0653,Stata,Stata（办公软件与通用数字工具）,方法、标准与流程,人工智能与数据挖掘,1.5,1,1,0,Stata,毕业要求直接出现“Stata”,3.8622008809294686,5.793301321394203,4,是
首都经济贸易大学,CUEB-2023-004,2023级,金融学院,金融学（国际金融英文班）,金融学（国际金融英文班）,JN0690,风险管理,风险管理,专业知识与行业经验,金融风控、投资与合规,4.8,3,3,0,风险管理,毕业要求直接出现“风险管理”；核心课程直接出现“风险管理”；课程名称直接出现唯一技能别名“风险管理”,1.916290731874155,9.198195512995945,2,是
首都经济贸易大学,CUEB-2023-004,2023级,金融学院,金融学（国际金融英文班）,金融学（国际金融英文班）,JN0691,财务管理,财务管理,专业知识与行业经验,财务会计与税务管理,1.6,2,0,2,公司金融（英语）  / Corporate Finance (English)；跨国公司金融（双语） / Multinational Finance(Bilingual),财务管理课程,1.664976303593249,2.6639620857491986,10,是
首都经济贸易大学,CUEB-2023-004,2023级,金融学院,金融学（国际金融英文班）,金融学（国际金融英文班）,JN0755,CFA,特许金融分析师资格（CFA）,证书与资质,金融风控、投资与合规,2.3,2,2,0,CFA；cfa,毕业要求直接出现“CFA”；课程名称直接出现唯一技能别名“cfa”,3.169053700369523,7.288823510849903,3,否
首都经济贸易大学,CUEB-2023-004,2023级,金融学院,金融学（国际金融英文班）,金融学（国际金融英文班）,JN0763,FRM,FRM（证书资质）,证书与资质,金融风控、投资与合规,3.1,3,3,0,金融风险管理师；frm,毕业要求直接出现“金融风险管理师”；课程名称直接出现唯一技能别名“frm”；课程名称直接出现唯一技能别名“金融风险管理师”,3.120263536200091,9.672816962220283,1,否
首都经济贸易大学,CUEB-2023-004,2023级,金融学院,金融学（国际金融英文班）,金融学（国际金融英文班）,JN0779,书面表达,书面表达,非技术性能力,表达沟通与通用办公协作,0.8,1,0,1,应用写作 / Applied Writing,写作课程,1.0649195460993157,0.8519356368794526,21,否
首都经济贸易大学,CUEB-2023-004,2023级,金融学院,金融学（国际金融英文班）,金融学（国际金融英文班）,JN0780,诚信与职业道德,诚信与职业道德,非技术性能力,金融风控、投资与合规,1.5,1,1,0,职业道德,毕业要求直接出现“职业道德”,1.0710357731167517,1.6065536596751275,16,否
首都经济贸易大学,CUEB-2023-004,2023级,金融学院,金融学（国际金融英文班）,金融学（国际金融英文班）,JN0781,问题解决,问题解决,非技术性能力,表达沟通与通用办公协作,1.0,1,1,0,问题解决,培养特色直接出现“问题解决”,2.314638372213455,2.314638372213455,12,是
首都经济贸易大学,CUEB-2023-004,2023级,金融学院,金融学（国际金融英文班）,金融学（国际金融英文班）,JN0785,分析判断,分析判断,非技术性能力,组织协调与商业执行,1.5,1,1,0,分析能力,毕业要求直接出现“分析能力”,2.121734706088964,3.1826020591334463,9,是
首都经济贸易大学,CUEB-2023-004,2023级,金融学院,金融学（国际金融英文班）,金融学（国际金融英文班）,JN0798,适应能力,适应能力,非技术性能力,组织协调与商业执行,1.5,1,1,0,适应能力,毕业要求直接出现“适应能力”,2.5271998141971284,3.7907997212956923,7,是
首都经济贸易大学,CUEB-2023-005,2023级,金融学院,金融工程,金融工程,JN0024,Office办公软件,Office办公软件（办公套件）,工具软件与技术平台,表达沟通与通用办公协作,1.6,1,0,1,计算机应用Computer Application,通用计算机应用课程,2.037651588878423,3.260242542205477,8,是
首都经济贸易大学,CUEB-2023-005,2023级,金融学院,金融工程,金融工程,JN0025,英语,英语,语言能力,供应链与物流管理,1.6,1,1,0,英语,课程名称直接出现唯一技能别名“英语”,1.0,1.6,19,是
首都经济贸易大学,CUEB-2023-005,2023级,金融学院,金融工程,金融工程,JN0041,Python,Python（编程语言）,工具软件与技术平台,云计算、系统运维与DevOps,3.1,2,2,0,Python；python,毕业要求直接出现“Python”；课程名称直接出现唯一技能别名“python”,1.5108256237659907,4.683559433674572,2,是
首都经济贸易大学,CUEB-2023-005,2023级,金融学院,金融工程,金融工程,JN0072,统计分析,统计分析,方法、标准与流程,人工智能与数据挖掘,0.8,1,0,1,统计学 / statistics,统计方法课程,1.1880522315029396,0.9504417852023517,23,否
首都经济贸易大学,CUEB-2023-005,2023级,金融学院,金融工程,金融工程,JN0076,数据处理,数据处理,具体专业技能,大数据工程与数据仓库,1.5,1,1,0,数据处理,毕业要求直接出现“数据处理”,2.5812670354674037,3.8719005532011055,6,是
首都经济贸易大学,CUEB-2023-005,2023级,金融学院,金融工程,金融工程,JN0109,会计核算,会计核算,方法、标准与流程,财务会计与税务管理,0.8,1,0,1,会计学 / Accounting,会计课程,1.2895886507223624,1.03167092057789,22,否
首都经济贸易大学,CUEB-2023-005,2023级,金融学院,金融工程,金融工程,JN0143,机器学习,机器学习,方法、标准与流程,人工智能与数据挖掘,0.8,1,1,0,机器学习,课程名称直接出现唯一技能别名“机器学习”,2.3361445774344194,1.8689156619475356,16,是
首都经济贸易大学,CUEB-2023-005,2023级,金融学院,金融工程,金融工程,JN0172,数据建模,数据建模,工具软件与技术平台,大数据工程与数据仓库,0.8,1,0,1,金融建模 / Financial modeling,建模课程,2.730798769438368,2.1846390155506947,13,是
首都经济贸易大学,CUEB-2023-005,2023级,金融学院,金融工程,金融工程,JN0397,数理统计,数理统计,工具软件与技术平台,人工智能与数据挖掘,1.6,1,1,0,数理统计,课程名称直接出现唯一技能别名“数理统计”,1.2019413436636068,1.923106149861771,15,是
首都经济贸易大学,CUEB-2023-005,2023级,金融学院,金融工程,金融工程,JN0647,论文写作,论文写作,方法、标准与流程,表达沟通与通用办公协作,0.8,1,1,0,论文写作,课程名称直接出现唯一技能别名“论文写作”,1.4734380916943703,1.1787504733554963,21,否
首都经济贸易大学,CUEB-2023-005,2023级,金融学院,金融工程,金融工程,JN0690,风险管理,风险管理,专业知识与行业经验,金融风控、投资与合规,3.6,4,2,2,风险管理；金融风险测度与管理（双语）Financial Risk Measurement and Management（Bilingual）；金融风险分析师专题（双语）FRM（Bilingual）,培养目标直接出现“风险管理”；培养特色直接出现“风险管理”；风险管理课程,1.916290731874155,6.898646634746958,1,是
首都经济贸易大学,CUEB-2023-005,2023级,金融学院,金融工程,金融工程,JN0691,财务管理,财务管理,专业知识与行业经验,财务会计与税务管理,0.8,1,0,1,公司金融（双语）Corporate Finance （Bilingual）,财务管理课程,1.664976303593249,1.3319810428745993,20,是
首都经济贸易大学,CUEB-2023-005,2023级,金融学院,金融工程,金融工程,JN0755,CFA,特许金融分析师资格（CFA）,证书与资质,金融风控、投资与合规,0.8,1,1,0,cfa,课程名称直接出现唯一技能别名“cfa”,3.169053700369523,2.535242960295619,11,否
首都经济贸易大学,CUEB-2023-005,2023级,金融学院,金融工程,金融工程,JN0763,FRM,FRM（证书资质）,证书与资质,金融风控、投资与合规,0.8,1,1,0,frm,课程名称直接出现唯一技能别名“frm”,3.120263536200091,2.496210828960073,12,否
首都经济贸易大学,CUEB-2023-005,2023级,金融学院,金融工程,金融工程,JN0770,沟通能力,沟通能力,非技术性能力,组织协调与商业执行,1.5,1,1,0,沟通协调,毕业要求直接出现“沟通协调”,1.7953381214564925,2.693007182184739,10,否
首都经济贸易大学,CUEB-2023-005,2023级,金融学院,金融工程,金融工程,JN0773,组织协调,组织协调,非技术性能力,组织协调与商业执行,1.5,1,1,0,协调能力,毕业要求直接出现“协调能力”,2.83258146374831,4.248872195622465,4,是
首都经济贸易大学,CUEB-2023-005,2023级,金融学院,金融工程,金融工程,JN0775,学习能力,学习能力,非技术性能力,表达沟通与通用办公协作,2.5,2,2,0,自主学习能力,培养目标直接出现“自主学习能力”；毕业要求直接出现“自主学习能力”,1.7221347174331973,4.305336793582994,3,是
首都经济贸易大学,CUEB-2023-005,2023级,金融学院,金融工程,金融工程,JN0779,书面表达,书面表达,非技术性能力,表达沟通与通用办公协作,1.6,1,0,1,应用写作 / Practical Writing,写作课程,1.0649195460993157,1.7038712737589052,17,否
首都经济贸易大学,CUEB-2023-005,2023级,金融学院,金融工程,金融工程,JN0780,诚信与职业道德,诚信与职业道德,非技术性能力,金融风控、投资与合规,1.5,1,1,0,职业道德,毕业要求直接出现“职业道德”,1.0710357731167517,1.6065536596751275,18,否
首都经济贸易大学,CUEB-2023-005,2023级,金融学院,金融工程,金融工程,JN0784,逻辑思维,逻辑思维,非技术性能力,表达沟通与通用办公协作,1.0,1,1,0,逻辑思维,培养特色直接出现“逻辑思维”,3.456735772821304,3.456735772821304,7,否
首都经济贸易大学,CUEB-2023-005,2023级,金融学院,金融工程,金融工程,JN0785,分析判断,分析判断,非技术性能力,组织协调与商业执行,1.5,1,1,0,分析能力,毕业要求直接出现“分析能力”,2.121734706088964,3.1826020591334463,9,否
首都经济贸易大学,CUEB-2023-005,2023级,金融学院,金融工程,金融工程,JN0786,管理能力,管理能力,非技术性能力,组织协调与商业执行,1.5,1,1,0,管理能力,毕业要求直接出现“管理能力”,2.730798769438368,4.096198154157552,5,是
首都经济贸易大学,CUEB-2023-005,2023级,金融学院,金融工程,金融工程,JN0790,创新能力,创新能力,非技术性能力,视觉设计与数字内容制作,1.5,1,1,0,创新能力,毕业要求直接出现“创新能力”,1.2895886507223624,1.9343829760835436,14,否
首都经济贸易大学,CUEB-2023-006,2023级,统计学院,数学与应用数学（金融方向）,数学与应用数学（金融方向）,JN0024,Office办公软件,Office办公软件（办公套件）,工具软件与技术平台,表达沟通与通用办公协作,0.8,1,0,1,计算机应用  / Computer Application,通用计算机应用课程,2.037651588878423,1.6301212711027384,15,是
首都经济贸易大学,CUEB-2023-006,2023级,统计学院,数学与应用数学（金融方向）,数学与应用数学（金融方向）,JN0025,英语,英语,语言能力,供应链与物流管理,0.8,1,1,0,英语,课程名称直接出现唯一技能别名“英语”,1.0,0.8,23,否
首都经济贸易大学,CUEB-2023-006,2023级,统计学院,数学与应用数学（金融方向）,数学与应用数学（金融方向）,JN0026,数据分析,数据分析,工具软件与技术平台,人工智能与数据挖掘,0.8,1,1,0,数据分析,课程名称直接出现唯一技能别名“数据分析”,1.5798184952529422,1.2638547962023539,19,是
首都经济贸易大学,CUEB-2023-006,2023级,统计学院,数学与应用数学（金融方向）,数学与应用数学（金融方向）,JN0041,Python,Python（编程语言）,工具软件与技术平台,云计算、系统运维与DevOps,0.8,1,1,0,python,课程名称直接出现唯一技能别名“python”,1.5108256237659907,1.2086604990127927,20,否
首都经济贸易大学,CUEB-2023-006,2023级,统计学院,数学与应用数学（金融方向）,数学与应用数学（金融方向）,JN0072,统计分析,统计分析,方法、标准与流程,人工智能与数据挖掘,7.300000000000001,7,2,5,统计分析；回归分析 Regression Analysis；时间序列分析 Time Series Analysis；统计学导论 Introduction to Statistics；抽样技术与应用 Sampling technique and Application；贝叶斯统计（双语） Bayesian Statistics（Bilingual）,核心课程直接出现“统计分析”；课程名称直接出现唯一技能别名“统计分析”；统计方法课程,1.1880522315029396,8.67278128997146,2,是
首都经济贸易大学,CUEB-2023-006,2023级,统计学院,数学与应用数学（金融方向）,数学与应用数学（金融方向）,JN0104,C语言,C语言（编程语言）,工具软件与技术平台,嵌入式与电子硬件开发,0.8,1,1,0,c语言,课程名称直接出现唯一技能别名“c语言”,3.169053700369523,2.535242960295619,11,是
首都经济贸易大学,CUEB-2023-006,2023级,统计学院,数学与应用数学（金融方向）,数学与应用数学（金融方向）,JN0109,会计核算,会计核算,方法、标准与流程,财务会计与税务管理,0.8,1,0,1,会计学 Accounting,会计课程,1.2895886507223624,1.03167092057789,22,否
首都经济贸易大学,CUEB-2023-006,2023级,统计学院,数学与应用数学（金融方向）,数学与应用数学（金融方向）,JN0145,数据挖掘,数据挖掘,工具软件与技术平台,人工智能与数据挖掘,0.8,1,1,0,数据挖掘,课程名称直接出现唯一技能别名“数据挖掘”,2.4271163556401456,1.9416930845121165,14,是
首都经济贸易大学,CUEB-2023-006,2023级,统计学院,数学与应用数学（金融方向）,数学与应用数学（金融方向）,JN0365,文献检索,文献检索,方法、标准与流程,医药研发与药事管理,1.5,1,1,0,文献检索,毕业要求直接出现“文献检索”,3.2744142160273495,4.9116213240410245,3,是
首都经济贸易大学,CUEB-2023-006,2023级,统计学院,数学与应用数学（金融方向）,数学与应用数学（金融方向）,JN0397,数理统计,数理统计,工具软件与技术平台,人工智能与数据挖掘,3.3,2,2,0,数理统计,核心课程直接出现“数理统计”；课程名称直接出现唯一技能别名“数理统计”,1.2019413436636068,3.9664064340899023,4,是
首都经济贸易大学,CUEB-2023-006,2023级,统计学院,数学与应用数学（金融方向）,数学与应用数学（金融方向）,JN0584,时间序列,时间序列,方法、标准与流程,人工智能与数据挖掘,3.3,2,2,0,时间序列,核心课程直接出现“时间序列”；课程名称直接出现唯一技能别名“时间序列”,2.8689491079191853,9.467532056133312,1,是
首都经济贸易大学,CUEB-2023-006,2023级,统计学院,数学与应用数学（金融方向）,数学与应用数学（金融方向）,JN0647,论文写作,论文写作,方法、标准与流程,表达沟通与通用办公协作,0.8,1,1,0,论文写作,课程名称直接出现唯一技能别名“论文写作”,1.4734380916943703,1.1787504733554963,21,否
首都经济贸易大学,CUEB-2023-006,2023级,统计学院,数学与应用数学（金融方向）,数学与应用数学（金融方向）,JN0691,财务管理,财务管理,专业知识与行业经验,财务会计与税务管理,0.8,1,0,1,公司金融 Corporate Finance,财务管理课程,1.664976303593249,1.3319810428745993,17,是
首都经济贸易大学,CUEB-2023-006,2023级,统计学院,数学与应用数学（金融方向）,数学与应用数学（金融方向）,JN0771,团队合作,团队合作,非技术性能力,表达沟通与通用办公协作,1.5,1,1,0,协作能力,毕业要求直接出现“协作能力”,1.4111957828171493,2.116793674225724,13,否
首都经济贸易大学,CUEB-2023-006,2023级,统计学院,数学与应用数学（金融方向）,数学与应用数学（金融方向）,JN0774,表达能力,表达能力,非技术性能力,表达沟通与通用办公协作,1.5,1,1,0,表达能力,毕业要求直接出现“表达能力”,1.7703368192510753,2.655505228876613,9,否
首都经济贸易大学,CUEB-2023-006,2023级,统计学院,数学与应用数学（金融方向）,数学与应用数学（金融方向）,JN0775,学习能力,学习能力,非技术性能力,表达沟通与通用办公协作,1.5,1,1,0,学习能力,毕业要求直接出现“学习能力”,1.7221347174331973,2.583202076149796,10,否
首都经济贸易大学,CUEB-2023-006,2023级,统计学院,数学与应用数学（金融方向）,数学与应用数学（金融方向）,JN0779,书面表达,书面表达,非技术性能力,表达沟通与通用办公协作,2.3,2,1,1,写作能力；应用写作 / Practical Writing,毕业要求直接出现“写作能力”；写作课程,1.0649195460993157,2.449314956028426,12,否
首都经济贸易大学,CUEB-2023-006,2023级,统计学院,数学与应用数学（金融方向）,数学与应用数学（金融方向）,JN0780,诚信与职业道德,诚信与职业道德,非技术性能力,金融风控、投资与合规,1.5,1,1,0,职业道德,毕业要求直接出现“职业道德”,1.0710357731167517,1.6065536596751275,16,否
首都经济贸易大学,CUEB-2023-006,2023级,统计学院,数学与应用数学（金融方向）,数学与应用数学（金融方向）,JN0784,逻辑思维,逻辑思维,非技术性能力,表达沟通与通用办公协作,1.0,1,1,0,逻辑思维,培养特色直接出现“逻辑思维”,3.456735772821304,3.456735772821304,6,是
首都经济贸易大学,CUEB-2023-006,2023级,统计学院,数学与应用数学（金融方向）,数学与应用数学（金融方向）,JN0785,分析判断,分析判断,非技术性能力,组织协调与商业执行,1.5,1,1,0,分析能力,毕业要求直接出现“分析能力”,2.121734706088964,3.1826020591334463,7,是
首都经济贸易大学,CUEB-2023-006,2023级,统计学院,数学与应用数学（金融方向）,数学与应用数学（金融方向）,JN0787,领导力,领导力,非技术性能力,组织协调与商业执行,1.5,1,1,0,领导能力,毕业要求直接出现“领导能力”,2.4035858582299516,3.6053787873449274,5,是
首都经济贸易大学,CUEB-2023-006,2023级,统计学院,数学与应用数学（金融方向）,数学与应用数学（金融方向）,JN0788,口头表达,口头表达,非技术性能力,表达沟通与通用办公协作,1.5,1,1,0,语言表达能力,毕业要求直接出现“语言表达能力”,1.9021060968821986,2.853159145323298,8,否
首都经济贸易大学,CUEB-2023-006,2023级,统计学院,数学与应用数学（金融方向）,数学与应用数学（金融方向）,JN0790,创新能力,创新能力,非技术性能力,视觉设计与数字内容制作,1.0,1,1,0,创新能力,培养特色直接出现“创新能力”,1.2895886507223624,1.2895886507223624,18,否
首都经济贸易大学,CUEB-2023-007,2023级,统计学院,数据科学与大数据技术,数据科学与大数据技术,JN0025,英语,英语,语言能力,供应链与物流管理,0.8,1,1,0,英语,课程名称直接出现唯一技能别名“英语”,1.0,0.8,21,否
首都经济贸易大学,CUEB-2023-007,2023级,统计学院,数据科学与大数据技术,数据科学与大数据技术,JN0026,数据分析,数据分析,工具软件与技术平台,人工智能与数据挖掘,6.1,5,4,1,数据分析；数据科学导论 / Introduction to Data Science,培养目标直接出现“数据分析”；核心课程直接出现“数据分析”；培养特色直接出现“数据分析”；数据分析课程；课程名称直接出现唯一技能别名“数据分析”,1.5798184952529422,9.636892821042947,4,是
首都经济贸易大学,CUEB-2023-007,2023级,统计学院,数据科学与大数据技术,数据科学与大数据技术,JN0027,Java,Java（编程语言）,工具软件与技术平台,Java后端开发与中间件,3.3,2,2,0,Java；java,核心课程直接出现“Java”；课程名称直接出现唯一技能别名“java”,3.5257286443082556,11.634904526217243,2,是
首都经济贸易大学,CUEB-2023-007,2023级,统计学院,数据科学与大数据技术,数据科学与大数据技术,JN0041,Python,Python（编程语言）,工具软件与技术平台,云计算、系统运维与DevOps,3.3,2,2,0,Python；python,核心课程直接出现“Python”；课程名称直接出现唯一技能别名“python”,1.5108256237659907,4.985724558427769,10,是
首都经济贸易大学,CUEB-2023-007,2023级,统计学院,数据科学与大数据技术,数据科学与大数据技术,JN0072,统计分析,统计分析,方法、标准与流程,人工智能与数据挖掘,5.6000000000000005,7,1,6,统计分析；抽样技术与应用  / Sampling technique and Application；回归分析  / Regression Analysis；时间序列分析 / Time Series；非参数统计  / Nonparametric Statistics；贝叶斯统计（双语） Bayesian Statistics（Bilingual）；统计学科前沿选讲（英语）  / The frontier of Statistics（English）,课程名称直接出现唯一技能别名“统计分析”；统计方法课程,1.1880522315029396,6.653092496416463,9,是
首都经济贸易大学,CUEB-2023-007,2023级,统计学院,数据科学与大数据技术,数据科学与大数据技术,JN0076,数据处理,数据处理,具体专业技能,大数据工程与数据仓库,0.8,1,0,1,大数据预处理 / Big Data Preprocessing,数据处理课程,2.5812670354674037,2.065013628373923,16,否
首都经济贸易大学,CUEB-2023-007,2023级,统计学院,数据科学与大数据技术,数据科学与大数据技术,JN0143,机器学习,机器学习,方法、标准与流程,人工智能与数据挖掘,3.3,2,2,0,机器学习,核心课程直接出现“机器学习”；课程名称直接出现唯一技能别名“机器学习”,2.3361445774344194,7.709277105533584,8,是
首都经济贸易大学,CUEB-2023-007,2023级,统计学院,数据科学与大数据技术,数据科学与大数据技术,JN0145,数据挖掘,数据挖掘,工具软件与技术平台,人工智能与数据挖掘,3.3,2,2,0,数据挖掘,核心课程直接出现“数据挖掘”；课程名称直接出现唯一技能别名“数据挖掘”,2.4271163556401456,8.00948397361248,7,是
首都经济贸易大学,CUEB-2023-007,2023级,统计学院,数据科学与大数据技术,数据科学与大数据技术,JN0172,数据建模,数据建模,工具软件与技术平台,大数据工程与数据仓库,1.5,1,1,0,数据建模,毕业要求直接出现“数据建模”,2.730798769438368,4.096198154157552,11,是
首都经济贸易大学,CUEB-2023-007,2023级,统计学院,数据科学与大数据技术,数据科学与大数据技术,JN0184,数据仓库,数据仓库,工具软件与技术平台,大数据工程与数据仓库,3.3,2,2,0,数据仓库,核心课程直接出现“数据仓库”；课程名称直接出现唯一技能别名“数据仓库”,3.9675613965872945,13.092952608738072,1,是
首都经济贸易大学,CUEB-2023-007,2023级,统计学院,数据科学与大数据技术,数据科学与大数据技术,JN0211,数据结构与算法,数据结构与算法,方法、标准与流程,网络通信与软件开发基础,0.8,1,0,1,数据结构 / Data Structure,数据结构课程,2.79749014393704,2.237992115149632,15,否
首都经济贸易大学,CUEB-2023-007,2023级,统计学院,数据科学与大数据技术,数据科学与大数据技术,JN0222,面向对象编程,面向对象编程,方法、标准与流程,Web前端开发,3.3,2,2,0,面向对象程序设计,核心课程直接出现“面向对象程序设计”；课程名称直接出现唯一技能别名“面向对象程序设计”,3.2744142160273495,10.805566912890253,3,是
首都经济贸易大学,CUEB-2023-007,2023级,统计学院,数据科学与大数据技术,数据科学与大数据技术,JN0279,自然语言处理,自然语言处理,方法、标准与流程,人工智能与数据挖掘,0.8,1,1,0,自然语言处理,课程名称直接出现唯一技能别名“自然语言处理”,3.5257286443082556,2.8205829154466047,12,是
首都经济贸易大学,CUEB-2023-007,2023级,统计学院,数据科学与大数据技术,数据科学与大数据技术,JN0413,算法建模,算法建模,方法、标准与流程,人工智能与数据挖掘,0.8,1,0,1,数据科学算法  / Algorithm in Data Science,算法课程,3.331572629867298,2.6652581038938385,13,否
首都经济贸易大学,CUEB-2023-007,2023级,统计学院,数据科学与大数据技术,数据科学与大数据技术,JN0540,预测模型,预测模型,方法、标准与流程,人工智能与数据挖掘,0.8,1,0,1,统计预测与决策（双语）Statistical Prediction and Decision（Bilingual）,预测方法课程,3.169053700369523,2.535242960295619,14,否
首都经济贸易大学,CUEB-2023-007,2023级,统计学院,数据科学与大数据技术,数据科学与大数据技术,JN0584,时间序列,时间序列,方法、标准与流程,人工智能与数据挖掘,3.3,2,2,0,时间序列,核心课程直接出现“时间序列”；课程名称直接出现唯一技能别名“时间序列”,2.8689491079191853,9.467532056133312,6,是
首都经济贸易大学,CUEB-2023-007,2023级,统计学院,数据科学与大数据技术,数据科学与大数据技术,JN0647,论文写作,论文写作,方法、标准与流程,表达沟通与通用办公协作,0.8,1,1,0,论文写作,课程名称直接出现唯一技能别名“论文写作”,1.4734380916943703,1.1787504733554963,19,否
首都经济贸易大学,CUEB-2023-007,2023级,统计学院,数据科学与大数据技术,数据科学与大数据技术,JN0686,数据库技术,数据库技术,专业知识与行业经验,Java后端开发与中间件,4.1,3,3,0,数据库原理；数据库,核心课程直接出现“数据库原理”；课程名称直接出现唯一技能别名“数据库”；课程名称直接出现唯一技能别名“数据库原理”,2.3361445774344194,9.578192767481118,5,是
首都经济贸易大学,CUEB-2023-007,2023级,统计学院,数据科学与大数据技术,数据科学与大数据技术,JN0771,团队合作,团队合作,非技术性能力,表达沟通与通用办公协作,1.0,1,1,0,团队协作,培养特色直接出现“团队协作”,1.4111957828171493,1.4111957828171493,18,否
首都经济贸易大学,CUEB-2023-007,2023级,统计学院,数据科学与大数据技术,数据科学与大数据技术,JN0779,书面表达,书面表达,非技术性能力,表达沟通与通用办公协作,0.8,1,0,1,应用写作 / Practical Writing,写作课程,1.0649195460993157,0.8519356368794526,20,否
首都经济贸易大学,CUEB-2023-007,2023级,统计学院,数据科学与大数据技术,数据科学与大数据技术,JN0780,诚信与职业道德,诚信与职业道德,非技术性能力,金融风控、投资与合规,1.5,1,1,0,职业道德,毕业要求直接出现“职业道德”,1.0710357731167517,1.6065536596751275,17,否
首都经济贸易大学,CUEB-2023-008,2023级,统计学院,经济统计学,经济统计学,JN0024,Office办公软件,Office办公软件（办公套件）,工具软件与技术平台,表达沟通与通用办公协作,0.8,1,0,1,计算机应用  / Computer Application,通用计算机应用课程,2.037651588878423,1.6301212711027384,10,是
首都经济贸易大学,CUEB-2023-008,2023级,统计学院,经济统计学,经济统计学,JN0025,英语,英语,语言能力,供应链与物流管理,0.8,1,1,0,英语,课程名称直接出现唯一技能别名“英语”,1.0,0.8,15,否
首都经济贸易大学,CUEB-2023-008,2023级,统计学院,经济统计学,经济统计学,JN0026,数据分析,数据分析,工具软件与技术平台,人工智能与数据挖掘,3.3,3,3,0,数据分析,培养目标直接出现“数据分析”；毕业要求直接出现“数据分析”；课程名称直接出现唯一技能别名“数据分析”,1.5798184952529422,5.213401034334709,4,是
首都经济贸易大学,CUEB-2023-008,2023级,统计学院,经济统计学,经济统计学,JN0041,Python,Python（编程语言）,工具软件与技术平台,云计算、系统运维与DevOps,0.8,1,1,0,python,课程名称直接出现唯一技能别名“python”,1.5108256237659907,1.2086604990127927,11,是
首都经济贸易大学,CUEB-2023-008,2023级,统计学院,经济统计学,经济统计学,JN0072,统计分析,统计分析,方法、标准与流程,人工智能与数据挖掘,11.4,11,4,7,统计分析；统计学导论 Introduction to Statistics；抽样技术与应用 Sampling technique and Application；时间序列分析 Time Series Analysis；应用回归分析 Applied Regression Analysis；非参数统计 Nonparametric Statistics；贝叶斯统计（双语）Bayesian Statistics（Bilingual）；统计学科前沿选讲（英语）The frontier of Statistics（English）,培养目标直接出现“统计分析”；毕业要求直接出现“统计分析”；核心课程直接出现“统计分析”；统计方法课程；课程名称直接出现唯一技能别名“统计分析”,1.1880522315029396,13.543795439133511,1,是
首都经济贸易大学,CUEB-2023-008,2023级,统计学院,经济统计学,经济统计学,JN0076,数据处理,数据处理,具体专业技能,大数据工程与数据仓库,1.5,1,1,0,数据处理,毕业要求直接出现“数据处理”,2.5812670354674037,3.8719005532011055,5,是
首都经济贸易大学,CUEB-2023-008,2023级,统计学院,经济统计学,经济统计学,JN0104,C语言,C语言（编程语言）,工具软件与技术平台,嵌入式与电子硬件开发,0.8,1,1,0,c语言,课程名称直接出现唯一技能别名“c语言”,3.169053700369523,2.535242960295619,7,是
首都经济贸易大学,CUEB-2023-008,2023级,统计学院,经济统计学,经济统计学,JN0109,会计核算,会计核算,方法、标准与流程,财务会计与税务管理,0.8,1,0,1,会计学 Accounting,会计课程,1.2895886507223624,1.03167092057789,13,否
首都经济贸易大学,CUEB-2023-008,2023级,统计学院,经济统计学,经济统计学,JN0145,数据挖掘,数据挖掘,工具软件与技术平台,人工智能与数据挖掘,0.8,1,1,0,数据挖掘,课程名称直接出现唯一技能别名“数据挖掘”,2.4271163556401456,1.9416930845121165,9,是
首都经济贸易大学,CUEB-2023-008,2023级,统计学院,经济统计学,经济统计学,JN0397,数理统计,数理统计,工具软件与技术平台,人工智能与数据挖掘,4.8,3,3,0,数理统计,毕业要求直接出现“数理统计”；核心课程直接出现“数理统计”；课程名称直接出现唯一技能别名“数理统计”,1.2019413436636068,5.769318449585312,3,是
首都经济贸易大学,CUEB-2023-008,2023级,统计学院,经济统计学,经济统计学,JN0540,预测模型,预测模型,方法、标准与流程,人工智能与数据挖掘,0.8,1,0,1,统计预测与决策(双语) Statistical Prediction and Decision（Bilingual）,预测方法课程,3.169053700369523,2.535242960295619,8,是
首都经济贸易大学,CUEB-2023-008,2023级,统计学院,经济统计学,经济统计学,JN0584,时间序列,时间序列,方法、标准与流程,人工智能与数据挖掘,3.3,2,2,0,时间序列,核心课程直接出现“时间序列”；课程名称直接出现唯一技能别名“时间序列”,2.8689491079191853,9.467532056133312,2,是
首都经济贸易大学,CUEB-2023-008,2023级,统计学院,经济统计学,经济统计学,JN0647,论文写作,论文写作,方法、标准与流程,表达沟通与通用办公协作,0.8,1,1,0,论文写作,课程名称直接出现唯一技能别名“论文写作”,1.4734380916943703,1.1787504733554963,12,是
首都经济贸易大学,CUEB-2023-008,2023级,统计学院,经济统计学,经济统计学,JN0686,数据库技术,数据库技术,专业知识与行业经验,Java后端开发与中间件,1.5,1,1,0,数据库,毕业要求直接出现“数据库”,2.3361445774344194,3.504216866151629,6,是
首都经济贸易大学,CUEB-2023-008,2023级,统计学院,经济统计学,经济统计学,JN0779,书面表达,书面表达,非技术性能力,表达沟通与通用办公协作,0.8,1,0,1,应用写作 / Practical Writing,写作课程,1.0649195460993157,0.8519356368794526,14,否
首都经济贸易大学,CUEB-2023-009,2023级,统计学院,统计学,统计学,JN0024,Office办公软件,Office办公软件（办公套件）,工具软件与技术平台,表达沟通与通用办公协作,0.8,1,0,1,计算机应用  / Computer Application,通用计算机应用课程,2.037651588878423,1.6301212711027384,12,是
首都经济贸易大学,CUEB-2023-009,2023级,统计学院,统计学,统计学,JN0025,英语,英语,语言能力,供应链与物流管理,0.8,1,1,0,英语,课程名称直接出现唯一技能别名“英语”,1.0,0.8,17,否
首都经济贸易大学,CUEB-2023-009,2023级,统计学院,统计学,统计学,JN0026,数据分析,数据分析,工具软件与技术平台,人工智能与数据挖掘,2.3,2,2,0,数据分析,毕业要求直接出现“数据分析”；课程名称直接出现唯一技能别名“数据分析”,1.5798184952529422,3.633582539081767,8,是
首都经济贸易大学,CUEB-2023-009,2023级,统计学院,统计学,统计学,JN0041,Python,Python（编程语言）,工具软件与技术平台,云计算、系统运维与DevOps,0.8,1,1,0,python,课程名称直接出现唯一技能别名“python”,1.5108256237659907,1.2086604990127927,14,否
首都经济贸易大学,CUEB-2023-009,2023级,统计学院,统计学,统计学,JN0072,统计分析,统计分析,方法、标准与流程,人工智能与数据挖掘,10.4,10,3,7,统计分析；统计学导论 Introduction to Statistics；回归分析 Regression Analysis；抽样技术与应用 Sampling technique and Application；非参数统计 Nonparametric Statistics；时间序列分析 Time Series Analysis；贝叶斯统计（双语） Bayesian Statistics（Bilingual）；统计学科前沿选讲（英语） The frontier of Statistics（English）,毕业要求直接出现“统计分析”；核心课程直接出现“统计分析”；统计方法课程；课程名称直接出现唯一技能别名“统计分析”,1.1880522315029396,12.355743207630573,2,是
首都经济贸易大学,CUEB-2023-009,2023级,统计学院,统计学,统计学,JN0104,C语言,C语言（编程语言）,工具软件与技术平台,嵌入式与电子硬件开发,0.8,1,1,0,c语言,课程名称直接出现唯一技能别名“c语言”,3.169053700369523,2.535242960295619,10,是
首都经济贸易大学,CUEB-2023-009,2023级,统计学院,统计学,统计学,JN0145,数据挖掘,数据挖掘,工具软件与技术平台,人工智能与数据挖掘,2.3,2,2,0,数据挖掘,毕业要求直接出现“数据挖掘”；课程名称直接出现唯一技能别名“数据挖掘”,2.4271163556401456,5.582367617972334,4,是
首都经济贸易大学,CUEB-2023-009,2023级,统计学院,统计学,统计学,JN0293,DOE试验设计,DOE试验设计（质量工程方法）,具体专业技能,质量管理与持续改进,3.3,2,2,0,试验设计,核心课程直接出现“试验设计”；课程名称直接出现唯一技能别名“试验设计”,4.555348061489413,15.032648602915062,1,是
首都经济贸易大学,CUEB-2023-009,2023级,统计学院,统计学,统计学,JN0365,文献检索,文献检索,方法、标准与流程,医药研发与药事管理,1.5,1,1,0,文献检索,毕业要求直接出现“文献检索”,3.2744142160273495,4.9116213240410245,5,是
首都经济贸易大学,CUEB-2023-009,2023级,统计学院,统计学,统计学,JN0397,数理统计,数理统计,工具软件与技术平台,人工智能与数据挖掘,3.3,2,2,0,数理统计,核心课程直接出现“数理统计”；课程名称直接出现唯一技能别名“数理统计”,1.2019413436636068,3.9664064340899023,6,是
首都经济贸易大学,CUEB-2023-009,2023级,统计学院,统计学,统计学,JN0540,预测模型,预测模型,方法、标准与流程,人工智能与数据挖掘,0.8,1,0,1,统计预测与决策(双语) Statistical Prediction Theory and Method（Bilingual）,预测方法课程,3.169053700369523,2.535242960295619,11,是
首都经济贸易大学,CUEB-2023-009,2023级,统计学院,统计学,统计学,JN0584,时间序列,时间序列,方法、标准与流程,人工智能与数据挖掘,3.3,2,2,0,时间序列,核心课程直接出现“时间序列”；课程名称直接出现唯一技能别名“时间序列”,2.8689491079191853,9.467532056133312,3,是
首都经济贸易大学,CUEB-2023-009,2023级,统计学院,统计学,统计学,JN0647,论文写作,论文写作,方法、标准与流程,表达沟通与通用办公协作,0.8,1,1,0,论文写作,课程名称直接出现唯一技能别名“论文写作”,1.4734380916943703,1.1787504733554963,15,否
首都经济贸易大学,CUEB-2023-009,2023级,统计学院,统计学,统计学,JN0779,书面表达,书面表达,非技术性能力,表达沟通与通用办公协作,0.8,1,0,1,应用写作 / Practical Writing,写作课程,1.0649195460993157,0.8519356368794526,16,否
首都经济贸易大学,CUEB-2023-009,2023级,统计学院,统计学,统计学,JN0780,诚信与职业道德,诚信与职业道德,非技术性能力,金融风控、投资与合规,1.5,1,1,0,职业道德,毕业要求直接出现“职业道德”,1.0710357731167517,1.6065536596751275,13,否
首都经济贸易大学,CUEB-2023-009,2023级,统计学院,统计学,统计学,JN0781,问题解决,问题解决,非技术性能力,表达沟通与通用办公协作,1.5,1,1,0,解决问题,毕业要求直接出现“解决问题”,2.314638372213455,3.4719575583201827,9,是
首都经济贸易大学,CUEB-2023-009,2023级,统计学院,统计学,统计学,JN0830,批判性思维,批判性思维,非技术性能力,表达沟通与通用办公协作,1.5,1,1,0,批判性思维,毕业要求直接出现“批判性思维”,2.638425449307353,3.9576381739610293,7,是
首都经济贸易大学,CUEB-2023-010,2023级,外国语学院,商务英语,商务英语,JN0024,Office办公软件,Office办公软件（办公套件）,工具软件与技术平台,表达沟通与通用办公协作,0.8,1,0,1,计算机应用  / Computer Application,通用计算机应用课程,2.037651588878423,1.6301212711027384,13,是
首都经济贸易大学,CUEB-2023-010,2023级,外国语学院,商务英语,商务英语,JN0025,英语,英语,语言能力,供应链与物流管理,5.8,4,4,0,英语,毕业要求直接出现“英语”；核心课程直接出现“英语”；培养特色直接出现“英语”；课程名称直接出现唯一技能别名“英语”,1.0,5.8,3,是
首都经济贸易大学,CUEB-2023-010,2023级,外国语学院,商务英语,商务英语,JN0026,数据分析,数据分析,工具软件与技术平台,人工智能与数据挖掘,0.8,1,0,1,京津冀国际商务分析 Analysis of International Business Conditions in Beijing-Tianjin-Hebei,数据分析课程,1.5798184952529422,1.2638547962023539,15,否
首都经济贸易大学,CUEB-2023-010,2023级,外国语学院,商务英语,商务英语,JN0029,Excel,Excel（办公软件与通用数字工具）,方法、标准与流程,表达沟通与通用办公协作,0.8,1,1,0,excel,课程名称直接出现唯一技能别名“excel”,2.1574527886910433,1.7259622309528346,11,是
首都经济贸易大学,CUEB-2023-010,2023级,外国语学院,商务英语,商务英语,JN0032,商务谈判,商务谈判,方法、标准与流程,组织协调与商业执行,0.8,1,1,0,商务谈判,课程名称直接出现唯一技能别名“商务谈判”,2.6990500711237875,2.15924005689903,8,是
首都经济贸易大学,CUEB-2023-010,2023级,外国语学院,商务英语,商务英语,JN0074,国际贸易,国际贸易,方法、标准与流程,供应链与物流管理,0.8,1,1,0,国际贸易,课程名称直接出现唯一技能别名“国际贸易”,3.120263536200091,2.496210828960073,7,是
首都经济贸易大学,CUEB-2023-010,2023级,外国语学院,商务英语,商务英语,JN0109,会计核算,会计核算,方法、标准与流程,财务会计与税务管理,0.8,1,0,1,会计学  / Accounting,会计课程,1.2895886507223624,1.03167092057789,17,否
首都经济贸易大学,CUEB-2023-010,2023级,外国语学院,商务英语,商务英语,JN0141,商务英语,商务英语,语言能力,供应链与物流管理,4.3,3,3,0,商务英语,核心课程直接出现“商务英语”；培养特色直接出现“商务英语”；课程名称直接出现唯一技能别名“商务英语”,3.2203469947570738,13.847492077455417,2,是
首都经济贸易大学,CUEB-2023-010,2023级,外国语学院,商务英语,商务英语,JN0190,翻译,翻译,语言能力,供应链与物流管理,5.9,5,5,0,翻译；口译；笔译,核心课程直接出现“翻译”；培养特色直接出现“翻译”；课程名称直接出现唯一技能别名“翻译”；课程名称直接出现唯一技能别名“口译”；课程名称直接出现唯一技能别名“笔译”,4.218875824868201,24.89136736672239,1,是
首都经济贸易大学,CUEB-2023-010,2023级,外国语学院,商务英语,商务英语,JN0258,法律法规知识,法律法规知识,方法、标准与流程,金融风控、投资与合规,0.8,1,0,1,国际商法（双语） International Business Law,法规课程,2.139434283188365,1.711547426550692,12,是
首都经济贸易大学,CUEB-2023-010,2023级,外国语学院,商务英语,商务英语,JN0557,Excel高级应用,Excel高级应用（电子表格高级应用）,工具软件与技术平台,财务会计与税务管理,0.8,1,1,0,excel高级应用,课程名称直接出现唯一技能别名“excel高级应用”,2.2729656758128876,1.8183725406503102,10,是
首都经济贸易大学,CUEB-2023-010,2023级,外国语学院,商务英语,商务英语,JN0647,论文写作,论文写作,方法、标准与流程,表达沟通与通用办公协作,0.8,1,0,1,研究方法与学术写作 Resaerch Methods and Academic Writing,学术写作课程,1.4734380916943703,1.1787504733554963,16,否
首都经济贸易大学,CUEB-2023-010,2023级,外国语学院,商务英语,商务英语,JN0770,沟通能力,沟通能力,非技术性能力,组织协调与商业执行,1.8,2,2,0,沟通能力；沟通,培养特色直接出现“沟通能力”；课程名称直接出现唯一技能别名“沟通”,1.7953381214564925,3.231608618621687,4,是
首都经济贸易大学,CUEB-2023-010,2023级,外国语学院,商务英语,商务英语,JN0771,团队合作,团队合作,非技术性能力,表达沟通与通用办公协作,1.5,1,1,0,协作意识,毕业要求直接出现“协作意识”,1.4111957828171493,2.116793674225724,9,否
首都经济贸易大学,CUEB-2023-010,2023级,外国语学院,商务英语,商务英语,JN0779,书面表达,书面表达,非技术性能力,表达沟通与通用办公协作,0.8,1,0,1,应用写作 Practical Writing,写作课程,1.0649195460993157,0.8519356368794526,18,否
首都经济贸易大学,CUEB-2023-010,2023级,外国语学院,商务英语,商务英语,JN0780,诚信与职业道德,诚信与职业道德,非技术性能力,金融风控、投资与合规,1.5,1,1,0,职业道德,毕业要求直接出现“职业道德”,1.0710357731167517,1.6065536596751275,14,否
首都经济贸易大学,CUEB-2023-010,2023级,外国语学院,商务英语,商务英语,JN0788,口头表达,口头表达,非技术性能力,表达沟通与通用办公协作,1.5,1,1,0,口头表达,毕业要求直接出现“口头表达”,1.9021060968821986,2.853159145323298,6,是
首都经济贸易大学,CUEB-2023-010,2023级,外国语学院,商务英语,商务英语,JN0804,演讲呈现,演讲呈现,非技术性能力,表达沟通与通用办公协作,0.8,1,0,1,英语演讲与辩论 Speech and Debate In English,展示表达课程,3.6798793241355137,2.943903459308411,5,是
首都经济贸易大学,CUEB-2023-011,2023级,外国语学院,法语,法语,JN0024,Office办公软件,Office办公软件（办公套件）,工具软件与技术平台,表达沟通与通用办公协作,3.3,3,2,1,办公软件；计算机应用  / Computer Application,培养目标直接出现“办公软件”；毕业要求直接出现“办公软件”；通用计算机应用课程,2.037651588878423,6.724250243298795,4,是
首都经济贸易大学,CUEB-2023-011,2023级,外国语学院,法语,法语,JN0025,英语,英语,语言能力,供应链与物流管理,4.3,4,4,0,英语,培养目标直接出现“英语”；毕业要求直接出现“英语”；培养特色直接出现“英语”；课程名称直接出现唯一技能别名“英语”,1.0,4.3,10,是
首都经济贸易大学,CUEB-2023-011,2023级,外国语学院,法语,法语,JN0029,Excel,Excel（办公软件与通用数字工具）,方法、标准与流程,表达沟通与通用办公协作,2.3,2,2,0,Excel；excel,毕业要求直接出现“Excel”；课程名称直接出现唯一技能别名“excel”,2.1574527886910433,4.962141413989399,8,是
首都经济贸易大学,CUEB-2023-011,2023级,外国语学院,法语,法语,JN0109,会计核算,会计核算,方法、标准与流程,财务会计与税务管理,0.8,1,0,1,会计学Accounting,会计课程,1.2895886507223624,1.03167092057789,17,否
首都经济贸易大学,CUEB-2023-011,2023级,外国语学院,法语,法语,JN0190,翻译,翻译,语言能力,供应链与物流管理,2.6,3,3,0,翻译；笔译；口译,培养目标直接出现“翻译”；课程名称直接出现唯一技能别名“笔译”；课程名称直接出现唯一技能别名“口译”,4.218875824868201,10.969077144657323,2,是
首都经济贸易大学,CUEB-2023-011,2023级,外国语学院,法语,法语,JN0250,跨文化沟通,跨文化沟通,语言能力,供应链与物流管理,3.5,3,3,0,跨文化沟通,培养目标直接出现“跨文化沟通”；毕业要求直接出现“跨文化沟通”；培养特色直接出现“跨文化沟通”,2.730798769438368,9.557795693034288,3,是
首都经济贸易大学,CUEB-2023-011,2023级,外国语学院,法语,法语,JN0411,法语,法语,语言能力,供应链与物流管理,6.0,4,4,0,法语,培养目标直接出现“法语”；毕业要求直接出现“法语”；核心课程直接出现“法语”；培养特色直接出现“法语”,4.778491612803624,28.670949676821742,1,是
首都经济贸易大学,CUEB-2023-011,2023级,外国语学院,法语,法语,JN0557,Excel高级应用,Excel高级应用（电子表格高级应用）,工具软件与技术平台,财务会计与税务管理,2.3,2,2,0,Excel高级应用；excel高级应用,毕业要求直接出现“Excel高级应用”；课程名称直接出现唯一技能别名“excel高级应用”,2.2729656758128876,5.227821054369641,7,是
首都经济贸易大学,CUEB-2023-011,2023级,外国语学院,法语,法语,JN0647,论文写作,论文写作,方法、标准与流程,表达沟通与通用办公协作,0.8,1,0,1,学术写作和研究方法（法语）Academic Writing and Research Methods (French),学术写作课程,1.4734380916943703,1.1787504733554963,15,是
首都经济贸易大学,CUEB-2023-011,2023级,外国语学院,法语,法语,JN0691,财务管理,财务管理,专业知识与行业经验,财务会计与税务管理,0.8,1,1,0,财务管理,课程名称直接出现唯一技能别名“财务管理”,1.664976303593249,1.3319810428745993,14,是
首都经济贸易大学,CUEB-2023-011,2023级,外国语学院,法语,法语,JN0770,沟通能力,沟通能力,非技术性能力,组织协调与商业执行,3.5,3,3,0,沟通能力,培养目标直接出现“沟通能力”；毕业要求直接出现“沟通能力”；培养特色直接出现“沟通能力”,1.7953381214564925,6.283683425097724,6,是
首都经济贸易大学,CUEB-2023-011,2023级,外国语学院,法语,法语,JN0771,团队合作,团队合作,非技术性能力,表达沟通与通用办公协作,2.5,2,2,0,团队精神,培养目标直接出现“团队精神”；毕业要求直接出现“团队精神”,1.4111957828171493,3.527989457042873,11,否
首都经济贸易大学,CUEB-2023-011,2023级,外国语学院,法语,法语,JN0774,表达能力,表达能力,非技术性能力,表达沟通与通用办公协作,2.5,2,2,0,表达能力,培养目标直接出现“表达能力”；毕业要求直接出现“表达能力”,1.7703368192510753,4.425842048127688,9,是
首都经济贸易大学,CUEB-2023-011,2023级,外国语学院,法语,法语,JN0779,书面表达,书面表达,非技术性能力,表达沟通与通用办公协作,0.8,1,0,1,应用写作 / Practical Writing,写作课程,1.0649195460993157,0.8519356368794526,18,否
首都经济贸易大学,CUEB-2023-011,2023级,外国语学院,法语,法语,JN0780,诚信与职业道德,诚信与职业道德,非技术性能力,金融风控、投资与合规,1.0,1,1,0,职业道德,培养目标直接出现“职业道德”,1.0710357731167517,1.0710357731167517,16,否
首都经济贸易大学,CUEB-2023-011,2023级,外国语学院,法语,法语,JN0790,创新能力,创新能力,非技术性能力,视觉设计与数字内容制作,2.5,2,2,0,创新意识,培养目标直接出现“创新意识”；毕业要求直接出现“创新意识”,1.2895886507223624,3.223971626805906,12,否
首都经济贸易大学,CUEB-2023-011,2023级,外国语学院,法语,法语,JN0804,演讲呈现,演讲呈现,非技术性能力,表达沟通与通用办公协作,0.8,1,0,1,法语演讲与辩论 / Speech and debate in French,展示表达课程,3.6798793241355137,2.943903459308411,13,否
首都经济贸易大学,CUEB-2023-011,2023级,外国语学院,法语,法语,JN0830,批判性思维,批判性思维,非技术性能力,表达沟通与通用办公协作,2.5,2,2,0,批判性思维,培养目标直接出现“批判性思维”；毕业要求直接出现“批判性思维”,2.638425449307353,6.596063623268382,5,是
首都经济贸易大学,CUEB-2023-012,2023级,华侨学院,信息管理与信息系统（金融信息管理）,信息管理与信息系统（金融信息管理）,JN0024,Office办公软件,Office办公软件（办公套件）,工具软件与技术平台,表达沟通与通用办公协作,1.6,2,1,1,计算机应用 / Introduction to Computer Technology；office,通用计算机应用课程；课程名称直接出现唯一技能别名“office”,2.037651588878423,3.260242542205477,5,是
首都经济贸易大学,CUEB-2023-012,2023级,华侨学院,信息管理与信息系统（金融信息管理）,信息管理与信息系统（金融信息管理）,JN0025,英语,英语,语言能力,供应链与物流管理,0.8,1,1,0,英语,课程名称直接出现唯一技能别名“英语”,1.0,0.8,23,否
首都经济贸易大学,CUEB-2023-012,2023级,华侨学院,信息管理与信息系统（金融信息管理）,信息管理与信息系统（金融信息管理）,JN0026,数据分析,数据分析,工具软件与技术平台,人工智能与数据挖掘,3.3,3,3,0,数据分析,培养目标直接出现“数据分析”；毕业要求直接出现“数据分析”；课程名称直接出现唯一技能别名“数据分析”,1.5798184952529422,5.213401034334709,3,是
首都经济贸易大学,CUEB-2023-012,2023级,华侨学院,信息管理与信息系统（金融信息管理）,信息管理与信息系统（金融信息管理）,JN0027,Java,Java（编程语言）,工具软件与技术平台,Java后端开发与中间件,0.8,1,1,0,java,课程名称直接出现唯一技能别名“java”,3.5257286443082556,2.8205829154466047,7,是
首都经济贸易大学,CUEB-2023-012,2023级,华侨学院,信息管理与信息系统（金融信息管理）,信息管理与信息系统（金融信息管理）,JN0028,项目管理,项目管理,方法、标准与流程,表达沟通与通用办公协作,0.8,1,0,1,信息系统项目管理 / Information Systems Project Management,项目管理课程,2.7635885922613586,2.2108708738090868,14,否
首都经济贸易大学,CUEB-2023-012,2023级,华侨学院,信息管理与信息系统（金融信息管理）,信息管理与信息系统（金融信息管理）,JN0029,Excel,Excel（办公软件与通用数字工具）,方法、标准与流程,表达沟通与通用办公协作,0.8,1,1,0,excel,课程名称直接出现唯一技能别名“excel”,2.1574527886910433,1.7259622309528346,16,否
首都经济贸易大学,CUEB-2023-012,2023级,华侨学院,信息管理与信息系统（金融信息管理）,信息管理与信息系统（金融信息管理）,JN0041,Python,Python（编程语言）,工具软件与技术平台,云计算、系统运维与DevOps,0.8,1,1,0,python,课程名称直接出现唯一技能别名“python”,1.5108256237659907,1.2086604990127927,17,否
首都经济贸易大学,CUEB-2023-012,2023级,华侨学院,信息管理与信息系统（金融信息管理）,信息管理与信息系统（金融信息管理）,JN0051,Photoshop,Photoshop（设计传媒内容）,方法、标准与流程,视觉设计与数字内容制作,0.8,1,1,0,photoshop,课程名称直接出现唯一技能别名“photoshop”,4.555348061489413,3.6442784491915305,4,是
首都经济贸易大学,CUEB-2023-012,2023级,华侨学院,信息管理与信息系统（金融信息管理）,信息管理与信息系统（金融信息管理）,JN0072,统计分析,统计分析,方法、标准与流程,人工智能与数据挖掘,0.8,1,0,1,管理统计学 / Management Statistics,统计方法课程,1.1880522315029396,0.9504417852023517,21,否
首都经济贸易大学,CUEB-2023-012,2023级,华侨学院,信息管理与信息系统（金融信息管理）,信息管理与信息系统（金融信息管理）,JN0077,财务分析,财务分析,具体专业技能,财务会计与税务管理,0.8,1,1,0,财务分析,课程名称直接出现唯一技能别名“财务分析”,3.120263536200091,2.496210828960073,10,是
首都经济贸易大学,CUEB-2023-012,2023级,华侨学院,信息管理与信息系统（金融信息管理）,信息管理与信息系统（金融信息管理）,JN0104,C语言,C语言（编程语言）,工具软件与技术平台,嵌入式与电子硬件开发,0.8,1,1,0,c语言,课程名称直接出现唯一技能别名“c语言”,3.169053700369523,2.535242960295619,9,是
首都经济贸易大学,CUEB-2023-012,2023级,华侨学院,信息管理与信息系统（金融信息管理）,信息管理与信息系统（金融信息管理）,JN0109,会计核算,会计核算,方法、标准与流程,财务会计与税务管理,0.8,1,0,1,会计学原理 / Principles of Accounting,会计课程,1.2895886507223624,1.03167092057789,19,否
首都经济贸易大学,CUEB-2023-012,2023级,华侨学院,信息管理与信息系统（金融信息管理）,信息管理与信息系统（金融信息管理）,JN0211,数据结构与算法,数据结构与算法,方法、标准与流程,网络通信与软件开发基础,0.8,1,0,1,数据结构 / Data Structure,数据结构课程,2.79749014393704,2.237992115149632,13,是
首都经济贸易大学,CUEB-2023-012,2023级,华侨学院,信息管理与信息系统（金融信息管理）,信息管理与信息系统（金融信息管理）,JN0256,授课,授课,方法、标准与流程,表达沟通与通用办公协作,1.0,1,1,0,授课,培养特色直接出现“授课”,2.4759065198095778,2.4759065198095778,11,是
首都经济贸易大学,CUEB-2023-012,2023级,华侨学院,信息管理与信息系统（金融信息管理）,信息管理与信息系统（金融信息管理）,JN0397,数理统计,数理统计,工具软件与技术平台,人工智能与数据挖掘,0.8,1,1,0,数理统计,课程名称直接出现唯一技能别名“数理统计”,1.2019413436636068,0.9615530749308855,20,否
首都经济贸易大学,CUEB-2023-012,2023级,华侨学院,信息管理与信息系统（金融信息管理）,信息管理与信息系统（金融信息管理）,JN0647,论文写作,论文写作,方法、标准与流程,表达沟通与通用办公协作,0.8,1,0,1,学术写作与研究方法 / Academic Writing and Research Methods,学术写作课程,1.4734380916943703,1.1787504733554963,18,否
首都经济贸易大学,CUEB-2023-012,2023级,华侨学院,信息管理与信息系统（金融信息管理）,信息管理与信息系统（金融信息管理）,JN0686,数据库技术,数据库技术,专业知识与行业经验,Java后端开发与中间件,3.3,2,2,0,数据库,核心课程直接出现“数据库”；课程名称直接出现唯一技能别名“数据库”,2.3361445774344194,7.709277105533584,1,是
首都经济贸易大学,CUEB-2023-012,2023级,华侨学院,信息管理与信息系统（金融信息管理）,信息管理与信息系统（金融信息管理）,JN0691,财务管理,财务管理,专业知识与行业经验,财务会计与税务管理,1.6,2,0,2,公司金融 / Corporate Finance；公司金融 Corporate Finance,财务管理课程,1.664976303593249,2.6639620857491986,8,是
首都经济贸易大学,CUEB-2023-012,2023级,华侨学院,信息管理与信息系统（金融信息管理）,信息管理与信息系统（金融信息管理）,JN0755,CFA,特许金融分析师资格（CFA）,证书与资质,金融风控、投资与合规,1.8,2,2,0,CFA；cfa,培养特色直接出现“CFA”；课程名称直接出现唯一技能别名“cfa”,3.169053700369523,5.7042966606651415,2,否
首都经济贸易大学,CUEB-2023-012,2023级,华侨学院,信息管理与信息系统（金融信息管理）,信息管理与信息系统（金融信息管理）,JN0771,团队合作,团队合作,非技术性能力,表达沟通与通用办公协作,1.5,1,1,0,协作意识,毕业要求直接出现“协作意识”,1.4111957828171493,2.116793674225724,15,否
首都经济贸易大学,CUEB-2023-012,2023级,华侨学院,信息管理与信息系统（金融信息管理）,信息管理与信息系统（金融信息管理）,JN0779,书面表达,书面表达,非技术性能力,表达沟通与通用办公协作,0.8,1,0,1,应用写作 / Business Writing,写作课程,1.0649195460993157,0.8519356368794526,22,否
首都经济贸易大学,CUEB-2023-012,2023级,华侨学院,信息管理与信息系统（金融信息管理）,信息管理与信息系统（金融信息管理）,JN0787,领导力,领导力,非技术性能力,组织协调与商业执行,1.0,1,1,0,领导力,培养目标直接出现“领导力”,2.4035858582299516,2.4035858582299516,12,是
首都经济贸易大学,CUEB-2023-012,2023级,华侨学院,信息管理与信息系统（金融信息管理）,信息管理与信息系统（金融信息管理）,JN0788,口头表达,口头表达,非技术性能力,表达沟通与通用办公协作,1.5,1,1,0,口头表达,毕业要求直接出现“口头表达”,1.9021060968821986,2.853159145323298,6,是
首都经济贸易大学,CUEB-2023-013,2023级,华侨学院,工商管理（国际会计）,工商管理（国际会计）,JN0024,Office办公软件,Office办公软件（办公套件）,工具软件与技术平台,表达沟通与通用办公协作,1.6,2,1,1,计算机应用 / Introduction to Computer Technology；office,通用计算机应用课程；课程名称直接出现唯一技能别名“office”,2.037651588878423,3.260242542205477,5,是
首都经济贸易大学,CUEB-2023-013,2023级,华侨学院,工商管理（国际会计）,工商管理（国际会计）,JN0025,英语,英语,语言能力,供应链与物流管理,1.8,2,2,0,英语,培养特色直接出现“英语”；课程名称直接出现唯一技能别名“英语”,1.0,1.8,13,是
首都经济贸易大学,CUEB-2023-013,2023级,华侨学院,工商管理（国际会计）,工商管理（国际会计）,JN0072,统计分析,统计分析,方法、标准与流程,人工智能与数据挖掘,1.6,2,0,2,管理统计学 ManagementStatistics；管理统计学  / Management Statistics,统计方法课程,1.1880522315029396,1.9008835704047033,12,是
首都经济贸易大学,CUEB-2023-013,2023级,华侨学院,工商管理（国际会计）,工商管理（国际会计）,JN0109,会计核算,会计核算,方法、标准与流程,财务会计与税务管理,1.6,2,0,2,会计学原理 / Principles of Accounting；财务会计 / Financial Accounting,会计课程,1.2895886507223624,2.06334184115578,11,是
首都经济贸易大学,CUEB-2023-013,2023级,华侨学院,工商管理（国际会计）,工商管理（国际会计）,JN0256,授课,授课,方法、标准与流程,表达沟通与通用办公协作,1.0,1,1,0,授课,培养特色直接出现“授课”,2.4759065198095778,2.4759065198095778,7,是
首都经济贸易大学,CUEB-2023-013,2023级,华侨学院,工商管理（国际会计）,工商管理（国际会计）,JN0258,法律法规知识,法律法规知识,方法、标准与流程,金融风控、投资与合规,1.6,2,0,2,商法 / Business Law；公司法与商法 / Corporate and Business Law,法规课程,2.139434283188365,3.423094853101384,4,是
首都经济贸易大学,CUEB-2023-013,2023级,华侨学院,工商管理（国际会计）,工商管理（国际会计）,JN0373,人力资源管理流程,人力资源管理流程,方法、标准与流程,人力资源与行政管理,0.8,1,0,1,人力资源管理 / Human Resource Management,人力资源课程,2.194494060371392,1.7555952482971138,14,是
首都经济贸易大学,CUEB-2023-013,2023级,华侨学院,工商管理（国际会计）,工商管理（国际会计）,JN0397,数理统计,数理统计,工具软件与技术平台,人工智能与数据挖掘,0.8,1,1,0,数理统计,课程名称直接出现唯一技能别名“数理统计”,1.2019413436636068,0.9615530749308855,18,否
首都经济贸易大学,CUEB-2023-013,2023级,华侨学院,工商管理（国际会计）,工商管理（国际会计）,JN0647,论文写作,论文写作,方法、标准与流程,表达沟通与通用办公协作,0.8,1,0,1,学术写作与研究方法 / Academic Writing and Research Methodology,学术写作课程,1.4734380916943703,1.1787504733554963,17,否
首都经济贸易大学,CUEB-2023-013,2023级,华侨学院,工商管理（国际会计）,工商管理（国际会计）,JN0691,财务管理,财务管理,专业知识与行业经验,财务会计与税务管理,3.1,3,2,1,财务管理；公司金融  / Corporate Finance,毕业要求直接出现“财务管理”；课程名称直接出现唯一技能别名“财务管理”；财务管理课程,1.664976303593249,5.161426541139072,2,是
首都经济贸易大学,CUEB-2023-013,2023级,华侨学院,工商管理（国际会计）,工商管理（国际会计）,JN0710,财税法规,财税法规,专业知识与行业经验,财务会计与税务管理,0.8,1,0,1,税法 / Taxation,税法课程,3.0292917579943643,2.4234334063954917,8,是
首都经济贸易大学,CUEB-2023-013,2023级,华侨学院,工商管理（国际会计）,工商管理（国际会计）,JN0743,CPA,注册会计师资格（CPA）,证书与资质,财务会计与税务管理,1.0,1,1,0,注册会计师,培养特色直接出现“注册会计师”,4.218875824868201,4.218875824868201,3,否
首都经济贸易大学,CUEB-2023-013,2023级,华侨学院,工商管理（国际会计）,工商管理（国际会计）,JN0762,ACCA,ACCA（财会金融证书）,证书与资质,财务会计与税务管理,1.8,2,2,0,国际注册会计师；acca,培养特色直接出现“国际注册会计师”；课程名称直接出现唯一技能别名“acca”,4.555348061489413,8.199626510680943,1,否
首都经济贸易大学,CUEB-2023-013,2023级,华侨学院,工商管理（国际会计）,工商管理（国际会计）,JN0770,沟通能力,沟通能力,非技术性能力,组织协调与商业执行,0.8,1,1,0,沟通,课程名称直接出现唯一技能别名“沟通”,1.7953381214564925,1.436270497165194,16,否
首都经济贸易大学,CUEB-2023-013,2023级,华侨学院,工商管理（国际会计）,工商管理（国际会计）,JN0771,团队合作,团队合作,非技术性能力,表达沟通与通用办公协作,1.5,1,1,0,协作意识,毕业要求直接出现“协作意识”,1.4111957828171493,2.116793674225724,10,是
首都经济贸易大学,CUEB-2023-013,2023级,华侨学院,工商管理（国际会计）,工商管理（国际会计）,JN0779,书面表达,书面表达,非技术性能力,表达沟通与通用办公协作,0.8,1,0,1,应用写作 / Business Writing,写作课程,1.0649195460993157,0.8519356368794526,19,否
首都经济贸易大学,CUEB-2023-013,2023级,华侨学院,工商管理（国际会计）,工商管理（国际会计）,JN0780,诚信与职业道德,诚信与职业道德,非技术性能力,金融风控、投资与合规,1.5,1,1,0,职业道德,毕业要求直接出现“职业道德”,1.0710357731167517,1.6065536596751275,15,否
首都经济贸易大学,CUEB-2023-013,2023级,华侨学院,工商管理（国际会计）,工商管理（国际会计）,JN0787,领导力,领导力,非技术性能力,组织协调与商业执行,1.0,1,1,0,领导力,培养目标直接出现“领导力”,2.4035858582299516,2.4035858582299516,9,是
首都经济贸易大学,CUEB-2023-013,2023级,华侨学院,工商管理（国际会计）,工商管理（国际会计）,JN0788,口头表达,口头表达,非技术性能力,表达沟通与通用办公协作,1.5,1,1,0,口头表达,毕业要求直接出现“口头表达”,1.9021060968821986,2.853159145323298,6,是
首都经济贸易大学,CUEB-2023-014,2023级,国际经济管理学院,金融学（数据与计量分析）,金融学（数据与计量分析）,JN0024,Office办公软件,Office办公软件（办公套件）,工具软件与技术平台,表达沟通与通用办公协作,0.8,1,0,1,计算机应用 / Computer Application,通用计算机应用课程,2.037651588878423,1.6301212711027384,19,否
首都经济贸易大学,CUEB-2023-014,2023级,国际经济管理学院,金融学（数据与计量分析）,金融学（数据与计量分析）,JN0025,英语,英语,语言能力,供应链与物流管理,2.3,2,2,0,英语,毕业要求直接出现“英语”；课程名称直接出现唯一技能别名“英语”,1.0,2.3,18,否
首都经济贸易大学,CUEB-2023-014,2023级,国际经济管理学院,金融学（数据与计量分析）,金融学（数据与计量分析）,JN0026,数据分析,数据分析,工具软件与技术平台,人工智能与数据挖掘,3.3,3,3,0,数据分析,培养目标直接出现“数据分析”；毕业要求直接出现“数据分析”；课程名称直接出现唯一技能别名“数据分析”,1.5798184952529422,5.213401034334709,4,是
首都经济贸易大学,CUEB-2023-014,2023级,国际经济管理学院,金融学（数据与计量分析）,金融学（数据与计量分析）,JN0041,Python,Python（编程语言）,工具软件与技术平台,云计算、系统运维与DevOps,0.8,1,1,0,python,课程名称直接出现唯一技能别名“python”,1.5108256237659907,1.2086604990127927,22,否
首都经济贸易大学,CUEB-2023-014,2023级,国际经济管理学院,金融学（数据与计量分析）,金融学（数据与计量分析）,JN0072,统计分析,统计分析,方法、标准与流程,人工智能与数据挖掘,3.2,4,1,3,计量经济学Econometrics；经济时间序列分析 Economic Time Series Analysis；统计分析；贝叶斯统计Bayesian Stastistics,统计方法课程；课程名称直接出现唯一技能别名“统计分析”,1.1880522315029396,3.8017671408094067,8,是
首都经济贸易大学,CUEB-2023-014,2023级,国际经济管理学院,金融学（数据与计量分析）,金融学（数据与计量分析）,JN0104,C语言,C语言（编程语言）,工具软件与技术平台,嵌入式与电子硬件开发,0.8,1,1,0,c语言,课程名称直接出现唯一技能别名“c语言”,3.169053700369523,2.535242960295619,16,是
首都经济贸易大学,CUEB-2023-014,2023级,国际经济管理学院,金融学（数据与计量分析）,金融学（数据与计量分析）,JN0108,财务报表,财务报表,具体专业技能,财务会计与税务管理,1.6,2,2,0,财务报表；报表分析,课程名称直接出现唯一技能别名“财务报表”；课程名称直接出现唯一技能别名“报表分析”,3.9675613965872945,6.3480982345396715,2,是
首都经济贸易大学,CUEB-2023-014,2023级,国际经济管理学院,金融学（数据与计量分析）,金融学（数据与计量分析）,JN0109,会计核算,会计核算,方法、标准与流程,财务会计与税务管理,0.8,1,0,1,会计学原理 Accounting Principles,会计课程,1.2895886507223624,1.03167092057789,23,否
首都经济贸易大学,CUEB-2023-014,2023级,国际经济管理学院,金融学（数据与计量分析）,金融学（数据与计量分析）,JN0172,数据建模,数据建模,工具软件与技术平台,大数据工程与数据仓库,1.6,2,1,1,金融建模与数据分析 Financial Modelling and Data Analysis；数据建模,建模课程；课程名称直接出现唯一技能别名“数据建模”,2.730798769438368,4.3692780311013895,6,是
首都经济贸易大学,CUEB-2023-014,2023级,国际经济管理学院,金融学（数据与计量分析）,金融学（数据与计量分析）,JN0256,授课,授课,方法、标准与流程,表达沟通与通用办公协作,1.0,1,1,0,授课,培养特色直接出现“授课”,2.4759065198095778,2.4759065198095778,17,是
首都经济贸易大学,CUEB-2023-014,2023级,国际经济管理学院,金融学（数据与计量分析）,金融学（数据与计量分析）,JN0397,数理统计,数理统计,工具软件与技术平台,人工智能与数据挖掘,3.3,2,2,0,数理统计,核心课程直接出现“数理统计”；课程名称直接出现唯一技能别名“数理统计”,1.2019413436636068,3.9664064340899023,7,是
首都经济贸易大学,CUEB-2023-014,2023级,国际经济管理学院,金融学（数据与计量分析）,金融学（数据与计量分析）,JN0584,时间序列,时间序列,方法、标准与流程,人工智能与数据挖掘,3.3,2,2,0,时间序列,核心课程直接出现“时间序列”；课程名称直接出现唯一技能别名“时间序列”,2.8689491079191853,9.467532056133312,1,是
首都经济贸易大学,CUEB-2023-014,2023级,国际经济管理学院,金融学（数据与计量分析）,金融学（数据与计量分析）,JN0690,风险管理,风险管理,专业知识与行业经验,金融风控、投资与合规,1.8,2,2,0,风险管理,培养特色直接出现“风险管理”；课程名称直接出现唯一技能别名“风险管理”,1.916290731874155,3.449323317373479,10,是
首都经济贸易大学,CUEB-2023-014,2023级,国际经济管理学院,金融学（数据与计量分析）,金融学（数据与计量分析）,JN0691,财务管理,财务管理,专业知识与行业经验,财务会计与税务管理,0.8,1,0,1,公司金融 / Corporate Finance,财务管理课程,1.664976303593249,1.3319810428745993,21,否
首都经济贸易大学,CUEB-2023-014,2023级,国际经济管理学院,金融学（数据与计量分析）,金融学（数据与计量分析）,JN0774,表达能力,表达能力,非技术性能力,表达沟通与通用办公协作,1.5,1,1,0,表达能力,毕业要求直接出现“表达能力”,1.7703368192510753,2.655505228876613,14,否
首都经济贸易大学,CUEB-2023-014,2023级,国际经济管理学院,金融学（数据与计量分析）,金融学（数据与计量分析）,JN0775,学习能力,学习能力,非技术性能力,表达沟通与通用办公协作,1.5,1,1,0,学习能力,毕业要求直接出现“学习能力”,1.7221347174331973,2.583202076149796,15,否
首都经济贸易大学,CUEB-2023-014,2023级,国际经济管理学院,金融学（数据与计量分析）,金融学（数据与计量分析）,JN0780,诚信与职业道德,诚信与职业道德,非技术性能力,金融风控、投资与合规,1.5,1,1,0,职业道德,毕业要求直接出现“职业道德”,1.0710357731167517,1.6065536596751275,20,否
首都经济贸易大学,CUEB-2023-014,2023级,国际经济管理学院,金融学（数据与计量分析）,金融学（数据与计量分析）,JN0781,问题解决,问题解决,非技术性能力,表达沟通与通用办公协作,2.5,2,2,0,解决问题,毕业要求直接出现“解决问题”；培养特色直接出现“解决问题”,2.314638372213455,5.786595930533638,3,是
首都经济贸易大学,CUEB-2023-014,2023级,国际经济管理学院,金融学（数据与计量分析）,金融学（数据与计量分析）,JN0785,分析判断,分析判断,非技术性能力,组织协调与商业执行,1.5,1,1,0,分析能力,毕业要求直接出现“分析能力”,2.121734706088964,3.1826020591334463,12,否
首都经济贸易大学,CUEB-2023-014,2023级,国际经济管理学院,金融学（数据与计量分析）,金融学（数据与计量分析）,JN0788,口头表达,口头表达,非技术性能力,表达沟通与通用办公协作,1.5,1,1,0,口头表达,毕业要求直接出现“口头表达”,1.9021060968821986,2.853159145323298,13,否
首都经济贸易大学,CUEB-2023-014,2023级,国际经济管理学院,金融学（数据与计量分析）,金融学（数据与计量分析）,JN0790,创新能力,创新能力,非技术性能力,视觉设计与数字内容制作,2.5,2,2,0,创新能力,毕业要求直接出现“创新能力”；培养特色直接出现“创新能力”,1.2895886507223624,3.223971626805906,11,否
首都经济贸易大学,CUEB-2023-014,2023级,国际经济管理学院,金融学（数据与计量分析）,金融学（数据与计量分析）,JN0798,适应能力,适应能力,非技术性能力,组织协调与商业执行,1.5,1,1,0,适应能力,毕业要求直接出现“适应能力”,2.5271998141971284,3.7907997212956923,9,是
首都经济贸易大学,CUEB-2023-014,2023级,国际经济管理学院,金融学（数据与计量分析）,金融学（数据与计量分析）,JN0801,独立思考,独立思考,非技术性能力,表达沟通与通用办公协作,1.5,1,1,0,独立思考,毕业要求直接出现“独立思考”,3.2203469947570738,4.83052049213561,5,是
首都经济贸易大学,CUEB-2023-015,2023级,城市经济与公共管理学院,土地资源管理,土地资源管理,JN0007,物业管理,物业管理,职业职能与业务活动,组织协调与商业执行,2.3,2,2,0,物业管理,毕业要求直接出现“物业管理”；课程名称直接出现唯一技能别名“物业管理”,5.0661736852554045,11.652199476087429,1,是
首都经济贸易大学,CUEB-2023-015,2023级,城市经济与公共管理学院,土地资源管理,土地资源管理,JN0024,Office办公软件,Office办公软件（办公套件）,工具软件与技术平台,表达沟通与通用办公协作,0.8,1,0,1,计算机应用  / Computer Application,通用计算机应用课程,2.037651588878423,1.6301212711027384,11,是
首都经济贸易大学,CUEB-2023-015,2023级,城市经济与公共管理学院,土地资源管理,土地资源管理,JN0025,英语,英语,语言能力,供应链与物流管理,0.8,1,1,0,英语,课程名称直接出现唯一技能别名“英语”,1.0,0.8,14,是
首都经济贸易大学,CUEB-2023-015,2023级,城市经济与公共管理学院,土地资源管理,土地资源管理,JN0029,Excel,Excel（办公软件与通用数字工具）,方法、标准与流程,表达沟通与通用办公协作,0.8,1,1,0,excel,课程名称直接出现唯一技能别名“excel”,2.1574527886910433,1.7259622309528346,10,是
首都经济贸易大学,CUEB-2023-015,2023级,城市经济与公共管理学院,土地资源管理,土地资源管理,JN0072,统计分析,统计分析,方法、标准与流程,人工智能与数据挖掘,2.3,2,1,1,统计分析；统计学（PM）Statistics（PM）,毕业要求直接出现“统计分析”；统计方法课程,1.1880522315029396,2.7325201324567607,6,是
首都经济贸易大学,CUEB-2023-015,2023级,城市经济与公共管理学院,土地资源管理,土地资源管理,JN0365,文献检索,文献检索,方法、标准与流程,医药研发与药事管理,1.5,1,1,0,文献检索,毕业要求直接出现“文献检索”,3.2744142160273495,4.9116213240410245,3,是
首都经济贸易大学,CUEB-2023-015,2023级,城市经济与公共管理学院,土地资源管理,土地资源管理,JN0557,Excel高级应用,Excel高级应用（电子表格高级应用）,工具软件与技术平台,财务会计与税务管理,0.8,1,1,0,excel高级应用,课程名称直接出现唯一技能别名“excel高级应用”,2.2729656758128876,1.8183725406503102,9,是
首都经济贸易大学,CUEB-2023-015,2023级,城市经济与公共管理学院,土地资源管理,土地资源管理,JN0771,团队合作,团队合作,非技术性能力,表达沟通与通用办公协作,1.5,1,1,0,协作意识,毕业要求直接出现“协作意识”,1.4111957828171493,2.116793674225724,8,否
首都经济贸易大学,CUEB-2023-015,2023级,城市经济与公共管理学院,土地资源管理,土地资源管理,JN0774,表达能力,表达能力,非技术性能力,表达沟通与通用办公协作,1.5,1,1,0,表达能力,毕业要求直接出现“表达能力”,1.7703368192510753,2.655505228876613,7,否
首都经济贸易大学,CUEB-2023-015,2023级,城市经济与公共管理学院,土地资源管理,土地资源管理,JN0779,书面表达,书面表达,非技术性能力,表达沟通与通用办公协作,0.8,1,0,1,应用写作 / Practical Writing,写作课程,1.0649195460993157,0.8519356368794526,13,否
首都经济贸易大学,CUEB-2023-015,2023级,城市经济与公共管理学院,土地资源管理,土地资源管理,JN0780,诚信与职业道德,诚信与职业道德,非技术性能力,金融风控、投资与合规,1.5,1,1,0,职业道德,毕业要求直接出现“职业道德”,1.0710357731167517,1.6065536596751275,12,否
首都经济贸易大学,CUEB-2023-015,2023级,城市经济与公共管理学院,土地资源管理,土地资源管理,JN0788,口头表达,口头表达,非技术性能力,表达沟通与通用办公协作,1.5,1,1,0,口头表达,毕业要求直接出现“口头表达”,1.9021060968821986,2.853159145323298,5,是
首都经济贸易大学,CUEB-2023-015,2023级,城市经济与公共管理学院,土地资源管理,土地资源管理,JN0790,创新能力,创新能力,非技术性能力,视觉设计与数字内容制作,2.5,2,2,0,创新能力,培养目标直接出现“创新能力”；毕业要求直接出现“创新能力”,1.2895886507223624,3.223971626805906,4,是
首都经济贸易大学,CUEB-2023-015,2023级,城市经济与公共管理学院,土地资源管理,土地资源管理,JN0794,团队意识,团队意识,非技术性能力,视觉设计与数字内容制作,1.5,1,1,0,团队意识,毕业要求直接出现“团队意识”,4.373026504695459,6.559539757043188,2,是
首都经济贸易大学,CUEB-2023-016,2023级,城市经济与公共管理学院,城市管理,城市管理,JN0024,Office办公软件,Office办公软件（办公套件）,工具软件与技术平台,表达沟通与通用办公协作,0.8,1,0,1,计算机应用  / Computer Application,通用计算机应用课程,2.037651588878423,1.6301212711027384,10,是
首都经济贸易大学,CUEB-2023-016,2023级,城市经济与公共管理学院,城市管理,城市管理,JN0025,英语,英语,语言能力,供应链与物流管理,3.3,2,2,0,英语,核心课程直接出现“英语”；课程名称直接出现唯一技能别名“英语”,1.0,3.3,4,是
首都经济贸易大学,CUEB-2023-016,2023级,城市经济与公共管理学院,城市管理,城市管理,JN0026,数据分析,数据分析,工具软件与技术平台,人工智能与数据挖掘,6.8,5,5,0,数据分析,培养目标直接出现“数据分析”；毕业要求直接出现“数据分析”；核心课程直接出现“数据分析”；培养特色直接出现“数据分析”；课程名称直接出现唯一技能别名“数据分析”,1.5798184952529422,10.742765767720007,1,是
首都经济贸易大学,CUEB-2023-016,2023级,城市经济与公共管理学院,城市管理,城市管理,JN0029,Excel,Excel（办公软件与通用数字工具）,方法、标准与流程,表达沟通与通用办公协作,0.8,1,1,0,excel,课程名称直接出现唯一技能别名“excel”,2.1574527886910433,1.7259622309528346,9,是
首都经济贸易大学,CUEB-2023-016,2023级,城市经济与公共管理学院,城市管理,城市管理,JN0041,Python,Python（编程语言）,工具软件与技术平台,云计算、系统运维与DevOps,3.3,2,2,0,Python；python,核心课程直接出现“Python”；课程名称直接出现唯一技能别名“python”,1.5108256237659907,4.985724558427769,2,是
首都经济贸易大学,CUEB-2023-016,2023级,城市经济与公共管理学院,城市管理,城市管理,JN0072,统计分析,统计分析,方法、标准与流程,人工智能与数据挖掘,0.8,1,0,1,统计学（PM）Statistics（PM）,统计方法课程,1.1880522315029396,0.9504417852023517,14,否
首都经济贸易大学,CUEB-2023-016,2023级,城市经济与公共管理学院,城市管理,城市管理,JN0145,数据挖掘,数据挖掘,工具软件与技术平台,人工智能与数据挖掘,1.0,1,1,0,数据挖掘,培养特色直接出现“数据挖掘”,2.4271163556401456,2.4271163556401456,6,是
首都经济贸易大学,CUEB-2023-016,2023级,城市经济与公共管理学院,城市管理,城市管理,JN0338,数据治理,数据治理,工具软件与技术平台,大数据工程与数据仓库,1.0,1,1,0,数据治理,培养目标直接出现“数据治理”,4.555348061489413,4.555348061489413,3,是
首都经济贸易大学,CUEB-2023-016,2023级,城市经济与公共管理学院,城市管理,城市管理,JN0557,Excel高级应用,Excel高级应用（电子表格高级应用）,工具软件与技术平台,财务会计与税务管理,0.8,1,1,0,excel高级应用,课程名称直接出现唯一技能别名“excel高级应用”,2.2729656758128876,1.8183725406503102,8,是
首都经济贸易大学,CUEB-2023-016,2023级,城市经济与公共管理学院,城市管理,城市管理,JN0647,论文写作,论文写作,方法、标准与流程,表达沟通与通用办公协作,0.8,1,1,0,论文写作,课程名称直接出现唯一技能别名“论文写作”,1.4734380916943703,1.1787504733554963,13,是
首都经济贸易大学,CUEB-2023-016,2023级,城市经济与公共管理学院,城市管理,城市管理,JN0771,团队合作,团队合作,非技术性能力,表达沟通与通用办公协作,1.5,1,1,0,协作意识,毕业要求直接出现“协作意识”,1.4111957828171493,2.116793674225724,7,是
首都经济贸易大学,CUEB-2023-016,2023级,城市经济与公共管理学院,城市管理,城市管理,JN0779,书面表达,书面表达,非技术性能力,表达沟通与通用办公协作,0.8,1,0,1,应用写作 / Practical Writing,写作课程,1.0649195460993157,0.8519356368794526,15,否
首都经济贸易大学,CUEB-2023-016,2023级,城市经济与公共管理学院,城市管理,城市管理,JN0780,诚信与职业道德,诚信与职业道德,非技术性能力,金融风控、投资与合规,1.5,1,1,0,职业道德,毕业要求直接出现“职业道德”,1.0710357731167517,1.6065536596751275,11,是
首都经济贸易大学,CUEB-2023-016,2023级,城市经济与公共管理学院,城市管理,城市管理,JN0788,口头表达,口头表达,非技术性能力,表达沟通与通用办公协作,1.5,1,1,0,口头表达,毕业要求直接出现“口头表达”,1.9021060968821986,2.853159145323298,5,是
首都经济贸易大学,CUEB-2023-016,2023级,城市经济与公共管理学院,城市管理,城市管理,JN0790,创新能力,创新能力,非技术性能力,视觉设计与数字内容制作,1.0,1,1,0,创新思维,培养目标直接出现“创新思维”,1.2895886507223624,1.2895886507223624,12,否
首都经济贸易大学,CUEB-2023-017,2023级,城市经济与公共管理学院,城市管理（区域经济管理）,城市管理（区域经济管理）,JN0024,Office办公软件,Office办公软件（办公套件）,工具软件与技术平台,表达沟通与通用办公协作,0.8,1,0,1,计算机应用  / Computer Application,通用计算机应用课程,2.037651588878423,1.6301212711027384,7,是
首都经济贸易大学,CUEB-2023-017,2023级,城市经济与公共管理学院,城市管理（区域经济管理）,城市管理（区域经济管理）,JN0025,英语,英语,语言能力,供应链与物流管理,0.8,1,1,0,英语,课程名称直接出现唯一技能别名“英语”,1.0,0.8,11,是
首都经济贸易大学,CUEB-2023-017,2023级,城市经济与公共管理学院,城市管理（区域经济管理）,城市管理（区域经济管理）,JN0029,Excel,Excel（办公软件与通用数字工具）,方法、标准与流程,表达沟通与通用办公协作,0.8,1,1,0,excel,课程名称直接出现唯一技能别名“excel”,2.1574527886910433,1.7259622309528346,6,是
首都经济贸易大学,CUEB-2023-017,2023级,城市经济与公共管理学院,城市管理（区域经济管理）,城市管理（区域经济管理）,JN0030,AutoCAD,计算机辅助绘图软件（AutoCAD）,方法、标准与流程,机械设计与制造,1.0,1,1,0,AutoCAD,培养目标直接出现“AutoCAD”,4.778491612803624,4.778491612803624,2,是
首都经济贸易大学,CUEB-2023-017,2023级,城市经济与公共管理学院,城市管理（区域经济管理）,城市管理（区域经济管理）,JN0058,市场分析,市场分析,方法、标准与流程,组织协调与商业执行,1.5,1,1,0,市场分析,毕业要求直接出现“市场分析”,3.7668907011251433,5.650336051687715,1,是
首都经济贸易大学,CUEB-2023-017,2023级,城市经济与公共管理学院,城市管理（区域经济管理）,城市管理（区域经济管理）,JN0072,统计分析,统计分析,方法、标准与流程,人工智能与数据挖掘,0.8,1,0,1,统计学（PM）Statistics（PM）,统计方法课程,1.1880522315029396,0.9504417852023517,9,是
首都经济贸易大学,CUEB-2023-017,2023级,城市经济与公共管理学院,城市管理（区域经济管理）,城市管理（区域经济管理）,JN0557,Excel高级应用,Excel高级应用（电子表格高级应用）,工具软件与技术平台,财务会计与税务管理,0.8,1,1,0,excel高级应用,课程名称直接出现唯一技能别名“excel高级应用”,2.2729656758128876,1.8183725406503102,5,是
首都经济贸易大学,CUEB-2023-017,2023级,城市经济与公共管理学院,城市管理（区域经济管理）,城市管理（区域经济管理）,JN0779,书面表达,书面表达,非技术性能力,表达沟通与通用办公协作,0.8,1,0,1,应用写作 / Practical Writing,写作课程,1.0649195460993157,0.8519356368794526,10,否
首都经济贸易大学,CUEB-2023-017,2023级,城市经济与公共管理学院,城市管理（区域经济管理）,城市管理（区域经济管理）,JN0780,诚信与职业道德,诚信与职业道德,非技术性能力,金融风控、投资与合规,1.5,1,1,0,职业道德,毕业要求直接出现“职业道德”,1.0710357731167517,1.6065536596751275,8,是
首都经济贸易大学,CUEB-2023-017,2023级,城市经济与公共管理学院,城市管理（区域经济管理）,城市管理（区域经济管理）,JN0785,分析判断,分析判断,非技术性能力,组织协调与商业执行,1.0,1,1,0,分析能力,培养目标直接出现“分析能力”,2.121734706088964,2.121734706088964,4,是
首都经济贸易大学,CUEB-2023-017,2023级,城市经济与公共管理学院,城市管理（区域经济管理）,城市管理（区域经济管理）,JN0790,创新能力,创新能力,非技术性能力,视觉设计与数字内容制作,2.5,2,2,0,创新意识；创新能力,培养目标直接出现“创新意识”；毕业要求直接出现“创新能力”,1.2895886507223624,3.223971626805906,3,是
首都经济贸易大学,CUEB-2023-018,2023级,城市经济与公共管理学院,行政管理,行政管理,JN0024,Office办公软件,Office办公软件（办公套件）,工具软件与技术平台,表达沟通与通用办公协作,0.8,1,0,1,计算机应用  / Computer Application,通用计算机应用课程,2.037651588878423,1.6301212711027384,19,是
首都经济贸易大学,CUEB-2023-018,2023级,城市经济与公共管理学院,行政管理,行政管理,JN0025,英语,英语,语言能力,供应链与物流管理,1.8,2,2,0,英语,培养特色直接出现“英语”；课程名称直接出现唯一技能别名“英语”,1.0,1.8,16,是
首都经济贸易大学,CUEB-2023-018,2023级,城市经济与公共管理学院,行政管理,行政管理,JN0029,Excel,Excel（办公软件与通用数字工具）,方法、标准与流程,表达沟通与通用办公协作,0.8,1,1,0,excel,课程名称直接出现唯一技能别名“excel”,2.1574527886910433,1.7259622309528346,18,是
首都经济贸易大学,CUEB-2023-018,2023级,城市经济与公共管理学院,行政管理,行政管理,JN0043,行政管理,行政管理,方法、标准与流程,人力资源与行政管理,6.8,5,5,0,行政管理,培养目标直接出现“行政管理”；毕业要求直接出现“行政管理”；核心课程直接出现“行政管理”；培养特色直接出现“行政管理”；课程名称直接出现唯一技能别名“行政管理”,4.555348061489413,30.976366818128007,1,是
首都经济贸易大学,CUEB-2023-018,2023级,城市经济与公共管理学院,行政管理,行政管理,JN0072,统计分析,统计分析,方法、标准与流程,人工智能与数据挖掘,2.3,2,1,1,统计分析；统计学（PM）Statistics（PM）,毕业要求直接出现“统计分析”；统计方法课程,1.1880522315029396,2.7325201324567607,10,是
首都经济贸易大学,CUEB-2023-018,2023级,城市经济与公共管理学院,行政管理,行政管理,JN0373,人力资源管理流程,人力资源管理流程,方法、标准与流程,人力资源与行政管理,0.8,1,0,1,公共部门人力资源管理（双语） Human Resource Management in Public Sector(Bilingual),人力资源课程,2.194494060371392,1.7555952482971138,17,是
首都经济贸易大学,CUEB-2023-018,2023级,城市经济与公共管理学院,行政管理,行政管理,JN0557,Excel高级应用,Excel高级应用（电子表格高级应用）,工具软件与技术平台,财务会计与税务管理,0.8,1,1,0,excel高级应用,课程名称直接出现唯一技能别名“excel高级应用”,2.2729656758128876,1.8183725406503102,15,是
首都经济贸易大学,CUEB-2023-018,2023级,城市经济与公共管理学院,行政管理,行政管理,JN0647,论文写作,论文写作,方法、标准与流程,表达沟通与通用办公协作,0.8,1,0,1,学术写作与学科前沿 Academic Writing and Frontiers,学术写作课程,1.4734380916943703,1.1787504733554963,20,否
首都经济贸易大学,CUEB-2023-018,2023级,城市经济与公共管理学院,行政管理,行政管理,JN0686,数据库技术,数据库技术,专业知识与行业经验,Java后端开发与中间件,0.8,1,1,0,数据库,课程名称直接出现唯一技能别名“数据库”,2.3361445774344194,1.8689156619475356,14,是
首都经济贸易大学,CUEB-2023-018,2023级,城市经济与公共管理学院,行政管理,行政管理,JN0706,消防安全,消防安全,专业知识与行业经验,安全环保与职业健康,3.3,2,2,0,应急管理,核心课程直接出现“应急管理”；课程名称直接出现唯一技能别名“应急管理”,4.218875824868201,13.922290222065062,2,是
首都经济贸易大学,CUEB-2023-018,2023级,城市经济与公共管理学院,行政管理,行政管理,JN0770,沟通能力,沟通能力,非技术性能力,组织协调与商业执行,2.3,2,2,0,沟通能力；沟通,毕业要求直接出现“沟通能力”；课程名称直接出现唯一技能别名“沟通”,1.7953381214564925,4.129277679349933,6,否
首都经济贸易大学,CUEB-2023-018,2023级,城市经济与公共管理学院,行政管理,行政管理,JN0772,责任心,责任心,非技术性能力,表达沟通与通用办公协作,1.0,1,1,0,责任心,培养目标直接出现“责任心”,3.456735772821304,3.456735772821304,8,否
首都经济贸易大学,CUEB-2023-018,2023级,城市经济与公共管理学院,行政管理,行政管理,JN0774,表达能力,表达能力,非技术性能力,表达沟通与通用办公协作,1.5,1,1,0,表达能力,毕业要求直接出现“表达能力”,1.7703368192510753,2.655505228876613,11,否
首都经济贸易大学,CUEB-2023-018,2023级,城市经济与公共管理学院,行政管理,行政管理,JN0779,书面表达,书面表达,非技术性能力,表达沟通与通用办公协作,2.3,2,1,1,写作表达能力；应用写作 / Practical Writing,毕业要求直接出现“写作表达能力”；写作课程,1.0649195460993157,2.449314956028426,12,否
首都经济贸易大学,CUEB-2023-018,2023级,城市经济与公共管理学院,行政管理,行政管理,JN0785,分析判断,分析判断,非技术性能力,组织协调与商业执行,1.5,1,1,0,分析能力,毕业要求直接出现“分析能力”,2.121734706088964,3.1826020591334463,9,否
首都经济贸易大学,CUEB-2023-018,2023级,城市经济与公共管理学院,行政管理,行政管理,JN0786,管理能力,管理能力,非技术性能力,组织协调与商业执行,2.5,2,2,0,管理能力,培养目标直接出现“管理能力”；毕业要求直接出现“管理能力”,2.730798769438368,6.826996923595921,4,是
首都经济贸易大学,CUEB-2023-018,2023级,城市经济与公共管理学院,行政管理,行政管理,JN0790,创新能力,创新能力,非技术性能力,视觉设计与数字内容制作,1.5,1,1,0,创新意识,毕业要求直接出现“创新意识”,1.2895886507223624,1.9343829760835436,13,否
首都经济贸易大学,CUEB-2023-018,2023级,城市经济与公共管理学院,行政管理,行政管理,JN0793,人际交往,人际交往,非技术性能力,组织协调与商业执行,1.5,1,1,0,人际交往能力,毕业要求直接出现“人际交往能力”,3.456735772821304,5.185103659231956,5,是
首都经济贸易大学,CUEB-2023-018,2023级,城市经济与公共管理学院,行政管理,行政管理,JN0797,策划能力,策划能力,非技术性能力,视觉设计与数字内容制作,1.5,1,1,0,策划能力,毕业要求直接出现“策划能力”,5.0661736852554045,7.599260527883107,3,是
首都经济贸易大学,CUEB-2023-018,2023级,城市经济与公共管理学院,行政管理,行政管理,JN0798,适应能力,适应能力,非技术性能力,组织协调与商业执行,1.5,1,1,0,适应能力,毕业要求直接出现“适应能力”,2.5271998141971284,3.7907997212956923,7,否
首都经济贸易大学,CUEB-2023-019,2023级,工商管理学院,工商管理（ESG投资与管理）,工商管理（ESG投资与管理）,JN0024,Office办公软件,Office办公软件（办公套件）,工具软件与技术平台,表达沟通与通用办公协作,0.8,1,0,1,计算机应用 Computer Application,通用计算机应用课程,2.037651588878423,1.6301212711027384,14,是
首都经济贸易大学,CUEB-2023-019,2023级,工商管理学院,工商管理（ESG投资与管理）,工商管理（ESG投资与管理）,JN0025,英语,英语,语言能力,供应链与物流管理,0.8,1,1,0,英语,课程名称直接出现唯一技能别名“英语”,1.0,0.8,21,否
首都经济贸易大学,CUEB-2023-019,2023级,工商管理学院,工商管理（ESG投资与管理）,工商管理（ESG投资与管理）,JN0041,Python,Python（编程语言）,工具软件与技术平台,云计算、系统运维与DevOps,0.8,1,1,0,python,课程名称直接出现唯一技能别名“python”,1.5108256237659907,1.2086604990127927,16,是
首都经济贸易大学,CUEB-2023-019,2023级,工商管理学院,工商管理（ESG投资与管理）,工商管理（ESG投资与管理）,JN0046,ERP,企业资源计划系统（ERP）,方法、标准与流程,供应链与物流管理,3.3,2,2,0,ERP；erp,核心课程直接出现“ERP”；课程名称直接出现唯一技能别名“erp”,2.8689491079191853,9.467532056133312,1,是
首都经济贸易大学,CUEB-2023-019,2023级,工商管理学院,工商管理（ESG投资与管理）,工商管理（ESG投资与管理）,JN0072,统计分析,统计分析,方法、标准与流程,人工智能与数据挖掘,0.8,1,0,1,统计学 Statistics,统计方法课程,1.1880522315029396,0.9504417852023517,20,否
首都经济贸易大学,CUEB-2023-019,2023级,工商管理学院,工商管理（ESG投资与管理）,工商管理（ESG投资与管理）,JN0109,会计核算,会计核算,方法、标准与流程,财务会计与税务管理,0.8,1,0,1,会计学 Accounting,会计课程,1.2895886507223624,1.03167092057789,18,否
首都经济贸易大学,CUEB-2023-019,2023级,工商管理学院,工商管理（ESG投资与管理）,工商管理（ESG投资与管理）,JN0185,供应链管理,供应链管理,方法、标准与流程,供应链与物流管理,3.3,2,2,0,供应链管理,核心课程直接出现“供应链管理”；课程名称直接出现唯一技能别名“供应链管理”,2.79749014393704,9.231717474992232,2,是
首都经济贸易大学,CUEB-2023-019,2023级,工商管理学院,工商管理（ESG投资与管理）,工商管理（ESG投资与管理）,JN0254,市场营销知识,市场营销知识,方法、标准与流程,组织协调与商业执行,0.8,1,0,1,市场营销学 Marketing,市场营销课程,2.4035858582299516,1.9228686865839615,9,是
首都经济贸易大学,CUEB-2023-019,2023级,工商管理学院,工商管理（ESG投资与管理）,工商管理（ESG投资与管理）,JN0256,授课,授课,方法、标准与流程,表达沟通与通用办公协作,1.0,1,1,0,课堂教学,培养特色直接出现“课堂教学”,2.4759065198095778,2.4759065198095778,8,是
首都经济贸易大学,CUEB-2023-019,2023级,工商管理学院,工商管理（ESG投资与管理）,工商管理（ESG投资与管理）,JN0373,人力资源管理流程,人力资源管理流程,方法、标准与流程,人力资源与行政管理,0.8,1,0,1,人力资源管理 Human Resource Management,人力资源课程,2.194494060371392,1.7555952482971138,13,是
首都经济贸易大学,CUEB-2023-019,2023级,工商管理学院,工商管理（ESG投资与管理）,工商管理（ESG投资与管理）,JN0397,数理统计,数理统计,工具软件与技术平台,人工智能与数据挖掘,0.8,1,1,0,数理统计,课程名称直接出现唯一技能别名“数理统计”,1.2019413436636068,0.9615530749308855,19,否
首都经济贸易大学,CUEB-2023-019,2023级,工商管理学院,工商管理（ESG投资与管理）,工商管理（ESG投资与管理）,JN0690,风险管理,风险管理,专业知识与行业经验,金融风控、投资与合规,3.3,2,2,0,风险管理,核心课程直接出现“风险管理”；课程名称直接出现唯一技能别名“风险管理”,1.916290731874155,6.323759415184711,4,是
首都经济贸易大学,CUEB-2023-019,2023级,工商管理学院,工商管理（ESG投资与管理）,工商管理（ESG投资与管理）,JN0691,财务管理,财务管理,专业知识与行业经验,财务会计与税务管理,3.3,2,2,0,财务管理,核心课程直接出现“财务管理”；课程名称直接出现唯一技能别名“财务管理”,1.664976303593249,5.4944218018577216,5,是
首都经济贸易大学,CUEB-2023-019,2023级,工商管理学院,工商管理（ESG投资与管理）,工商管理（ESG投资与管理）,JN0771,团队合作,团队合作,非技术性能力,表达沟通与通用办公协作,1.0,1,1,0,协作意识,培养目标直接出现“协作意识”,1.4111957828171493,1.4111957828171493,15,否
首都经济贸易大学,CUEB-2023-019,2023级,工商管理学院,工商管理（ESG投资与管理）,工商管理（ESG投资与管理）,JN0774,表达能力,表达能力,非技术性能力,表达沟通与通用办公协作,1.0,1,1,0,表达能力,培养目标直接出现“表达能力”,1.7703368192510753,1.7703368192510753,12,否
首都经济贸易大学,CUEB-2023-019,2023级,工商管理学院,工商管理（ESG投资与管理）,工商管理（ESG投资与管理）,JN0779,书面表达,书面表达,非技术性能力,表达沟通与通用办公协作,1.8,2,1,1,文字表达能力；应用写作 Practical Writing,培养目标直接出现“文字表达能力”；写作课程,1.0649195460993157,1.9168551829787683,10,否
首都经济贸易大学,CUEB-2023-019,2023级,工商管理学院,工商管理（ESG投资与管理）,工商管理（ESG投资与管理）,JN0780,诚信与职业道德,诚信与职业道德,非技术性能力,金融风控、投资与合规,1.0,1,1,0,职业道德,培养目标直接出现“职业道德”,1.0710357731167517,1.0710357731167517,17,否
首都经济贸易大学,CUEB-2023-019,2023级,工商管理学院,工商管理（ESG投资与管理）,工商管理（ESG投资与管理）,JN0786,管理能力,管理能力,非技术性能力,组织协调与商业执行,1.0,1,1,0,管理能力,培养特色直接出现“管理能力”,2.730798769438368,2.730798769438368,6,是
首都经济贸易大学,CUEB-2023-019,2023级,工商管理学院,工商管理（ESG投资与管理）,工商管理（ESG投资与管理）,JN0788,口头表达,口头表达,非技术性能力,表达沟通与通用办公协作,1.0,1,1,0,口头表达,培养目标直接出现“口头表达”,1.9021060968821986,1.9021060968821986,11,否
首都经济贸易大学,CUEB-2023-019,2023级,工商管理学院,工商管理（ESG投资与管理）,工商管理（ESG投资与管理）,JN0790,创新能力,创新能力,非技术性能力,视觉设计与数字内容制作,2.0,2,2,0,创造性思维,培养目标直接出现“创造性思维”；培养特色直接出现“创造性思维”,1.2895886507223624,2.579177301444725,7,是
首都经济贸易大学,CUEB-2023-019,2023级,工商管理学院,工商管理（ESG投资与管理）,工商管理（ESG投资与管理）,JN0795,实践动手能力,实践动手能力,非技术性能力,嵌入式与电子硬件开发,2.0,2,2,0,实操能力,培养目标直接出现“实操能力”；培养特色直接出现“实操能力”,4.218875824868201,8.437751649736402,3,是
首都经济贸易大学,CUEB-2023-020,2023级,工商管理学院,工商管理（公司理财）,工商管理（公司理财）,JN0024,Office办公软件,Office办公软件（办公套件）,工具软件与技术平台,表达沟通与通用办公协作,0.8,1,0,1,计算机应用  / Computer Application,通用计算机应用课程,2.037651588878423,1.6301212711027384,15,否
首都经济贸易大学,CUEB-2023-020,2023级,工商管理学院,工商管理（公司理财）,工商管理（公司理财）,JN0025,英语,英语,语言能力,供应链与物流管理,0.8,1,1,0,英语,课程名称直接出现唯一技能别名“英语”,1.0,0.8,22,否
首都经济贸易大学,CUEB-2023-020,2023级,工商管理学院,工商管理（公司理财）,工商管理（公司理财）,JN0041,Python,Python（编程语言）,工具软件与技术平台,云计算、系统运维与DevOps,0.8,1,1,0,python,课程名称直接出现唯一技能别名“python”,1.5108256237659907,1.2086604990127927,17,否
首都经济贸易大学,CUEB-2023-020,2023级,工商管理学院,工商管理（公司理财）,工商管理（公司理财）,JN0046,ERP,企业资源计划系统（ERP）,方法、标准与流程,供应链与物流管理,3.3,2,2,0,ERP；erp,核心课程直接出现“ERP”；课程名称直接出现唯一技能别名“erp”,2.8689491079191853,9.467532056133312,1,是
首都经济贸易大学,CUEB-2023-020,2023级,工商管理学院,工商管理（公司理财）,工商管理（公司理财）,JN0072,统计分析,统计分析,方法、标准与流程,人工智能与数据挖掘,0.8,1,0,1,统计学 Statistics,统计方法课程,1.1880522315029396,0.9504417852023517,21,否
首都经济贸易大学,CUEB-2023-020,2023级,工商管理学院,工商管理（公司理财）,工商管理（公司理财）,JN0077,财务分析,财务分析,具体专业技能,财务会计与税务管理,2.5,1,1,0,财务分析,核心课程直接出现“财务分析”,3.120263536200091,7.800658840500228,3,是
首都经济贸易大学,CUEB-2023-020,2023级,工商管理学院,工商管理（公司理财）,工商管理（公司理财）,JN0109,会计核算,会计核算,方法、标准与流程,财务会计与税务管理,0.8,1,0,1,会计学 Accounting,会计课程,1.2895886507223624,1.03167092057789,19,否
首都经济贸易大学,CUEB-2023-020,2023级,工商管理学院,工商管理（公司理财）,工商管理（公司理财）,JN0185,供应链管理,供应链管理,方法、标准与流程,供应链与物流管理,3.3,2,2,0,供应链管理,核心课程直接出现“供应链管理”；课程名称直接出现唯一技能别名“供应链管理”,2.79749014393704,9.231717474992232,2,是
首都经济贸易大学,CUEB-2023-020,2023级,工商管理学院,工商管理（公司理财）,工商管理（公司理财）,JN0254,市场营销知识,市场营销知识,方法、标准与流程,组织协调与商业执行,0.8,1,0,1,市场营销学 Marketing,市场营销课程,2.4035858582299516,1.9228686865839615,9,是
首都经济贸易大学,CUEB-2023-020,2023级,工商管理学院,工商管理（公司理财）,工商管理（公司理财）,JN0256,授课,授课,方法、标准与流程,表达沟通与通用办公协作,1.0,1,1,0,课堂教学,培养特色直接出现“课堂教学”,2.4759065198095778,2.4759065198095778,8,是
首都经济贸易大学,CUEB-2023-020,2023级,工商管理学院,工商管理（公司理财）,工商管理（公司理财）,JN0258,法律法规知识,法律法规知识,方法、标准与流程,金融风控、投资与合规,0.8,1,0,1,商法学 Commercial Law,法规课程,2.139434283188365,1.711547426550692,14,否
首都经济贸易大学,CUEB-2023-020,2023级,工商管理学院,工商管理（公司理财）,工商管理（公司理财）,JN0373,人力资源管理流程,人力资源管理流程,方法、标准与流程,人力资源与行政管理,0.8,1,0,1,人力资源管理 Human Resource Management,人力资源课程,2.194494060371392,1.7555952482971138,13,是
首都经济贸易大学,CUEB-2023-020,2023级,工商管理学院,工商管理（公司理财）,工商管理（公司理财）,JN0397,数理统计,数理统计,工具软件与技术平台,人工智能与数据挖掘,0.8,1,1,0,数理统计,课程名称直接出现唯一技能别名“数理统计”,1.2019413436636068,0.9615530749308855,20,否
首都经济贸易大学,CUEB-2023-020,2023级,工商管理学院,工商管理（公司理财）,工商管理（公司理财）,JN0690,风险管理,风险管理,专业知识与行业经验,金融风控、投资与合规,3.3,2,2,0,风险管理,核心课程直接出现“风险管理”；课程名称直接出现唯一技能别名“风险管理”,1.916290731874155,6.323759415184711,5,是
首都经济贸易大学,CUEB-2023-020,2023级,工商管理学院,工商管理（公司理财）,工商管理（公司理财）,JN0691,财务管理,财务管理,专业知识与行业经验,财务会计与税务管理,4.3,3,3,0,财务管理,培养目标直接出现“财务管理”；核心课程直接出现“财务管理”；课程名称直接出现唯一技能别名“财务管理”,1.664976303593249,7.15939810545097,4,是
首都经济贸易大学,CUEB-2023-020,2023级,工商管理学院,工商管理（公司理财）,工商管理（公司理财）,JN0730,公司治理,公司治理,专业知识与行业经验,金融风控、投资与合规,0.8,1,1,0,公司治理,课程名称直接出现唯一技能别名“公司治理”,3.120263536200091,2.496210828960073,7,是
首都经济贸易大学,CUEB-2023-020,2023级,工商管理学院,工商管理（公司理财）,工商管理（公司理财）,JN0771,团队合作,团队合作,非技术性能力,表达沟通与通用办公协作,1.0,1,1,0,协作意识,培养目标直接出现“协作意识”,1.4111957828171493,1.4111957828171493,16,否
首都经济贸易大学,CUEB-2023-020,2023级,工商管理学院,工商管理（公司理财）,工商管理（公司理财）,JN0774,表达能力,表达能力,非技术性能力,表达沟通与通用办公协作,1.0,1,1,0,表达能力,培养目标直接出现“表达能力”,1.7703368192510753,1.7703368192510753,12,否
首都经济贸易大学,CUEB-2023-020,2023级,工商管理学院,工商管理（公司理财）,工商管理（公司理财）,JN0779,书面表达,书面表达,非技术性能力,表达沟通与通用办公协作,1.8,2,1,1,文字表达能力；应用写作 / Practical Writing,培养目标直接出现“文字表达能力”；写作课程,1.0649195460993157,1.9168551829787683,10,是
首都经济贸易大学,CUEB-2023-020,2023级,工商管理学院,工商管理（公司理财）,工商管理（公司理财）,JN0780,诚信与职业道德,诚信与职业道德,非技术性能力,金融风控、投资与合规,1.0,1,1,0,职业道德,培养目标直接出现“职业道德”,1.0710357731167517,1.0710357731167517,18,否
首都经济贸易大学,CUEB-2023-020,2023级,工商管理学院,工商管理（公司理财）,工商管理（公司理财）,JN0788,口头表达,口头表达,非技术性能力,表达沟通与通用办公协作,1.0,1,1,0,口头表达,培养目标直接出现“口头表达”,1.9021060968821986,1.9021060968821986,11,是
首都经济贸易大学,CUEB-2023-020,2023级,工商管理学院,工商管理（公司理财）,工商管理（公司理财）,JN0790,创新能力,创新能力,非技术性能力,视觉设计与数字内容制作,2.0,2,2,0,创新能力,培养目标直接出现“创新能力”；培养特色直接出现“创新能力”,1.2895886507223624,2.579177301444725,6,是
首都经济贸易大学,CUEB-2023-021,2023级,工商管理学院,工商管理（国际商务）,工商管理（国际商务）,JN0024,Office办公软件,Office办公软件（办公套件）,工具软件与技术平台,表达沟通与通用办公协作,0.8,1,0,1,计算机应用  / Computer Application,通用计算机应用课程,2.037651588878423,1.6301212711027384,19,否
首都经济贸易大学,CUEB-2023-021,2023级,工商管理学院,工商管理（国际商务）,工商管理（国际商务）,JN0025,英语,英语,语言能力,供应链与物流管理,3.3,2,2,0,英语,核心课程直接出现“英语”；课程名称直接出现唯一技能别名“英语”,1.0,3.3,9,是
首都经济贸易大学,CUEB-2023-021,2023级,工商管理学院,工商管理（国际商务）,工商管理（国际商务）,JN0026,数据分析,数据分析,工具软件与技术平台,人工智能与数据挖掘,0.8,1,1,0,数据分析,课程名称直接出现唯一技能别名“数据分析”,1.5798184952529422,1.2638547962023539,23,否
首都经济贸易大学,CUEB-2023-021,2023级,工商管理学院,工商管理（国际商务）,工商管理（国际商务）,JN0032,商务谈判,商务谈判,方法、标准与流程,组织协调与商业执行,5.8,4,4,0,商务谈判,毕业要求直接出现“商务谈判”；核心课程直接出现“商务谈判”；培养特色直接出现“商务谈判”；课程名称直接出现唯一技能别名“商务谈判”,2.6990500711237875,15.654490412517967,2,是
首都经济贸易大学,CUEB-2023-021,2023级,工商管理学院,工商管理（国际商务）,工商管理（国际商务）,JN0041,Python,Python（编程语言）,工具软件与技术平台,云计算、系统运维与DevOps,0.8,1,1,0,python,课程名称直接出现唯一技能别名“python”,1.5108256237659907,1.2086604990127927,24,否
首都经济贸易大学,CUEB-2023-021,2023级,工商管理学院,工商管理（国际商务）,工商管理（国际商务）,JN0046,ERP,企业资源计划系统（ERP）,方法、标准与流程,供应链与物流管理,3.3,2,2,0,ERP；erp,核心课程直接出现“ERP”；课程名称直接出现唯一技能别名“erp”,2.8689491079191853,9.467532056133312,4,是
首都经济贸易大学,CUEB-2023-021,2023级,工商管理学院,工商管理（国际商务）,工商管理（国际商务）,JN0072,统计分析,统计分析,方法、标准与流程,人工智能与数据挖掘,0.8,1,0,1,统计学 Statistics,统计方法课程,1.1880522315029396,0.9504417852023517,27,否
首都经济贸易大学,CUEB-2023-021,2023级,工商管理学院,工商管理（国际商务）,工商管理（国际商务）,JN0074,国际贸易,国际贸易,方法、标准与流程,供应链与物流管理,4.3,3,3,0,国际贸易,培养目标直接出现“国际贸易”；核心课程直接出现“国际贸易”；课程名称直接出现唯一技能别名“国际贸易”,3.120263536200091,13.417133205660392,3,是
首都经济贸易大学,CUEB-2023-021,2023级,工商管理学院,工商管理（国际商务）,工商管理（国际商务）,JN0099,CRM,客户关系管理系统（CRM）,方法、标准与流程,供应链与物流管理,4.3,3,3,0,客户关系管理,核心课程直接出现“客户关系管理”；培养特色直接出现“客户关系管理”；课程名称直接出现唯一技能别名“客户关系管理”,3.6798793241355137,15.823481093782709,1,是
首都经济贸易大学,CUEB-2023-021,2023级,工商管理学院,工商管理（国际商务）,工商管理（国际商务）,JN0109,会计核算,会计核算,方法、标准与流程,财务会计与税务管理,0.8,1,0,1,会计学 Accounting,会计课程,1.2895886507223624,1.03167092057789,25,否
首都经济贸易大学,CUEB-2023-021,2023级,工商管理学院,工商管理（国际商务）,工商管理（国际商务）,JN0185,供应链管理,供应链管理,方法、标准与流程,供应链与物流管理,3.3,2,2,0,供应链管理,核心课程直接出现“供应链管理”；课程名称直接出现唯一技能别名“供应链管理”,2.79749014393704,9.231717474992232,5,是
首都经济贸易大学,CUEB-2023-021,2023级,工商管理学院,工商管理（国际商务）,工商管理（国际商务）,JN0254,市场营销知识,市场营销知识,方法、标准与流程,组织协调与商业执行,0.8,1,0,1,市场营销学 Marketing,市场营销课程,2.4035858582299516,1.9228686865839615,16,是
首都经济贸易大学,CUEB-2023-021,2023级,工商管理学院,工商管理（国际商务）,工商管理（国际商务）,JN0258,法律法规知识,法律法规知识,方法、标准与流程,金融风控、投资与合规,0.8,1,0,1,国际商法 Law of International Business,法规课程,2.139434283188365,1.711547426550692,18,否
首都经济贸易大学,CUEB-2023-021,2023级,工商管理学院,工商管理（国际商务）,工商管理（国际商务）,JN0373,人力资源管理流程,人力资源管理流程,方法、标准与流程,人力资源与行政管理,0.8,1,0,1,人力资源管理 Human Resource Management,人力资源课程,2.194494060371392,1.7555952482971138,17,是
首都经济贸易大学,CUEB-2023-021,2023级,工商管理学院,工商管理（国际商务）,工商管理（国际商务）,JN0397,数理统计,数理统计,工具软件与技术平台,人工智能与数据挖掘,0.8,1,1,0,数理统计,课程名称直接出现唯一技能别名“数理统计”,1.2019413436636068,0.9615530749308855,26,否
首都经济贸易大学,CUEB-2023-021,2023级,工商管理学院,工商管理（国际商务）,工商管理（国际商务）,JN0691,财务管理,财务管理,专业知识与行业经验,财务会计与税务管理,3.3,2,2,0,财务管理,核心课程直接出现“财务管理”；课程名称直接出现唯一技能别名“财务管理”,1.664976303593249,5.4944218018577216,6,是
首都经济贸易大学,CUEB-2023-021,2023级,工商管理学院,工商管理（国际商务）,工商管理（国际商务）,JN0771,团队合作,团队合作,非技术性能力,表达沟通与通用办公协作,1.0,1,1,0,团队合作,培养目标直接出现“团队合作”,1.4111957828171493,1.4111957828171493,21,否
首都经济贸易大学,CUEB-2023-021,2023级,工商管理学院,工商管理（国际商务）,工商管理（国际商务）,JN0774,表达能力,表达能力,非技术性能力,表达沟通与通用办公协作,1.5,1,1,0,表达能力,毕业要求直接出现“表达能力”,1.7703368192510753,2.655505228876613,12,否
首都经济贸易大学,CUEB-2023-021,2023级,工商管理学院,工商管理（国际商务）,工商管理（国际商务）,JN0775,学习能力,学习能力,非技术性能力,表达沟通与通用办公协作,1.5,1,1,0,学习能力,毕业要求直接出现“学习能力”,1.7221347174331973,2.583202076149796,13,否
首都经济贸易大学,CUEB-2023-021,2023级,工商管理学院,工商管理（国际商务）,工商管理（国际商务）,JN0779,书面表达,书面表达,非技术性能力,表达沟通与通用办公协作,2.3,2,1,1,文字表达能力；应用写作 / Practical Writing,毕业要求直接出现“文字表达能力”；写作课程,1.0649195460993157,2.449314956028426,14,否
首都经济贸易大学,CUEB-2023-021,2023级,工商管理学院,工商管理（国际商务）,工商管理（国际商务）,JN0780,诚信与职业道德,诚信与职业道德,非技术性能力,金融风控、投资与合规,1.5,1,1,0,职业道德,毕业要求直接出现“职业道德”,1.0710357731167517,1.6065536596751275,20,否
首都经济贸易大学,CUEB-2023-021,2023级,工商管理学院,工商管理（国际商务）,工商管理（国际商务）,JN0781,问题解决,问题解决,非技术性能力,表达沟通与通用办公协作,1.0,1,1,0,解决问题,培养特色直接出现“解决问题”,2.314638372213455,2.314638372213455,15,否
首都经济贸易大学,CUEB-2023-021,2023级,工商管理学院,工商管理（国际商务）,工商管理（国际商务）,JN0786,管理能力,管理能力,非技术性能力,组织协调与商业执行,1.0,1,1,0,管理能力,培养目标直接出现“管理能力”,2.730798769438368,2.730798769438368,11,否
首都经济贸易大学,CUEB-2023-021,2023级,工商管理学院,工商管理（国际商务）,工商管理（国际商务）,JN0788,口头表达,口头表达,非技术性能力,表达沟通与通用办公协作,1.5,1,1,0,口头表达,毕业要求直接出现“口头表达”,1.9021060968821986,2.853159145323298,10,是
首都经济贸易大学,CUEB-2023-021,2023级,工商管理学院,工商管理（国际商务）,工商管理（国际商务）,JN0790,创新能力,创新能力,非技术性能力,视觉设计与数字内容制作,1.0,1,1,0,创新能力,培养特色直接出现“创新能力”,1.2895886507223624,1.2895886507223624,22,否
首都经济贸易大学,CUEB-2023-021,2023级,工商管理学院,工商管理（国际商务）,工商管理（国际商务）,JN0798,适应能力,适应能力,非技术性能力,组织协调与商业执行,1.5,1,1,0,适应能力,毕业要求直接出现“适应能力”,2.5271998141971284,3.7907997212956923,8,是
首都经济贸易大学,CUEB-2023-021,2023级,工商管理学院,工商管理（国际商务）,工商管理（国际商务）,JN0811,战略思维,战略思维,非技术性能力,组织协调与商业执行,1.0,1,1,0,战略眼光,培养目标直接出现“战略眼光”,3.8622008809294686,3.8622008809294686,7,是
首都经济贸易大学,CUEB-2023-022,2023级,工商管理学院,工商管理（实验班）,工商管理（实验班）,JN0024,Office办公软件,Office办公软件（办公套件）,工具软件与技术平台,表达沟通与通用办公协作,0.8,1,0,1,计算机应用  / Computer Application,通用计算机应用课程,2.037651588878423,1.6301212711027384,19,否
首都经济贸易大学,CUEB-2023-022,2023级,工商管理学院,工商管理（实验班）,工商管理（实验班）,JN0025,英语,英语,语言能力,供应链与物流管理,0.8,1,1,0,英语,课程名称直接出现唯一技能别名“英语”,1.0,0.8,26,否
首都经济贸易大学,CUEB-2023-022,2023级,工商管理学院,工商管理（实验班）,工商管理（实验班）,JN0032,商务谈判,商务谈判,方法、标准与流程,组织协调与商业执行,0.8,1,1,0,商务谈判,课程名称直接出现唯一技能别名“商务谈判”,2.6990500711237875,2.15924005689903,10,是
首都经济贸易大学,CUEB-2023-022,2023级,工商管理学院,工商管理（实验班）,工商管理（实验班）,JN0041,Python,Python（编程语言）,工具软件与技术平台,云计算、系统运维与DevOps,3.3,2,2,0,Python；python,核心课程直接出现“Python”；课程名称直接出现唯一技能别名“python”,1.5108256237659907,4.985724558427769,3,是
首都经济贸易大学,CUEB-2023-022,2023级,工商管理学院,工商管理（实验班）,工商管理（实验班）,JN0046,ERP,企业资源计划系统（ERP）,方法、标准与流程,供应链与物流管理,0.8,1,1,0,erp,课程名称直接出现唯一技能别名“erp”,2.8689491079191853,2.2951592863353483,8,是
首都经济贸易大学,CUEB-2023-022,2023级,工商管理学院,工商管理（实验班）,工商管理（实验班）,JN0072,统计分析,统计分析,方法、标准与流程,人工智能与数据挖掘,1.6,2,0,2,统计学 Statistics；计量经济学,统计方法课程,1.1880522315029396,1.9008835704047033,15,是
首都经济贸易大学,CUEB-2023-022,2023级,工商管理学院,工商管理（实验班）,工商管理（实验班）,JN0109,会计核算,会计核算,方法、标准与流程,财务会计与税务管理,0.8,1,0,1,会计学 Accounting,会计课程,1.2895886507223624,1.03167092057789,24,否
首都经济贸易大学,CUEB-2023-022,2023级,工商管理学院,工商管理（实验班）,工商管理（实验班）,JN0185,供应链管理,供应链管理,方法、标准与流程,供应链与物流管理,0.8,1,1,0,供应链管理,课程名称直接出现唯一技能别名“供应链管理”,2.79749014393704,2.237992115149632,9,是
首都经济贸易大学,CUEB-2023-022,2023级,工商管理学院,工商管理（实验班）,工商管理（实验班）,JN0254,市场营销知识,市场营销知识,方法、标准与流程,组织协调与商业执行,0.8,1,0,1,市场营销学 Marketing,市场营销课程,2.4035858582299516,1.9228686865839615,12,是
首都经济贸易大学,CUEB-2023-022,2023级,工商管理学院,工商管理（实验班）,工商管理（实验班）,JN0256,授课,授课,方法、标准与流程,表达沟通与通用办公协作,1.0,1,1,0,课堂教学,培养特色直接出现“课堂教学”,2.4759065198095778,2.4759065198095778,7,是
首都经济贸易大学,CUEB-2023-022,2023级,工商管理学院,工商管理（实验班）,工商管理（实验班）,JN0258,法律法规知识,法律法规知识,方法、标准与流程,金融风控、投资与合规,0.8,1,0,1,商法学 Commercial Law,法规课程,2.139434283188365,1.711547426550692,18,否
首都经济贸易大学,CUEB-2023-022,2023级,工商管理学院,工商管理（实验班）,工商管理（实验班）,JN0373,人力资源管理流程,人力资源管理流程,方法、标准与流程,人力资源与行政管理,0.8,1,0,1,人力资源管理 Human Resource Management,人力资源课程,2.194494060371392,1.7555952482971138,17,否
首都经济贸易大学,CUEB-2023-022,2023级,工商管理学院,工商管理（实验班）,工商管理（实验班）,JN0397,数理统计,数理统计,工具软件与技术平台,人工智能与数据挖掘,0.8,1,1,0,数理统计,课程名称直接出现唯一技能别名“数理统计”,1.2019413436636068,0.9615530749308855,25,否
首都经济贸易大学,CUEB-2023-022,2023级,工商管理学院,工商管理（实验班）,工商管理（实验班）,JN0647,论文写作,论文写作,方法、标准与流程,表达沟通与通用办公协作,1.0,1,1,0,科研写作,培养特色直接出现“科研写作”,1.4734380916943703,1.4734380916943703,20,否
首都经济贸易大学,CUEB-2023-022,2023级,工商管理学院,工商管理（实验班）,工商管理（实验班）,JN0691,财务管理,财务管理,专业知识与行业经验,财务会计与税务管理,3.3,2,2,0,财务管理,核心课程直接出现“财务管理”；课程名称直接出现唯一技能别名“财务管理”,1.664976303593249,5.4944218018577216,2,是
首都经济贸易大学,CUEB-2023-022,2023级,工商管理学院,工商管理（实验班）,工商管理（实验班）,JN0730,公司治理,公司治理,专业知识与行业经验,金融风控、投资与合规,3.3,2,2,0,公司治理,核心课程直接出现“公司治理”；课程名称直接出现唯一技能别名“公司治理”,3.120263536200091,10.2968696694603,1,是
首都经济贸易大学,CUEB-2023-022,2023级,工商管理学院,工商管理（实验班）,工商管理（实验班）,JN0770,沟通能力,沟通能力,非技术性能力,组织协调与商业执行,0.8,1,1,0,沟通,课程名称直接出现唯一技能别名“沟通”,1.7953381214564925,1.436270497165194,21,否
首都经济贸易大学,CUEB-2023-022,2023级,工商管理学院,工商管理（实验班）,工商管理（实验班）,JN0771,团队合作,团队合作,非技术性能力,表达沟通与通用办公协作,1.0,1,1,0,协作意识,培养目标直接出现“协作意识”,1.4111957828171493,1.4111957828171493,22,否
首都经济贸易大学,CUEB-2023-022,2023级,工商管理学院,工商管理（实验班）,工商管理（实验班）,JN0774,表达能力,表达能力,非技术性能力,表达沟通与通用办公协作,1.0,1,1,0,表达能力,培养目标直接出现“表达能力”,1.7703368192510753,1.7703368192510753,16,否
首都经济贸易大学,CUEB-2023-022,2023级,工商管理学院,工商管理（实验班）,工商管理（实验班）,JN0779,书面表达,书面表达,非技术性能力,表达沟通与通用办公协作,1.8,2,1,1,文字表达能力；应用写作 / Practical Writing,培养目标直接出现“文字表达能力”；写作课程,1.0649195460993157,1.9168551829787683,13,否
首都经济贸易大学,CUEB-2023-022,2023级,工商管理学院,工商管理（实验班）,工商管理（实验班）,JN0780,诚信与职业道德,诚信与职业道德,非技术性能力,金融风控、投资与合规,1.0,1,1,0,职业道德,培养目标直接出现“职业道德”,1.0710357731167517,1.0710357731167517,23,否
首都经济贸易大学,CUEB-2023-022,2023级,工商管理学院,工商管理（实验班）,工商管理（实验班）,JN0784,逻辑思维,逻辑思维,非技术性能力,表达沟通与通用办公协作,1.0,1,1,0,逻辑分析能力,培养特色直接出现“逻辑分析能力”,3.456735772821304,3.456735772821304,5,是
首都经济贸易大学,CUEB-2023-022,2023级,工商管理学院,工商管理（实验班）,工商管理（实验班）,JN0785,分析判断,分析判断,非技术性能力,组织协调与商业执行,1.0,1,1,0,分析能力,培养特色直接出现“分析能力”,2.121734706088964,2.121734706088964,11,否
首都经济贸易大学,CUEB-2023-022,2023级,工商管理学院,工商管理（实验班）,工商管理（实验班）,JN0787,领导力,领导力,非技术性能力,组织协调与商业执行,1.6,2,2,0,团队管理；领导力,课程名称直接出现唯一技能别名“团队管理”；课程名称直接出现唯一技能别名“领导力”,2.4035858582299516,3.845737373167923,4,是
首都经济贸易大学,CUEB-2023-022,2023级,工商管理学院,工商管理（实验班）,工商管理（实验班）,JN0788,口头表达,口头表达,非技术性能力,表达沟通与通用办公协作,1.0,1,1,0,口头表达,培养目标直接出现“口头表达”,1.9021060968821986,1.9021060968821986,14,否
首都经济贸易大学,CUEB-2023-022,2023级,工商管理学院,工商管理（实验班）,工商管理（实验班）,JN0790,创新能力,创新能力,非技术性能力,视觉设计与数字内容制作,2.0,2,2,0,创新能力,培养目标直接出现“创新能力”；培养特色直接出现“创新能力”,1.2895886507223624,2.579177301444725,6,是
首都经济贸易大学,CUEB-2023-023,2023级,工商管理学院,市场营销,市场营销,JN0024,Office办公软件,Office办公软件（办公套件）,工具软件与技术平台,表达沟通与通用办公协作,0.8,1,0,1,计算机应用  / Computer Application,通用计算机应用课程,2.037651588878423,1.6301212711027384,20,否
首都经济贸易大学,CUEB-2023-023,2023级,工商管理学院,市场营销,市场营销,JN0025,英语,英语,语言能力,供应链与物流管理,3.3,2,2,0,英语,核心课程直接出现“英语”；课程名称直接出现唯一技能别名“英语”,1.0,3.3,10,是
首都经济贸易大学,CUEB-2023-023,2023级,工商管理学院,市场营销,市场营销,JN0026,数据分析,数据分析,工具软件与技术平台,人工智能与数据挖掘,1.8,2,2,0,数据分析能力；数据分析,培养特色直接出现“数据分析能力”；课程名称直接出现唯一技能别名“数据分析”,1.5798184952529422,2.843673291455296,12,是
首都经济贸易大学,CUEB-2023-023,2023级,工商管理学院,市场营销,市场营销,JN0032,商务谈判,商务谈判,方法、标准与流程,组织协调与商业执行,4.3,3,3,0,商务谈判,核心课程直接出现“商务谈判”；培养特色直接出现“商务谈判”；课程名称直接出现唯一技能别名“商务谈判”,2.6990500711237875,11.605915305832285,3,是
首都经济贸易大学,CUEB-2023-023,2023级,工商管理学院,市场营销,市场营销,JN0041,Python,Python（编程语言）,工具软件与技术平台,云计算、系统运维与DevOps,0.8,1,1,0,python,课程名称直接出现唯一技能别名“python”,1.5108256237659907,1.2086604990127927,23,否
首都经济贸易大学,CUEB-2023-023,2023级,工商管理学院,市场营销,市场营销,JN0045,市场调研,市场调研,方法、标准与流程,组织协调与商业执行,1.0,1,1,0,市场调研,培养特色直接出现“市场调研”,4.373026504695459,4.373026504695459,7,是
首都经济贸易大学,CUEB-2023-023,2023级,工商管理学院,市场营销,市场营销,JN0046,ERP,企业资源计划系统（ERP）,方法、标准与流程,供应链与物流管理,3.3,2,2,0,ERP；erp,核心课程直接出现“ERP”；课程名称直接出现唯一技能别名“erp”,2.8689491079191853,9.467532056133312,4,是
首都经济贸易大学,CUEB-2023-023,2023级,工商管理学院,市场营销,市场营销,JN0072,统计分析,统计分析,方法、标准与流程,人工智能与数据挖掘,0.8,1,0,1,统计学 Statistics,统计方法课程,1.1880522315029396,0.9504417852023517,26,否
首都经济贸易大学,CUEB-2023-023,2023级,工商管理学院,市场营销,市场营销,JN0099,CRM,客户关系管理系统（CRM）,方法、标准与流程,供应链与物流管理,4.3,3,3,0,客户关系管理,核心课程直接出现“客户关系管理”；培养特色直接出现“客户关系管理”；课程名称直接出现唯一技能别名“客户关系管理”,3.6798793241355137,15.823481093782709,1,是
首都经济贸易大学,CUEB-2023-023,2023级,工商管理学院,市场营销,市场营销,JN0107,渠道管理,渠道管理,方法、标准与流程,组织协调与商业执行,0.8,1,1,0,渠道管理,课程名称直接出现唯一技能别名“渠道管理”,5.0661736852554045,4.052938948204324,8,是
首都经济贸易大学,CUEB-2023-023,2023级,工商管理学院,市场营销,市场营销,JN0109,会计核算,会计核算,方法、标准与流程,财务会计与税务管理,0.8,1,0,1,会计学 Accounting,会计课程,1.2895886507223624,1.03167092057789,24,否
首都经济贸易大学,CUEB-2023-023,2023级,工商管理学院,市场营销,市场营销,JN0185,供应链管理,供应链管理,方法、标准与流程,供应链与物流管理,3.3,2,2,0,供应链管理,核心课程直接出现“供应链管理”；课程名称直接出现唯一技能别名“供应链管理”,2.79749014393704,9.231717474992232,5,是
首都经济贸易大学,CUEB-2023-023,2023级,工商管理学院,市场营销,市场营销,JN0214,品牌策划,品牌策划,方法、标准与流程,视觉设计与数字内容制作,3.3,2,2,0,品牌管理,核心课程直接出现“品牌管理”；课程名称直接出现唯一技能别名“品牌管理”,3.5257286443082556,11.634904526217243,2,是
首都经济贸易大学,CUEB-2023-023,2023级,工商管理学院,市场营销,市场营销,JN0254,市场营销知识,市场营销知识,方法、标准与流程,组织协调与商业执行,0.8,1,0,1,市场营销学 Marketing,市场营销课程,2.4035858582299516,1.9228686865839615,18,否
首都经济贸易大学,CUEB-2023-023,2023级,工商管理学院,市场营销,市场营销,JN0373,人力资源管理流程,人力资源管理流程,方法、标准与流程,人力资源与行政管理,0.8,1,0,1,人力资源管理 Human Resource Management,人力资源课程,2.194494060371392,1.7555952482971138,19,否
首都经济贸易大学,CUEB-2023-023,2023级,工商管理学院,市场营销,市场营销,JN0397,数理统计,数理统计,工具软件与技术平台,人工智能与数据挖掘,0.8,1,1,0,数理统计,课程名称直接出现唯一技能别名“数理统计”,1.2019413436636068,0.9615530749308855,25,否
首都经济贸易大学,CUEB-2023-023,2023级,工商管理学院,市场营销,市场营销,JN0691,财务管理,财务管理,专业知识与行业经验,财务会计与税务管理,3.3,2,2,0,财务管理,核心课程直接出现“财务管理”；课程名称直接出现唯一技能别名“财务管理”,1.664976303593249,5.4944218018577216,6,是
首都经济贸易大学,CUEB-2023-023,2023级,工商管理学院,市场营销,市场营销,JN0774,表达能力,表达能力,非技术性能力,表达沟通与通用办公协作,1.5,1,1,0,表达能力,毕业要求直接出现“表达能力”,1.7703368192510753,2.655505228876613,13,否
首都经济贸易大学,CUEB-2023-023,2023级,工商管理学院,市场营销,市场营销,JN0775,学习能力,学习能力,非技术性能力,表达沟通与通用办公协作,1.5,1,1,0,学习能力,毕业要求直接出现“学习能力”,1.7221347174331973,2.583202076149796,14,否
首都经济贸易大学,CUEB-2023-023,2023级,工商管理学院,市场营销,市场营销,JN0779,书面表达,书面表达,非技术性能力,表达沟通与通用办公协作,2.3,2,1,1,文字表达能力；应用写作 / Practical Writing,毕业要求直接出现“文字表达能力”；写作课程,1.0649195460993157,2.449314956028426,15,否
首都经济贸易大学,CUEB-2023-023,2023级,工商管理学院,市场营销,市场营销,JN0780,诚信与职业道德,诚信与职业道德,非技术性能力,金融风控、投资与合规,1.5,1,1,0,职业道德,毕业要求直接出现“职业道德”,1.0710357731167517,1.6065536596751275,21,否
首都经济贸易大学,CUEB-2023-023,2023级,工商管理学院,市场营销,市场营销,JN0781,问题解决,问题解决,非技术性能力,表达沟通与通用办公协作,1.0,1,1,0,解决问题,培养特色直接出现“解决问题”,2.314638372213455,2.314638372213455,16,否
首都经济贸易大学,CUEB-2023-023,2023级,工商管理学院,市场营销,市场营销,JN0785,分析判断,分析判断,非技术性能力,组织协调与商业执行,1.0,1,1,0,分析能力,培养特色直接出现“分析能力”,2.121734706088964,2.121734706088964,17,否
首都经济贸易大学,CUEB-2023-023,2023级,工商管理学院,市场营销,市场营销,JN0788,口头表达,口头表达,非技术性能力,表达沟通与通用办公协作,1.5,1,1,0,口头表达,毕业要求直接出现“口头表达”,1.9021060968821986,2.853159145323298,11,是
首都经济贸易大学,CUEB-2023-023,2023级,工商管理学院,市场营销,市场营销,JN0790,创新能力,创新能力,非技术性能力,视觉设计与数字内容制作,1.0,1,1,0,创新能力,培养特色直接出现“创新能力”,1.2895886507223624,1.2895886507223624,22,否
首都经济贸易大学,CUEB-2023-023,2023级,工商管理学院,市场营销,市场营销,JN0798,适应能力,适应能力,非技术性能力,组织协调与商业执行,1.5,1,1,0,适应能力,毕业要求直接出现“适应能力”,2.5271998141971284,3.7907997212956923,9,是
首都经济贸易大学,CUEB-2023-024,2023级,工商管理学院,旅游管理,旅游管理,JN0024,Office办公软件,Office办公软件（办公套件）,工具软件与技术平台,表达沟通与通用办公协作,0.8,1,0,1,计算机应用  / Computer Application,通用计算机应用课程,2.037651588878423,1.6301212711027384,13,是
首都经济贸易大学,CUEB-2023-024,2023级,工商管理学院,旅游管理,旅游管理,JN0025,英语,英语,语言能力,供应链与物流管理,0.8,1,1,0,英语,课程名称直接出现唯一技能别名“英语”,1.0,0.8,20,否
首都经济贸易大学,CUEB-2023-024,2023级,工商管理学院,旅游管理,旅游管理,JN0026,数据分析,数据分析,工具软件与技术平台,人工智能与数据挖掘,2.5,2,2,0,数据分析,毕业要求直接出现“数据分析”；培养特色直接出现“数据分析”,1.5798184952529422,3.9495462381323554,2,是
首都经济贸易大学,CUEB-2023-024,2023级,工商管理学院,旅游管理,旅游管理,JN0041,Python,Python（编程语言）,工具软件与技术平台,云计算、系统运维与DevOps,0.8,1,1,0,python,课程名称直接出现唯一技能别名“python”,1.5108256237659907,1.2086604990127927,16,否
首都经济贸易大学,CUEB-2023-024,2023级,工商管理学院,旅游管理,旅游管理,JN0046,ERP,企业资源计划系统（ERP）,方法、标准与流程,供应链与物流管理,0.8,1,1,0,erp,课程名称直接出现唯一技能别名“erp”,2.8689491079191853,2.2951592863353483,8,是
首都经济贸易大学,CUEB-2023-024,2023级,工商管理学院,旅游管理,旅游管理,JN0072,统计分析,统计分析,方法、标准与流程,人工智能与数据挖掘,0.8,1,0,1,统计学 Statistics,统计方法课程,1.1880522315029396,0.9504417852023517,19,否
首都经济贸易大学,CUEB-2023-024,2023级,工商管理学院,旅游管理,旅游管理,JN0099,CRM,客户关系管理系统（CRM）,方法、标准与流程,供应链与物流管理,0.8,1,1,0,客户关系管理,课程名称直接出现唯一技能别名“客户关系管理”,3.6798793241355137,2.943903459308411,3,是
首都经济贸易大学,CUEB-2023-024,2023级,工商管理学院,旅游管理,旅游管理,JN0109,会计核算,会计核算,方法、标准与流程,财务会计与税务管理,0.8,1,0,1,会计学 Accounting,会计课程,1.2895886507223624,1.03167092057789,17,否
首都经济贸易大学,CUEB-2023-024,2023级,工商管理学院,旅游管理,旅游管理,JN0185,供应链管理,供应链管理,方法、标准与流程,供应链与物流管理,0.8,1,1,0,供应链管理,课程名称直接出现唯一技能别名“供应链管理”,2.79749014393704,2.237992115149632,9,是
首都经济贸易大学,CUEB-2023-024,2023级,工商管理学院,旅游管理,旅游管理,JN0254,市场营销知识,市场营销知识,方法、标准与流程,组织协调与商业执行,0.8,1,0,1,市场营销学 Marketing,市场营销课程,2.4035858582299516,1.9228686865839615,11,是
首都经济贸易大学,CUEB-2023-024,2023级,工商管理学院,旅游管理,旅游管理,JN0256,授课,授课,方法、标准与流程,表达沟通与通用办公协作,1.0,1,1,0,课堂教学,培养特色直接出现“课堂教学”,2.4759065198095778,2.4759065198095778,6,是
首都经济贸易大学,CUEB-2023-024,2023级,工商管理学院,旅游管理,旅游管理,JN0373,人力资源管理流程,人力资源管理流程,方法、标准与流程,人力资源与行政管理,0.8,1,0,1,人力资源管理 Human Resource Management,人力资源课程,2.194494060371392,1.7555952482971138,12,是
首都经济贸易大学,CUEB-2023-024,2023级,工商管理学院,旅游管理,旅游管理,JN0397,数理统计,数理统计,工具软件与技术平台,人工智能与数据挖掘,0.8,1,1,0,数理统计,课程名称直接出现唯一技能别名“数理统计”,1.2019413436636068,0.9615530749308855,18,否
首都经济贸易大学,CUEB-2023-024,2023级,工商管理学院,旅游管理,旅游管理,JN0691,财务管理,财务管理,专业知识与行业经验,财务会计与税务管理,3.3,2,2,0,财务管理,核心课程直接出现“财务管理”；课程名称直接出现唯一技能别名“财务管理”,1.664976303593249,5.4944218018577216,1,是
首都经济贸易大学,CUEB-2023-024,2023级,工商管理学院,旅游管理,旅游管理,JN0771,团队合作,团队合作,非技术性能力,表达沟通与通用办公协作,1.5,1,1,0,团队合作,毕业要求直接出现“团队合作”,1.4111957828171493,2.116793674225724,10,否
首都经济贸易大学,CUEB-2023-024,2023级,工商管理学院,旅游管理,旅游管理,JN0774,表达能力,表达能力,非技术性能力,表达沟通与通用办公协作,1.5,1,1,0,表达能力,毕业要求直接出现“表达能力”,1.7703368192510753,2.655505228876613,5,是
首都经济贸易大学,CUEB-2023-024,2023级,工商管理学院,旅游管理,旅游管理,JN0779,书面表达,书面表达,非技术性能力,表达沟通与通用办公协作,2.3,2,1,1,文字表达能力；应用写作 / Practical Writing,毕业要求直接出现“文字表达能力”；写作课程,1.0649195460993157,2.449314956028426,7,是
首都经济贸易大学,CUEB-2023-024,2023级,工商管理学院,旅游管理,旅游管理,JN0780,诚信与职业道德,诚信与职业道德,非技术性能力,金融风控、投资与合规,1.5,1,1,0,职业道德,毕业要求直接出现“职业道德”,1.0710357731167517,1.6065536596751275,14,否
首都经济贸易大学,CUEB-2023-024,2023级,工商管理学院,旅游管理,旅游管理,JN0788,口头表达,口头表达,非技术性能力,表达沟通与通用办公协作,1.5,1,1,0,口头表达,毕业要求直接出现“口头表达”,1.9021060968821986,2.853159145323298,4,是
首都经济贸易大学,CUEB-2023-024,2023级,工商管理学院,旅游管理,旅游管理,JN0790,创新能力,创新能力,非技术性能力,视觉设计与数字内容制作,1.0,1,1,0,创新能力,培养特色直接出现“创新能力”,1.2895886507223624,1.2895886507223624,15,否
首都经济贸易大学,CUEB-2023-025,2023级,工商管理学院,物流管理,物流管理,JN0009,物流管理,物流管理,职业职能与业务活动,供应链与物流管理,3.3,2,2,0,物流管理,核心课程直接出现“物流管理”；课程名称直接出现唯一技能别名“物流管理”,4.778491612803624,15.769022322251958,3,是
首都经济贸易大学,CUEB-2023-025,2023级,工商管理学院,物流管理,物流管理,JN0024,Office办公软件,Office办公软件（办公套件）,工具软件与技术平台,表达沟通与通用办公协作,0.8,1,0,1,计算机应用  / Computer Application,通用计算机应用课程,2.037651588878423,1.6301212711027384,15,是
首都经济贸易大学,CUEB-2023-025,2023级,工商管理学院,物流管理,物流管理,JN0025,英语,英语,语言能力,供应链与物流管理,0.8,1,1,0,英语,课程名称直接出现唯一技能别名“英语”,1.0,0.8,24,否
首都经济贸易大学,CUEB-2023-025,2023级,工商管理学院,物流管理,物流管理,JN0028,项目管理,项目管理,方法、标准与流程,表达沟通与通用办公协作,0.8,1,0,1,项目管理（英语） Project Management,项目管理课程,2.7635885922613586,2.2108708738090868,11,是
首都经济贸易大学,CUEB-2023-025,2023级,工商管理学院,物流管理,物流管理,JN0035,质量管理,质量管理,方法、标准与流程,质量管理与持续改进,3.3,2,2,0,质量管理,核心课程直接出现“质量管理”；课程名称直接出现唯一技能别名“质量管理”,4.218875824868201,13.922290222065062,4,是
首都经济贸易大学,CUEB-2023-025,2023级,工商管理学院,物流管理,物流管理,JN0041,Python,Python（编程语言）,工具软件与技术平台,云计算、系统运维与DevOps,0.8,1,1,0,python,课程名称直接出现唯一技能别名“python”,1.5108256237659907,1.2086604990127927,19,否
首都经济贸易大学,CUEB-2023-025,2023级,工商管理学院,物流管理,物流管理,JN0046,ERP,企业资源计划系统（ERP）,方法、标准与流程,供应链与物流管理,0.8,1,1,0,erp,课程名称直接出现唯一技能别名“erp”,2.8689491079191853,2.2951592863353483,10,是
首都经济贸易大学,CUEB-2023-025,2023级,工商管理学院,物流管理,物流管理,JN0072,统计分析,统计分析,方法、标准与流程,人工智能与数据挖掘,0.8,1,0,1,统计学 Statistics,统计方法课程,1.1880522315029396,0.9504417852023517,22,否
首都经济贸易大学,CUEB-2023-025,2023级,工商管理学院,物流管理,物流管理,JN0109,会计核算,会计核算,方法、标准与流程,财务会计与税务管理,0.8,1,0,1,会计学 Accounting,会计课程,1.2895886507223624,1.03167092057789,20,否
首都经济贸易大学,CUEB-2023-025,2023级,工商管理学院,物流管理,物流管理,JN0128,采购管理,采购管理,方法、标准与流程,供应链与物流管理,3.3,2,2,0,采购管理,核心课程直接出现“采购管理”；课程名称直接出现唯一技能别名“采购管理”,5.471638793363569,18.056408018099777,1,是
首都经济贸易大学,CUEB-2023-025,2023级,工商管理学院,物流管理,物流管理,JN0185,供应链管理,供应链管理,方法、标准与流程,供应链与物流管理,5.9,5,3,2,供应链管理；供应链金融Supply chain finance；智慧供应链Intelligent Supply chain,核心课程直接出现“供应链管理”；培养特色直接出现“供应链管理”；课程名称直接出现唯一技能别名“供应链管理”；供应链课程,2.79749014393704,16.505191849228535,2,是
首都经济贸易大学,CUEB-2023-025,2023级,工商管理学院,物流管理,物流管理,JN0254,市场营销知识,市场营销知识,方法、标准与流程,组织协调与商业执行,0.8,1,0,1,市场营销学 Marketing,市场营销课程,2.4035858582299516,1.9228686865839615,12,是
首都经济贸易大学,CUEB-2023-025,2023级,工商管理学院,物流管理,物流管理,JN0373,人力资源管理流程,人力资源管理流程,方法、标准与流程,人力资源与行政管理,0.8,1,0,1,人力资源管理 Human Resource Management,人力资源课程,2.194494060371392,1.7555952482971138,13,是
首都经济贸易大学,CUEB-2023-025,2023级,工商管理学院,物流管理,物流管理,JN0397,数理统计,数理统计,工具软件与技术平台,人工智能与数据挖掘,0.8,1,1,0,数理统计,课程名称直接出现唯一技能别名“数理统计”,1.2019413436636068,0.9615530749308855,21,否
首都经济贸易大学,CUEB-2023-025,2023级,工商管理学院,物流管理,物流管理,JN0691,财务管理,财务管理,专业知识与行业经验,财务会计与税务管理,0.8,1,1,0,财务管理,课程名称直接出现唯一技能别名“财务管理”,1.664976303593249,1.3319810428745993,17,否
首都经济贸易大学,CUEB-2023-025,2023级,工商管理学院,物流管理,物流管理,JN0771,团队合作,团队合作,非技术性能力,表达沟通与通用办公协作,2.5,2,2,0,协作意识；团队合作,毕业要求直接出现“协作意识”；培养特色直接出现“团队合作”,1.4111957828171493,3.527989457042873,5,是
首都经济贸易大学,CUEB-2023-025,2023级,工商管理学院,物流管理,物流管理,JN0773,组织协调,组织协调,非技术性能力,组织协调与商业执行,1.0,1,1,0,协调能力,培养目标直接出现“协调能力”,2.83258146374831,2.83258146374831,7,是
首都经济贸易大学,CUEB-2023-025,2023级,工商管理学院,物流管理,物流管理,JN0775,学习能力,学习能力,非技术性能力,表达沟通与通用办公协作,1.0,1,1,0,学习能力,培养特色直接出现“学习能力”,1.7221347174331973,1.7221347174331973,14,否
首都经济贸易大学,CUEB-2023-025,2023级,工商管理学院,物流管理,物流管理,JN0779,书面表达,书面表达,非技术性能力,表达沟通与通用办公协作,0.8,1,0,1,应用写作 / Practical Writing,写作课程,1.0649195460993157,0.8519356368794526,23,否
首都经济贸易大学,CUEB-2023-025,2023级,工商管理学院,物流管理,物流管理,JN0780,诚信与职业道德,诚信与职业道德,非技术性能力,金融风控、投资与合规,1.5,1,1,0,职业道德,毕业要求直接出现“职业道德”,1.0710357731167517,1.6065536596751275,16,否
首都经济贸易大学,CUEB-2023-025,2023级,工商管理学院,物流管理,物流管理,JN0781,问题解决,问题解决,非技术性能力,表达沟通与通用办公协作,1.0,1,1,0,解决问题,培养特色直接出现“解决问题”,2.314638372213455,2.314638372213455,9,否
首都经济贸易大学,CUEB-2023-025,2023级,工商管理学院,物流管理,物流管理,JN0788,口头表达,口头表达,非技术性能力,表达沟通与通用办公协作,1.5,1,1,0,口头表达,毕业要求直接出现“口头表达”,1.9021060968821986,2.853159145323298,6,是
首都经济贸易大学,CUEB-2023-025,2023级,工商管理学院,物流管理,物流管理,JN0790,创新能力,创新能力,非技术性能力,视觉设计与数字内容制作,1.0,1,1,0,创新能力,培养特色直接出现“创新能力”,1.2895886507223624,1.2895886507223624,18,否
首都经济贸易大学,CUEB-2023-025,2023级,工商管理学院,物流管理,物流管理,JN0798,适应能力,适应能力,非技术性能力,组织协调与商业执行,1.0,1,1,0,适应能力,培养特色直接出现“适应能力”,2.5271998141971284,2.5271998141971284,8,否
首都经济贸易大学,CUEB-2023-026,2023级,工商管理学院,电子商务,电子商务,JN0024,Office办公软件,Office办公软件（办公套件）,工具软件与技术平台,表达沟通与通用办公协作,0.8,1,0,1,计算机应用  / Computer Application,通用计算机应用课程,2.037651588878423,1.6301212711027384,12,是
首都经济贸易大学,CUEB-2023-026,2023级,工商管理学院,电子商务,电子商务,JN0025,英语,英语,语言能力,供应链与物流管理,0.8,1,1,0,英语,课程名称直接出现唯一技能别名“英语”,1.0,0.8,20,否
首都经济贸易大学,CUEB-2023-026,2023级,工商管理学院,电子商务,电子商务,JN0026,数据分析,数据分析,工具软件与技术平台,人工智能与数据挖掘,1.8,2,1,1,数据分析；大数据商务分析与应用 Big Data Business Analysis and Application,培养特色直接出现“数据分析”；数据分析课程,1.5798184952529422,2.843673291455296,8,是
首都经济贸易大学,CUEB-2023-026,2023级,工商管理学院,电子商务,电子商务,JN0041,Python,Python（编程语言）,工具软件与技术平台,云计算、系统运维与DevOps,0.8,1,1,0,python,课程名称直接出现唯一技能别名“python”,1.5108256237659907,1.2086604990127927,15,否
首都经济贸易大学,CUEB-2023-026,2023级,工商管理学院,电子商务,电子商务,JN0046,ERP,企业资源计划系统（ERP）,方法、标准与流程,供应链与物流管理,3.3,2,2,0,ERP；erp,核心课程直接出现“ERP”；课程名称直接出现唯一技能别名“erp”,2.8689491079191853,9.467532056133312,3,是
首都经济贸易大学,CUEB-2023-026,2023级,工商管理学院,电子商务,电子商务,JN0072,统计分析,统计分析,方法、标准与流程,人工智能与数据挖掘,0.8,1,0,1,统计学 Statistics,统计方法课程,1.1880522315029396,0.9504417852023517,18,否
首都经济贸易大学,CUEB-2023-026,2023级,工商管理学院,电子商务,电子商务,JN0099,CRM,客户关系管理系统（CRM）,方法、标准与流程,供应链与物流管理,3.3,2,2,0,客户关系管理,核心课程直接出现“客户关系管理”；课程名称直接出现唯一技能别名“客户关系管理”,3.6798793241355137,12.143601769647194,1,是
首都经济贸易大学,CUEB-2023-026,2023级,工商管理学院,电子商务,电子商务,JN0109,会计核算,会计核算,方法、标准与流程,财务会计与税务管理,0.8,1,0,1,会计学 Accounting,会计课程,1.2895886507223624,1.03167092057789,16,否
首都经济贸易大学,CUEB-2023-026,2023级,工商管理学院,电子商务,电子商务,JN0145,数据挖掘,数据挖掘,工具软件与技术平台,人工智能与数据挖掘,2.0,2,2,0,数据挖掘,培养目标直接出现“数据挖掘”；培养特色直接出现“数据挖掘”,2.4271163556401456,4.854232711280291,6,是
首都经济贸易大学,CUEB-2023-026,2023级,工商管理学院,电子商务,电子商务,JN0185,供应链管理,供应链管理,方法、标准与流程,供应链与物流管理,4.1,3,2,1,供应链管理；供应链金融Supply chain finance,核心课程直接出现“供应链管理”；课程名称直接出现唯一技能别名“供应链管理”；供应链课程,2.79749014393704,11.469709590141862,2,是
首都经济贸易大学,CUEB-2023-026,2023级,工商管理学院,电子商务,电子商务,JN0254,市场营销知识,市场营销知识,方法、标准与流程,组织协调与商业执行,0.8,1,0,1,市场营销学 Marketing,市场营销课程,2.4035858582299516,1.9228686865839615,10,是
首都经济贸易大学,CUEB-2023-026,2023级,工商管理学院,电子商务,电子商务,JN0373,人力资源管理流程,人力资源管理流程,方法、标准与流程,人力资源与行政管理,0.8,1,0,1,人力资源管理 Human Resource Management,人力资源课程,2.194494060371392,1.7555952482971138,11,是
首都经济贸易大学,CUEB-2023-026,2023级,工商管理学院,电子商务,电子商务,JN0397,数理统计,数理统计,工具软件与技术平台,人工智能与数据挖掘,0.8,1,1,0,数理统计,课程名称直接出现唯一技能别名“数理统计”,1.2019413436636068,0.9615530749308855,17,否
首都经济贸易大学,CUEB-2023-026,2023级,工商管理学院,电子商务,电子商务,JN0686,数据库技术,数据库技术,专业知识与行业经验,Java后端开发与中间件,3.3,2,2,0,数据库原理；数据库,核心课程直接出现“数据库原理”；课程名称直接出现唯一技能别名“数据库”,2.3361445774344194,7.709277105533584,4,是
首都经济贸易大学,CUEB-2023-026,2023级,工商管理学院,电子商务,电子商务,JN0691,财务管理,财务管理,专业知识与行业经验,财务会计与税务管理,3.3,2,2,0,财务管理,核心课程直接出现“财务管理”；课程名称直接出现唯一技能别名“财务管理”,1.664976303593249,5.4944218018577216,5,是
首都经济贸易大学,CUEB-2023-026,2023级,工商管理学院,电子商务,电子商务,JN0771,团队合作,团队合作,非技术性能力,表达沟通与通用办公协作,1.5,1,1,0,协作意识,毕业要求直接出现“协作意识”,1.4111957828171493,2.116793674225724,9,是
首都经济贸易大学,CUEB-2023-026,2023级,工商管理学院,电子商务,电子商务,JN0779,书面表达,书面表达,非技术性能力,表达沟通与通用办公协作,0.8,1,0,1,应用写作 / Practical Writing,写作课程,1.0649195460993157,0.8519356368794526,19,否
首都经济贸易大学,CUEB-2023-026,2023级,工商管理学院,电子商务,电子商务,JN0780,诚信与职业道德,诚信与职业道德,非技术性能力,金融风控、投资与合规,1.5,1,1,0,职业道德,毕业要求直接出现“职业道德”,1.0710357731167517,1.6065536596751275,13,否
首都经济贸易大学,CUEB-2023-026,2023级,工商管理学院,电子商务,电子商务,JN0788,口头表达,口头表达,非技术性能力,表达沟通与通用办公协作,1.5,1,1,0,口头表达,毕业要求直接出现“口头表达”,1.9021060968821986,2.853159145323298,7,是
首都经济贸易大学,CUEB-2023-026,2023级,工商管理学院,电子商务,电子商务,JN0790,创新能力,创新能力,非技术性能力,视觉设计与数字内容制作,1.0,1,1,0,创新思维,培养目标直接出现“创新思维”,1.2895886507223624,1.2895886507223624,14,否
首都经济贸易大学,CUEB-2023-027,2023级,经济学院,国际经济与贸易,国际经济与贸易,JN0024,Office办公软件,Office办公软件（办公套件）,工具软件与技术平台,表达沟通与通用办公协作,0.8,1,0,1,计算机应用  / Computer Application,通用计算机应用课程,2.037651588878423,1.6301212711027384,13,是
首都经济贸易大学,CUEB-2023-027,2023级,经济学院,国际经济与贸易,国际经济与贸易,JN0025,英语,英语,语言能力,供应链与物流管理,4.3,3,3,0,英语,核心课程直接出现“英语”；培养特色直接出现“英语”；课程名称直接出现唯一技能别名“英语”,1.0,4.3,2,是
首都经济贸易大学,CUEB-2023-027,2023级,经济学院,国际经济与贸易,国际经济与贸易,JN0029,Excel,Excel（办公软件与通用数字工具）,方法、标准与流程,表达沟通与通用办公协作,0.8,1,1,0,excel,课程名称直接出现唯一技能别名“excel”,2.1574527886910433,1.7259622309528346,11,是
首都经济贸易大学,CUEB-2023-027,2023级,经济学院,国际经济与贸易,国际经济与贸易,JN0032,商务谈判,商务谈判,方法、标准与流程,组织协调与商业执行,0.8,1,1,0,商务谈判,课程名称直接出现唯一技能别名“商务谈判”,2.6990500711237875,2.15924005689903,7,是
首都经济贸易大学,CUEB-2023-027,2023级,经济学院,国际经济与贸易,国际经济与贸易,JN0072,统计分析,统计分析,方法、标准与流程,人工智能与数据挖掘,1.6,2,0,2,计量经济学 Econometrics；统计学 Statistics,统计方法课程,1.1880522315029396,1.9008835704047033,9,是
首都经济贸易大学,CUEB-2023-027,2023级,经济学院,国际经济与贸易,国际经济与贸易,JN0074,国际贸易,国际贸易,方法、标准与流程,供应链与物流管理,5.6,4,4,0,国际贸易；外贸,毕业要求直接出现“国际贸易”；核心课程直接出现“国际贸易”；课程名称直接出现唯一技能别名“国际贸易”；课程名称直接出现唯一技能别名“外贸”,3.120263536200091,17.473475802720507,1,是
首都经济贸易大学,CUEB-2023-027,2023级,经济学院,国际经济与贸易,国际经济与贸易,JN0109,会计核算,会计核算,方法、标准与流程,财务会计与税务管理,0.8,1,0,1,会计学 Accounting,会计课程,1.2895886507223624,1.03167092057789,18,否
首都经济贸易大学,CUEB-2023-027,2023级,经济学院,国际经济与贸易,国际经济与贸易,JN0141,商务英语,商务英语,语言能力,供应链与物流管理,0.8,1,1,0,商务英语,课程名称直接出现唯一技能别名“商务英语”,3.2203469947570738,2.576277595805659,5,是
首都经济贸易大学,CUEB-2023-027,2023级,经济学院,国际经济与贸易,国际经济与贸易,JN0258,法律法规知识,法律法规知识,方法、标准与流程,金融风控、投资与合规,0.8,1,0,1,国际商法（双语） Law of International Business (Bilingual),法规课程,2.139434283188365,1.711547426550692,12,是
首都经济贸易大学,CUEB-2023-027,2023级,经济学院,国际经济与贸易,国际经济与贸易,JN0397,数理统计,数理统计,工具软件与技术平台,人工智能与数据挖掘,0.8,1,1,0,数理统计,课程名称直接出现唯一技能别名“数理统计”,1.2019413436636068,0.9615530749308855,19,否
首都经济贸易大学,CUEB-2023-027,2023级,经济学院,国际经济与贸易,国际经济与贸易,JN0557,Excel高级应用,Excel高级应用（电子表格高级应用）,工具软件与技术平台,财务会计与税务管理,0.8,1,1,0,excel高级应用,课程名称直接出现唯一技能别名“excel高级应用”,2.2729656758128876,1.8183725406503102,10,是
首都经济贸易大学,CUEB-2023-027,2023级,经济学院,国际经济与贸易,国际经济与贸易,JN0647,论文写作,论文写作,方法、标准与流程,表达沟通与通用办公协作,0.8,1,0,1,学术写作与专业前沿 Academic Writing & / Research Frontier,学术写作课程,1.4734380916943703,1.1787504733554963,17,否
首都经济贸易大学,CUEB-2023-027,2023级,经济学院,国际经济与贸易,国际经济与贸易,JN0691,财务管理,财务管理,专业知识与行业经验,财务会计与税务管理,0.8,1,1,0,财务管理,课程名称直接出现唯一技能别名“财务管理”,1.664976303593249,1.3319810428745993,15,否
首都经济贸易大学,CUEB-2023-027,2023级,经济学院,国际经济与贸易,国际经济与贸易,JN0770,沟通能力,沟通能力,非技术性能力,组织协调与商业执行,1.5,1,1,0,沟通能力,毕业要求直接出现“沟通能力”,1.7953381214564925,2.693007182184739,3,是
首都经济贸易大学,CUEB-2023-027,2023级,经济学院,国际经济与贸易,国际经济与贸易,JN0779,书面表达,书面表达,非技术性能力,表达沟通与通用办公协作,0.8,1,0,1,应用写作 / Practical Writing,写作课程,1.0649195460993157,0.8519356368794526,20,否
首都经济贸易大学,CUEB-2023-027,2023级,经济学院,国际经济与贸易,国际经济与贸易,JN0780,诚信与职业道德,诚信与职业道德,非技术性能力,金融风控、投资与合规,1.5,1,1,0,职业道德,毕业要求直接出现“职业道德”,1.0710357731167517,1.6065536596751275,14,否
首都经济贸易大学,CUEB-2023-027,2023级,经济学院,国际经济与贸易,国际经济与贸易,JN0787,领导力,领导力,非技术性能力,组织协调与商业执行,0.8,1,1,0,领导力,课程名称直接出现唯一技能别名“领导力”,2.4035858582299516,1.9228686865839615,8,否
首都经济贸易大学,CUEB-2023-027,2023级,经济学院,国际经济与贸易,国际经济与贸易,JN0790,创新能力,创新能力,非技术性能力,视觉设计与数字内容制作,1.0,1,1,0,创新意识,培养特色直接出现“创新意识”,1.2895886507223624,1.2895886507223624,16,否
首都经济贸易大学,CUEB-2023-027,2023级,经济学院,国际经济与贸易,国际经济与贸易,JN0798,适应能力,适应能力,非技术性能力,组织协调与商业执行,1.0,1,1,0,适应能力,培养特色直接出现“适应能力”,2.5271998141971284,2.5271998141971284,6,是
首都经济贸易大学,CUEB-2023-027,2023级,经济学院,国际经济与贸易,国际经济与贸易,JN0830,批判性思维,批判性思维,非技术性能力,表达沟通与通用办公协作,1.0,1,1,0,批判性思维,培养特色直接出现“批判性思维”,2.638425449307353,2.638425449307353,4,是
首都经济贸易大学,CUEB-2023-028,2023级,经济学院,国际经济与贸易（国际班）,国际经济与贸易（国际班）,JN0024,Office办公软件,Office办公软件（办公套件）,工具软件与技术平台,表达沟通与通用办公协作,0.8,1,0,1,计算机应用  / Computer Application,通用计算机应用课程,2.037651588878423,1.6301212711027384,16,否
首都经济贸易大学,CUEB-2023-028,2023级,经济学院,国际经济与贸易（国际班）,国际经济与贸易（国际班）,JN0025,英语,英语,语言能力,供应链与物流管理,3.3,2,2,0,英语,核心课程直接出现“英语”；课程名称直接出现唯一技能别名“英语”,1.0,3.3,2,是
首都经济贸易大学,CUEB-2023-028,2023级,经济学院,国际经济与贸易（国际班）,国际经济与贸易（国际班）,JN0029,Excel,Excel（办公软件与通用数字工具）,方法、标准与流程,表达沟通与通用办公协作,0.8,1,1,0,excel,课程名称直接出现唯一技能别名“excel”,2.1574527886910433,1.7259622309528346,14,否
首都经济贸易大学,CUEB-2023-028,2023级,经济学院,国际经济与贸易（国际班）,国际经济与贸易（国际班）,JN0032,商务谈判,商务谈判,方法、标准与流程,组织协调与商业执行,0.8,1,1,0,商务谈判,课程名称直接出现唯一技能别名“商务谈判”,2.6990500711237875,2.15924005689903,9,是
首都经济贸易大学,CUEB-2023-028,2023级,经济学院,国际经济与贸易（国际班）,国际经济与贸易（国际班）,JN0072,统计分析,统计分析,方法、标准与流程,人工智能与数据挖掘,1.6,2,0,2,计量经济学 Econometrics；统计学 Statistics,统计方法课程,1.1880522315029396,1.9008835704047033,11,是
首都经济贸易大学,CUEB-2023-028,2023级,经济学院,国际经济与贸易（国际班）,国际经济与贸易（国际班）,JN0074,国际贸易,国际贸易,方法、标准与流程,供应链与物流管理,4.8,3,3,0,国际贸易,毕业要求直接出现“国际贸易”；核心课程直接出现“国际贸易”；课程名称直接出现唯一技能别名“国际贸易”,3.120263536200091,14.977264973760436,1,是
首都经济贸易大学,CUEB-2023-028,2023级,经济学院,国际经济与贸易（国际班）,国际经济与贸易（国际班）,JN0109,会计核算,会计核算,方法、标准与流程,财务会计与税务管理,0.8,1,0,1,会计学 Accounting,会计课程,1.2895886507223624,1.03167092057789,21,否
首都经济贸易大学,CUEB-2023-028,2023级,经济学院,国际经济与贸易（国际班）,国际经济与贸易（国际班）,JN0141,商务英语,商务英语,语言能力,供应链与物流管理,0.8,1,1,0,商务英语,课程名称直接出现唯一技能别名“商务英语”,3.2203469947570738,2.576277595805659,5,是
首都经济贸易大学,CUEB-2023-028,2023级,经济学院,国际经济与贸易（国际班）,国际经济与贸易（国际班）,JN0250,跨文化沟通,跨文化沟通,语言能力,供应链与物流管理,0.8,1,0,1,跨文化交流（英语） Cross-cultural Communication (English),跨文化沟通课程,2.730798769438368,2.1846390155506947,8,是
首都经济贸易大学,CUEB-2023-028,2023级,经济学院,国际经济与贸易（国际班）,国际经济与贸易（国际班）,JN0256,授课,授课,方法、标准与流程,表达沟通与通用办公协作,1.0,1,1,0,授课,培养特色直接出现“授课”,2.4759065198095778,2.4759065198095778,7,是
首都经济贸易大学,CUEB-2023-028,2023级,经济学院,国际经济与贸易（国际班）,国际经济与贸易（国际班）,JN0258,法律法规知识,法律法规知识,方法、标准与流程,金融风控、投资与合规,0.8,1,0,1,国际商法（英语） Law of International Business (English),法规课程,2.139434283188365,1.711547426550692,15,否
首都经济贸易大学,CUEB-2023-028,2023级,经济学院,国际经济与贸易（国际班）,国际经济与贸易（国际班）,JN0373,人力资源管理流程,人力资源管理流程,方法、标准与流程,人力资源与行政管理,0.8,1,0,1,人力资源管理（英语）Human Resource Management (English),人力资源课程,2.194494060371392,1.7555952482971138,13,是
首都经济贸易大学,CUEB-2023-028,2023级,经济学院,国际经济与贸易（国际班）,国际经济与贸易（国际班）,JN0397,数理统计,数理统计,工具软件与技术平台,人工智能与数据挖掘,0.8,1,1,0,数理统计,课程名称直接出现唯一技能别名“数理统计”,1.2019413436636068,0.9615530749308855,22,否
首都经济贸易大学,CUEB-2023-028,2023级,经济学院,国际经济与贸易（国际班）,国际经济与贸易（国际班）,JN0557,Excel高级应用,Excel高级应用（电子表格高级应用）,工具软件与技术平台,财务会计与税务管理,0.8,1,1,0,excel高级应用,课程名称直接出现唯一技能别名“excel高级应用”,2.2729656758128876,1.8183725406503102,12,是
首都经济贸易大学,CUEB-2023-028,2023级,经济学院,国际经济与贸易（国际班）,国际经济与贸易（国际班）,JN0647,论文写作,论文写作,方法、标准与流程,表达沟通与通用办公协作,0.8,1,0,1,学术写作与专业前沿Academic Writing & / Research Frontier,学术写作课程,1.4734380916943703,1.1787504733554963,20,否
首都经济贸易大学,CUEB-2023-028,2023级,经济学院,国际经济与贸易（国际班）,国际经济与贸易（国际班）,JN0691,财务管理,财务管理,专业知识与行业经验,财务会计与税务管理,0.8,1,1,0,财务管理,课程名称直接出现唯一技能别名“财务管理”,1.664976303593249,1.3319810428745993,18,否
首都经济贸易大学,CUEB-2023-028,2023级,经济学院,国际经济与贸易（国际班）,国际经济与贸易（国际班）,JN0770,沟通能力,沟通能力,非技术性能力,组织协调与商业执行,1.5,1,1,0,沟通能力,毕业要求直接出现“沟通能力”,1.7953381214564925,2.693007182184739,3,是
首都经济贸易大学,CUEB-2023-028,2023级,经济学院,国际经济与贸易（国际班）,国际经济与贸易（国际班）,JN0779,书面表达,书面表达,非技术性能力,表达沟通与通用办公协作,0.8,1,0,1,应用写作 / Practical Writing,写作课程,1.0649195460993157,0.8519356368794526,23,否
首都经济贸易大学,CUEB-2023-028,2023级,经济学院,国际经济与贸易（国际班）,国际经济与贸易（国际班）,JN0780,诚信与职业道德,诚信与职业道德,非技术性能力,金融风控、投资与合规,1.5,1,1,0,职业道德,毕业要求直接出现“职业道德”,1.0710357731167517,1.6065536596751275,17,否
首都经济贸易大学,CUEB-2023-028,2023级,经济学院,国际经济与贸易（国际班）,国际经济与贸易（国际班）,JN0787,领导力,领导力,非技术性能力,组织协调与商业执行,0.8,1,1,0,领导力,课程名称直接出现唯一技能别名“领导力”,2.4035858582299516,1.9228686865839615,10,否
首都经济贸易大学,CUEB-2023-028,2023级,经济学院,国际经济与贸易（国际班）,国际经济与贸易（国际班）,JN0790,创新能力,创新能力,非技术性能力,视觉设计与数字内容制作,1.0,1,1,0,创新意识,培养特色直接出现“创新意识”,1.2895886507223624,1.2895886507223624,19,否
首都经济贸易大学,CUEB-2023-028,2023级,经济学院,国际经济与贸易（国际班）,国际经济与贸易（国际班）,JN0798,适应能力,适应能力,非技术性能力,组织协调与商业执行,1.0,1,1,0,适应能力,培养特色直接出现“适应能力”,2.5271998141971284,2.5271998141971284,6,是
首都经济贸易大学,CUEB-2023-028,2023级,经济学院,国际经济与贸易（国际班）,国际经济与贸易（国际班）,JN0830,批判性思维,批判性思维,非技术性能力,表达沟通与通用办公协作,1.0,1,1,0,批判性思维,培养特色直接出现“批判性思维”,2.638425449307353,2.638425449307353,4,是
首都经济贸易大学,CUEB-2023-029,2023级,经济学院,经济学,经济学,JN0024,Office办公软件,Office办公软件（办公套件）,工具软件与技术平台,表达沟通与通用办公协作,1.6,1,0,1,计算机应用  / Computer Application,通用计算机应用课程,2.037651588878423,3.260242542205477,4,是
首都经济贸易大学,CUEB-2023-029,2023级,经济学院,经济学,经济学,JN0025,英语,英语,语言能力,供应链与物流管理,1.6,1,1,0,英语,课程名称直接出现唯一技能别名“英语”,1.0,1.6,16,是
首都经济贸易大学,CUEB-2023-029,2023级,经济学院,经济学,经济学,JN0029,Excel,Excel（办公软件与通用数字工具）,方法、标准与流程,表达沟通与通用办公协作,1.6,1,1,0,excel,课程名称直接出现唯一技能别名“excel”,2.1574527886910433,3.4519244619056693,3,是
首都经济贸易大学,CUEB-2023-029,2023级,经济学院,经济学,经济学,JN0072,统计分析,统计分析,方法、标准与流程,人工智能与数据挖掘,4.0,3,0,3,计量经济学 Econometrics；统计学 Statistics；计量经济学实验 Class of Econometrics Experiment,统计方法课程,1.1880522315029396,4.752208926011758,1,是
首都经济贸易大学,CUEB-2023-029,2023级,经济学院,经济学,经济学,JN0109,会计核算,会计核算,方法、标准与流程,财务会计与税务管理,0.8,1,0,1,会计学 Accounting,会计课程,1.2895886507223624,1.03167092057789,19,否
首都经济贸易大学,CUEB-2023-029,2023级,经济学院,经济学,经济学,JN0258,法律法规知识,法律法规知识,方法、标准与流程,金融风控、投资与合规,0.8,1,0,1,经济法 Economic Laws,法规课程,2.139434283188365,1.711547426550692,13,是
首都经济贸易大学,CUEB-2023-029,2023级,经济学院,经济学,经济学,JN0373,人力资源管理流程,人力资源管理流程,方法、标准与流程,人力资源与行政管理,0.8,1,0,1,人力资源管理（双语）Human Resource Management (Bilingual),人力资源课程,2.194494060371392,1.7555952482971138,12,是
首都经济贸易大学,CUEB-2023-029,2023级,经济学院,经济学,经济学,JN0397,数理统计,数理统计,工具软件与技术平台,人工智能与数据挖掘,1.6,1,1,0,数理统计,课程名称直接出现唯一技能别名“数理统计”,1.2019413436636068,1.923106149861771,10,是
首都经济贸易大学,CUEB-2023-029,2023级,经济学院,经济学,经济学,JN0540,预测模型,预测模型,方法、标准与流程,人工智能与数据挖掘,0.8,1,0,1,经济预测 Economic Forecast,预测方法课程,3.169053700369523,2.535242960295619,6,是
首都经济贸易大学,CUEB-2023-029,2023级,经济学院,经济学,经济学,JN0557,Excel高级应用,Excel高级应用（电子表格高级应用）,工具软件与技术平台,财务会计与税务管理,1.6,1,1,0,excel高级应用,课程名称直接出现唯一技能别名“excel高级应用”,2.2729656758128876,3.6367450813006204,2,是
首都经济贸易大学,CUEB-2023-029,2023级,经济学院,经济学,经济学,JN0647,论文写作,论文写作,方法、标准与流程,表达沟通与通用办公协作,0.8,1,0,1,学术写作与专业前沿 Academic Writing & / Research Frontier,学术写作课程,1.4734380916943703,1.1787504733554963,18,否
首都经济贸易大学,CUEB-2023-029,2023级,经济学院,经济学,经济学,JN0691,财务管理,财务管理,专业知识与行业经验,财务会计与税务管理,0.8,1,1,0,财务管理,课程名称直接出现唯一技能别名“财务管理”,1.664976303593249,1.3319810428745993,17,否
首都经济贸易大学,CUEB-2023-029,2023级,经济学院,经济学,经济学,JN0771,团队合作,团队合作,非技术性能力,表达沟通与通用办公协作,1.5,1,1,0,团队合作,毕业要求直接出现“团队合作”,1.4111957828171493,2.116793674225724,8,是
首都经济贸易大学,CUEB-2023-029,2023级,经济学院,经济学,经济学,JN0779,书面表达,书面表达,非技术性能力,表达沟通与通用办公协作,1.6,1,0,1,应用写作 / Practical Writing,写作课程,1.0649195460993157,1.7038712737589052,14,否
首都经济贸易大学,CUEB-2023-029,2023级,经济学院,经济学,经济学,JN0780,诚信与职业道德,诚信与职业道德,非技术性能力,金融风控、投资与合规,1.5,1,1,0,职业道德,毕业要求直接出现“职业道德”,1.0710357731167517,1.6065536596751275,15,否
首都经济贸易大学,CUEB-2023-029,2023级,经济学院,经济学,经济学,JN0781,问题解决,问题解决,非技术性能力,表达沟通与通用办公协作,1.0,1,1,0,解决问题,培养特色直接出现“解决问题”,2.314638372213455,2.314638372213455,7,是
首都经济贸易大学,CUEB-2023-029,2023级,经济学院,经济学,经济学,JN0787,领导力,领导力,非技术性能力,组织协调与商业执行,0.8,1,1,0,领导力,课程名称直接出现唯一技能别名“领导力”,2.4035858582299516,1.9228686865839615,11,否
首都经济贸易大学,CUEB-2023-029,2023级,经济学院,经济学,经济学,JN0788,口头表达,口头表达,非技术性能力,表达沟通与通用办公协作,1.5,1,1,0,口头表达,毕业要求直接出现“口头表达”,1.9021060968821986,2.853159145323298,5,是
首都经济贸易大学,CUEB-2023-029,2023级,经济学院,经济学,经济学,JN0790,创新能力,创新能力,非技术性能力,视觉设计与数字内容制作,1.5,1,1,0,创新能力,毕业要求直接出现“创新能力”,1.2895886507223624,1.9343829760835436,9,否
首都经济贸易大学,CUEB-2023-030,2023级,经济学院,经济学（实验班）,经济学（实验班）,JN0024,Office办公软件,Office办公软件（办公套件）,工具软件与技术平台,表达沟通与通用办公协作,1.6,1,0,1,计算机应用  / Computer Application,通用计算机应用课程,2.037651588878423,3.260242542205477,7,是
首都经济贸易大学,CUEB-2023-030,2023级,经济学院,经济学（实验班）,经济学（实验班）,JN0025,英语,英语,语言能力,供应链与物流管理,4.1,2,2,0,英语,核心课程直接出现“英语”；课程名称直接出现唯一技能别名“英语”,1.0,4.1,4,是
首都经济贸易大学,CUEB-2023-030,2023级,经济学院,经济学（实验班）,经济学（实验班）,JN0029,Excel,Excel（办公软件与通用数字工具）,方法、标准与流程,表达沟通与通用办公协作,1.6,1,1,0,excel,课程名称直接出现唯一技能别名“excel”,2.1574527886910433,3.4519244619056693,6,是
首都经济贸易大学,CUEB-2023-030,2023级,经济学院,经济学（实验班）,经济学（实验班）,JN0034,设计软件应用,设计软件应用,方法、标准与流程,机械设计与制造,1.0,1,1,0,设计软件,培养特色直接出现“设计软件”,5.0661736852554045,5.0661736852554045,3,是
首都经济贸易大学,CUEB-2023-030,2023级,经济学院,经济学（实验班）,经济学（实验班）,JN0072,统计分析,统计分析,方法、标准与流程,人工智能与数据挖掘,4.800000000000001,4,0,4,计量经济学 Econometrics；统计学 Statistics；计量经济学Ⅱ Econometrics II；计量经济学实验 Class of Econometrics Experiment,统计方法课程,1.1880522315029396,5.702650711214111,2,是
首都经济贸易大学,CUEB-2023-030,2023级,经济学院,经济学（实验班）,经济学（实验班）,JN0109,会计核算,会计核算,方法、标准与流程,财务会计与税务管理,0.8,1,0,1,会计学 Accounting,会计课程,1.2895886507223624,1.03167092057789,22,否
首都经济贸易大学,CUEB-2023-030,2023级,经济学院,经济学（实验班）,经济学（实验班）,JN0141,商务英语,商务英语,语言能力,供应链与物流管理,0.8,1,1,0,商务英语,课程名称直接出现唯一技能别名“商务英语”,3.2203469947570738,2.576277595805659,10,是
首都经济贸易大学,CUEB-2023-030,2023级,经济学院,经济学（实验班）,经济学（实验班）,JN0172,数据建模,数据建模,工具软件与技术平台,大数据工程与数据仓库,0.8,1,0,1,金融建模与量化分析 Financial Modeling and Quantitative Analysis,建模课程,2.730798769438368,2.1846390155506947,12,是
首都经济贸易大学,CUEB-2023-030,2023级,经济学院,经济学（实验班）,经济学（实验班）,JN0373,人力资源管理流程,人力资源管理流程,方法、标准与流程,人力资源与行政管理,0.8,1,0,1,人力资源管理（双语）Human Resource Management (Bilingual),人力资源课程,2.194494060371392,1.7555952482971138,16,否
首都经济贸易大学,CUEB-2023-030,2023级,经济学院,经济学（实验班）,经济学（实验班）,JN0397,数理统计,数理统计,工具软件与技术平台,人工智能与数据挖掘,1.6,1,1,0,数理统计,课程名称直接出现唯一技能别名“数理统计”,1.2019413436636068,1.923106149861771,14,否
首都经济贸易大学,CUEB-2023-030,2023级,经济学院,经济学（实验班）,经济学（实验班）,JN0540,预测模型,预测模型,方法、标准与流程,人工智能与数据挖掘,0.8,1,0,1,经济预测 Economic Forecast,预测方法课程,3.169053700369523,2.535242960295619,11,是
首都经济贸易大学,CUEB-2023-030,2023级,经济学院,经济学（实验班）,经济学（实验班）,JN0557,Excel高级应用,Excel高级应用（电子表格高级应用）,工具软件与技术平台,财务会计与税务管理,1.6,1,1,0,excel高级应用,课程名称直接出现唯一技能别名“excel高级应用”,2.2729656758128876,3.6367450813006204,5,是
首都经济贸易大学,CUEB-2023-030,2023级,经济学院,经济学（实验班）,经济学（实验班）,JN0647,论文写作,论文写作,方法、标准与流程,表达沟通与通用办公协作,0.8,1,0,1,学术写作与专业前沿 Academic Writing & / Research Frontier,学术写作课程,1.4734380916943703,1.1787504733554963,21,否
首都经济贸易大学,CUEB-2023-030,2023级,经济学院,经济学（实验班）,经济学（实验班）,JN0691,财务管理,财务管理,专业知识与行业经验,财务会计与税务管理,0.8,1,1,0,财务管理,课程名称直接出现唯一技能别名“财务管理”,1.664976303593249,1.3319810428745993,19,否
首都经济贸易大学,CUEB-2023-030,2023级,经济学院,经济学（实验班）,经济学（实验班）,JN0771,团队合作,团队合作,非技术性能力,表达沟通与通用办公协作,1.5,1,1,0,协作意识,毕业要求直接出现“协作意识”,1.4111957828171493,2.116793674225724,13,否
首都经济贸易大学,CUEB-2023-030,2023级,经济学院,经济学（实验班）,经济学（实验班）,JN0775,学习能力,学习能力,非技术性能力,表达沟通与通用办公协作,1.5,1,1,0,学习能力,毕业要求直接出现“学习能力”,1.7221347174331973,2.583202076149796,9,是
首都经济贸易大学,CUEB-2023-030,2023级,经济学院,经济学（实验班）,经济学（实验班）,JN0779,书面表达,书面表达,非技术性能力,表达沟通与通用办公协作,1.6,1,0,1,应用写作 / Practical Writing,写作课程,1.0649195460993157,1.7038712737589052,17,否
首都经济贸易大学,CUEB-2023-030,2023级,经济学院,经济学（实验班）,经济学（实验班）,JN0780,诚信与职业道德,诚信与职业道德,非技术性能力,金融风控、投资与合规,1.5,1,1,0,职业道德,毕业要求直接出现“职业道德”,1.0710357731167517,1.6065536596751275,18,否
首都经济贸易大学,CUEB-2023-030,2023级,经济学院,经济学（实验班）,经济学（实验班）,JN0787,领导力,领导力,非技术性能力,组织协调与商业执行,0.8,1,1,0,领导力,课程名称直接出现唯一技能别名“领导力”,2.4035858582299516,1.9228686865839615,15,否
首都经济贸易大学,CUEB-2023-030,2023级,经济学院,经济学（实验班）,经济学（实验班）,JN0788,口头表达,口头表达,非技术性能力,表达沟通与通用办公协作,1.5,1,1,0,口头表达,毕业要求直接出现“口头表达”,1.9021060968821986,2.853159145323298,8,是
首都经济贸易大学,CUEB-2023-030,2023级,经济学院,经济学（实验班）,经济学（实验班）,JN0790,创新能力,创新能力,非技术性能力,视觉设计与数字内容制作,1.0,1,1,0,创新意识,培养目标直接出现“创新意识”,1.2895886507223624,1.2895886507223624,20,否
首都经济贸易大学,CUEB-2023-030,2023级,经济学院,经济学（实验班）,经济学（实验班）,JN0798,适应能力,适应能力,非技术性能力,组织协调与商业执行,2.5,2,2,0,适应能力,培养目标直接出现“适应能力”；毕业要求直接出现“适应能力”,2.5271998141971284,6.317999535492821,1,是
首都经济贸易大学,CUEB-2023-031,2023级,经济学院,贸易经济,贸易经济,JN0024,Office办公软件,Office办公软件（办公套件）,工具软件与技术平台,表达沟通与通用办公协作,0.8,1,0,1,计算机应用  / Computer Application,通用计算机应用课程,2.037651588878423,1.6301212711027384,12,是
首都经济贸易大学,CUEB-2023-031,2023级,经济学院,贸易经济,贸易经济,JN0025,英语,英语,语言能力,供应链与物流管理,3.3,2,2,0,英语,核心课程直接出现“英语”；课程名称直接出现唯一技能别名“英语”,1.0,3.3,2,是
首都经济贸易大学,CUEB-2023-031,2023级,经济学院,贸易经济,贸易经济,JN0029,Excel,Excel（办公软件与通用数字工具）,方法、标准与流程,表达沟通与通用办公协作,0.8,1,1,0,excel,课程名称直接出现唯一技能别名“excel”,2.1574527886910433,1.7259622309528346,11,是
首都经济贸易大学,CUEB-2023-031,2023级,经济学院,贸易经济,贸易经济,JN0032,商务谈判,商务谈判,方法、标准与流程,组织协调与商业执行,0.8,1,1,0,商务谈判,课程名称直接出现唯一技能别名“商务谈判”,2.6990500711237875,2.15924005689903,6,是
首都经济贸易大学,CUEB-2023-031,2023级,经济学院,贸易经济,贸易经济,JN0072,统计分析,统计分析,方法、标准与流程,人工智能与数据挖掘,1.6,2,0,2,计量经济学 Econometrics；统计学 Statistics,统计方法课程,1.1880522315029396,1.9008835704047033,8,是
首都经济贸易大学,CUEB-2023-031,2023级,经济学院,贸易经济,贸易经济,JN0074,国际贸易,国际贸易,方法、标准与流程,供应链与物流管理,3.3,2,2,0,国际贸易,核心课程直接出现“国际贸易”；课程名称直接出现唯一技能别名“国际贸易”,3.120263536200091,10.2968696694603,1,是
首都经济贸易大学,CUEB-2023-031,2023级,经济学院,贸易经济,贸易经济,JN0109,会计核算,会计核算,方法、标准与流程,财务会计与税务管理,0.8,1,0,1,会计学 Accounting,会计课程,1.2895886507223624,1.03167092057789,15,否
首都经济贸易大学,CUEB-2023-031,2023级,经济学院,贸易经济,贸易经济,JN0141,商务英语,商务英语,语言能力,供应链与物流管理,0.8,1,1,0,商务英语,课程名称直接出现唯一技能别名“商务英语”,3.2203469947570738,2.576277595805659,5,是
首都经济贸易大学,CUEB-2023-031,2023级,经济学院,贸易经济,贸易经济,JN0250,跨文化沟通,跨文化沟通,语言能力,供应链与物流管理,1.0,1,1,0,跨文化沟通,培养目标直接出现“跨文化沟通”,2.730798769438368,2.730798769438368,3,是
首都经济贸易大学,CUEB-2023-031,2023级,经济学院,贸易经济,贸易经济,JN0397,数理统计,数理统计,工具软件与技术平台,人工智能与数据挖掘,0.8,1,1,0,数理统计,课程名称直接出现唯一技能别名“数理统计”,1.2019413436636068,0.9615530749308855,16,否
首都经济贸易大学,CUEB-2023-031,2023级,经济学院,贸易经济,贸易经济,JN0557,Excel高级应用,Excel高级应用（电子表格高级应用）,工具软件与技术平台,财务会计与税务管理,0.8,1,1,0,excel高级应用,课程名称直接出现唯一技能别名“excel高级应用”,2.2729656758128876,1.8183725406503102,9,是
首都经济贸易大学,CUEB-2023-031,2023级,经济学院,贸易经济,贸易经济,JN0647,论文写作,论文写作,方法、标准与流程,表达沟通与通用办公协作,0.8,1,0,1,学术写作与专业前沿 Academic Writing & / Research Frontier,学术写作课程,1.4734380916943703,1.1787504733554963,14,否
首都经济贸易大学,CUEB-2023-031,2023级,经济学院,贸易经济,贸易经济,JN0770,沟通能力,沟通能力,非技术性能力,组织协调与商业执行,1.0,1,1,0,沟通能力,培养目标直接出现“沟通能力”,1.7953381214564925,1.7953381214564925,10,是
首都经济贸易大学,CUEB-2023-031,2023级,经济学院,贸易经济,贸易经济,JN0775,学习能力,学习能力,非技术性能力,表达沟通与通用办公协作,1.5,1,1,0,自主学习能力,毕业要求直接出现“自主学习能力”,1.7221347174331973,2.583202076149796,4,是
首都经济贸易大学,CUEB-2023-031,2023级,经济学院,贸易经济,贸易经济,JN0779,书面表达,书面表达,非技术性能力,表达沟通与通用办公协作,0.8,1,0,1,应用写作 / Practical Writing,写作课程,1.0649195460993157,0.8519356368794526,17,否
首都经济贸易大学,CUEB-2023-031,2023级,经济学院,贸易经济,贸易经济,JN0780,诚信与职业道德,诚信与职业道德,非技术性能力,金融风控、投资与合规,1.5,1,1,0,职业道德,毕业要求直接出现“职业道德”,1.0710357731167517,1.6065536596751275,13,否
首都经济贸易大学,CUEB-2023-031,2023级,经济学院,贸易经济,贸易经济,JN0787,领导力,领导力,非技术性能力,组织协调与商业执行,0.8,1,1,0,领导力,课程名称直接出现唯一技能别名“领导力”,2.4035858582299516,1.9228686865839615,7,是
首都经济贸易大学,CUEB-2023-032,2023级,经济学院,贸易经济（高水平运动队）,贸易经济（高水平运动队）,JN0024,Office办公软件,Office办公软件（办公套件）,工具软件与技术平台,表达沟通与通用办公协作,0.8,1,0,1,计算机应用  / Computer Application,通用计算机应用课程,2.037651588878423,1.6301212711027384,12,是
首都经济贸易大学,CUEB-2023-032,2023级,经济学院,贸易经济（高水平运动队）,贸易经济（高水平运动队）,JN0025,英语,英语,语言能力,供应链与物流管理,3.3,2,2,0,英语,核心课程直接出现“英语”；课程名称直接出现唯一技能别名“英语”,1.0,3.3,2,是
首都经济贸易大学,CUEB-2023-032,2023级,经济学院,贸易经济（高水平运动队）,贸易经济（高水平运动队）,JN0029,Excel,Excel（办公软件与通用数字工具）,方法、标准与流程,表达沟通与通用办公协作,0.8,1,1,0,excel,课程名称直接出现唯一技能别名“excel”,2.1574527886910433,1.7259622309528346,11,是
首都经济贸易大学,CUEB-2023-032,2023级,经济学院,贸易经济（高水平运动队）,贸易经济（高水平运动队）,JN0032,商务谈判,商务谈判,方法、标准与流程,组织协调与商业执行,0.8,1,1,0,商务谈判,课程名称直接出现唯一技能别名“商务谈判”,2.6990500711237875,2.15924005689903,6,是
首都经济贸易大学,CUEB-2023-032,2023级,经济学院,贸易经济（高水平运动队）,贸易经济（高水平运动队）,JN0072,统计分析,统计分析,方法、标准与流程,人工智能与数据挖掘,1.6,2,0,2,计量经济学 Econometrics；统计学 Statistics,统计方法课程,1.1880522315029396,1.9008835704047033,8,是
首都经济贸易大学,CUEB-2023-032,2023级,经济学院,贸易经济（高水平运动队）,贸易经济（高水平运动队）,JN0074,国际贸易,国际贸易,方法、标准与流程,供应链与物流管理,3.3,2,2,0,国际贸易,核心课程直接出现“国际贸易”；课程名称直接出现唯一技能别名“国际贸易”,3.120263536200091,10.2968696694603,1,是
首都经济贸易大学,CUEB-2023-032,2023级,经济学院,贸易经济（高水平运动队）,贸易经济（高水平运动队）,JN0109,会计核算,会计核算,方法、标准与流程,财务会计与税务管理,0.8,1,0,1,会计学 Accounting,会计课程,1.2895886507223624,1.03167092057789,15,否
首都经济贸易大学,CUEB-2023-032,2023级,经济学院,贸易经济（高水平运动队）,贸易经济（高水平运动队）,JN0141,商务英语,商务英语,语言能力,供应链与物流管理,0.8,1,1,0,商务英语,课程名称直接出现唯一技能别名“商务英语”,3.2203469947570738,2.576277595805659,5,是
首都经济贸易大学,CUEB-2023-032,2023级,经济学院,贸易经济（高水平运动队）,贸易经济（高水平运动队）,JN0250,跨文化沟通,跨文化沟通,语言能力,供应链与物流管理,1.0,1,1,0,跨文化沟通,培养目标直接出现“跨文化沟通”,2.730798769438368,2.730798769438368,3,是
首都经济贸易大学,CUEB-2023-032,2023级,经济学院,贸易经济（高水平运动队）,贸易经济（高水平运动队）,JN0397,数理统计,数理统计,工具软件与技术平台,人工智能与数据挖掘,0.8,1,1,0,数理统计,课程名称直接出现唯一技能别名“数理统计”,1.2019413436636068,0.9615530749308855,16,否
首都经济贸易大学,CUEB-2023-032,2023级,经济学院,贸易经济（高水平运动队）,贸易经济（高水平运动队）,JN0557,Excel高级应用,Excel高级应用（电子表格高级应用）,工具软件与技术平台,财务会计与税务管理,0.8,1,1,0,excel高级应用,课程名称直接出现唯一技能别名“excel高级应用”,2.2729656758128876,1.8183725406503102,9,是
首都经济贸易大学,CUEB-2023-032,2023级,经济学院,贸易经济（高水平运动队）,贸易经济（高水平运动队）,JN0647,论文写作,论文写作,方法、标准与流程,表达沟通与通用办公协作,0.8,1,0,1,学术写作与专业前沿 Academic Writing & / Research Frontier,学术写作课程,1.4734380916943703,1.1787504733554963,14,否
首都经济贸易大学,CUEB-2023-032,2023级,经济学院,贸易经济（高水平运动队）,贸易经济（高水平运动队）,JN0770,沟通能力,沟通能力,非技术性能力,组织协调与商业执行,1.0,1,1,0,沟通能力,培养目标直接出现“沟通能力”,1.7953381214564925,1.7953381214564925,10,是
首都经济贸易大学,CUEB-2023-032,2023级,经济学院,贸易经济（高水平运动队）,贸易经济（高水平运动队）,JN0775,学习能力,学习能力,非技术性能力,表达沟通与通用办公协作,1.5,1,1,0,自主学习能力,毕业要求直接出现“自主学习能力”,1.7221347174331973,2.583202076149796,4,是
首都经济贸易大学,CUEB-2023-032,2023级,经济学院,贸易经济（高水平运动队）,贸易经济（高水平运动队）,JN0779,书面表达,书面表达,非技术性能力,表达沟通与通用办公协作,0.8,1,0,1,应用写作 / Practical Writing,写作课程,1.0649195460993157,0.8519356368794526,17,否
首都经济贸易大学,CUEB-2023-032,2023级,经济学院,贸易经济（高水平运动队）,贸易经济（高水平运动队）,JN0780,诚信与职业道德,诚信与职业道德,非技术性能力,金融风控、投资与合规,1.5,1,1,0,职业道德,毕业要求直接出现“职业道德”,1.0710357731167517,1.6065536596751275,13,否
首都经济贸易大学,CUEB-2023-032,2023级,经济学院,贸易经济（高水平运动队）,贸易经济（高水平运动队）,JN0787,领导力,领导力,非技术性能力,组织协调与商业执行,0.8,1,1,0,领导力,课程名称直接出现唯一技能别名“领导力”,2.4035858582299516,1.9228686865839615,7,是
首都经济贸易大学,CUEB-2023-033,2023级,会计学院,会计学,会计学,JN0024,Office办公软件,Office办公软件（办公套件）,工具软件与技术平台,表达沟通与通用办公协作,0.8,1,0,1,计算机应用  / Computer Application,通用计算机应用课程,2.037651588878423,1.6301212711027384,18,否
首都经济贸易大学,CUEB-2023-033,2023级,会计学院,会计学,会计学,JN0025,英语,英语,语言能力,供应链与物流管理,0.8,1,1,0,英语,课程名称直接出现唯一技能别名“英语”,1.0,0.8,25,否
首都经济贸易大学,CUEB-2023-033,2023级,会计学院,会计学,会计学,JN0041,Python,Python（编程语言）,工具软件与技术平台,云计算、系统运维与DevOps,0.8,1,1,0,python,课程名称直接出现唯一技能别名“python”,1.5108256237659907,1.2086604990127927,20,否
首都经济贸易大学,CUEB-2023-033,2023级,会计学院,会计学,会计学,JN0072,统计分析,统计分析,方法、标准与流程,人工智能与数据挖掘,0.8,1,0,1,统计学 / Statistics,统计方法课程,1.1880522315029396,0.9504417852023517,23,否
首都经济贸易大学,CUEB-2023-033,2023级,会计学院,会计学,会计学,JN0077,财务分析,财务分析,具体专业技能,财务会计与税务管理,0.8,1,1,0,财务分析,课程名称直接出现唯一技能别名“财务分析”,3.120263536200091,2.496210828960073,12,是
首都经济贸易大学,CUEB-2023-033,2023级,会计学院,会计学,会计学,JN0081,财务软件应用,财务软件应用,方法、标准与流程,财务会计与税务管理,1.6,2,0,2,会计信息系统 / Accounting Information System；RPA与智能会计 RPA & Intelligent Accounting,会计信息化课程,3.392197251683733,5.427515602693973,6,是
首都经济贸易大学,CUEB-2023-033,2023级,会计学院,会计学,会计学,JN0091,云计算,云计算,工具软件与技术平台,云计算、系统运维与DevOps,1.5,1,1,0,云计算,毕业要求直接出现“云计算”,3.120263536200091,4.680395304300136,9,是
首都经济贸易大学,CUEB-2023-033,2023级,会计学院,会计学,会计学,JN0109,会计核算,会计核算,方法、标准与流程,财务会计与税务管理,5.6000000000000005,7,0,7,会计学基础 / Fundamental Accounting；中级财务会计（上） / Intermediate Financial Accounting；中级财务会计（下） / Intermediate Financial Accounting；会计信息系统 / Accounting Information System；高级财务会计 / Advanced Financial Accounting；RPA与智能会计 RPA & Intelligent Accounting；现代会计学（英语） / Modern Accounting (English),会计课程；会计信息化课程,1.2895886507223624,7.2216964440452305,3,是
首都经济贸易大学,CUEB-2023-033,2023级,会计学院,会计学,会计学,JN0136,成本管理,成本管理,方法、标准与流程,财务会计与税务管理,3.3,2,2,0,成本管理,核心课程直接出现“成本管理”；课程名称直接出现唯一技能别名“成本管理”,2.9867321435755683,9.856216073799375,2,是
首都经济贸易大学,CUEB-2023-033,2023级,会计学院,会计学,会计学,JN0159,税务筹划,税务筹划,具体专业技能,财务会计与税务管理,0.8,1,0,1,税务会计与纳税筹划 / Tax Accounting and Tax Planning,税务筹划课程,3.392197251683733,2.7137578013469863,11,是
首都经济贸易大学,CUEB-2023-033,2023级,会计学院,会计学,会计学,JN0251,BI,BI（数据库与数据工程）,工具软件与技术平台,大数据工程与数据仓库,3.3,2,2,0,商业智能,核心课程直接出现“商业智能”；课程名称直接出现唯一技能别名“商业智能”,3.392197251683733,11.194250930556318,1,是
首都经济贸易大学,CUEB-2023-033,2023级,会计学院,会计学,会计学,JN0254,市场营销知识,市场营销知识,方法、标准与流程,组织协调与商业执行,0.8,1,0,1,市场营销学 / Marketing,市场营销课程,2.4035858582299516,1.9228686865839615,16,否
首都经济贸易大学,CUEB-2023-033,2023级,会计学院,会计学,会计学,JN0256,授课,授课,方法、标准与流程,表达沟通与通用办公协作,1.0,1,1,0,课堂教学,培养特色直接出现“课堂教学”,2.4759065198095778,2.4759065198095778,13,是
首都经济贸易大学,CUEB-2023-033,2023级,会计学院,会计学,会计学,JN0258,法律法规知识,法律法规知识,方法、标准与流程,金融风控、投资与合规,0.8,1,0,1,商法学 / Science of Business Law,法规课程,2.139434283188365,1.711547426550692,17,否
首都经济贸易大学,CUEB-2023-033,2023级,会计学院,会计学,会计学,JN0397,数理统计,数理统计,工具软件与技术平台,人工智能与数据挖掘,0.8,1,1,0,数理统计,课程名称直接出现唯一技能别名“数理统计”,1.2019413436636068,0.9615530749308855,22,否
首都经济贸易大学,CUEB-2023-033,2023级,会计学院,会计学,会计学,JN0647,论文写作,论文写作,方法、标准与流程,表达沟通与通用办公协作,0.8,1,0,1,学术写作与专业前沿 Academic Writing and Professional Frontier,学术写作课程,1.4734380916943703,1.1787504733554963,21,否
首都经济贸易大学,CUEB-2023-033,2023级,会计学院,会计学,会计学,JN0690,风险管理,风险管理,专业知识与行业经验,金融风控、投资与合规,0.8,1,1,0,风险管理,课程名称直接出现唯一技能别名“风险管理”,1.916290731874155,1.533032585499324,19,否
首都经济贸易大学,CUEB-2023-033,2023级,会计学院,会计学,会计学,JN0691,财务管理,财务管理,专业知识与行业经验,财务会计与税务管理,3.3,2,2,0,财务管理,核心课程直接出现“财务管理”；课程名称直接出现唯一技能别名“财务管理”,1.664976303593249,5.4944218018577216,5,是
首都经济贸易大学,CUEB-2023-033,2023级,会计学院,会计学,会计学,JN0710,财税法规,财税法规,专业知识与行业经验,财务会计与税务管理,0.8,1,0,1,税法 / Tax Law,税法课程,3.0292917579943643,2.4234334063954917,14,否
首都经济贸易大学,CUEB-2023-033,2023级,会计学院,会计学,会计学,JN0771,团队合作,团队合作,非技术性能力,表达沟通与通用办公协作,1.5,1,1,0,团队协作,毕业要求直接出现“团队协作”,1.4111957828171493,2.116793674225724,15,否
首都经济贸易大学,CUEB-2023-033,2023级,会计学院,会计学,会计学,JN0779,书面表达,书面表达,非技术性能力,表达沟通与通用办公协作,0.8,1,0,1,应用写作 / Practical Writing,写作课程,1.0649195460993157,0.8519356368794526,24,否
首都经济贸易大学,CUEB-2023-033,2023级,会计学院,会计学,会计学,JN0780,诚信与职业道德,诚信与职业道德,非技术性能力,金融风控、投资与合规,4.8,3,3,0,职业道德,毕业要求直接出现“职业道德”；核心课程直接出现“职业道德”；课程名称直接出现唯一技能别名“职业道德”,1.0710357731167517,5.140971710960408,8,是
首都经济贸易大学,CUEB-2023-033,2023级,会计学院,会计学,会计学,JN0781,问题解决,问题解决,非技术性能力,表达沟通与通用办公协作,2.5,2,2,0,解决问题,毕业要求直接出现“解决问题”；培养特色直接出现“解决问题”,2.314638372213455,5.786595930533638,4,是
首都经济贸易大学,CUEB-2023-033,2023级,会计学院,会计学,会计学,JN0785,分析判断,分析判断,非技术性能力,组织协调与商业执行,2.5,2,2,0,分析能力；判断能力,培养目标直接出现“分析能力”；毕业要求直接出现“判断能力”,2.121734706088964,5.304336765222411,7,是
首都经济贸易大学,CUEB-2023-033,2023级,会计学院,会计学,会计学,JN0790,创新能力,创新能力,非技术性能力,视觉设计与数字内容制作,3.5,3,3,0,创新意识；创新能力,培养目标直接出现“创新意识”；毕业要求直接出现“创新意识”；培养特色直接出现“创新能力”,1.2895886507223624,4.513560277528269,10,否
首都经济贸易大学,CUEB-2023-034,2023级,会计学院,会计学（国际会计-acca）,会计学（国际会计-acca）,JN0024,Office办公软件,Office办公软件（办公套件）,工具软件与技术平台,表达沟通与通用办公协作,0.8,1,0,1,计算机应用  / Computer Application,通用计算机应用课程,2.037651588878423,1.6301212711027384,18,否
首都经济贸易大学,CUEB-2023-034,2023级,会计学院,会计学（国际会计-acca）,会计学（国际会计-acca）,JN0025,英语,英语,语言能力,供应链与物流管理,4.8,3,3,0,英语,毕业要求直接出现“英语”；核心课程直接出现“英语”；课程名称直接出现唯一技能别名“英语”,1.0,4.8,5,是
首都经济贸易大学,CUEB-2023-034,2023级,会计学院,会计学（国际会计-acca）,会计学（国际会计-acca）,JN0041,Python,Python（编程语言）,工具软件与技术平台,云计算、系统运维与DevOps,0.8,1,1,0,python,课程名称直接出现唯一技能别名“python”,1.5108256237659907,1.2086604990127927,19,否
首都经济贸易大学,CUEB-2023-034,2023级,会计学院,会计学（国际会计-acca）,会计学（国际会计-acca）,JN0072,统计分析,统计分析,方法、标准与流程,人工智能与数据挖掘,0.8,1,0,1,统计学 / Statistics,统计方法课程,1.1880522315029396,0.9504417852023517,22,否
首都经济贸易大学,CUEB-2023-034,2023级,会计学院,会计学（国际会计-acca）,会计学（国际会计-acca）,JN0081,财务软件应用,财务软件应用,方法、标准与流程,财务会计与税务管理,1.6,2,0,2,会计信息系统（双语） / Accounting Information System（Bilingual）；RPA与智能会计 RPA & Intelligent Accounting,会计信息化课程,3.392197251683733,5.427515602693973,3,是
首都经济贸易大学,CUEB-2023-034,2023级,会计学院,会计学（国际会计-acca）,会计学（国际会计-acca）,JN0091,云计算,云计算,工具软件与技术平台,云计算、系统运维与DevOps,1.5,1,1,0,云计算,毕业要求直接出现“云计算”,3.120263536200091,4.680395304300136,6,是
首都经济贸易大学,CUEB-2023-034,2023级,会计学院,会计学（国际会计-acca）,会计学（国际会计-acca）,JN0109,会计核算,会计核算,方法、标准与流程,财务会计与税务管理,3.2,4,0,4,会计信息系统（双语） / Accounting Information System（Bilingual）；财务会计（双语）Financial Accounting INT (Bilingual)；中国财务会计实务 Chinese Financial Accounting Practice；RPA与智能会计 RPA & Intelligent Accounting,会计信息化课程；会计课程,1.2895886507223624,4.12668368231156,8,是
首都经济贸易大学,CUEB-2023-034,2023级,会计学院,会计学（国际会计-acca）,会计学（国际会计-acca）,JN0159,税务筹划,税务筹划,具体专业技能,财务会计与税务管理,0.8,1,0,1,税务会计与纳税筹划 / Tax Accounting and Tax Planning,税务筹划课程,3.392197251683733,2.7137578013469863,12,是
首都经济贸易大学,CUEB-2023-034,2023级,会计学院,会计学（国际会计-acca）,会计学（国际会计-acca）,JN0251,BI,BI（数据库与数据工程）,工具软件与技术平台,大数据工程与数据仓库,0.8,1,1,0,商业智能,课程名称直接出现唯一技能别名“商业智能”,3.392197251683733,2.7137578013469863,13,是
首都经济贸易大学,CUEB-2023-034,2023级,会计学院,会计学（国际会计-acca）,会计学（国际会计-acca）,JN0254,市场营销知识,市场营销知识,方法、标准与流程,组织协调与商业执行,0.8,1,0,1,市场营销学 / Marketing,市场营销课程,2.4035858582299516,1.9228686865839615,17,否
首都经济贸易大学,CUEB-2023-034,2023级,会计学院,会计学（国际会计-acca）,会计学（国际会计-acca）,JN0258,法律法规知识,法律法规知识,方法、标准与流程,金融风控、投资与合规,1.6,2,0,2,商法学 / Science of Business Law；公司法与商法（英语）Corporate and Business Law UK（English）,法规课程,2.139434283188365,3.423094853101384,10,是
首都经济贸易大学,CUEB-2023-034,2023级,会计学院,会计学（国际会计-acca）,会计学（国际会计-acca）,JN0397,数理统计,数理统计,工具软件与技术平台,人工智能与数据挖掘,0.8,1,1,0,数理统计,课程名称直接出现唯一技能别名“数理统计”,1.2019413436636068,0.9615530749308855,21,否
首都经济贸易大学,CUEB-2023-034,2023级,会计学院,会计学（国际会计-acca）,会计学（国际会计-acca）,JN0647,论文写作,论文写作,方法、标准与流程,表达沟通与通用办公协作,0.8,1,0,1,学术写作与专业前沿 Academic Writing and Professional Frontier,学术写作课程,1.4734380916943703,1.1787504733554963,20,否
首都经济贸易大学,CUEB-2023-034,2023级,会计学院,会计学（国际会计-acca）,会计学（国际会计-acca）,JN0691,财务管理,财务管理,专业知识与行业经验,财务会计与税务管理,3.3,2,2,0,财务管理,核心课程直接出现“财务管理”；课程名称直接出现唯一技能别名“财务管理”,1.664976303593249,5.4944218018577216,2,是
首都经济贸易大学,CUEB-2023-034,2023级,会计学院,会计学（国际会计-acca）,会计学（国际会计-acca）,JN0701,会计准则,会计准则,专业知识与行业经验,财务会计与税务管理,2.5,2,2,0,会计准则,培养目标直接出现“会计准则”；毕业要求直接出现“会计准则”,4.218875824868201,10.547189562170502,1,是
首都经济贸易大学,CUEB-2023-034,2023级,会计学院,会计学（国际会计-acca）,会计学（国际会计-acca）,JN0710,财税法规,财税法规,专业知识与行业经验,财务会计与税务管理,0.8,1,0,1,税法 / Tax Law,税法课程,3.0292917579943643,2.4234334063954917,15,否
首都经济贸易大学,CUEB-2023-034,2023级,会计学院,会计学（国际会计-acca）,会计学（国际会计-acca）,JN0762,ACCA,ACCA（财会金融证书）,证书与资质,财务会计与税务管理,1.0,1,1,0,ACCA,培养特色直接出现“ACCA”,4.555348061489413,4.555348061489413,7,否
首都经济贸易大学,CUEB-2023-034,2023级,会计学院,会计学（国际会计-acca）,会计学（国际会计-acca）,JN0771,团队合作,团队合作,非技术性能力,表达沟通与通用办公协作,1.5,1,1,0,团队协作,毕业要求直接出现“团队协作”,1.4111957828171493,2.116793674225724,16,否
首都经济贸易大学,CUEB-2023-034,2023级,会计学院,会计学（国际会计-acca）,会计学（国际会计-acca）,JN0779,书面表达,书面表达,非技术性能力,表达沟通与通用办公协作,0.8,1,0,1,应用写作 / Practical Writing,写作课程,1.0649195460993157,0.8519356368794526,23,否
首都经济贸易大学,CUEB-2023-034,2023级,会计学院,会计学（国际会计-acca）,会计学（国际会计-acca）,JN0780,诚信与职业道德,诚信与职业道德,非技术性能力,金融风控、投资与合规,4.8,3,3,0,职业道德,毕业要求直接出现“职业道德”；核心课程直接出现“职业道德”；课程名称直接出现唯一技能别名“职业道德”,1.0710357731167517,5.140971710960408,4,是
首都经济贸易大学,CUEB-2023-034,2023级,会计学院,会计学（国际会计-acca）,会计学（国际会计-acca）,JN0781,问题解决,问题解决,非技术性能力,表达沟通与通用办公协作,1.5,1,1,0,解决问题,毕业要求直接出现“解决问题”,2.314638372213455,3.4719575583201827,9,是
首都经济贸易大学,CUEB-2023-034,2023级,会计学院,会计学（国际会计-acca）,会计学（国际会计-acca）,JN0785,分析判断,分析判断,非技术性能力,组织协调与商业执行,1.5,1,1,0,判断能力,毕业要求直接出现“判断能力”,2.121734706088964,3.1826020591334463,11,是
首都经济贸易大学,CUEB-2023-034,2023级,会计学院,会计学（国际会计-acca）,会计学（国际会计-acca）,JN0798,适应能力,适应能力,非技术性能力,组织协调与商业执行,1.0,1,1,0,适应能力,培养目标直接出现“适应能力”,2.5271998141971284,2.5271998141971284,14,否
首都经济贸易大学,CUEB-2023-035,2023级,会计学院,会计学（数智化国际会计）,会计学（数智化国际会计）,JN0024,Office办公软件,Office办公软件（办公套件）,工具软件与技术平台,表达沟通与通用办公协作,0.8,1,0,1,计算机应用  / Computer Application,通用计算机应用课程,2.037651588878423,1.6301212711027384,17,否
首都经济贸易大学,CUEB-2023-035,2023级,会计学院,会计学（数智化国际会计）,会计学（数智化国际会计）,JN0025,英语,英语,语言能力,供应链与物流管理,2.3,2,2,0,英语,毕业要求直接出现“英语”；课程名称直接出现唯一技能别名“英语”,1.0,2.3,13,否
首都经济贸易大学,CUEB-2023-035,2023级,会计学院,会计学（数智化国际会计）,会计学（数智化国际会计）,JN0041,Python,Python（编程语言）,工具软件与技术平台,云计算、系统运维与DevOps,0.8,1,1,0,python,课程名称直接出现唯一技能别名“python”,1.5108256237659907,1.2086604990127927,21,否
首都经济贸易大学,CUEB-2023-035,2023级,会计学院,会计学（数智化国际会计）,会计学（数智化国际会计）,JN0072,统计分析,统计分析,方法、标准与流程,人工智能与数据挖掘,0.8,1,0,1,统计学 / Statistics,统计方法课程,1.1880522315029396,0.9504417852023517,24,否
首都经济贸易大学,CUEB-2023-035,2023级,会计学院,会计学（数智化国际会计）,会计学（数智化国际会计）,JN0077,财务分析,财务分析,具体专业技能,财务会计与税务管理,0.8,1,1,0,财务分析,课程名称直接出现唯一技能别名“财务分析”,3.120263536200091,2.496210828960073,9,是
首都经济贸易大学,CUEB-2023-035,2023级,会计学院,会计学（数智化国际会计）,会计学（数智化国际会计）,JN0081,财务软件应用,财务软件应用,方法、标准与流程,财务会计与税务管理,1.6,2,0,2,会计信息系统 / Accounting Information System；RPA与智能会计 RPA & Intelligent Accounting,会计信息化课程,3.392197251683733,5.427515602693973,4,是
首都经济贸易大学,CUEB-2023-035,2023级,会计学院,会计学（数智化国际会计）,会计学（数智化国际会计）,JN0091,云计算,云计算,工具软件与技术平台,云计算、系统运维与DevOps,2.5,2,2,0,云计算,毕业要求直接出现“云计算”；培养特色直接出现“云计算”,3.120263536200091,7.800658840500228,2,是
首都经济贸易大学,CUEB-2023-035,2023级,会计学院,会计学（数智化国际会计）,会计学（数智化国际会计）,JN0109,会计核算,会计核算,方法、标准与流程,财务会计与税务管理,5.6000000000000005,7,0,7,会计学基础 / Fundamental Accounting；中级财务会计(上) / Intermediate Financial Accounting；中级财务会计（下） / Intermediate Financial Accounting；会计信息系统 / Accounting Information System；RPA与智能会计 RPA & Intelligent Accounting；高级财务会计 / Advanced Financial Accounting；现代会计学（英语） / Modern Accounting (English),会计课程；会计信息化课程,1.2895886507223624,7.2216964440452305,3,是
首都经济贸易大学,CUEB-2023-035,2023级,会计学院,会计学（数智化国际会计）,会计学（数智化国际会计）,JN0136,成本管理,成本管理,方法、标准与流程,财务会计与税务管理,0.8,1,1,0,成本管理,课程名称直接出现唯一技能别名“成本管理”,2.9867321435755683,2.3893857148604547,12,是
首都经济贸易大学,CUEB-2023-035,2023级,会计学院,会计学（数智化国际会计）,会计学（数智化国际会计）,JN0159,税务筹划,税务筹划,具体专业技能,财务会计与税务管理,0.8,1,0,1,税务会计与纳税筹划 / Tax Accounting and Tax Planning,税务筹划课程,3.392197251683733,2.7137578013469863,8,是
首都经济贸易大学,CUEB-2023-035,2023级,会计学院,会计学（数智化国际会计）,会计学（数智化国际会计）,JN0174,人工智能技术,人工智能技术,具体专业技能,人工智能与数据挖掘,1.0,1,1,0,人工智能,培养特色直接出现“人工智能”,1.312755710003897,1.312755710003897,20,否
首都经济贸易大学,CUEB-2023-035,2023级,会计学院,会计学（数智化国际会计）,会计学（数智化国际会计）,JN0251,BI,BI（数据库与数据工程）,工具软件与技术平台,大数据工程与数据仓库,3.3,2,2,0,商业智能,核心课程直接出现“商业智能”；课程名称直接出现唯一技能别名“商业智能”,3.392197251683733,11.194250930556318,1,是
首都经济贸易大学,CUEB-2023-035,2023级,会计学院,会计学（数智化国际会计）,会计学（数智化国际会计）,JN0254,市场营销知识,市场营销知识,方法、标准与流程,组织协调与商业执行,0.8,1,0,1,市场营销学 / Marketing,市场营销课程,2.4035858582299516,1.9228686865839615,15,否
首都经济贸易大学,CUEB-2023-035,2023级,会计学院,会计学（数智化国际会计）,会计学（数智化国际会计）,JN0258,法律法规知识,法律法规知识,方法、标准与流程,金融风控、投资与合规,0.8,1,0,1,商法学 / Science of Business Law,法规课程,2.139434283188365,1.711547426550692,16,否
首都经济贸易大学,CUEB-2023-035,2023级,会计学院,会计学（数智化国际会计）,会计学（数智化国际会计）,JN0397,数理统计,数理统计,工具软件与技术平台,人工智能与数据挖掘,0.8,1,1,0,数理统计,课程名称直接出现唯一技能别名“数理统计”,1.2019413436636068,0.9615530749308855,23,否
首都经济贸易大学,CUEB-2023-035,2023级,会计学院,会计学（数智化国际会计）,会计学（数智化国际会计）,JN0647,论文写作,论文写作,方法、标准与流程,表达沟通与通用办公协作,0.8,1,0,1,学术写作与专业前沿 Academic Writing and Professional Frontier,学术写作课程,1.4734380916943703,1.1787504733554963,22,否
首都经济贸易大学,CUEB-2023-035,2023级,会计学院,会计学（数智化国际会计）,会计学（数智化国际会计）,JN0690,风险管理,风险管理,专业知识与行业经验,金融风控、投资与合规,0.8,1,1,0,风险管理,课程名称直接出现唯一技能别名“风险管理”,1.916290731874155,1.533032585499324,18,否
首都经济贸易大学,CUEB-2023-035,2023级,会计学院,会计学（数智化国际会计）,会计学（数智化国际会计）,JN0691,财务管理,财务管理,专业知识与行业经验,财务会计与税务管理,0.8,1,1,0,财务管理,课程名称直接出现唯一技能别名“财务管理”,1.664976303593249,1.3319810428745993,19,否
首都经济贸易大学,CUEB-2023-035,2023级,会计学院,会计学（数智化国际会计）,会计学（数智化国际会计）,JN0710,财税法规,财税法规,专业知识与行业经验,财务会计与税务管理,0.8,1,0,1,税法 / Tax Law,税法课程,3.0292917579943643,2.4234334063954917,11,是
首都经济贸易大学,CUEB-2023-035,2023级,会计学院,会计学（数智化国际会计）,会计学（数智化国际会计）,JN0730,公司治理,公司治理,专业知识与行业经验,金融风控、投资与合规,0.8,1,1,0,公司治理,课程名称直接出现唯一技能别名“公司治理”,3.120263536200091,2.496210828960073,10,是
首都经济贸易大学,CUEB-2023-035,2023级,会计学院,会计学（数智化国际会计）,会计学（数智化国际会计）,JN0771,团队合作,团队合作,非技术性能力,表达沟通与通用办公协作,1.5,1,1,0,团队协作,毕业要求直接出现“团队协作”,1.4111957828171493,2.116793674225724,14,否
首都经济贸易大学,CUEB-2023-035,2023级,会计学院,会计学（数智化国际会计）,会计学（数智化国际会计）,JN0779,书面表达,书面表达,非技术性能力,表达沟通与通用办公协作,0.8,1,0,1,应用写作 / Practical Writing,写作课程,1.0649195460993157,0.8519356368794526,25,否
首都经济贸易大学,CUEB-2023-035,2023级,会计学院,会计学（数智化国际会计）,会计学（数智化国际会计）,JN0780,诚信与职业道德,诚信与职业道德,非技术性能力,金融风控、投资与合规,4.8,3,3,0,职业道德,毕业要求直接出现“职业道德”；核心课程直接出现“职业道德”；课程名称直接出现唯一技能别名“职业道德”,1.0710357731167517,5.140971710960408,5,是
首都经济贸易大学,CUEB-2023-035,2023级,会计学院,会计学（数智化国际会计）,会计学（数智化国际会计）,JN0781,问题解决,问题解决,非技术性能力,表达沟通与通用办公协作,1.5,1,1,0,解决问题,毕业要求直接出现“解决问题”,2.314638372213455,3.4719575583201827,6,是
首都经济贸易大学,CUEB-2023-035,2023级,会计学院,会计学（数智化国际会计）,会计学（数智化国际会计）,JN0785,分析判断,分析判断,非技术性能力,组织协调与商业执行,1.5,1,1,0,判断能力,毕业要求直接出现“判断能力”,2.121734706088964,3.1826020591334463,7,是
首都经济贸易大学,CUEB-2023-036,2023级,会计学院,会计学（注册会计师专门化）,会计学（注册会计师专门化）,JN0024,Office办公软件,Office办公软件（办公套件）,工具软件与技术平台,表达沟通与通用办公协作,0.8,1,0,1,计算机应用  / Computer Application,通用计算机应用课程,2.037651588878423,1.6301212711027384,24,否
首都经济贸易大学,CUEB-2023-036,2023级,会计学院,会计学（注册会计师专门化）,会计学（注册会计师专门化）,JN0025,英语,英语,语言能力,供应链与物流管理,0.8,1,1,0,英语,课程名称直接出现唯一技能别名“英语”,1.0,0.8,30,否
首都经济贸易大学,CUEB-2023-036,2023级,会计学院,会计学（注册会计师专门化）,会计学（注册会计师专门化）,JN0041,Python,Python（编程语言）,工具软件与技术平台,云计算、系统运维与DevOps,0.8,1,1,0,python,课程名称直接出现唯一技能别名“python”,1.5108256237659907,1.2086604990127927,26,否
首都经济贸易大学,CUEB-2023-036,2023级,会计学院,会计学（注册会计师专门化）,会计学（注册会计师专门化）,JN0072,统计分析,统计分析,方法、标准与流程,人工智能与数据挖掘,1.6,2,0,2,统计学 / Statistics；计量经济学Econometrics,统计方法课程,1.1880522315029396,1.9008835704047033,22,否
首都经济贸易大学,CUEB-2023-036,2023级,会计学院,会计学（注册会计师专门化）,会计学（注册会计师专门化）,JN0077,财务分析,财务分析,具体专业技能,财务会计与税务管理,0.8,1,1,0,财务分析,课程名称直接出现唯一技能别名“财务分析”,3.120263536200091,2.496210828960073,16,否
首都经济贸易大学,CUEB-2023-036,2023级,会计学院,会计学（注册会计师专门化）,会计学（注册会计师专门化）,JN0081,财务软件应用,财务软件应用,方法、标准与流程,财务会计与税务管理,1.6,2,0,2,会计信息系统 / Accounting Information System；RPA与智能会计 RPA & Intelligent Accounting,会计信息化课程,3.392197251683733,5.427515602693973,6,是
首都经济贸易大学,CUEB-2023-036,2023级,会计学院,会计学（注册会计师专门化）,会计学（注册会计师专门化）,JN0091,云计算,云计算,工具软件与技术平台,云计算、系统运维与DevOps,1.5,1,1,0,云计算,毕业要求直接出现“云计算”,3.120263536200091,4.680395304300136,9,是
首都经济贸易大学,CUEB-2023-036,2023级,会计学院,会计学（注册会计师专门化）,会计学（注册会计师专门化）,JN0109,会计核算,会计核算,方法、标准与流程,财务会计与税务管理,5.6000000000000005,7,0,7,会计学基础 / Fundamental Accounting；中级财务会计(上) / Intermediate Financial Accounting；中级财务会计（下） / Intermediate Financial Accounting；会计信息系统 / Accounting Information System；高级财务会计 / Advanced Financial Accounting；现代会计学（英语） / Modern Accounting (English)；RPA与智能会计 RPA & Intelligent Accounting,会计课程；会计信息化课程,1.2895886507223624,7.2216964440452305,3,是
首都经济贸易大学,CUEB-2023-036,2023级,会计学院,会计学（注册会计师专门化）,会计学（注册会计师专门化）,JN0136,成本管理,成本管理,方法、标准与流程,财务会计与税务管理,3.3,2,2,0,成本管理,核心课程直接出现“成本管理”；课程名称直接出现唯一技能别名“成本管理”,2.9867321435755683,9.856216073799375,2,是
首都经济贸易大学,CUEB-2023-036,2023级,会计学院,会计学（注册会计师专门化）,会计学（注册会计师专门化）,JN0159,税务筹划,税务筹划,具体专业技能,财务会计与税务管理,0.8,1,0,1,税务会计与纳税筹划 / Tax Accounting and Tax Planning,税务筹划课程,3.392197251683733,2.7137578013469863,13,是
首都经济贸易大学,CUEB-2023-036,2023级,会计学院,会计学（注册会计师专门化）,会计学（注册会计师专门化）,JN0174,人工智能技术,人工智能技术,具体专业技能,人工智能与数据挖掘,1.0,1,1,0,人工智能,培养目标直接出现“人工智能”,1.312755710003897,1.312755710003897,25,否
首都经济贸易大学,CUEB-2023-036,2023级,会计学院,会计学（注册会计师专门化）,会计学（注册会计师专门化）,JN0211,数据结构与算法,数据结构与算法,方法、标准与流程,网络通信与软件开发基础,0.8,1,0,1,数据结构 Data Structure,数据结构课程,2.79749014393704,2.237992115149632,19,否
首都经济贸易大学,CUEB-2023-036,2023级,会计学院,会计学（注册会计师专门化）,会计学（注册会计师专门化）,JN0251,BI,BI（数据库与数据工程）,工具软件与技术平台,大数据工程与数据仓库,0.8,1,1,0,商业智能,课程名称直接出现唯一技能别名“商业智能”,3.392197251683733,2.7137578013469863,14,是
首都经济贸易大学,CUEB-2023-036,2023级,会计学院,会计学（注册会计师专门化）,会计学（注册会计师专门化）,JN0256,授课,授课,方法、标准与流程,表达沟通与通用办公协作,1.0,1,1,0,课堂教学,培养特色直接出现“课堂教学”,2.4759065198095778,2.4759065198095778,17,否
首都经济贸易大学,CUEB-2023-036,2023级,会计学院,会计学（注册会计师专门化）,会计学（注册会计师专门化）,JN0258,法律法规知识,法律法规知识,方法、标准与流程,金融风控、投资与合规,0.8,1,0,1,商法学 / Science of Business Law,法规课程,2.139434283188365,1.711547426550692,23,否
首都经济贸易大学,CUEB-2023-036,2023级,会计学院,会计学（注册会计师专门化）,会计学（注册会计师专门化）,JN0397,数理统计,数理统计,工具软件与技术平台,人工智能与数据挖掘,0.8,1,1,0,数理统计,课程名称直接出现唯一技能别名“数理统计”,1.2019413436636068,0.9615530749308855,28,否
首都经济贸易大学,CUEB-2023-036,2023级,会计学院,会计学（注册会计师专门化）,会计学（注册会计师专门化）,JN0647,论文写作,论文写作,方法、标准与流程,表达沟通与通用办公协作,0.8,1,0,1,学术写作与专业前沿 Academic Writing and Professional Frontier,学术写作课程,1.4734380916943703,1.1787504733554963,27,否
首都经济贸易大学,CUEB-2023-036,2023级,会计学院,会计学（注册会计师专门化）,会计学（注册会计师专门化）,JN0690,风险管理,风险管理,专业知识与行业经验,金融风控、投资与合规,3.3,2,2,0,风险管理,核心课程直接出现“风险管理”；课程名称直接出现唯一技能别名“风险管理”,1.916290731874155,6.323759415184711,5,是
首都经济贸易大学,CUEB-2023-036,2023级,会计学院,会计学（注册会计师专门化）,会计学（注册会计师专门化）,JN0691,财务管理,财务管理,专业知识与行业经验,财务会计与税务管理,4.3,3,3,0,财务管理,培养目标直接出现“财务管理”；核心课程直接出现“财务管理”；课程名称直接出现唯一技能别名“财务管理”,1.664976303593249,7.15939810545097,4,是
首都经济贸易大学,CUEB-2023-036,2023级,会计学院,会计学（注册会计师专门化）,会计学（注册会计师专门化）,JN0700,内部控制,内部控制,专业知识与行业经验,财务会计与税务管理,3.3,2,2,0,内部控制,核心课程直接出现“内部控制”；课程名称直接出现唯一技能别名“内部控制”,4.778491612803624,15.769022322251958,1,是
首都经济贸易大学,CUEB-2023-036,2023级,会计学院,会计学（注册会计师专门化）,会计学（注册会计师专门化）,JN0710,财税法规,财税法规,专业知识与行业经验,财务会计与税务管理,0.8,1,0,1,税法 / Tax Law,税法课程,3.0292917579943643,2.4234334063954917,18,否
首都经济贸易大学,CUEB-2023-036,2023级,会计学院,会计学（注册会计师专门化）,会计学（注册会计师专门化）,JN0743,CPA,注册会计师资格（CPA）,证书与资质,财务会计与税务管理,1.0,1,1,0,注册会计师,培养特色直接出现“注册会计师”,4.218875824868201,4.218875824868201,10,否
首都经济贸易大学,CUEB-2023-036,2023级,会计学院,会计学（注册会计师专门化）,会计学（注册会计师专门化）,JN0770,沟通能力,沟通能力,非技术性能力,组织协调与商业执行,1.5,1,1,0,沟通能力,毕业要求直接出现“沟通能力”,1.7953381214564925,2.693007182184739,15,否
首都经济贸易大学,CUEB-2023-036,2023级,会计学院,会计学（注册会计师专门化）,会计学（注册会计师专门化）,JN0771,团队合作,团队合作,非技术性能力,表达沟通与通用办公协作,1.5,1,1,0,协作能力,毕业要求直接出现“协作能力”,1.4111957828171493,2.116793674225724,20,否
首都经济贸易大学,CUEB-2023-036,2023级,会计学院,会计学（注册会计师专门化）,会计学（注册会计师专门化）,JN0779,书面表达,书面表达,非技术性能力,表达沟通与通用办公协作,0.8,1,0,1,应用写作 / Practical Writing,写作课程,1.0649195460993157,0.8519356368794526,29,否
首都经济贸易大学,CUEB-2023-036,2023级,会计学院,会计学（注册会计师专门化）,会计学（注册会计师专门化）,JN0780,诚信与职业道德,诚信与职业道德,非技术性能力,金融风控、投资与合规,4.8,3,3,0,职业道德,毕业要求直接出现“职业道德”；核心课程直接出现“职业道德”；课程名称直接出现唯一技能别名“职业道德”,1.0710357731167517,5.140971710960408,8,是
首都经济贸易大学,CUEB-2023-036,2023级,会计学院,会计学（注册会计师专门化）,会计学（注册会计师专门化）,JN0781,问题解决,问题解决,非技术性能力,表达沟通与通用办公协作,1.5,1,1,0,解决问题,毕业要求直接出现“解决问题”,2.314638372213455,3.4719575583201827,12,否
首都经济贸易大学,CUEB-2023-036,2023级,会计学院,会计学（注册会计师专门化）,会计学（注册会计师专门化）,JN0785,分析判断,分析判断,非技术性能力,组织协调与商业执行,2.5,2,2,0,判断能力,培养目标直接出现“判断能力”；毕业要求直接出现“判断能力”,2.121734706088964,5.304336765222411,7,是
首都经济贸易大学,CUEB-2023-036,2023级,会计学院,会计学（注册会计师专门化）,会计学（注册会计师专门化）,JN0790,创新能力,创新能力,非技术性能力,视觉设计与数字内容制作,1.5,1,1,0,创新能力,毕业要求直接出现“创新能力”,1.2895886507223624,1.9343829760835436,21,否
首都经济贸易大学,CUEB-2023-036,2023级,会计学院,会计学（注册会计师专门化）,会计学（注册会计师专门化）,JN0795,实践动手能力,实践动手能力,非技术性能力,嵌入式与电子硬件开发,1.0,1,1,0,动手能力,培养特色直接出现“动手能力”,4.218875824868201,4.218875824868201,11,是
首都经济贸易大学,CUEB-2023-037,2023级,会计学院,财务管理,财务管理,JN0024,Office办公软件,Office办公软件（办公套件）,工具软件与技术平台,表达沟通与通用办公协作,0.8,1,0,1,计算机应用  / Computer Application,通用计算机应用课程,2.037651588878423,1.6301212711027384,19,否
首都经济贸易大学,CUEB-2023-037,2023级,会计学院,财务管理,财务管理,JN0025,英语,英语,语言能力,供应链与物流管理,0.8,1,1,0,英语,课程名称直接出现唯一技能别名“英语”,1.0,0.8,26,否
首都经济贸易大学,CUEB-2023-037,2023级,会计学院,财务管理,财务管理,JN0041,Python,Python（编程语言）,工具软件与技术平台,云计算、系统运维与DevOps,0.8,1,1,0,python,课程名称直接出现唯一技能别名“python”,1.5108256237659907,1.2086604990127927,22,否
首都经济贸易大学,CUEB-2023-037,2023级,会计学院,财务管理,财务管理,JN0077,财务分析,财务分析,具体专业技能,财务会计与税务管理,3.3,2,2,0,财务分析,核心课程直接出现“财务分析”；课程名称直接出现唯一技能别名“财务分析”,3.120263536200091,10.2968696694603,2,是
首都经济贸易大学,CUEB-2023-037,2023级,会计学院,财务管理,财务管理,JN0081,财务软件应用,财务软件应用,方法、标准与流程,财务会计与税务管理,1.6,2,0,2,会计信息系统 / Accounting Information System；RPA与智能会计 RPA & Intelligent Accounting,会计信息化课程,3.392197251683733,5.427515602693973,5,是
首都经济贸易大学,CUEB-2023-037,2023级,会计学院,财务管理,财务管理,JN0109,会计核算,会计核算,方法、标准与流程,财务会计与税务管理,5.6000000000000005,7,0,7,会计学基础 / Fundamental Accounting；中级财务会计（上） / Intermediate Financial Accounting；中级财务会计（下） / Intermediate Financial Accounting；会计信息系统 / Accounting Information System；现代会计学（英语）Mordern Accounting (English Teaching)；高级财务会计 Advanced Financial Accounting；RPA与智能会计 RPA & Intelligent Accounting,会计课程；会计信息化课程,1.2895886507223624,7.2216964440452305,4,是
首都经济贸易大学,CUEB-2023-037,2023级,会计学院,财务管理,财务管理,JN0136,成本管理,成本管理,方法、标准与流程,财务会计与税务管理,3.3,2,2,0,成本管理,核心课程直接出现“成本管理”；课程名称直接出现唯一技能别名“成本管理”,2.9867321435755683,9.856216073799375,3,是
首都经济贸易大学,CUEB-2023-037,2023级,会计学院,财务管理,财务管理,JN0159,税务筹划,税务筹划,具体专业技能,财务会计与税务管理,0.8,1,0,1,税务会计与纳税筹划 Tax Accounting &Tax Planning,税务筹划课程,3.392197251683733,2.7137578013469863,9,是
首都经济贸易大学,CUEB-2023-037,2023级,会计学院,财务管理,财务管理,JN0174,人工智能技术,人工智能技术,具体专业技能,人工智能与数据挖掘,1.0,1,1,0,人工智能技术,培养特色直接出现“人工智能技术”,1.312755710003897,1.312755710003897,21,否
首都经济贸易大学,CUEB-2023-037,2023级,会计学院,财务管理,财务管理,JN0254,市场营销知识,市场营销知识,方法、标准与流程,组织协调与商业执行,0.8,1,0,1,市场营销学 Marketing,市场营销课程,2.4035858582299516,1.9228686865839615,17,否
首都经济贸易大学,CUEB-2023-037,2023级,会计学院,财务管理,财务管理,JN0256,授课,授课,方法、标准与流程,表达沟通与通用办公协作,1.0,1,1,0,课堂教学,培养特色直接出现“课堂教学”,2.4759065198095778,2.4759065198095778,13,是
首都经济贸易大学,CUEB-2023-037,2023级,会计学院,财务管理,财务管理,JN0258,法律法规知识,法律法规知识,方法、标准与流程,金融风控、投资与合规,0.8,1,0,1,商法学 / Science of Business Law,法规课程,2.139434283188365,1.711547426550692,18,否
首都经济贸易大学,CUEB-2023-037,2023级,会计学院,财务管理,财务管理,JN0397,数理统计,数理统计,工具软件与技术平台,人工智能与数据挖掘,0.8,1,1,0,数理统计,课程名称直接出现唯一技能别名“数理统计”,1.2019413436636068,0.9615530749308855,24,否
首都经济贸易大学,CUEB-2023-037,2023级,会计学院,财务管理,财务管理,JN0647,论文写作,论文写作,方法、标准与流程,表达沟通与通用办公协作,0.8,1,0,1,学术写作与专业前沿 Academic Writing and Professional Frontier,学术写作课程,1.4734380916943703,1.1787504733554963,23,否
首都经济贸易大学,CUEB-2023-037,2023级,会计学院,财务管理,财务管理,JN0690,风险管理,风险管理,专业知识与行业经验,金融风控、投资与合规,0.8,1,1,0,风险管理,课程名称直接出现唯一技能别名“风险管理”,1.916290731874155,1.533032585499324,20,否
首都经济贸易大学,CUEB-2023-037,2023级,会计学院,财务管理,财务管理,JN0691,财务管理,财务管理,专业知识与行业经验,财务会计与税务管理,6.8,5,5,0,财务管理；财务管理知识,培养目标直接出现“财务管理”；毕业要求直接出现“财务管理”；核心课程直接出现“财务管理”；培养特色直接出现“财务管理知识”；课程名称直接出现唯一技能别名“财务管理”,1.664976303593249,11.321838864434094,1,是
首都经济贸易大学,CUEB-2023-037,2023级,会计学院,财务管理,财务管理,JN0710,财税法规,财税法规,专业知识与行业经验,财务会计与税务管理,0.8,1,0,1,税法 Tax Law,税法课程,3.0292917579943643,2.4234334063954917,14,是
首都经济贸易大学,CUEB-2023-037,2023级,会计学院,财务管理,财务管理,JN0730,公司治理,公司治理,专业知识与行业经验,金融风控、投资与合规,0.8,1,1,0,公司治理,课程名称直接出现唯一技能别名“公司治理”,3.120263536200091,2.496210828960073,12,是
首都经济贸易大学,CUEB-2023-037,2023级,会计学院,财务管理,财务管理,JN0771,团队合作,团队合作,非技术性能力,表达沟通与通用办公协作,1.5,1,1,0,协作意识,毕业要求直接出现“协作意识”,1.4111957828171493,2.116793674225724,16,否
首都经济贸易大学,CUEB-2023-037,2023级,会计学院,财务管理,财务管理,JN0779,书面表达,书面表达,非技术性能力,表达沟通与通用办公协作,0.8,1,0,1,应用写作 Practical Writing,写作课程,1.0649195460993157,0.8519356368794526,25,否
首都经济贸易大学,CUEB-2023-037,2023级,会计学院,财务管理,财务管理,JN0780,诚信与职业道德,诚信与职业道德,非技术性能力,金融风控、投资与合规,4.8,3,3,0,职业道德,毕业要求直接出现“职业道德”；核心课程直接出现“职业道德”；课程名称直接出现唯一技能别名“职业道德”,1.0710357731167517,5.140971710960408,6,是
首都经济贸易大学,CUEB-2023-037,2023级,会计学院,财务管理,财务管理,JN0781,问题解决,问题解决,非技术性能力,表达沟通与通用办公协作,1.5,1,1,0,解决问题,毕业要求直接出现“解决问题”,2.314638372213455,3.4719575583201827,7,是
首都经济贸易大学,CUEB-2023-037,2023级,会计学院,财务管理,财务管理,JN0785,分析判断,分析判断,非技术性能力,组织协调与商业执行,1.0,1,1,0,分析能力,培养目标直接出现“分析能力”,2.121734706088964,2.121734706088964,15,否
首都经济贸易大学,CUEB-2023-037,2023级,会计学院,财务管理,财务管理,JN0788,口头表达,口头表达,非技术性能力,表达沟通与通用办公协作,1.5,1,1,0,口头表达,毕业要求直接出现“口头表达”,1.9021060968821986,2.853159145323298,8,是
首都经济贸易大学,CUEB-2023-037,2023级,会计学院,财务管理,财务管理,JN0790,创新能力,创新能力,非技术性能力,视觉设计与数字内容制作,2.0,2,2,0,创新意识；创新能力,培养目标直接出现“创新意识”；培养特色直接出现“创新能力”,1.2895886507223624,2.579177301444725,10,否
首都经济贸易大学,CUEB-2023-037,2023级,会计学院,财务管理,财务管理,JN0798,适应能力,适应能力,非技术性能力,组织协调与商业执行,1.0,1,1,0,适应能力,培养目标直接出现“适应能力”,2.5271998141971284,2.5271998141971284,11,否
首都经济贸易大学,CUEB-2023-038,2023级,劳动经济学院,人力资源管理（国际班）,人力资源管理（国际班）,JN0024,Office办公软件,Office办公软件（办公套件）,工具软件与技术平台,表达沟通与通用办公协作,2.3,2,1,1,办公软件；计算机应用  / Computer Application,毕业要求直接出现“办公软件”；通用计算机应用课程,2.037651588878423,4.686598654420372,6,是
首都经济贸易大学,CUEB-2023-038,2023级,劳动经济学院,人力资源管理（国际班）,人力资源管理（国际班）,JN0025,英语,英语,语言能力,供应链与物流管理,3.3,2,2,0,英语,核心课程直接出现“英语”；课程名称直接出现唯一技能别名“英语”,1.0,3.3,9,是
首都经济贸易大学,CUEB-2023-038,2023级,劳动经济学院,人力资源管理（国际班）,人力资源管理（国际班）,JN0026,数据分析,数据分析,工具软件与技术平台,人工智能与数据挖掘,0.8,1,1,0,数据分析,课程名称直接出现唯一技能别名“数据分析”,1.5798184952529422,1.2638547962023539,19,否
首都经济贸易大学,CUEB-2023-038,2023级,劳动经济学院,人力资源管理（国际班）,人力资源管理（国际班）,JN0029,Excel,Excel（办公软件与通用数字工具）,方法、标准与流程,表达沟通与通用办公协作,0.8,1,1,0,excel,课程名称直接出现唯一技能别名“excel”,2.1574527886910433,1.7259622309528346,17,否
首都经济贸易大学,CUEB-2023-038,2023级,劳动经济学院,人力资源管理（国际班）,人力资源管理（国际班）,JN0063,招聘,招聘,方法、标准与流程,人力资源与行政管理,3.3,2,2,0,招聘,核心课程直接出现“招聘”；课程名称直接出现唯一技能别名“招聘”,3.456735772821304,11.407228050310302,2,是
首都经济贸易大学,CUEB-2023-038,2023级,劳动经济学院,人力资源管理（国际班）,人力资源管理（国际班）,JN0072,统计分析,统计分析,方法、标准与流程,人工智能与数据挖掘,0.8,1,0,1,统计学 Statistics,统计方法课程,1.1880522315029396,0.9504417852023517,22,否
首都经济贸易大学,CUEB-2023-038,2023级,劳动经济学院,人力资源管理（国际班）,人力资源管理（国际班）,JN0087,员工关系,员工关系,方法、标准与流程,人力资源与行政管理,3.3,3,3,0,员工关系；劳动关系,毕业要求直接出现“员工关系”；培养特色直接出现“劳动关系”；课程名称直接出现唯一技能别名“劳动关系”,3.2744142160273495,10.805566912890253,3,是
首都经济贸易大学,CUEB-2023-038,2023级,劳动经济学院,人力资源管理（国际班）,人力资源管理（国际班）,JN0109,会计核算,会计核算,方法、标准与流程,财务会计与税务管理,0.8,1,0,1,会计学Accounting,会计课程,1.2895886507223624,1.03167092057789,20,否
首都经济贸易大学,CUEB-2023-038,2023级,劳动经济学院,人力资源管理（国际班）,人力资源管理（国际班）,JN0131,绩效管理,绩效管理,方法、标准与流程,人力资源与行政管理,4.8,3,3,0,绩效管理,毕业要求直接出现“绩效管理”；核心课程直接出现“绩效管理”；课程名称直接出现唯一技能别名“绩效管理”,3.8622008809294686,18.53856422846145,1,是
首都经济贸易大学,CUEB-2023-038,2023级,劳动经济学院,人力资源管理（国际班）,人力资源管理（国际班）,JN0214,品牌策划,品牌策划,方法、标准与流程,视觉设计与数字内容制作,0.8,1,1,0,品牌管理,课程名称直接出现唯一技能别名“品牌管理”,3.5257286443082556,2.8205829154466047,10,是
首都经济贸易大学,CUEB-2023-038,2023级,劳动经济学院,人力资源管理（国际班）,人力资源管理（国际班）,JN0250,跨文化沟通,跨文化沟通,语言能力,供应链与物流管理,1.5,1,1,0,跨文化沟通,毕业要求直接出现“跨文化沟通”,2.730798769438368,4.096198154157552,8,是
首都经济贸易大学,CUEB-2023-038,2023级,劳动经济学院,人力资源管理（国际班）,人力资源管理（国际班）,JN0253,人力资源规划,人力资源规划,方法、标准与流程,人力资源与行政管理,1.5,1,1,0,人力资源规划,毕业要求直接出现“人力资源规划”,5.471638793363569,8.207458190045354,4,是
首都经济贸易大学,CUEB-2023-038,2023级,劳动经济学院,人力资源管理（国际班）,人力资源管理（国际班）,JN0256,授课,授课,方法、标准与流程,表达沟通与通用办公协作,1.0,1,1,0,课堂教学,培养特色直接出现“课堂教学”,2.4759065198095778,2.4759065198095778,14,否
首都经济贸易大学,CUEB-2023-038,2023级,劳动经济学院,人力资源管理（国际班）,人力资源管理（国际班）,JN0373,人力资源管理流程,人力资源管理流程,方法、标准与流程,人力资源与行政管理,3.2,4,0,4,人力资源管理导论Introduction of Human Resource Management；人力资源管理沙盘演练HRM Sand Table Simulation；公共部门人力资源管理 （双语）Public Sector Human Resource Management；人力资源管理学科前沿 The Frontier of Human Resources Management,人力资源课程,2.194494060371392,7.022380993188455,5,是
首都经济贸易大学,CUEB-2023-038,2023级,劳动经济学院,人力资源管理（国际班）,人力资源管理（国际班）,JN0397,数理统计,数理统计,工具软件与技术平台,人工智能与数据挖掘,0.8,1,1,0,数理统计,课程名称直接出现唯一技能别名“数理统计”,1.2019413436636068,0.9615530749308855,21,否
首都经济贸易大学,CUEB-2023-038,2023级,劳动经济学院,人力资源管理（国际班）,人力资源管理（国际班）,JN0557,Excel高级应用,Excel高级应用（电子表格高级应用）,工具软件与技术平台,财务会计与税务管理,0.8,1,1,0,excel高级应用,课程名称直接出现唯一技能别名“excel高级应用”,2.2729656758128876,1.8183725406503102,16,否
首都经济贸易大学,CUEB-2023-038,2023级,劳动经济学院,人力资源管理（国际班）,人力资源管理（国际班）,JN0695,劳动法,劳动法,专业知识与行业经验,人力资源与行政管理,0.8,1,1,0,劳动法,课程名称直接出现唯一技能别名“劳动法”,3.2744142160273495,2.61953137282188,12,是
首都经济贸易大学,CUEB-2023-038,2023级,劳动经济学院,人力资源管理（国际班）,人力资源管理（国际班）,JN0770,沟通能力,沟通能力,非技术性能力,组织协调与商业执行,1.5,1,1,0,沟通协调,毕业要求直接出现“沟通协调”,1.7953381214564925,2.693007182184739,11,是
首都经济贸易大学,CUEB-2023-038,2023级,劳动经济学院,人力资源管理（国际班）,人力资源管理（国际班）,JN0773,组织协调,组织协调,非技术性能力,组织协调与商业执行,1.5,1,1,0,协调能力,毕业要求直接出现“协调能力”,2.83258146374831,4.248872195622465,7,是
首都经济贸易大学,CUEB-2023-038,2023级,劳动经济学院,人力资源管理（国际班）,人力资源管理（国际班）,JN0779,书面表达,书面表达,非技术性能力,表达沟通与通用办公协作,0.8,1,0,1,应用写作 / Practical Writing,写作课程,1.0649195460993157,0.8519356368794526,23,否
首都经济贸易大学,CUEB-2023-038,2023级,劳动经济学院,人力资源管理（国际班）,人力资源管理（国际班）,JN0780,诚信与职业道德,诚信与职业道德,非技术性能力,金融风控、投资与合规,1.5,1,1,0,职业道德,毕业要求直接出现“职业道德”,1.0710357731167517,1.6065536596751275,18,否
首都经济贸易大学,CUEB-2023-038,2023级,劳动经济学院,人力资源管理（国际班）,人力资源管理（国际班）,JN0787,领导力,领导力,非技术性能力,组织协调与商业执行,0.8,1,1,0,领导力,课程名称直接出现唯一技能别名“领导力”,2.4035858582299516,1.9228686865839615,15,否
首都经济贸易大学,CUEB-2023-038,2023级,劳动经济学院,人力资源管理（国际班）,人力资源管理（国际班）,JN0790,创新能力,创新能力,非技术性能力,视觉设计与数字内容制作,2.0,2,2,0,创新能力,培养目标直接出现“创新能力”；培养特色直接出现“创新能力”,1.2895886507223624,2.579177301444725,13,否
首都经济贸易大学,CUEB-2023-039,2023级,劳动经济学院,人力资源管理（实验班）,人力资源管理（实验班）,JN0024,Office办公软件,Office办公软件（办公套件）,工具软件与技术平台,表达沟通与通用办公协作,0.8,1,0,1,计算机应用  / Computer Application,通用计算机应用课程,2.037651588878423,1.6301212711027384,22,否
首都经济贸易大学,CUEB-2023-039,2023级,劳动经济学院,人力资源管理（实验班）,人力资源管理（实验班）,JN0025,英语,英语,语言能力,供应链与物流管理,0.8,1,1,0,英语,课程名称直接出现唯一技能别名“英语”,1.0,0.8,26,否
首都经济贸易大学,CUEB-2023-039,2023级,劳动经济学院,人力资源管理（实验班）,人力资源管理（实验班）,JN0026,数据分析,数据分析,工具软件与技术平台,人工智能与数据挖掘,2.3,2,2,0,数据分析,毕业要求直接出现“数据分析”；课程名称直接出现唯一技能别名“数据分析”,1.5798184952529422,3.633582539081767,12,是
首都经济贸易大学,CUEB-2023-039,2023级,劳动经济学院,人力资源管理（实验班）,人力资源管理（实验班）,JN0029,Excel,Excel（办公软件与通用数字工具）,方法、标准与流程,表达沟通与通用办公协作,2.3,2,2,0,Excel；excel,毕业要求直接出现“Excel”；课程名称直接出现唯一技能别名“excel”,2.1574527886910433,4.962141413989399,7,是
首都经济贸易大学,CUEB-2023-039,2023级,劳动经济学院,人力资源管理（实验班）,人力资源管理（实验班）,JN0061,薪酬绩效,薪酬绩效,方法、标准与流程,人力资源与行政管理,0.8,1,0,1,薪酬管理Compensation Management,薪酬课程,4.373026504695459,3.4984212037563673,15,是
首都经济贸易大学,CUEB-2023-039,2023级,劳动经济学院,人力资源管理（实验班）,人力资源管理（实验班）,JN0063,招聘,招聘,方法、标准与流程,人力资源与行政管理,4.8,3,3,0,招聘,毕业要求直接出现“招聘”；核心课程直接出现“招聘”；课程名称直接出现唯一技能别名“招聘”,3.456735772821304,16.592331709542258,2,是
首都经济贸易大学,CUEB-2023-039,2023级,劳动经济学院,人力资源管理（实验班）,人力资源管理（实验班）,JN0072,统计分析,统计分析,方法、标准与流程,人工智能与数据挖掘,0.8,1,0,1,统计学 Statistics,统计方法课程,1.1880522315029396,0.9504417852023517,25,否
首都经济贸易大学,CUEB-2023-039,2023级,劳动经济学院,人力资源管理（实验班）,人力资源管理（实验班）,JN0087,员工关系,员工关系,方法、标准与流程,人力资源与行政管理,0.8,1,1,0,劳动关系,课程名称直接出现唯一技能别名“劳动关系”,3.2744142160273495,2.61953137282188,20,否
首都经济贸易大学,CUEB-2023-039,2023级,劳动经济学院,人力资源管理（实验班）,人力资源管理（实验班）,JN0109,会计核算,会计核算,方法、标准与流程,财务会计与税务管理,0.8,1,0,1,会计学Accounting,会计课程,1.2895886507223624,1.03167092057789,23,否
首都经济贸易大学,CUEB-2023-039,2023级,劳动经济学院,人力资源管理（实验班）,人力资源管理（实验班）,JN0131,绩效管理,绩效管理,方法、标准与流程,人力资源与行政管理,4.8,3,3,0,绩效管理,毕业要求直接出现“绩效管理”；核心课程直接出现“绩效管理”；课程名称直接出现唯一技能别名“绩效管理”,3.8622008809294686,18.53856422846145,1,是
首都经济贸易大学,CUEB-2023-039,2023级,劳动经济学院,人力资源管理（实验班）,人力资源管理（实验班）,JN0214,品牌策划,品牌策划,方法、标准与流程,视觉设计与数字内容制作,0.8,1,1,0,品牌管理,课程名称直接出现唯一技能别名“品牌管理”,3.5257286443082556,2.8205829154466047,18,否
首都经济贸易大学,CUEB-2023-039,2023级,劳动经济学院,人力资源管理（实验班）,人力资源管理（实验班）,JN0256,授课,授课,方法、标准与流程,表达沟通与通用办公协作,1.5,1,1,0,课堂教学,毕业要求直接出现“课堂教学”,2.4759065198095778,3.7138597797143666,11,是
首都经济贸易大学,CUEB-2023-039,2023级,劳动经济学院,人力资源管理（实验班）,人力资源管理（实验班）,JN0373,人力资源管理流程,人力资源管理流程,方法、标准与流程,人力资源与行政管理,3.2,4,0,4,人力资源管理导论Introduction of Human Resource Management；人力资源管理沙盘演练HRM Sand Table Simulation；人力资源管理学科前沿The Frontier of Human Resources Management；公共部门人力资源管理 Public Sector Human Resource Management,人力资源课程,2.194494060371392,7.022380993188455,4,是
首都经济贸易大学,CUEB-2023-039,2023级,劳动经济学院,人力资源管理（实验班）,人力资源管理（实验班）,JN0397,数理统计,数理统计,工具软件与技术平台,人工智能与数据挖掘,0.8,1,1,0,数理统计,课程名称直接出现唯一技能别名“数理统计”,1.2019413436636068,0.9615530749308855,24,否
首都经济贸易大学,CUEB-2023-039,2023级,劳动经济学院,人力资源管理（实验班）,人力资源管理（实验班）,JN0557,Excel高级应用,Excel高级应用（电子表格高级应用）,工具软件与技术平台,财务会计与税务管理,2.3,2,2,0,Excel高级应用；excel高级应用,毕业要求直接出现“Excel高级应用”；课程名称直接出现唯一技能别名“excel高级应用”,2.2729656758128876,5.227821054369641,6,是
首都经济贸易大学,CUEB-2023-039,2023级,劳动经济学院,人力资源管理（实验班）,人力资源管理（实验班）,JN0695,劳动法,劳动法,专业知识与行业经验,人力资源与行政管理,4.8,3,3,0,劳动法,毕业要求直接出现“劳动法”；核心课程直接出现“劳动法”；课程名称直接出现唯一技能别名“劳动法”,3.2744142160273495,15.717188236931277,3,是
首都经济贸易大学,CUEB-2023-039,2023级,劳动经济学院,人力资源管理（实验班）,人力资源管理（实验班）,JN0770,沟通能力,沟通能力,非技术性能力,组织协调与商业执行,1.0,1,1,0,沟通能力,培养目标直接出现“沟通能力”,1.7953381214564925,1.7953381214564925,21,否
首都经济贸易大学,CUEB-2023-039,2023级,劳动经济学院,人力资源管理（实验班）,人力资源管理（实验班）,JN0771,团队合作,团队合作,非技术性能力,表达沟通与通用办公协作,2.5,2,2,0,团队合作；协作意识,培养目标直接出现“团队合作”；毕业要求直接出现“协作意识”,1.4111957828171493,3.527989457042873,13,否
首都经济贸易大学,CUEB-2023-039,2023级,劳动经济学院,人力资源管理（实验班）,人力资源管理（实验班）,JN0774,表达能力,表达能力,非技术性能力,表达沟通与通用办公协作,2.5,2,2,0,表达能力,培养目标直接出现“表达能力”；毕业要求直接出现“表达能力”,1.7703368192510753,4.425842048127688,9,是
首都经济贸易大学,CUEB-2023-039,2023级,劳动经济学院,人力资源管理（实验班）,人力资源管理（实验班）,JN0775,学习能力,学习能力,非技术性能力,表达沟通与通用办公协作,2.5,2,2,0,学习能力,培养目标直接出现“学习能力”；毕业要求直接出现“学习能力”,1.7221347174331973,4.305336793582994,10,否
首都经济贸易大学,CUEB-2023-039,2023级,劳动经济学院,人力资源管理（实验班）,人力资源管理（实验班）,JN0779,书面表达,书面表达,非技术性能力,表达沟通与通用办公协作,3.3,3,2,1,文字表达能力；应用写作 / Practical Writing,培养目标直接出现“文字表达能力”；毕业要求直接出现“文字表达能力”；写作课程,1.0649195460993157,3.5142345021277417,14,否
首都经济贸易大学,CUEB-2023-039,2023级,劳动经济学院,人力资源管理（实验班）,人力资源管理（实验班）,JN0780,诚信与职业道德,诚信与职业道德,非技术性能力,金融风控、投资与合规,2.5,2,2,0,职业道德,培养目标直接出现“职业道德”；毕业要求直接出现“职业道德”,1.0710357731167517,2.677589432791879,19,否
首都经济贸易大学,CUEB-2023-039,2023级,劳动经济学院,人力资源管理（实验班）,人力资源管理（实验班）,JN0788,口头表达,口头表达,非技术性能力,表达沟通与通用办公协作,2.5,2,2,0,口头表达,培养目标直接出现“口头表达”；毕业要求直接出现“口头表达”,1.9021060968821986,4.755265242205496,8,是
首都经济贸易大学,CUEB-2023-039,2023级,劳动经济学院,人力资源管理（实验班）,人力资源管理（实验班）,JN0793,人际交往,人际交往,非技术性能力,组织协调与商业执行,1.0,1,1,0,人际沟通能力,培养目标直接出现“人际沟通能力”,3.456735772821304,3.456735772821304,16,否
首都经济贸易大学,CUEB-2023-039,2023级,劳动经济学院,人力资源管理（实验班）,人力资源管理（实验班）,JN0798,适应能力,适应能力,非技术性能力,组织协调与商业执行,2.5,2,2,0,适应能力,培养目标直接出现“适应能力”；毕业要求直接出现“适应能力”,2.5271998141971284,6.317999535492821,5,是
首都经济贸易大学,CUEB-2023-039,2023级,劳动经济学院,人力资源管理（实验班）,人力资源管理（实验班）,JN0820,团队建设,团队建设,非技术性能力,组织协调与商业执行,0.8,1,1,0,团队建设,课程名称直接出现唯一技能别名“团队建设”,3.9675613965872945,3.1740491172698357,17,否
首都经济贸易大学,CUEB-2023-040,2023级,劳动经济学院,劳动与社会保障,劳动与社会保障,JN0024,Office办公软件,Office办公软件（办公套件）,工具软件与技术平台,表达沟通与通用办公协作,0.8,1,0,1,计算机应用  / Computer Application,通用计算机应用课程,2.037651588878423,1.6301212711027384,13,是
首都经济贸易大学,CUEB-2023-040,2023级,劳动经济学院,劳动与社会保障,劳动与社会保障,JN0025,英语,英语,语言能力,供应链与物流管理,0.8,1,1,0,英语,课程名称直接出现唯一技能别名“英语”,1.0,0.8,21,否
首都经济贸易大学,CUEB-2023-040,2023级,劳动经济学院,劳动与社会保障,劳动与社会保障,JN0026,数据分析,数据分析,工具软件与技术平台,人工智能与数据挖掘,0.8,1,1,0,数据分析,课程名称直接出现唯一技能别名“数据分析”,1.5798184952529422,1.2638547962023539,16,否
首都经济贸易大学,CUEB-2023-040,2023级,劳动经济学院,劳动与社会保障,劳动与社会保障,JN0029,Excel,Excel（办公软件与通用数字工具）,方法、标准与流程,表达沟通与通用办公协作,0.8,1,1,0,excel,课程名称直接出现唯一技能别名“excel”,2.1574527886910433,1.7259622309528346,12,是
首都经济贸易大学,CUEB-2023-040,2023级,劳动经济学院,劳动与社会保障,劳动与社会保障,JN0063,招聘,招聘,方法、标准与流程,人力资源与行政管理,0.8,1,1,0,招聘,课程名称直接出现唯一技能别名“招聘”,3.456735772821304,2.7653886182570435,8,是
首都经济贸易大学,CUEB-2023-040,2023级,劳动经济学院,劳动与社会保障,劳动与社会保障,JN0072,统计分析,统计分析,方法、标准与流程,人工智能与数据挖掘,0.8,1,0,1,统计学 Statistics,统计方法课程,1.1880522315029396,0.9504417852023517,19,否
首都经济贸易大学,CUEB-2023-040,2023级,劳动经济学院,劳动与社会保障,劳动与社会保障,JN0087,员工关系,员工关系,方法、标准与流程,人力资源与行政管理,3.3,2,2,0,劳动关系,核心课程直接出现“劳动关系”；课程名称直接出现唯一技能别名“劳动关系”,3.2744142160273495,10.805566912890253,2,是
首都经济贸易大学,CUEB-2023-040,2023级,劳动经济学院,劳动与社会保障,劳动与社会保障,JN0109,会计核算,会计核算,方法、标准与流程,财务会计与税务管理,0.8,1,0,1,会计学Accounting,会计课程,1.2895886507223624,1.03167092057789,17,否
首都经济贸易大学,CUEB-2023-040,2023级,劳动经济学院,劳动与社会保障,劳动与社会保障,JN0373,人力资源管理流程,人力资源管理流程,方法、标准与流程,人力资源与行政管理,1.6,2,0,2,人力资源管理导论Introduction of Human Resource Management；公共部门人力资源管理（双语） Human Resources Management in the public sector,人力资源课程,2.194494060371392,3.5111904965942276,6,是
首都经济贸易大学,CUEB-2023-040,2023级,劳动经济学院,劳动与社会保障,劳动与社会保障,JN0397,数理统计,数理统计,工具软件与技术平台,人工智能与数据挖掘,0.8,1,1,0,数理统计,课程名称直接出现唯一技能别名“数理统计”,1.2019413436636068,0.9615530749308855,18,否
首都经济贸易大学,CUEB-2023-040,2023级,劳动经济学院,劳动与社会保障,劳动与社会保障,JN0448,Outlook,Outlook（办公软件与通用数字工具）,方法、标准与流程,医药研发与药事管理,0.8,1,1,0,outlook,课程名称直接出现唯一技能别名“outlook”,5.0661736852554045,4.052938948204324,5,是
首都经济贸易大学,CUEB-2023-040,2023级,劳动经济学院,劳动与社会保障,劳动与社会保障,JN0557,Excel高级应用,Excel高级应用（电子表格高级应用）,工具软件与技术平台,财务会计与税务管理,0.8,1,1,0,excel高级应用,课程名称直接出现唯一技能别名“excel高级应用”,2.2729656758128876,1.8183725406503102,11,是
首都经济贸易大学,CUEB-2023-040,2023级,劳动经济学院,劳动与社会保障,劳动与社会保障,JN0690,风险管理,风险管理,专业知识与行业经验,金融风控、投资与合规,0.8,1,1,0,风险管理,课程名称直接出现唯一技能别名“风险管理”,1.916290731874155,1.533032585499324,15,是
首都经济贸易大学,CUEB-2023-040,2023级,劳动经济学院,劳动与社会保障,劳动与社会保障,JN0695,劳动法,劳动法,专业知识与行业经验,人力资源与行政管理,4.8,3,3,0,劳动法,毕业要求直接出现“劳动法”；核心课程直接出现“劳动法”；课程名称直接出现唯一技能别名“劳动法”,3.2744142160273495,15.717188236931277,1,是
首都经济贸易大学,CUEB-2023-040,2023级,劳动经济学院,劳动与社会保障,劳动与社会保障,JN0770,沟通能力,沟通能力,非技术性能力,组织协调与商业执行,1.5,1,1,0,沟通协调,毕业要求直接出现“沟通协调”,1.7953381214564925,2.693007182184739,9,否
首都经济贸易大学,CUEB-2023-040,2023级,劳动经济学院,劳动与社会保障,劳动与社会保障,JN0773,组织协调,组织协调,非技术性能力,组织协调与商业执行,1.5,1,1,0,协调能力,毕业要求直接出现“协调能力”,2.83258146374831,4.248872195622465,4,是
首都经济贸易大学,CUEB-2023-040,2023级,劳动经济学院,劳动与社会保障,劳动与社会保障,JN0779,书面表达,书面表达,非技术性能力,表达沟通与通用办公协作,0.8,1,0,1,应用写作 / Practical Writing,写作课程,1.0649195460993157,0.8519356368794526,20,否
首都经济贸易大学,CUEB-2023-040,2023级,劳动经济学院,劳动与社会保障,劳动与社会保障,JN0780,诚信与职业道德,诚信与职业道德,非技术性能力,金融风控、投资与合规,1.5,1,1,0,职业道德,毕业要求直接出现“职业道德”,1.0710357731167517,1.6065536596751275,14,否
首都经济贸易大学,CUEB-2023-040,2023级,劳动经济学院,劳动与社会保障,劳动与社会保障,JN0781,问题解决,问题解决,非技术性能力,表达沟通与通用办公协作,1.5,1,1,0,解决问题,毕业要求直接出现“解决问题”,2.314638372213455,3.4719575583201827,7,是
首都经济贸易大学,CUEB-2023-040,2023级,劳动经济学院,劳动与社会保障,劳动与社会保障,JN0790,创新能力,创新能力,非技术性能力,视觉设计与数字内容制作,1.5,1,1,0,创新能力,毕业要求直接出现“创新能力”,1.2895886507223624,1.9343829760835436,10,否
首都经济贸易大学,CUEB-2023-040,2023级,劳动经济学院,劳动与社会保障,劳动与社会保障,JN0794,团队意识,团队意识,非技术性能力,视觉设计与数字内容制作,1.5,1,1,0,集体意识,毕业要求直接出现“集体意识”,4.373026504695459,6.559539757043188,3,是
首都经济贸易大学,CUEB-2023-041,2023级,劳动经济学院,劳动关系,劳动关系,JN0024,Office办公软件,Office办公软件（办公套件）,工具软件与技术平台,表达沟通与通用办公协作,2.3,2,1,1,办公软件；计算机应用  / Computer Application,毕业要求直接出现“办公软件”；通用计算机应用课程,2.037651588878423,4.686598654420372,5,是
首都经济贸易大学,CUEB-2023-041,2023级,劳动经济学院,劳动关系,劳动关系,JN0025,英语,英语,语言能力,供应链与物流管理,0.8,1,1,0,英语,课程名称直接出现唯一技能别名“英语”,1.0,0.8,17,否
首都经济贸易大学,CUEB-2023-041,2023级,劳动经济学院,劳动关系,劳动关系,JN0026,数据分析,数据分析,工具软件与技术平台,人工智能与数据挖掘,0.8,1,1,0,数据分析,课程名称直接出现唯一技能别名“数据分析”,1.5798184952529422,1.2638547962023539,12,是
首都经济贸易大学,CUEB-2023-041,2023级,劳动经济学院,劳动关系,劳动关系,JN0029,Excel,Excel（办公软件与通用数字工具）,方法、标准与流程,表达沟通与通用办公协作,0.8,1,1,0,excel,课程名称直接出现唯一技能别名“excel”,2.1574527886910433,1.7259622309528346,10,是
首都经济贸易大学,CUEB-2023-041,2023级,劳动经济学院,劳动关系,劳动关系,JN0072,统计分析,统计分析,方法、标准与流程,人工智能与数据挖掘,0.8,1,0,1,统计学 Statistics,统计方法课程,1.1880522315029396,0.9504417852023517,15,否
首都经济贸易大学,CUEB-2023-041,2023级,劳动经济学院,劳动关系,劳动关系,JN0087,员工关系,员工关系,方法、标准与流程,人力资源与行政管理,7.6,6,6,0,劳动关系；员工关系,培养目标直接出现“劳动关系”；毕业要求直接出现“劳动关系”；核心课程直接出现“员工关系”；培养特色直接出现“劳动关系”；课程名称直接出现唯一技能别名“劳动关系”；课程名称直接出现唯一技能别名“员工关系”,3.2744142160273495,24.885548041807855,1,是
首都经济贸易大学,CUEB-2023-041,2023级,劳动经济学院,劳动关系,劳动关系,JN0109,会计核算,会计核算,方法、标准与流程,财务会计与税务管理,0.8,1,0,1,会计学Accounting,会计课程,1.2895886507223624,1.03167092057789,13,是
首都经济贸易大学,CUEB-2023-041,2023级,劳动经济学院,劳动关系,劳动关系,JN0113,合同审查,合同审查,具体专业技能,金融风控、投资与合规,1.0,1,1,0,合同管理,培养特色直接出现“合同管理”,5.0661736852554045,5.0661736852554045,4,是
首都经济贸易大学,CUEB-2023-041,2023级,劳动经济学院,劳动关系,劳动关系,JN0373,人力资源管理流程,人力资源管理流程,方法、标准与流程,人力资源与行政管理,0.8,1,0,1,人力资源管理导论Introduction of Human Resource Management,人力资源课程,2.194494060371392,1.7555952482971138,9,是
首都经济贸易大学,CUEB-2023-041,2023级,劳动经济学院,劳动关系,劳动关系,JN0397,数理统计,数理统计,工具软件与技术平台,人工智能与数据挖掘,0.8,1,1,0,数理统计,课程名称直接出现唯一技能别名“数理统计”,1.2019413436636068,0.9615530749308855,14,否
首都经济贸易大学,CUEB-2023-041,2023级,劳动经济学院,劳动关系,劳动关系,JN0557,Excel高级应用,Excel高级应用（电子表格高级应用）,工具软件与技术平台,财务会计与税务管理,0.8,1,1,0,excel高级应用,课程名称直接出现唯一技能别名“excel高级应用”,2.2729656758128876,1.8183725406503102,8,是
首都经济贸易大学,CUEB-2023-041,2023级,劳动经济学院,劳动关系,劳动关系,JN0695,劳动法,劳动法,专业知识与行业经验,人力资源与行政管理,6.6,5,5,0,劳动争议；劳动法,毕业要求直接出现“劳动争议”；核心课程直接出现“劳动争议”；培养特色直接出现“劳动争议”；课程名称直接出现唯一技能别名“劳动法”；课程名称直接出现唯一技能别名“劳动争议”,3.2744142160273495,21.611133825780506,2,是
首都经济贸易大学,CUEB-2023-041,2023级,劳动经济学院,劳动关系,劳动关系,JN0770,沟通能力,沟通能力,非技术性能力,组织协调与商业执行,3.3,3,3,0,善于沟通；沟通协调；沟通,培养目标直接出现“善于沟通”；毕业要求直接出现“沟通协调”；课程名称直接出现唯一技能别名“沟通”,1.7953381214564925,5.924615800806425,3,是
首都经济贸易大学,CUEB-2023-041,2023级,劳动经济学院,劳动关系,劳动关系,JN0773,组织协调,组织协调,非技术性能力,组织协调与商业执行,1.5,1,1,0,协调能力,毕业要求直接出现“协调能力”,2.83258146374831,4.248872195622465,6,是
首都经济贸易大学,CUEB-2023-041,2023级,劳动经济学院,劳动关系,劳动关系,JN0775,学习能力,学习能力,非技术性能力,表达沟通与通用办公协作,1.5,1,1,0,学习能力,毕业要求直接出现“学习能力”,1.7221347174331973,2.583202076149796,7,是
首都经济贸易大学,CUEB-2023-041,2023级,劳动经济学院,劳动关系,劳动关系,JN0779,书面表达,书面表达,非技术性能力,表达沟通与通用办公协作,0.8,1,0,1,应用写作 / Practical Writing,写作课程,1.0649195460993157,0.8519356368794526,16,否
首都经济贸易大学,CUEB-2023-041,2023级,劳动经济学院,劳动关系,劳动关系,JN0780,诚信与职业道德,诚信与职业道德,非技术性能力,金融风控、投资与合规,1.5,1,1,0,职业道德,毕业要求直接出现“职业道德”,1.0710357731167517,1.6065536596751275,11,否
首都经济贸易大学,CUEB-2023-042,2023级,劳动经济学院,劳动经济学,劳动经济学专业培养方案2022,JN0024,Office办公软件,Office办公软件（办公套件）,工具软件与技术平台,表达沟通与通用办公协作,0.8,1,0,1,计算机应用  / Computer Application,通用计算机应用课程,2.037651588878423,1.6301212711027384,17,否
首都经济贸易大学,CUEB-2023-042,2023级,劳动经济学院,劳动经济学,劳动经济学专业培养方案2022,JN0025,英语,英语,语言能力,供应链与物流管理,0.8,1,1,0,英语,课程名称直接出现唯一技能别名“英语”,1.0,0.8,23,否
首都经济贸易大学,CUEB-2023-042,2023级,劳动经济学院,劳动经济学,劳动经济学专业培养方案2022,JN0026,数据分析,数据分析,工具软件与技术平台,人工智能与数据挖掘,3.3,2,2,0,数据分析,核心课程直接出现“数据分析”；课程名称直接出现唯一技能别名“数据分析”,1.5798184952529422,5.213401034334709,4,是
首都经济贸易大学,CUEB-2023-042,2023级,劳动经济学院,劳动经济学,劳动经济学专业培养方案2022,JN0029,Excel,Excel（办公软件与通用数字工具）,方法、标准与流程,表达沟通与通用办公协作,0.8,1,1,0,excel,课程名称直接出现唯一技能别名“excel”,2.1574527886910433,1.7259622309528346,16,是
首都经济贸易大学,CUEB-2023-042,2023级,劳动经济学院,劳动经济学,劳动经济学专业培养方案2022,JN0041,Python,Python（编程语言）,工具软件与技术平台,云计算、系统运维与DevOps,0.8,1,1,0,python,课程名称直接出现唯一技能别名“python”,1.5108256237659907,1.2086604990127927,19,否
首都经济贸易大学,CUEB-2023-042,2023级,劳动经济学院,劳动经济学,劳动经济学专业培养方案2022,JN0063,招聘,招聘,方法、标准与流程,人力资源与行政管理,0.8,1,1,0,招聘,课程名称直接出现唯一技能别名“招聘”,3.456735772821304,2.7653886182570435,9,是
首都经济贸易大学,CUEB-2023-042,2023级,劳动经济学院,劳动经济学,劳动经济学专业培养方案2022,JN0072,统计分析,统计分析,方法、标准与流程,人工智能与数据挖掘,0.8,1,0,1,统计学 Statistics,统计方法课程,1.1880522315029396,0.9504417852023517,22,否
首都经济贸易大学,CUEB-2023-042,2023级,劳动经济学院,劳动经济学,劳动经济学专业培养方案2022,JN0076,数据处理,数据处理,具体专业技能,大数据工程与数据仓库,1.5,1,1,0,数据处理,毕业要求直接出现“数据处理”,2.5812670354674037,3.8719005532011055,6,是
首都经济贸易大学,CUEB-2023-042,2023级,劳动经济学院,劳动经济学,劳动经济学专业培养方案2022,JN0087,员工关系,员工关系,方法、标准与流程,人力资源与行政管理,4.3,3,3,0,劳动关系,核心课程直接出现“劳动关系”；培养特色直接出现“劳动关系”；课程名称直接出现唯一技能别名“劳动关系”,3.2744142160273495,14.079981128917602,1,是
首都经济贸易大学,CUEB-2023-042,2023级,劳动经济学院,劳动经济学,劳动经济学专业培养方案2022,JN0109,会计核算,会计核算,方法、标准与流程,财务会计与税务管理,0.8,1,0,1,会计学Accounting,会计课程,1.2895886507223624,1.03167092057789,20,否
首都经济贸易大学,CUEB-2023-042,2023级,劳动经济学院,劳动经济学,劳动经济学专业培养方案2022,JN0143,机器学习,机器学习,方法、标准与流程,人工智能与数据挖掘,0.8,1,1,0,机器学习,课程名称直接出现唯一技能别名“机器学习”,2.3361445774344194,1.8689156619475356,13,是
首都经济贸易大学,CUEB-2023-042,2023级,劳动经济学院,劳动经济学,劳动经济学专业培养方案2022,JN0373,人力资源管理流程,人力资源管理流程,方法、标准与流程,人力资源与行政管理,0.8,1,0,1,人力资源管理导论 Introduction to Human Resource Management,人力资源课程,2.194494060371392,1.7555952482971138,15,是
首都经济贸易大学,CUEB-2023-042,2023级,劳动经济学院,劳动经济学,劳动经济学专业培养方案2022,JN0397,数理统计,数理统计,工具软件与技术平台,人工智能与数据挖掘,0.8,1,1,0,数理统计,课程名称直接出现唯一技能别名“数理统计”,1.2019413436636068,0.9615530749308855,21,否
首都经济贸易大学,CUEB-2023-042,2023级,劳动经济学院,劳动经济学,劳动经济学专业培养方案2022,JN0557,Excel高级应用,Excel高级应用（电子表格高级应用）,工具软件与技术平台,财务会计与税务管理,0.8,1,1,0,excel高级应用,课程名称直接出现唯一技能别名“excel高级应用”,2.2729656758128876,1.8183725406503102,14,是
首都经济贸易大学,CUEB-2023-042,2023级,劳动经济学院,劳动经济学,劳动经济学专业培养方案2022,JN0695,劳动法,劳动法,专业知识与行业经验,人力资源与行政管理,3.3,2,2,0,劳动法,核心课程直接出现“劳动法”；课程名称直接出现唯一技能别名“劳动法”,3.2744142160273495,10.805566912890253,2,是
首都经济贸易大学,CUEB-2023-042,2023级,劳动经济学院,劳动经济学,劳动经济学专业培养方案2022,JN0774,表达能力,表达能力,非技术性能力,表达沟通与通用办公协作,1.5,1,1,0,表达能力,毕业要求直接出现“表达能力”,1.7703368192510753,2.655505228876613,10,否
首都经济贸易大学,CUEB-2023-042,2023级,劳动经济学院,劳动经济学,劳动经济学专业培养方案2022,JN0775,学习能力,学习能力,非技术性能力,表达沟通与通用办公协作,1.5,1,1,0,学习能力,毕业要求直接出现“学习能力”,1.7221347174331973,2.583202076149796,11,否
首都经济贸易大学,CUEB-2023-042,2023级,劳动经济学院,劳动经济学,劳动经济学专业培养方案2022,JN0779,书面表达,书面表达,非技术性能力,表达沟通与通用办公协作,2.3,2,1,1,写作能力；应用写作 / Practical Writing,毕业要求直接出现“写作能力”；写作课程,1.0649195460993157,2.449314956028426,12,否
首都经济贸易大学,CUEB-2023-042,2023级,劳动经济学院,劳动经济学,劳动经济学专业培养方案2022,JN0780,诚信与职业道德,诚信与职业道德,非技术性能力,金融风控、投资与合规,1.5,1,1,0,职业道德,毕业要求直接出现“职业道德”,1.0710357731167517,1.6065536596751275,18,否
首都经济贸易大学,CUEB-2023-042,2023级,劳动经济学院,劳动经济学,劳动经济学专业培养方案2022,JN0785,分析判断,分析判断,非技术性能力,组织协调与商业执行,2.5,2,2,0,分析能力,培养目标直接出现“分析能力”；毕业要求直接出现“分析能力”,2.121734706088964,5.304336765222411,3,是
首都经济贸易大学,CUEB-2023-042,2023级,劳动经济学院,劳动经济学,劳动经济学专业培养方案2022,JN0788,口头表达,口头表达,非技术性能力,表达沟通与通用办公协作,1.5,1,1,0,语言表达能力,毕业要求直接出现“语言表达能力”,1.9021060968821986,2.853159145323298,8,否
首都经济贸易大学,CUEB-2023-042,2023级,劳动经济学院,劳动经济学,劳动经济学专业培养方案2022,JN0820,团队建设,团队建设,非技术性能力,组织协调与商业执行,0.8,1,1,0,团队建设,课程名称直接出现唯一技能别名“团队建设”,3.9675613965872945,3.1740491172698357,7,是
首都经济贸易大学,CUEB-2023-042,2023级,劳动经济学院,劳动经济学,劳动经济学专业培养方案2022,JN0830,批判性思维,批判性思维,非技术性能力,表达沟通与通用办公协作,1.5,1,1,0,批判性思维,毕业要求直接出现“批判性思维”,2.638425449307353,3.9576381739610293,5,是
首都经济贸易大学,CUEB-2023-043,2023级,劳动经济学院,社会工作,社会工作,JN0024,Office办公软件,Office办公软件（办公套件）,工具软件与技术平台,表达沟通与通用办公协作,0.8,1,0,1,计算机应用  / Computer Application,通用计算机应用课程,2.037651588878423,1.6301212711027384,11,是
首都经济贸易大学,CUEB-2023-043,2023级,劳动经济学院,社会工作,社会工作,JN0025,英语,英语,语言能力,供应链与物流管理,0.8,1,1,0,英语,课程名称直接出现唯一技能别名“英语”,1.0,0.8,18,否
首都经济贸易大学,CUEB-2023-043,2023级,劳动经济学院,社会工作,社会工作,JN0028,项目管理,项目管理,方法、标准与流程,表达沟通与通用办公协作,3.3,3,2,1,项目管理；社会项目管理 Social project management,毕业要求直接出现“项目管理”；培养特色直接出现“项目管理”；项目管理课程,2.7635885922613586,9.119842354462483,1,是
首都经济贸易大学,CUEB-2023-043,2023级,劳动经济学院,社会工作,社会工作,JN0029,Excel,Excel（办公软件与通用数字工具）,方法、标准与流程,表达沟通与通用办公协作,0.8,1,1,0,excel,课程名称直接出现唯一技能别名“excel”,2.1574527886910433,1.7259622309528346,10,是
首都经济贸易大学,CUEB-2023-043,2023级,劳动经济学院,社会工作,社会工作,JN0072,统计分析,统计分析,方法、标准与流程,人工智能与数据挖掘,0.8,1,0,1,统计学 Statistics,统计方法课程,1.1880522315029396,0.9504417852023517,16,否
首都经济贸易大学,CUEB-2023-043,2023级,劳动经济学院,社会工作,社会工作,JN0087,员工关系,员工关系,方法、标准与流程,人力资源与行政管理,0.8,1,1,0,劳动关系,课程名称直接出现唯一技能别名“劳动关系”,3.2744142160273495,2.61953137282188,6,是
首都经济贸易大学,CUEB-2023-043,2023级,劳动经济学院,社会工作,社会工作,JN0109,会计核算,会计核算,方法、标准与流程,财务会计与税务管理,0.8,1,0,1,会计学Accounting,会计课程,1.2895886507223624,1.03167092057789,14,是
首都经济贸易大学,CUEB-2023-043,2023级,劳动经济学院,社会工作,社会工作,JN0373,人力资源管理流程,人力资源管理流程,方法、标准与流程,人力资源与行政管理,0.8,1,0,1,人力资源管理导论Introduction of Human Resource Management,人力资源课程,2.194494060371392,1.7555952482971138,9,是
首都经济贸易大学,CUEB-2023-043,2023级,劳动经济学院,社会工作,社会工作,JN0397,数理统计,数理统计,工具软件与技术平台,人工智能与数据挖掘,0.8,1,1,0,数理统计,课程名称直接出现唯一技能别名“数理统计”,1.2019413436636068,0.9615530749308855,15,是
首都经济贸易大学,CUEB-2023-043,2023级,劳动经济学院,社会工作,社会工作,JN0557,Excel高级应用,Excel高级应用（电子表格高级应用）,工具软件与技术平台,财务会计与税务管理,0.8,1,1,0,excel高级应用,课程名称直接出现唯一技能别名“excel高级应用”,2.2729656758128876,1.8183725406503102,8,是
首都经济贸易大学,CUEB-2023-043,2023级,劳动经济学院,社会工作,社会工作,JN0695,劳动法,劳动法,专业知识与行业经验,人力资源与行政管理,0.8,1,1,0,劳动法,课程名称直接出现唯一技能别名“劳动法”,3.2744142160273495,2.61953137282188,7,是
首都经济贸易大学,CUEB-2023-043,2023级,劳动经济学院,社会工作,社会工作,JN0770,沟通能力,沟通能力,非技术性能力,组织协调与商业执行,1.5,1,1,0,沟通协调,毕业要求直接出现“沟通协调”,1.7953381214564925,2.693007182184739,4,是
首都经济贸易大学,CUEB-2023-043,2023级,劳动经济学院,社会工作,社会工作,JN0773,组织协调,组织协调,非技术性能力,组织协调与商业执行,1.5,1,1,0,协调能力,毕业要求直接出现“协调能力”,2.83258146374831,4.248872195622465,2,是
首都经济贸易大学,CUEB-2023-043,2023级,劳动经济学院,社会工作,社会工作,JN0779,书面表达,书面表达,非技术性能力,表达沟通与通用办公协作,0.8,1,0,1,应用写作 / Practical Writing,写作课程,1.0649195460993157,0.8519356368794526,17,否
首都经济贸易大学,CUEB-2023-043,2023级,劳动经济学院,社会工作,社会工作,JN0780,诚信与职业道德,诚信与职业道德,非技术性能力,金融风控、投资与合规,1.5,1,1,0,职业道德,毕业要求直接出现“职业道德”,1.0710357731167517,1.6065536596751275,12,否
首都经济贸易大学,CUEB-2023-043,2023级,劳动经济学院,社会工作,社会工作,JN0790,创新能力,创新能力,非技术性能力,视觉设计与数字内容制作,1.0,1,1,0,创新意识,培养目标直接出现“创新意识”,1.2895886507223624,1.2895886507223624,13,否
首都经济贸易大学,CUEB-2023-043,2023级,劳动经济学院,社会工作,社会工作,JN0801,独立思考,独立思考,非技术性能力,表达沟通与通用办公协作,1.0,1,1,0,独立思考能力,培养特色直接出现“独立思考能力”,3.2203469947570738,3.2203469947570738,3,是
首都经济贸易大学,CUEB-2023-043,2023级,劳动经济学院,社会工作,社会工作,JN0830,批判性思维,批判性思维,非技术性能力,表达沟通与通用办公协作,1.0,1,1,0,批判性思维,培养特色直接出现“批判性思维”,2.638425449307353,2.638425449307353,5,否
首都经济贸易大学,CUEB-2023-044,2023级,文化与传播学院,传播学,传播学,JN0024,Office办公软件,Office办公软件（办公套件）,工具软件与技术平台,表达沟通与通用办公协作,0.8,1,0,1,计算机应用  / Computer Application,通用计算机应用课程,2.037651588878423,1.6301212711027384,12,是
首都经济贸易大学,CUEB-2023-044,2023级,文化与传播学院,传播学,传播学,JN0025,英语,英语,语言能力,供应链与物流管理,0.8,1,1,0,英语,课程名称直接出现唯一技能别名“英语”,1.0,0.8,14,是
首都经济贸易大学,CUEB-2023-044,2023级,文化与传播学院,传播学,传播学,JN0029,Excel,Excel（办公软件与通用数字工具）,方法、标准与流程,表达沟通与通用办公协作,0.8,1,1,0,excel,课程名称直接出现唯一技能别名“excel”,2.1574527886910433,1.7259622309528346,10,是
首都经济贸易大学,CUEB-2023-044,2023级,文化与传播学院,传播学,传播学,JN0254,市场营销知识,市场营销知识,方法、标准与流程,组织协调与商业执行,0.8,1,0,1,市场营销学 / The Marketing,市场营销课程,2.4035858582299516,1.9228686865839615,8,是
首都经济贸易大学,CUEB-2023-044,2023级,文化与传播学院,传播学,传播学,JN0283,摄影,摄影,方法、标准与流程,视觉设计与数字内容制作,4.8,3,3,0,摄影,毕业要求直接出现“摄影”；核心课程直接出现“摄影”；课程名称直接出现唯一技能别名“摄影”,4.218875824868201,20.250603959367364,1,是
首都经济贸易大学,CUEB-2023-044,2023级,文化与传播学院,传播学,传播学,JN0315,摄像,摄像,方法、标准与流程,嵌入式与电子硬件开发,2.5,1,1,0,摄像,核心课程直接出现“摄像”,5.0661736852554045,12.66543421313851,2,是
首都经济贸易大学,CUEB-2023-044,2023级,文化与传播学院,传播学,传播学,JN0557,Excel高级应用,Excel高级应用（电子表格高级应用）,工具软件与技术平台,财务会计与税务管理,0.8,1,1,0,excel高级应用,课程名称直接出现唯一技能别名“excel高级应用”,2.2729656758128876,1.8183725406503102,9,是
首都经济贸易大学,CUEB-2023-044,2023级,文化与传播学院,传播学,传播学,JN0770,沟通能力,沟通能力,非技术性能力,组织协调与商业执行,1.5,1,1,0,沟通能力,毕业要求直接出现“沟通能力”,1.7953381214564925,2.693007182184739,6,否
首都经济贸易大学,CUEB-2023-044,2023级,文化与传播学院,传播学,传播学,JN0771,团队合作,团队合作,非技术性能力,表达沟通与通用办公协作,1.5,1,1,0,团队合作,毕业要求直接出现“团队合作”,1.4111957828171493,2.116793674225724,7,否
首都经济贸易大学,CUEB-2023-044,2023级,文化与传播学院,传播学,传播学,JN0773,组织协调,组织协调,非技术性能力,组织协调与商业执行,1.5,1,1,0,组织能力,毕业要求直接出现“组织能力”,2.83258146374831,4.248872195622465,4,是
首都经济贸易大学,CUEB-2023-044,2023级,文化与传播学院,传播学,传播学,JN0775,学习能力,学习能力,非技术性能力,表达沟通与通用办公协作,1.0,1,1,0,学习能力,培养特色直接出现“学习能力”,1.7221347174331973,1.7221347174331973,11,否
首都经济贸易大学,CUEB-2023-044,2023级,文化与传播学院,传播学,传播学,JN0780,诚信与职业道德,诚信与职业道德,非技术性能力,金融风控、投资与合规,1.5,1,1,0,职业道德,毕业要求直接出现“职业道德”,1.0710357731167517,1.6065536596751275,13,否
首都经济贸易大学,CUEB-2023-044,2023级,文化与传播学院,传播学,传播学,JN0801,独立思考,独立思考,非技术性能力,表达沟通与通用办公协作,1.5,1,1,0,独立思考能力,毕业要求直接出现“独立思考能力”,3.2203469947570738,4.83052049213561,3,是
首都经济贸易大学,CUEB-2023-044,2023级,文化与传播学院,传播学,传播学,JN0804,演讲呈现,演讲呈现,非技术性能力,表达沟通与通用办公协作,0.8,1,0,1,演讲与修辞 / Speech and Rhetoric,展示表达课程,3.6798793241355137,2.943903459308411,5,是
首都经济贸易大学,CUEB-2023-045,2023级,文化与传播学院,广告学,广告学,JN0024,Office办公软件,Office办公软件（办公套件）,工具软件与技术平台,表达沟通与通用办公协作,0.8,1,0,1,计算机应用  / Computer Application,通用计算机应用课程,2.037651588878423,1.6301212711027384,18,否
首都经济贸易大学,CUEB-2023-045,2023级,文化与传播学院,广告学,广告学,JN0025,英语,英语,语言能力,供应链与物流管理,0.8,1,1,0,英语,课程名称直接出现唯一技能别名“英语”,1.0,0.8,20,否
首都经济贸易大学,CUEB-2023-045,2023级,文化与传播学院,广告学,广告学,JN0045,市场调研,市场调研,方法、标准与流程,组织协调与商业执行,1.5,1,1,0,市场调研,毕业要求直接出现“市场调研”,4.373026504695459,6.559539757043188,5,是
首都经济贸易大学,CUEB-2023-045,2023级,文化与传播学院,广告学,广告学,JN0049,营销策划,营销策划,方法、标准与流程,视觉设计与数字内容制作,1.5,1,1,0,营销策划,毕业要求直接出现“营销策划”,4.555348061489413,6.83302209223412,3,是
首都经济贸易大学,CUEB-2023-045,2023级,文化与传播学院,广告学,广告学,JN0051,Photoshop,Photoshop（设计传媒内容）,方法、标准与流程,视觉设计与数字内容制作,0.8,1,1,0,photoshop,课程名称直接出现唯一技能别名“photoshop”,4.555348061489413,3.6442784491915305,10,是
首都经济贸易大学,CUEB-2023-045,2023级,文化与传播学院,广告学,广告学,JN0214,品牌策划,品牌策划,方法、标准与流程,视觉设计与数字内容制作,2.3,2,1,1,品牌策划；品牌战略管理Strategic Brand Management,毕业要求直接出现“品牌策划”；品牌课程,3.5257286443082556,8.109175881908987,1,是
首都经济贸易大学,CUEB-2023-045,2023级,文化与传播学院,广告学,广告学,JN0254,市场营销知识,市场营销知识,方法、标准与流程,组织协调与商业执行,0.8,1,0,1,市场营销学 / The Marketing,市场营销课程,2.4035858582299516,1.9228686865839615,16,是
首都经济贸易大学,CUEB-2023-045,2023级,文化与传播学院,广告学,广告学,JN0258,法律法规知识,法律法规知识,方法、标准与流程,金融风控、投资与合规,0.8,1,0,1,商法学 / Commercial Jurisprudence,法规课程,2.139434283188365,1.711547426550692,17,否
首都经济贸易大学,CUEB-2023-045,2023级,文化与传播学院,广告学,广告学,JN0283,摄影,摄影,方法、标准与流程,视觉设计与数字内容制作,1.8,2,2,0,摄影,培养特色直接出现“摄影”；课程名称直接出现唯一技能别名“摄影”,4.218875824868201,7.593976484762762,2,是
首都经济贸易大学,CUEB-2023-045,2023级,文化与传播学院,广告学,广告学,JN0311,营销能力,营销能力,工具软件与技术平台,组织协调与商业执行,1.5,1,1,0,营销能力,毕业要求直接出现“营销能力”,4.555348061489413,6.83302209223412,4,是
首都经济贸易大学,CUEB-2023-045,2023级,文化与传播学院,广告学,广告学,JN0314,Premiere,Premiere（设计传媒内容）,方法、标准与流程,视觉设计与数字内容制作,0.8,1,1,0,pr,课程名称直接出现唯一技能别名“pr”,5.0661736852554045,4.052938948204324,9,是
首都经济贸易大学,CUEB-2023-045,2023级,文化与传播学院,广告学,广告学,JN0365,文献检索,文献检索,方法、标准与流程,医药研发与药事管理,1.5,1,1,0,文献检索,毕业要求直接出现“文献检索”,3.2744142160273495,4.9116213240410245,7,是
首都经济贸易大学,CUEB-2023-045,2023级,文化与传播学院,广告学,广告学,JN0770,沟通能力,沟通能力,非技术性能力,组织协调与商业执行,1.5,1,1,0,沟通能力,毕业要求直接出现“沟通能力”,1.7953381214564925,2.693007182184739,13,否
首都经济贸易大学,CUEB-2023-045,2023级,文化与传播学院,广告学,广告学,JN0771,团队合作,团队合作,非技术性能力,表达沟通与通用办公协作,1.5,1,1,0,团队合作,毕业要求直接出现“团队合作”,1.4111957828171493,2.116793674225724,15,否
首都经济贸易大学,CUEB-2023-045,2023级,文化与传播学院,广告学,广告学,JN0774,表达能力,表达能力,非技术性能力,表达沟通与通用办公协作,1.5,1,1,0,表达能力,毕业要求直接出现“表达能力”,1.7703368192510753,2.655505228876613,14,否
首都经济贸易大学,CUEB-2023-045,2023级,文化与传播学院,广告学,广告学,JN0780,诚信与职业道德,诚信与职业道德,非技术性能力,金融风控、投资与合规,1.0,1,1,0,职业道德,培养目标直接出现“职业道德”,1.0710357731167517,1.0710357731167517,19,否
首都经济贸易大学,CUEB-2023-045,2023级,文化与传播学院,广告学,广告学,JN0785,分析判断,分析判断,非技术性能力,组织协调与商业执行,1.5,1,1,0,分析能力,毕业要求直接出现“分析能力”,2.121734706088964,3.1826020591334463,11,是
首都经济贸易大学,CUEB-2023-045,2023级,文化与传播学院,广告学,广告学,JN0788,口头表达,口头表达,非技术性能力,表达沟通与通用办公协作,1.5,1,1,0,语言表达能力,毕业要求直接出现“语言表达能力”,1.9021060968821986,2.853159145323298,12,否
首都经济贸易大学,CUEB-2023-045,2023级,文化与传播学院,广告学,广告学,JN0790,创新能力,创新能力,非技术性能力,视觉设计与数字内容制作,3.5,3,3,0,创新能力；创新思维,培养目标直接出现“创新能力”；毕业要求直接出现“创新思维”；培养特色直接出现“创新能力”,1.2895886507223624,4.513560277528269,8,是
首都经济贸易大学,CUEB-2023-045,2023级,文化与传播学院,广告学,广告学,JN0793,人际交往,人际交往,非技术性能力,组织协调与商业执行,1.5,1,1,0,人际沟通能力,毕业要求直接出现“人际沟通能力”,3.456735772821304,5.185103659231956,6,是
首都经济贸易大学,CUEB-2023-046,2023级,管理工程学院,信息管理与信息系统,信息管理与信息系统,JN0025,英语,英语,语言能力,供应链与物流管理,0.8,1,1,0,英语,课程名称直接出现唯一技能别名“英语”,1.0,0.8,26,否
首都经济贸易大学,CUEB-2023-046,2023级,管理工程学院,信息管理与信息系统,信息管理与信息系统,JN0026,数据分析,数据分析,工具软件与技术平台,人工智能与数据挖掘,4.3,3,3,0,数据分析；数据分析能力,核心课程直接出现“数据分析”；培养特色直接出现“数据分析能力”；课程名称直接出现唯一技能别名“数据分析”,1.5798184952529422,6.793219529587651,5,是
首都经济贸易大学,CUEB-2023-046,2023级,管理工程学院,信息管理与信息系统,信息管理与信息系统,JN0028,项目管理,项目管理,方法、标准与流程,表达沟通与通用办公协作,0.8,1,0,1,IT项目管理 / IT Project Management,项目管理课程,2.7635885922613586,2.2108708738090868,12,是
首都经济贸易大学,CUEB-2023-046,2023级,管理工程学院,信息管理与信息系统,信息管理与信息系统,JN0029,Excel,Excel（办公软件与通用数字工具）,方法、标准与流程,表达沟通与通用办公协作,0.8,1,1,0,excel,课程名称直接出现唯一技能别名“excel”,2.1574527886910433,1.7259622309528346,17,否
首都经济贸易大学,CUEB-2023-046,2023级,管理工程学院,信息管理与信息系统,信息管理与信息系统,JN0041,Python,Python（编程语言）,工具软件与技术平台,云计算、系统运维与DevOps,1.0,1,1,0,Python编程,培养特色直接出现“Python编程”,1.5108256237659907,1.5108256237659907,19,否
首都经济贸易大学,CUEB-2023-046,2023级,管理工程学院,信息管理与信息系统,信息管理与信息系统,JN0072,统计分析,统计分析,方法、标准与流程,人工智能与数据挖掘,1.6,2,0,2,统计学 / Statistics；金融时间序列分析方法与技术 / Financial Time Series Analysis Method and Techniques,统计方法课程,1.1880522315029396,1.9008835704047033,15,否
首都经济贸易大学,CUEB-2023-046,2023级,管理工程学院,信息管理与信息系统,信息管理与信息系统,JN0091,云计算,云计算,工具软件与技术平台,云计算、系统运维与DevOps,1.0,1,1,0,云计算,培养目标直接出现“云计算”,3.120263536200091,3.120263536200091,9,是
首都经济贸易大学,CUEB-2023-046,2023级,管理工程学院,信息管理与信息系统,信息管理与信息系统,JN0109,会计核算,会计核算,方法、标准与流程,财务会计与税务管理,0.8,1,0,1,会计学 Accounting,会计课程,1.2895886507223624,1.03167092057789,23,否
首都经济贸易大学,CUEB-2023-046,2023级,管理工程学院,信息管理与信息系统,信息管理与信息系统,JN0143,机器学习,机器学习,方法、标准与流程,人工智能与数据挖掘,4.3,3,3,0,机器学习,核心课程直接出现“机器学习”；培养特色直接出现“机器学习”；课程名称直接出现唯一技能别名“机器学习”,2.3361445774344194,10.045421682968003,3,是
首都经济贸易大学,CUEB-2023-046,2023级,管理工程学院,信息管理与信息系统,信息管理与信息系统,JN0174,人工智能技术,人工智能技术,具体专业技能,人工智能与数据挖掘,1.0,1,1,0,人工智能,培养目标直接出现“人工智能”,1.312755710003897,1.312755710003897,20,否
首都经济贸易大学,CUEB-2023-046,2023级,管理工程学院,信息管理与信息系统,信息管理与信息系统,JN0211,数据结构与算法,数据结构与算法,方法、标准与流程,网络通信与软件开发基础,0.8,1,0,1,数据结构 / Data Structure,数据结构课程,2.79749014393704,2.237992115149632,11,是
首都经济贸易大学,CUEB-2023-046,2023级,管理工程学院,信息管理与信息系统,信息管理与信息系统,JN0222,面向对象编程,面向对象编程,方法、标准与流程,Web前端开发,3.3,2,2,0,面向对象程序设计,核心课程直接出现“面向对象程序设计”；课程名称直接出现唯一技能别名“面向对象程序设计”,3.2744142160273495,10.805566912890253,2,是
首都经济贸易大学,CUEB-2023-046,2023级,管理工程学院,信息管理与信息系统,信息管理与信息系统,JN0397,数理统计,数理统计,工具软件与技术平台,人工智能与数据挖掘,0.8,1,1,0,数理统计,课程名称直接出现唯一技能别名“数理统计”,1.2019413436636068,0.9615530749308855,24,否
首都经济贸易大学,CUEB-2023-046,2023级,管理工程学院,信息管理与信息系统,信息管理与信息系统,JN0557,Excel高级应用,Excel高级应用（电子表格高级应用）,工具软件与技术平台,财务会计与税务管理,0.8,1,1,0,excel高级应用,课程名称直接出现唯一技能别名“excel高级应用”,2.2729656758128876,1.8183725406503102,16,否
首都经济贸易大学,CUEB-2023-046,2023级,管理工程学院,信息管理与信息系统,信息管理与信息系统,JN0584,时间序列,时间序列,方法、标准与流程,人工智能与数据挖掘,4.3,3,3,0,时间序列,核心课程直接出现“时间序列”；培养特色直接出现“时间序列”；课程名称直接出现唯一技能别名“时间序列”,2.8689491079191853,12.336481164052497,1,是
首都经济贸易大学,CUEB-2023-046,2023级,管理工程学院,信息管理与信息系统,信息管理与信息系统,JN0647,论文写作,论文写作,方法、标准与流程,表达沟通与通用办公协作,0.8,1,0,1,学术写作与专业前沿 / Academic Writing and Frontiers,学术写作课程,1.4734380916943703,1.1787504733554963,22,否
首都经济贸易大学,CUEB-2023-046,2023级,管理工程学院,信息管理与信息系统,信息管理与信息系统,JN0686,数据库技术,数据库技术,专业知识与行业经验,Java后端开发与中间件,4.1,3,3,0,数据库原理；数据库,核心课程直接出现“数据库原理”；课程名称直接出现唯一技能别名“数据库”；课程名称直接出现唯一技能别名“数据库原理”,2.3361445774344194,9.578192767481118,4,是
首都经济贸易大学,CUEB-2023-046,2023级,管理工程学院,信息管理与信息系统,信息管理与信息系统,JN0690,风险管理,风险管理,专业知识与行业经验,金融风控、投资与合规,1.8,2,2,0,风险管理,培养特色直接出现“风险管理”；课程名称直接出现唯一技能别名“风险管理”,1.916290731874155,3.449323317373479,8,是
首都经济贸易大学,CUEB-2023-046,2023级,管理工程学院,信息管理与信息系统,信息管理与信息系统,JN0771,团队合作,团队合作,非技术性能力,表达沟通与通用办公协作,1.5,1,1,0,协作意识,毕业要求直接出现“协作意识”,1.4111957828171493,2.116793674225724,14,否
首都经济贸易大学,CUEB-2023-046,2023级,管理工程学院,信息管理与信息系统,信息管理与信息系统,JN0779,书面表达,书面表达,非技术性能力,表达沟通与通用办公协作,0.8,1,0,1,应用写作 / Practical Writing,写作课程,1.0649195460993157,0.8519356368794526,25,否
首都经济贸易大学,CUEB-2023-046,2023级,管理工程学院,信息管理与信息系统,信息管理与信息系统,JN0780,诚信与职业道德,诚信与职业道德,非技术性能力,金融风控、投资与合规,1.5,1,1,0,职业道德,毕业要求直接出现“职业道德”,1.0710357731167517,1.6065536596751275,18,否
首都经济贸易大学,CUEB-2023-046,2023级,管理工程学院,信息管理与信息系统,信息管理与信息系统,JN0785,分析判断,分析判断,非技术性能力,组织协调与商业执行,1.0,1,1,0,分析能力,培养特色直接出现“分析能力”,2.121734706088964,2.121734706088964,13,否
首都经济贸易大学,CUEB-2023-046,2023级,管理工程学院,信息管理与信息系统,信息管理与信息系统,JN0786,管理能力,管理能力,非技术性能力,组织协调与商业执行,1.5,1,1,0,管理能力,毕业要求直接出现“管理能力”,2.730798769438368,4.096198154157552,6,是
首都经济贸易大学,CUEB-2023-046,2023级,管理工程学院,信息管理与信息系统,信息管理与信息系统,JN0788,口头表达,口头表达,非技术性能力,表达沟通与通用办公协作,1.5,1,1,0,口头表达,毕业要求直接出现“口头表达”,1.9021060968821986,2.853159145323298,10,是
首都经济贸易大学,CUEB-2023-046,2023级,管理工程学院,信息管理与信息系统,信息管理与信息系统,JN0790,创新能力,创新能力,非技术性能力,视觉设计与数字内容制作,1.0,1,1,0,创新能力,培养特色直接出现“创新能力”,1.2895886507223624,1.2895886507223624,21,否
首都经济贸易大学,CUEB-2023-046,2023级,管理工程学院,信息管理与信息系统,信息管理与信息系统,JN0800,决策能力,决策能力,非技术性能力,组织协调与商业执行,1.0,1,1,0,决策能力,培养目标直接出现“决策能力”,3.9675613965872945,3.9675613965872945,7,是
首都经济贸易大学,CUEB-2023-047,2023级,管理工程学院,信息管理与信息系统（商务智能）,信息管理与信息系统（商务智能）,JN0025,英语,英语,语言能力,供应链与物流管理,0.8,1,1,0,英语,课程名称直接出现唯一技能别名“英语”,1.0,0.8,26,否
首都经济贸易大学,CUEB-2023-047,2023级,管理工程学院,信息管理与信息系统（商务智能）,信息管理与信息系统（商务智能）,JN0026,数据分析,数据分析,工具软件与技术平台,人工智能与数据挖掘,5.3,4,4,0,数据分析,培养目标直接出现“数据分析”；核心课程直接出现“数据分析”；培养特色直接出现“数据分析”；课程名称直接出现唯一技能别名“数据分析”,1.5798184952529422,8.373038024840593,4,是
首都经济贸易大学,CUEB-2023-047,2023级,管理工程学院,信息管理与信息系统（商务智能）,信息管理与信息系统（商务智能）,JN0028,项目管理,项目管理,方法、标准与流程,表达沟通与通用办公协作,0.8,1,0,1,IT项目管理 / IT Project Management,项目管理课程,2.7635885922613586,2.2108708738090868,13,否
首都经济贸易大学,CUEB-2023-047,2023级,管理工程学院,信息管理与信息系统（商务智能）,信息管理与信息系统（商务智能）,JN0029,Excel,Excel（办公软件与通用数字工具）,方法、标准与流程,表达沟通与通用办公协作,0.8,1,1,0,excel,课程名称直接出现唯一技能别名“excel”,2.1574527886910433,1.7259622309528346,16,否
首都经济贸易大学,CUEB-2023-047,2023级,管理工程学院,信息管理与信息系统（商务智能）,信息管理与信息系统（商务智能）,JN0046,ERP,企业资源计划系统（ERP）,方法、标准与流程,供应链与物流管理,0.8,1,1,0,erp,课程名称直接出现唯一技能别名“erp”,2.8689491079191853,2.2951592863353483,11,是
首都经济贸易大学,CUEB-2023-047,2023级,管理工程学院,信息管理与信息系统（商务智能）,信息管理与信息系统（商务智能）,JN0065,网络安全,网络安全,工具软件与技术平台,网络运维与信息安全,0.8,1,1,0,信息安全,课程名称直接出现唯一技能别名“信息安全”,3.8622008809294686,3.089760704743575,9,是
首都经济贸易大学,CUEB-2023-047,2023级,管理工程学院,信息管理与信息系统（商务智能）,信息管理与信息系统（商务智能）,JN0072,统计分析,统计分析,方法、标准与流程,人工智能与数据挖掘,0.8,1,0,1,统计学 / Statistics,统计方法课程,1.1880522315029396,0.9504417852023517,24,否
首都经济贸易大学,CUEB-2023-047,2023级,管理工程学院,信息管理与信息系统（商务智能）,信息管理与信息系统（商务智能）,JN0091,云计算,云计算,工具软件与技术平台,云计算、系统运维与DevOps,1.0,1,1,0,云计算,培养目标直接出现“云计算”,3.120263536200091,3.120263536200091,8,是
首都经济贸易大学,CUEB-2023-047,2023级,管理工程学院,信息管理与信息系统（商务智能）,信息管理与信息系统（商务智能）,JN0109,会计核算,会计核算,方法、标准与流程,财务会计与税务管理,0.8,1,0,1,会计学 Accounting,会计课程,1.2895886507223624,1.03167092057789,22,否
首都经济贸易大学,CUEB-2023-047,2023级,管理工程学院,信息管理与信息系统（商务智能）,信息管理与信息系统（商务智能）,JN0145,数据挖掘,数据挖掘,工具软件与技术平台,人工智能与数据挖掘,3.3,2,2,0,数据挖掘,核心课程直接出现“数据挖掘”；课程名称直接出现唯一技能别名“数据挖掘”,2.4271163556401456,8.00948397361248,5,是
首都经济贸易大学,CUEB-2023-047,2023级,管理工程学院,信息管理与信息系统（商务智能）,信息管理与信息系统（商务智能）,JN0174,人工智能技术,人工智能技术,具体专业技能,人工智能与数据挖掘,1.0,1,1,0,人工智能,培养目标直接出现“人工智能”,1.312755710003897,1.312755710003897,19,否
首都经济贸易大学,CUEB-2023-047,2023级,管理工程学院,信息管理与信息系统（商务智能）,信息管理与信息系统（商务智能）,JN0184,数据仓库,数据仓库,工具软件与技术平台,大数据工程与数据仓库,3.3,2,2,0,数据仓库,核心课程直接出现“数据仓库”；课程名称直接出现唯一技能别名“数据仓库”,3.9675613965872945,13.092952608738072,1,是
首都经济贸易大学,CUEB-2023-047,2023级,管理工程学院,信息管理与信息系统（商务智能）,信息管理与信息系统（商务智能）,JN0211,数据结构与算法,数据结构与算法,方法、标准与流程,网络通信与软件开发基础,0.8,1,0,1,数据结构 / Data Structure,数据结构课程,2.79749014393704,2.237992115149632,12,是
首都经济贸易大学,CUEB-2023-047,2023级,管理工程学院,信息管理与信息系统（商务智能）,信息管理与信息系统（商务智能）,JN0222,面向对象编程,面向对象编程,方法、标准与流程,Web前端开发,3.3,2,2,0,面向对象程序设计,核心课程直接出现“面向对象程序设计”；课程名称直接出现唯一技能别名“面向对象程序设计”,3.2744142160273495,10.805566912890253,2,是
首都经济贸易大学,CUEB-2023-047,2023级,管理工程学院,信息管理与信息系统（商务智能）,信息管理与信息系统（商务智能）,JN0397,数理统计,数理统计,工具软件与技术平台,人工智能与数据挖掘,0.8,1,1,0,数理统计,课程名称直接出现唯一技能别名“数理统计”,1.2019413436636068,0.9615530749308855,23,否
首都经济贸易大学,CUEB-2023-047,2023级,管理工程学院,信息管理与信息系统（商务智能）,信息管理与信息系统（商务智能）,JN0557,Excel高级应用,Excel高级应用（电子表格高级应用）,工具软件与技术平台,财务会计与税务管理,0.8,1,1,0,excel高级应用,课程名称直接出现唯一技能别名“excel高级应用”,2.2729656758128876,1.8183725406503102,15,否
首都经济贸易大学,CUEB-2023-047,2023级,管理工程学院,信息管理与信息系统（商务智能）,信息管理与信息系统（商务智能）,JN0647,论文写作,论文写作,方法、标准与流程,表达沟通与通用办公协作,0.8,1,0,1,学术写作与专业前沿 / Academic Writing and Frontiers,学术写作课程,1.4734380916943703,1.1787504733554963,21,否
首都经济贸易大学,CUEB-2023-047,2023级,管理工程学院,信息管理与信息系统（商务智能）,信息管理与信息系统（商务智能）,JN0686,数据库技术,数据库技术,专业知识与行业经验,Java后端开发与中间件,4.1,3,3,0,数据库原理；数据库,核心课程直接出现“数据库原理”；课程名称直接出现唯一技能别名“数据库”；课程名称直接出现唯一技能别名“数据库原理”,2.3361445774344194,9.578192767481118,3,是
首都经济贸易大学,CUEB-2023-047,2023级,管理工程学院,信息管理与信息系统（商务智能）,信息管理与信息系统（商务智能）,JN0691,财务管理,财务管理,专业知识与行业经验,财务会计与税务管理,0.8,1,1,0,财务管理,课程名称直接出现唯一技能别名“财务管理”,1.664976303593249,1.3319810428745993,18,否
首都经济贸易大学,CUEB-2023-047,2023级,管理工程学院,信息管理与信息系统（商务智能）,信息管理与信息系统（商务智能）,JN0771,团队合作,团队合作,非技术性能力,表达沟通与通用办公协作,1.5,1,1,0,协作意识,毕业要求直接出现“协作意识”,1.4111957828171493,2.116793674225724,14,否
首都经济贸易大学,CUEB-2023-047,2023级,管理工程学院,信息管理与信息系统（商务智能）,信息管理与信息系统（商务智能）,JN0779,书面表达,书面表达,非技术性能力,表达沟通与通用办公协作,0.8,1,0,1,应用写作 / Practical Writing,写作课程,1.0649195460993157,0.8519356368794526,25,否
首都经济贸易大学,CUEB-2023-047,2023级,管理工程学院,信息管理与信息系统（商务智能）,信息管理与信息系统（商务智能）,JN0780,诚信与职业道德,诚信与职业道德,非技术性能力,金融风控、投资与合规,1.5,1,1,0,职业道德,毕业要求直接出现“职业道德”,1.0710357731167517,1.6065536596751275,17,否
首都经济贸易大学,CUEB-2023-047,2023级,管理工程学院,信息管理与信息系统（商务智能）,信息管理与信息系统（商务智能）,JN0786,管理能力,管理能力,非技术性能力,组织协调与商业执行,1.5,1,1,0,管理能力,毕业要求直接出现“管理能力”,2.730798769438368,4.096198154157552,6,是
首都经济贸易大学,CUEB-2023-047,2023级,管理工程学院,信息管理与信息系统（商务智能）,信息管理与信息系统（商务智能）,JN0788,口头表达,口头表达,非技术性能力,表达沟通与通用办公协作,1.5,1,1,0,口头表达,毕业要求直接出现“口头表达”,1.9021060968821986,2.853159145323298,10,是
首都经济贸易大学,CUEB-2023-047,2023级,管理工程学院,信息管理与信息系统（商务智能）,信息管理与信息系统（商务智能）,JN0790,创新能力,创新能力,非技术性能力,视觉设计与数字内容制作,1.0,1,1,0,创新能力,培养特色直接出现“创新能力”,1.2895886507223624,1.2895886507223624,20,否
首都经济贸易大学,CUEB-2023-047,2023级,管理工程学院,信息管理与信息系统（商务智能）,信息管理与信息系统（商务智能）,JN0800,决策能力,决策能力,非技术性能力,组织协调与商业执行,1.0,1,1,0,决策能力,培养目标直接出现“决策能力”,3.9675613965872945,3.9675613965872945,7,是
首都经济贸易大学,CUEB-2023-048,2023级,管理工程学院,安全工程（注册安全工程师）,安全工程（注册安全工程师）,JN0003,工程管理,工程管理,职业职能与业务活动,建筑施工与工程造价,1.5,1,1,0,工程管理,毕业要求直接出现“工程管理”,5.0661736852554045,7.599260527883107,4,是
首都经济贸易大学,CUEB-2023-048,2023级,管理工程学院,安全工程（注册安全工程师）,安全工程（注册安全工程师）,JN0024,Office办公软件,Office办公软件（办公套件）,工具软件与技术平台,表达沟通与通用办公协作,0.8,1,0,1,计算机应用  / Computer Application,通用计算机应用课程,2.037651588878423,1.6301212711027384,13,是
首都经济贸易大学,CUEB-2023-048,2023级,管理工程学院,安全工程（注册安全工程师）,安全工程（注册安全工程师）,JN0025,英语,英语,语言能力,供应链与物流管理,0.8,1,1,0,英语,课程名称直接出现唯一技能别名“英语”,1.0,0.8,21,否
首都经济贸易大学,CUEB-2023-048,2023级,管理工程学院,安全工程（注册安全工程师）,安全工程（注册安全工程师）,JN0028,项目管理,项目管理,方法、标准与流程,表达沟通与通用办公协作,0.8,1,0,1,安全项目管理 / Safety Project Management,项目管理课程,2.7635885922613586,2.2108708738090868,9,是
首都经济贸易大学,CUEB-2023-048,2023级,管理工程学院,安全工程（注册安全工程师）,安全工程（注册安全工程师）,JN0041,Python,Python（编程语言）,工具软件与技术平台,云计算、系统运维与DevOps,0.8,1,1,0,python,课程名称直接出现唯一技能别名“python”,1.5108256237659907,1.2086604990127927,16,否
首都经济贸易大学,CUEB-2023-048,2023级,管理工程学院,安全工程（注册安全工程师）,安全工程（注册安全工程师）,JN0062,机械设计,机械设计,方法、标准与流程,机械设计与制造,3.3,2,2,0,机械设计,核心课程直接出现“机械设计”；课程名称直接出现唯一技能别名“机械设计”,4.778491612803624,15.769022322251958,2,是
首都经济贸易大学,CUEB-2023-048,2023级,管理工程学院,安全工程（注册安全工程师）,安全工程（注册安全工程师）,JN0174,人工智能技术,人工智能技术,具体专业技能,人工智能与数据挖掘,0.8,1,1,0,人工智能,课程名称直接出现唯一技能别名“人工智能”,1.312755710003897,1.0502045680031176,18,否
首都经济贸易大学,CUEB-2023-048,2023级,管理工程学院,安全工程（注册安全工程师）,安全工程（注册安全工程师）,JN0258,法律法规知识,法律法规知识,方法、标准与流程,金融风控、投资与合规,0.8,1,0,1,安全生产法律法规 / Laws and Regulations of Safety Production,法规课程,2.139434283188365,1.711547426550692,12,是
首都经济贸易大学,CUEB-2023-048,2023级,管理工程学院,安全工程（注册安全工程师）,安全工程（注册安全工程师）,JN0288,课程设计,课程设计,方法、标准与流程,表达沟通与通用办公协作,0.8,1,1,0,课程设计,课程名称直接出现唯一技能别名“课程设计”,4.085344432243678,3.2682755457949426,7,是
首都经济贸易大学,CUEB-2023-048,2023级,管理工程学院,安全工程（注册安全工程师）,安全工程（注册安全工程师）,JN0397,数理统计,数理统计,工具软件与技术平台,人工智能与数据挖掘,0.8,1,1,0,数理统计,课程名称直接出现唯一技能别名“数理统计”,1.2019413436636068,0.9615530749308855,19,否
首都经济贸易大学,CUEB-2023-048,2023级,管理工程学院,安全工程（注册安全工程师）,安全工程（注册安全工程师）,JN0647,论文写作,论文写作,方法、标准与流程,表达沟通与通用办公协作,0.8,1,1,0,论文写作,课程名称直接出现唯一技能别名“论文写作”,1.4734380916943703,1.1787504733554963,17,否
首都经济贸易大学,CUEB-2023-048,2023级,管理工程学院,安全工程（注册安全工程师）,安全工程（注册安全工程师）,JN0688,安全生产,安全生产,专业知识与行业经验,安全环保与职业健康,6.6,5,5,0,安全管理；安全生产,毕业要求直接出现“安全管理”；核心课程直接出现“安全管理”；培养特色直接出现“安全生产”；课程名称直接出现唯一技能别名“安全管理”；课程名称直接出现唯一技能别名“安全生产”,4.778491612803624,31.538044644503916,1,是
首都经济贸易大学,CUEB-2023-048,2023级,管理工程学院,安全工程（注册安全工程师）,安全工程（注册安全工程师）,JN0690,风险管理,风险管理,专业知识与行业经验,金融风控、投资与合规,0.8,1,1,0,风险管理,课程名称直接出现唯一技能别名“风险管理”,1.916290731874155,1.533032585499324,15,否
首都经济贸易大学,CUEB-2023-048,2023级,管理工程学院,安全工程（注册安全工程师）,安全工程（注册安全工程师）,JN0703,职业健康,职业健康,专业知识与行业经验,安全环保与职业健康,3.3,2,2,0,职业卫生,核心课程直接出现“职业卫生”；课程名称直接出现唯一技能别名“职业卫生”,4.778491612803624,15.769022322251958,3,是
首都经济贸易大学,CUEB-2023-048,2023级,管理工程学院,安全工程（注册安全工程师）,安全工程（注册安全工程师）,JN0706,消防安全,消防安全,专业知识与行业经验,安全环保与职业健康,0.8,1,1,0,应急管理,课程名称直接出现唯一技能别名“应急管理”,4.218875824868201,3.375100659894561,6,是
首都经济贸易大学,CUEB-2023-048,2023级,管理工程学院,安全工程（注册安全工程师）,安全工程（注册安全工程师）,JN0771,团队合作,团队合作,非技术性能力,表达沟通与通用办公协作,1.5,1,1,0,协作能力,毕业要求直接出现“协作能力”,1.4111957828171493,2.116793674225724,10,是
首都经济贸易大学,CUEB-2023-048,2023级,管理工程学院,安全工程（注册安全工程师）,安全工程（注册安全工程师）,JN0779,书面表达,书面表达,非技术性能力,表达沟通与通用办公协作,0.8,1,0,1,应用写作Practical Writing,写作课程,1.0649195460993157,0.8519356368794526,20,否
首都经济贸易大学,CUEB-2023-048,2023级,管理工程学院,安全工程（注册安全工程师）,安全工程（注册安全工程师）,JN0780,诚信与职业道德,诚信与职业道德,非技术性能力,金融风控、投资与合规,1.5,1,1,0,职业道德,毕业要求直接出现“职业道德”,1.0710357731167517,1.6065536596751275,14,否
首都经济贸易大学,CUEB-2023-048,2023级,管理工程学院,安全工程（注册安全工程师）,安全工程（注册安全工程师）,JN0786,管理能力,管理能力,非技术性能力,组织协调与商业执行,1.0,1,1,0,管理能力,培养特色直接出现“管理能力”,2.730798769438368,2.730798769438368,8,是
首都经济贸易大学,CUEB-2023-048,2023级,管理工程学院,安全工程（注册安全工程师）,安全工程（注册安全工程师）,JN0787,领导力,领导力,非技术性能力,组织协调与商业执行,1.5,1,1,0,领导能力,毕业要求直接出现“领导能力”,2.4035858582299516,3.6053787873449274,5,是
首都经济贸易大学,CUEB-2023-048,2023级,管理工程学院,安全工程（注册安全工程师）,安全工程（注册安全工程师）,JN0790,创新能力,创新能力,非技术性能力,视觉设计与数字内容制作,1.5,1,1,0,创新意识,毕业要求直接出现“创新意识”,1.2895886507223624,1.9343829760835436,11,否
首都经济贸易大学,CUEB-2023-049,2023级,管理工程学院,工业工程,工业工程,JN0024,Office办公软件,Office办公软件（办公套件）,工具软件与技术平台,表达沟通与通用办公协作,0.8,1,0,1,计算机应用 / Computer Application,通用计算机应用课程,2.037651588878423,1.6301212711027384,13,是
首都经济贸易大学,CUEB-2023-049,2023级,管理工程学院,工业工程,工业工程,JN0025,英语,英语,语言能力,供应链与物流管理,0.8,1,1,0,英语,课程名称直接出现唯一技能别名“英语”,1.0,0.8,22,否
首都经济贸易大学,CUEB-2023-049,2023级,管理工程学院,工业工程,工业工程,JN0026,数据分析,数据分析,工具软件与技术平台,人工智能与数据挖掘,0.8,1,1,0,数据分析,课程名称直接出现唯一技能别名“数据分析”,1.5798184952529422,1.2638547962023539,17,否
首都经济贸易大学,CUEB-2023-049,2023级,管理工程学院,工业工程,工业工程,JN0027,Java,Java（编程语言）,工具软件与技术平台,Java后端开发与中间件,0.8,1,1,0,java,课程名称直接出现唯一技能别名“java”,3.5257286443082556,2.8205829154466047,7,是
首都经济贸易大学,CUEB-2023-049,2023级,管理工程学院,工业工程,工业工程,JN0028,项目管理,项目管理,方法、标准与流程,表达沟通与通用办公协作,0.8,1,0,1,工程项目管理（双语） /  Project Management（Bilingual）,项目管理课程,2.7635885922613586,2.2108708738090868,11,是
首都经济贸易大学,CUEB-2023-049,2023级,管理工程学院,工业工程,工业工程,JN0035,质量管理,质量管理,方法、标准与流程,质量管理与持续改进,3.3,2,2,0,质量管理,核心课程直接出现“质量管理”；课程名称直接出现唯一技能别名“质量管理”,4.218875824868201,13.922290222065062,1,是
首都经济贸易大学,CUEB-2023-049,2023级,管理工程学院,工业工程,工业工程,JN0041,Python,Python（编程语言）,工具软件与技术平台,云计算、系统运维与DevOps,0.8,1,1,0,python,课程名称直接出现唯一技能别名“python”,1.5108256237659907,1.2086604990127927,18,否
首都经济贸易大学,CUEB-2023-049,2023级,管理工程学院,工业工程,工业工程,JN0072,统计分析,统计分析,方法、标准与流程,人工智能与数据挖掘,0.8,1,0,1,统计学概论 / Introduction to Statistics,统计方法课程,1.1880522315029396,0.9504417852023517,20,否
首都经济贸易大学,CUEB-2023-049,2023级,管理工程学院,工业工程,工业工程,JN0076,数据处理,数据处理,具体专业技能,大数据工程与数据仓库,1.0,1,1,0,数据处理,培养特色直接出现“数据处理”,2.5812670354674037,2.5812670354674037,8,是
首都经济贸易大学,CUEB-2023-049,2023级,管理工程学院,工业工程,工业工程,JN0136,成本管理,成本管理,方法、标准与流程,财务会计与税务管理,0.8,1,1,0,成本管理,课程名称直接出现唯一技能别名“成本管理”,2.9867321435755683,2.3893857148604547,9,是
首都经济贸易大学,CUEB-2023-049,2023级,管理工程学院,工业工程,工业工程,JN0185,供应链管理,供应链管理,方法、标准与流程,供应链与物流管理,0.8,1,0,1,供应链优化技术 / Supply Chain Optimization Technique,供应链课程,2.79749014393704,2.237992115149632,10,是
首都经济贸易大学,CUEB-2023-049,2023级,管理工程学院,工业工程,工业工程,JN0205,精益生产,精益生产,方法、标准与流程,质量管理与持续改进,0.8,1,1,0,lean,课程名称直接出现唯一技能别名“lean”,4.778491612803624,3.822793290242899,2,是
首都经济贸易大学,CUEB-2023-049,2023级,管理工程学院,工业工程,工业工程,JN0288,课程设计,课程设计,方法、标准与流程,表达沟通与通用办公协作,0.8,1,1,0,课程设计,课程名称直接出现唯一技能别名“课程设计”,4.085344432243678,3.2682755457949426,4,是
首都经济贸易大学,CUEB-2023-049,2023级,管理工程学院,工业工程,工业工程,JN0397,数理统计,数理统计,工具软件与技术平台,人工智能与数据挖掘,0.8,1,1,0,数理统计,课程名称直接出现唯一技能别名“数理统计”,1.2019413436636068,0.9615530749308855,19,否
首都经济贸易大学,CUEB-2023-049,2023级,管理工程学院,工业工程,工业工程,JN0690,风险管理,风险管理,专业知识与行业经验,金融风控、投资与合规,0.8,1,1,0,风险管理,课程名称直接出现唯一技能别名“风险管理”,1.916290731874155,1.533032585499324,15,否
首都经济贸易大学,CUEB-2023-049,2023级,管理工程学院,工业工程,工业工程,JN0691,财务管理,财务管理,专业知识与行业经验,财务会计与税务管理,0.8,1,1,0,财务管理,课程名称直接出现唯一技能别名“财务管理”,1.664976303593249,1.3319810428745993,16,否
首都经济贸易大学,CUEB-2023-049,2023级,管理工程学院,工业工程,工业工程,JN0771,团队合作,团队合作,非技术性能力,表达沟通与通用办公协作,2.5,2,2,0,协作能力；协作意识,培养目标直接出现“协作能力”；毕业要求直接出现“协作意识”,1.4111957828171493,3.527989457042873,3,是
首都经济贸易大学,CUEB-2023-049,2023级,管理工程学院,工业工程,工业工程,JN0779,书面表达,书面表达,非技术性能力,表达沟通与通用办公协作,0.8,1,0,1,应用写作 / Practical Writing,写作课程,1.0649195460993157,0.8519356368794526,21,否
首都经济贸易大学,CUEB-2023-049,2023级,管理工程学院,工业工程,工业工程,JN0780,诚信与职业道德,诚信与职业道德,非技术性能力,金融风控、投资与合规,1.5,1,1,0,职业道德,毕业要求直接出现“职业道德”,1.0710357731167517,1.6065536596751275,14,否
首都经济贸易大学,CUEB-2023-049,2023级,管理工程学院,工业工程,工业工程,JN0785,分析判断,分析判断,非技术性能力,组织协调与商业执行,1.0,1,1,0,分析能力,培养特色直接出现“分析能力”,2.121734706088964,2.121734706088964,12,否
首都经济贸易大学,CUEB-2023-049,2023级,管理工程学院,工业工程,工业工程,JN0788,口头表达,口头表达,非技术性能力,表达沟通与通用办公协作,1.5,1,1,0,口头表达,毕业要求直接出现“口头表达”,1.9021060968821986,2.853159145323298,6,是
首都经济贸易大学,CUEB-2023-049,2023级,管理工程学院,工业工程,工业工程,JN0790,创新能力,创新能力,非技术性能力,视觉设计与数字内容制作,2.5,2,2,0,创新能力,培养目标直接出现“创新能力”；毕业要求直接出现“创新能力”,1.2895886507223624,3.223971626805906,5,是
首都经济贸易大学,CUEB-2023-050,2023级,管理工程学院,数据科学与大数据技术（信息技术）,数据科学与大数据技术（信息技术）,JN0025,英语,英语,语言能力,供应链与物流管理,0.8,1,1,0,英语,课程名称直接出现唯一技能别名“英语”,1.0,0.8,22,否
首都经济贸易大学,CUEB-2023-050,2023级,管理工程学院,数据科学与大数据技术（信息技术）,数据科学与大数据技术（信息技术）,JN0026,数据分析,数据分析,工具软件与技术平台,人工智能与数据挖掘,3.6,4,3,1,数据分析；数据科学导论 / Introduction to Data Science,培养目标直接出现“数据分析”；培养特色直接出现“数据分析”；数据分析课程；课程名称直接出现唯一技能别名“数据分析”,1.5798184952529422,5.687346582910592,8,是
首都经济贸易大学,CUEB-2023-050,2023级,管理工程学院,数据科学与大数据技术（信息技术）,数据科学与大数据技术（信息技术）,JN0027,Java,Java（编程语言）,工具软件与技术平台,Java后端开发与中间件,3.3,2,2,0,Java；java,核心课程直接出现“Java”；课程名称直接出现唯一技能别名“java”,3.5257286443082556,11.634904526217243,2,是
首都经济贸易大学,CUEB-2023-050,2023级,管理工程学院,数据科学与大数据技术（信息技术）,数据科学与大数据技术（信息技术）,JN0041,Python,Python（编程语言）,工具软件与技术平台,云计算、系统运维与DevOps,3.3,2,2,0,Python；python,核心课程直接出现“Python”；课程名称直接出现唯一技能别名“python”,1.5108256237659907,4.985724558427769,9,是
首都经济贸易大学,CUEB-2023-050,2023级,管理工程学院,数据科学与大数据技术（信息技术）,数据科学与大数据技术（信息技术）,JN0072,统计分析,统计分析,方法、标准与流程,人工智能与数据挖掘,2.4000000000000004,3,0,3,回归分析 Regression Analysis；抽样技术与应用 Sampling technique and Application；时间序列分析 / Time Series,统计方法课程,1.1880522315029396,2.8513253556070555,12,是
首都经济贸易大学,CUEB-2023-050,2023级,管理工程学院,数据科学与大数据技术（信息技术）,数据科学与大数据技术（信息技术）,JN0076,数据处理,数据处理,具体专业技能,大数据工程与数据仓库,0.8,1,0,1,大数据预处理 / Big Data Preprocessing,数据处理课程,2.5812670354674037,2.065013628373923,17,否
首都经济贸易大学,CUEB-2023-050,2023级,管理工程学院,数据科学与大数据技术（信息技术）,数据科学与大数据技术（信息技术）,JN0143,机器学习,机器学习,方法、标准与流程,人工智能与数据挖掘,3.3,2,2,0,机器学习,核心课程直接出现“机器学习”；课程名称直接出现唯一技能别名“机器学习”,2.3361445774344194,7.709277105533584,7,是
首都经济贸易大学,CUEB-2023-050,2023级,管理工程学院,数据科学与大数据技术（信息技术）,数据科学与大数据技术（信息技术）,JN0145,数据挖掘,数据挖掘,工具软件与技术平台,人工智能与数据挖掘,3.3,2,2,0,数据挖掘,核心课程直接出现“数据挖掘”；课程名称直接出现唯一技能别名“数据挖掘”,2.4271163556401456,8.00948397361248,6,是
首都经济贸易大学,CUEB-2023-050,2023级,管理工程学院,数据科学与大数据技术（信息技术）,数据科学与大数据技术（信息技术）,JN0172,数据建模,数据建模,工具软件与技术平台,大数据工程与数据仓库,1.5,1,1,0,数据建模,毕业要求直接出现“数据建模”,2.730798769438368,4.096198154157552,10,是
首都经济贸易大学,CUEB-2023-050,2023级,管理工程学院,数据科学与大数据技术（信息技术）,数据科学与大数据技术（信息技术）,JN0174,人工智能技术,人工智能技术,具体专业技能,人工智能与数据挖掘,0.8,1,1,0,人工智能,课程名称直接出现唯一技能别名“人工智能”,1.312755710003897,1.0502045680031176,20,否
首都经济贸易大学,CUEB-2023-050,2023级,管理工程学院,数据科学与大数据技术（信息技术）,数据科学与大数据技术（信息技术）,JN0184,数据仓库,数据仓库,工具软件与技术平台,大数据工程与数据仓库,3.3,2,2,0,数据仓库,核心课程直接出现“数据仓库”；课程名称直接出现唯一技能别名“数据仓库”,3.9675613965872945,13.092952608738072,1,是
首都经济贸易大学,CUEB-2023-050,2023级,管理工程学院,数据科学与大数据技术（信息技术）,数据科学与大数据技术（信息技术）,JN0211,数据结构与算法,数据结构与算法,方法、标准与流程,网络通信与软件开发基础,0.8,1,0,1,数据结构 / Data Structure,数据结构课程,2.79749014393704,2.237992115149632,16,否
首都经济贸易大学,CUEB-2023-050,2023级,管理工程学院,数据科学与大数据技术（信息技术）,数据科学与大数据技术（信息技术）,JN0222,面向对象编程,面向对象编程,方法、标准与流程,Web前端开发,3.3,2,2,0,面向对象程序设计,核心课程直接出现“面向对象程序设计”；课程名称直接出现唯一技能别名“面向对象程序设计”,3.2744142160273495,10.805566912890253,3,是
首都经济贸易大学,CUEB-2023-050,2023级,管理工程学院,数据科学与大数据技术（信息技术）,数据科学与大数据技术（信息技术）,JN0279,自然语言处理,自然语言处理,方法、标准与流程,人工智能与数据挖掘,0.8,1,1,0,自然语言处理,课程名称直接出现唯一技能别名“自然语言处理”,3.5257286443082556,2.8205829154466047,13,否
首都经济贸易大学,CUEB-2023-050,2023级,管理工程学院,数据科学与大数据技术（信息技术）,数据科学与大数据技术（信息技术）,JN0413,算法建模,算法建模,方法、标准与流程,人工智能与数据挖掘,0.8,1,0,1,数据科学算法Algorithm in Data Science,算法课程,3.331572629867298,2.6652581038938385,14,否
首都经济贸易大学,CUEB-2023-050,2023级,管理工程学院,数据科学与大数据技术（信息技术）,数据科学与大数据技术（信息技术）,JN0540,预测模型,预测模型,方法、标准与流程,人工智能与数据挖掘,0.8,1,0,1,统计预测与决策（双语）Statistical Prediction and Decision （Bilingual）,预测方法课程,3.169053700369523,2.535242960295619,15,否
首都经济贸易大学,CUEB-2023-050,2023级,管理工程学院,数据科学与大数据技术（信息技术）,数据科学与大数据技术（信息技术）,JN0584,时间序列,时间序列,方法、标准与流程,人工智能与数据挖掘,3.3,2,2,0,时间序列,核心课程直接出现“时间序列”；课程名称直接出现唯一技能别名“时间序列”,2.8689491079191853,9.467532056133312,5,是
首都经济贸易大学,CUEB-2023-050,2023级,管理工程学院,数据科学与大数据技术（信息技术）,数据科学与大数据技术（信息技术）,JN0686,数据库技术,数据库技术,专业知识与行业经验,Java后端开发与中间件,4.1,3,3,0,数据库原理；数据库,核心课程直接出现“数据库原理”；课程名称直接出现唯一技能别名“数据库”；课程名称直接出现唯一技能别名“数据库原理”,2.3361445774344194,9.578192767481118,4,是
首都经济贸易大学,CUEB-2023-050,2023级,管理工程学院,数据科学与大数据技术（信息技术）,数据科学与大数据技术（信息技术）,JN0687,操作系统,操作系统,专业知识与行业经验,网络通信与软件开发基础,0.8,1,1,0,操作系统,课程名称直接出现唯一技能别名“操作系统”,3.9675613965872945,3.1740491172698357,11,是
首都经济贸易大学,CUEB-2023-050,2023级,管理工程学院,数据科学与大数据技术（信息技术）,数据科学与大数据技术（信息技术）,JN0771,团队合作,团队合作,非技术性能力,表达沟通与通用办公协作,1.0,1,1,0,团队协作,培养特色直接出现“团队协作”,1.4111957828171493,1.4111957828171493,19,否
首都经济贸易大学,CUEB-2023-050,2023级,管理工程学院,数据科学与大数据技术（信息技术）,数据科学与大数据技术（信息技术）,JN0779,书面表达,书面表达,非技术性能力,表达沟通与通用办公协作,0.8,1,0,1,应用写作 / Practical Writing,写作课程,1.0649195460993157,0.8519356368794526,21,否
首都经济贸易大学,CUEB-2023-050,2023级,管理工程学院,数据科学与大数据技术（信息技术）,数据科学与大数据技术（信息技术）,JN0780,诚信与职业道德,诚信与职业道德,非技术性能力,金融风控、投资与合规,1.5,1,1,0,职业道德,毕业要求直接出现“职业道德”,1.0710357731167517,1.6065536596751275,18,否
首都经济贸易大学,CUEB-2023-051,2023级,管理工程学院,计算机科学与技术,计算机科学与技术,JN0025,英语,英语,语言能力,供应链与物流管理,0.8,1,1,0,英语,课程名称直接出现唯一技能别名“英语”,1.0,0.8,30,否
首都经济贸易大学,CUEB-2023-051,2023级,管理工程学院,计算机科学与技术,计算机科学与技术,JN0027,Java,Java（编程语言）,工具软件与技术平台,Java后端开发与中间件,0.8,1,1,0,java,课程名称直接出现唯一技能别名“java”,3.5257286443082556,2.8205829154466047,18,否
首都经济贸易大学,CUEB-2023-051,2023级,管理工程学院,计算机科学与技术,计算机科学与技术,JN0029,Excel,Excel（办公软件与通用数字工具）,方法、标准与流程,表达沟通与通用办公协作,0.8,1,1,0,excel,课程名称直接出现唯一技能别名“excel”,2.1574527886910433,1.7259622309528346,26,否
首都经济贸易大学,CUEB-2023-051,2023级,管理工程学院,计算机科学与技术,计算机科学与技术,JN0041,Python,Python（编程语言）,工具软件与技术平台,云计算、系统运维与DevOps,0.8,1,1,0,python,课程名称直接出现唯一技能别名“python”,1.5108256237659907,1.2086604990127927,27,否
首都经济贸易大学,CUEB-2023-051,2023级,管理工程学院,计算机科学与技术,计算机科学与技术,JN0078,C#,C#（编程语言）,工具软件与技术平台,网络通信与软件开发基础,0.8,1,1,0,c#,课程名称直接出现唯一技能别名“c#”,4.778491612803624,3.822793290242899,10,是
首都经济贸易大学,CUEB-2023-051,2023级,管理工程学院,计算机科学与技术,计算机科学与技术,JN0079,电路设计,电路设计,方法、标准与流程,嵌入式与电子硬件开发,3.3,2,2,0,数字电路,核心课程直接出现“数字电路”；课程名称直接出现唯一技能别名“数字电路”,4.778491612803624,15.769022322251958,1,是
首都经济贸易大学,CUEB-2023-051,2023级,管理工程学院,计算机科学与技术,计算机科学与技术,JN0091,云计算,云计算,工具软件与技术平台,云计算、系统运维与DevOps,1.0,1,1,0,云计算,培养特色直接出现“云计算”,3.120263536200091,3.120263536200091,16,否
首都经济贸易大学,CUEB-2023-051,2023级,管理工程学院,计算机科学与技术,计算机科学与技术,JN0110,Hadoop,Hadoop（开发框架）,工具软件与技术平台,大数据工程与数据仓库,0.8,1,1,0,hadoop,课程名称直接出现唯一技能别名“hadoop”,4.555348061489413,3.6442784491915305,14,否
首都经济贸易大学,CUEB-2023-051,2023级,管理工程学院,计算机科学与技术,计算机科学与技术,JN0125,PHP,PHP（编程语言）,工具软件与技术平台,网络通信与软件开发基础,0.8,1,1,0,php,课程名称直接出现唯一技能别名“php”,5.0661736852554045,4.052938948204324,8,是
首都经济贸易大学,CUEB-2023-051,2023级,管理工程学院,计算机科学与技术,计算机科学与技术,JN0145,数据挖掘,数据挖掘,工具软件与技术平台,人工智能与数据挖掘,0.8,1,1,0,数据挖掘,课程名称直接出现唯一技能别名“数据挖掘”,2.4271163556401456,1.9416930845121165,24,否
首都经济贸易大学,CUEB-2023-051,2023级,管理工程学院,计算机科学与技术,计算机科学与技术,JN0155,网络编程,网络编程,工具软件与技术平台,网络通信与软件开发基础,2.5,1,1,0,网络编程,核心课程直接出现“网络编程”,5.0661736852554045,12.66543421313851,3,是
首都经济贸易大学,CUEB-2023-051,2023级,管理工程学院,计算机科学与技术,计算机科学与技术,JN0174,人工智能技术,人工智能技术,具体专业技能,人工智能与数据挖掘,6.8,5,5,0,人工智能技术；人工智能,培养目标直接出现“人工智能技术”；毕业要求直接出现“人工智能”；核心课程直接出现“人工智能”；培养特色直接出现“人工智能”；课程名称直接出现唯一技能别名“人工智能”,1.312755710003897,8.9267388280265,6,是
首都经济贸易大学,CUEB-2023-051,2023级,管理工程学院,计算机科学与技术,计算机科学与技术,JN0211,数据结构与算法,数据结构与算法,方法、标准与流程,网络通信与软件开发基础,0.8,1,0,1,数据结构 / Data Structures,数据结构课程,2.79749014393704,2.237992115149632,22,否
首都经济贸易大学,CUEB-2023-051,2023级,管理工程学院,计算机科学与技术,计算机科学与技术,JN0222,面向对象编程,面向对象编程,方法、标准与流程,Web前端开发,3.3,2,2,0,面向对象程序设计,核心课程直接出现“面向对象程序设计”；课程名称直接出现唯一技能别名“面向对象程序设计”,3.2744142160273495,10.805566912890253,4,是
首都经济贸易大学,CUEB-2023-051,2023级,管理工程学院,计算机科学与技术,计算机科学与技术,JN0256,授课,授课,方法、标准与流程,表达沟通与通用办公协作,1.0,1,1,0,课堂教学,培养特色直接出现“课堂教学”,2.4759065198095778,2.4759065198095778,21,否
首都经济贸易大学,CUEB-2023-051,2023级,管理工程学院,计算机科学与技术,计算机科学与技术,JN0310,三维建模,三维建模,方法、标准与流程,机械设计与制造,0.8,1,1,0,三维建模,课程名称直接出现唯一技能别名“三维建模”,4.778491612803624,3.822793290242899,11,是
首都经济贸易大学,CUEB-2023-051,2023级,管理工程学院,计算机科学与技术,计算机科学与技术,JN0387,动画制作,动画制作,方法、标准与流程,视觉设计与数字内容制作,0.8,1,1,0,动画制作,课程名称直接出现唯一技能别名“动画制作”,4.778491612803624,3.822793290242899,12,是
首都经济贸易大学,CUEB-2023-051,2023级,管理工程学院,计算机科学与技术,计算机科学与技术,JN0397,数理统计,数理统计,工具软件与技术平台,人工智能与数据挖掘,3.3,2,2,0,数理统计,核心课程直接出现“数理统计”；课程名称直接出现唯一技能别名“数理统计”,1.2019413436636068,3.9664064340899023,9,是
首都经济贸易大学,CUEB-2023-051,2023级,管理工程学院,计算机科学与技术,计算机科学与技术,JN0403,推荐算法,推荐算法,方法、标准与流程,人工智能与数据挖掘,0.8,1,1,0,推荐系统,课程名称直接出现唯一技能别名“推荐系统”,4.778491612803624,3.822793290242899,13,否
首都经济贸易大学,CUEB-2023-051,2023级,管理工程学院,计算机科学与技术,计算机科学与技术,JN0557,Excel高级应用,Excel高级应用（电子表格高级应用）,工具软件与技术平台,财务会计与税务管理,0.8,1,1,0,excel高级应用,课程名称直接出现唯一技能别名“excel高级应用”,2.2729656758128876,1.8183725406503102,25,否
首都经济贸易大学,CUEB-2023-051,2023级,管理工程学院,计算机科学与技术,计算机科学与技术,JN0647,论文写作,论文写作,方法、标准与流程,表达沟通与通用办公协作,0.8,1,0,1,学术写作与专业前沿 / Academic Writing and Professional Frontiers,学术写作课程,1.4734380916943703,1.1787504733554963,28,否
首都经济贸易大学,CUEB-2023-051,2023级,管理工程学院,计算机科学与技术,计算机科学与技术,JN0686,数据库技术,数据库技术,专业知识与行业经验,Java后端开发与中间件,4.1,3,3,0,数据库原理；数据库,核心课程直接出现“数据库原理”；课程名称直接出现唯一技能别名“数据库”；课程名称直接出现唯一技能别名“数据库原理”,2.3361445774344194,9.578192767481118,5,是
首都经济贸易大学,CUEB-2023-051,2023级,管理工程学院,计算机科学与技术,计算机科学与技术,JN0687,操作系统,操作系统,专业知识与行业经验,网络通信与软件开发基础,3.3,2,2,0,操作系统,核心课程直接出现“操作系统”；课程名称直接出现唯一技能别名“操作系统”,3.9675613965872945,13.092952608738072,2,是
首都经济贸易大学,CUEB-2023-051,2023级,管理工程学院,计算机科学与技术,计算机科学与技术,JN0770,沟通能力,沟通能力,非技术性能力,组织协调与商业执行,1.5,1,1,0,沟通协调,毕业要求直接出现“沟通协调”,1.7953381214564925,2.693007182184739,19,否
首都经济贸易大学,CUEB-2023-051,2023级,管理工程学院,计算机科学与技术,计算机科学与技术,JN0771,团队合作,团队合作,非技术性能力,表达沟通与通用办公协作,1.5,1,1,0,协作意识,毕业要求直接出现“协作意识”,1.4111957828171493,2.116793674225724,23,否
首都经济贸易大学,CUEB-2023-051,2023级,管理工程学院,计算机科学与技术,计算机科学与技术,JN0773,组织协调,组织协调,非技术性能力,组织协调与商业执行,1.5,1,1,0,协调能力,毕业要求直接出现“协调能力”,2.83258146374831,4.248872195622465,7,是
首都经济贸易大学,CUEB-2023-051,2023级,管理工程学院,计算机科学与技术,计算机科学与技术,JN0779,书面表达,书面表达,非技术性能力,表达沟通与通用办公协作,0.8,1,0,1,应用写作 / Practical Writing,写作课程,1.0649195460993157,0.8519356368794526,29,否
首都经济贸易大学,CUEB-2023-051,2023级,管理工程学院,计算机科学与技术,计算机科学与技术,JN0780,诚信与职业道德,诚信与职业道德,非技术性能力,金融风控、投资与合规,2.5,2,2,0,职业道德,培养目标直接出现“职业道德”；毕业要求直接出现“职业道德”,1.0710357731167517,2.677589432791879,20,否
首都经济贸易大学,CUEB-2023-051,2023级,管理工程学院,计算机科学与技术,计算机科学与技术,JN0788,口头表达,口头表达,非技术性能力,表达沟通与通用办公协作,1.5,1,1,0,口头表达,毕业要求直接出现“口头表达”,1.9021060968821986,2.853159145323298,17,否
首都经济贸易大学,CUEB-2023-051,2023级,管理工程学院,计算机科学与技术,计算机科学与技术,JN0790,创新能力,创新能力,非技术性能力,视觉设计与数字内容制作,2.5,2,2,0,创新能力,毕业要求直接出现“创新能力”；培养特色直接出现“创新能力”,1.2895886507223624,3.223971626805906,15,否
首都经济贸易大学,CUEB-2023-052,2023级,财政税务学院,税收学（税务师）,税收学（税务师）,JN0002,预算,预算,职业职能与业务活动,财务会计与税务管理,0.8,1,1,0,预算,课程名称直接出现唯一技能别名“预算”,3.8622008809294686,3.089760704743575,5,是
首都经济贸易大学,CUEB-2023-052,2023级,财政税务学院,税收学（税务师）,税收学（税务师）,JN0024,Office办公软件,Office办公软件（办公套件）,工具软件与技术平台,表达沟通与通用办公协作,0.8,1,0,1,计算机应用  / Computer Application,通用计算机应用课程,2.037651588878423,1.6301212711027384,13,是
首都经济贸易大学,CUEB-2023-052,2023级,财政税务学院,税收学（税务师）,税收学（税务师）,JN0025,英语,英语,语言能力,供应链与物流管理,2.3,2,2,0,英语,毕业要求直接出现“英语”；课程名称直接出现唯一技能别名“英语”,1.0,2.3,8,是
首都经济贸易大学,CUEB-2023-052,2023级,财政税务学院,税收学（税务师）,税收学（税务师）,JN0072,统计分析,统计分析,方法、标准与流程,人工智能与数据挖掘,1.6,2,0,2,统计学Statistics；计量经济学Econometrics,统计方法课程,1.1880522315029396,1.9008835704047033,11,是
首都经济贸易大学,CUEB-2023-052,2023级,财政税务学院,税收学（税务师）,税收学（税务师）,JN0109,会计核算,会计核算,方法、标准与流程,财务会计与税务管理,2.4000000000000004,3,0,3,会计学基础Accounting Fundamentals；财务会计学Financial Accounting；高级财务会计Advanced Financial Accounting,会计课程,1.2895886507223624,3.09501276173367,4,是
首都经济贸易大学,CUEB-2023-052,2023级,财政税务学院,税收学（税务师）,税收学（税务师）,JN0136,成本管理,成本管理,方法、标准与流程,财务会计与税务管理,0.8,1,1,0,成本管理,课程名称直接出现唯一技能别名“成本管理”,2.9867321435755683,2.3893857148604547,7,是
首都经济贸易大学,CUEB-2023-052,2023级,财政税务学院,税收学（税务师）,税收学（税务师）,JN0159,税务筹划,税务筹划,具体专业技能,财务会计与税务管理,1.0,1,1,0,税务筹划,培养目标直接出现“税务筹划”,3.392197251683733,3.392197251683733,3,是
首都经济贸易大学,CUEB-2023-052,2023级,财政税务学院,税收学（税务师）,税收学（税务师）,JN0397,数理统计,数理统计,工具软件与技术平台,人工智能与数据挖掘,0.8,1,1,0,数理统计,课程名称直接出现唯一技能别名“数理统计”,1.2019413436636068,0.9615530749308855,17,否
首都经济贸易大学,CUEB-2023-052,2023级,财政税务学院,税收学（税务师）,税收学（税务师）,JN0647,论文写作,论文写作,方法、标准与流程,表达沟通与通用办公协作,0.8,1,1,0,论文写作,课程名称直接出现唯一技能别名“论文写作”,1.4734380916943703,1.1787504733554963,16,否
首都经济贸易大学,CUEB-2023-052,2023级,财政税务学院,税收学（税务师）,税收学（税务师）,JN0686,数据库技术,数据库技术,专业知识与行业经验,Java后端开发与中间件,0.8,1,1,0,数据库,课程名称直接出现唯一技能别名“数据库”,2.3361445774344194,1.8689156619475356,12,是
首都经济贸易大学,CUEB-2023-052,2023级,财政税务学院,税收学（税务师）,税收学（税务师）,JN0690,风险管理,风险管理,专业知识与行业经验,金融风控、投资与合规,0.8,1,1,0,风险管理,课程名称直接出现唯一技能别名“风险管理”,1.916290731874155,1.533032585499324,15,否
首都经济贸易大学,CUEB-2023-052,2023级,财政税务学院,税收学（税务师）,税收学（税务师）,JN0691,财务管理,财务管理,专业知识与行业经验,财务会计与税务管理,3.3,2,2,0,财务管理,核心课程直接出现“财务管理”；课程名称直接出现唯一技能别名“财务管理”,1.664976303593249,5.4944218018577216,1,是
首都经济贸易大学,CUEB-2023-052,2023级,财政税务学院,税收学（税务师）,税收学（税务师）,JN0743,CPA,注册会计师资格（CPA）,证书与资质,财务会计与税务管理,1.0,1,1,0,注册会计师,培养特色直接出现“注册会计师”,4.218875824868201,4.218875824868201,2,否
首都经济贸易大学,CUEB-2023-052,2023级,财政税务学院,税收学（税务师）,税收学（税务师）,JN0771,团队合作,团队合作,非技术性能力,表达沟通与通用办公协作,1.5,1,1,0,团队合作,毕业要求直接出现“团队合作”,1.4111957828171493,2.116793674225724,10,是
首都经济贸易大学,CUEB-2023-052,2023级,财政税务学院,税收学（税务师）,税收学（税务师）,JN0779,书面表达,书面表达,非技术性能力,表达沟通与通用办公协作,0.8,1,0,1,应用写作 / Practical Writing,写作课程,1.0649195460993157,0.8519356368794526,18,否
首都经济贸易大学,CUEB-2023-052,2023级,财政税务学院,税收学（税务师）,税收学（税务师）,JN0780,诚信与职业道德,诚信与职业道德,非技术性能力,金融风控、投资与合规,1.5,1,1,0,职业道德,毕业要求直接出现“职业道德”,1.0710357731167517,1.6065536596751275,14,否
首都经济贸易大学,CUEB-2023-052,2023级,财政税务学院,税收学（税务师）,税收学（税务师）,JN0785,分析判断,分析判断,非技术性能力,组织协调与商业执行,1.0,1,1,0,分析能力,培养目标直接出现“分析能力”,2.121734706088964,2.121734706088964,9,是
首都经济贸易大学,CUEB-2023-052,2023级,财政税务学院,税收学（税务师）,税收学（税务师）,JN0790,创新能力,创新能力,非技术性能力,视觉设计与数字内容制作,2.0,2,2,0,创新能力,培养目标直接出现“创新能力”；培养特色直接出现“创新能力”,1.2895886507223624,2.579177301444725,6,是
首都经济贸易大学,CUEB-2023-053,2023级,财政税务学院,财政学（实验班）,财政学（实验班）,JN0002,预算,预算,职业职能与业务活动,财务会计与税务管理,3.3,2,2,0,预算,核心课程直接出现“预算”；课程名称直接出现唯一技能别名“预算”,3.8622008809294686,12.745262907067245,1,是
首都经济贸易大学,CUEB-2023-053,2023级,财政税务学院,财政学（实验班）,财政学（实验班）,JN0024,Office办公软件,Office办公软件（办公套件）,工具软件与技术平台,表达沟通与通用办公协作,0.8,1,0,1,计算机应用  / Computer Application,通用计算机应用课程,2.037651588878423,1.6301212711027384,11,是
首都经济贸易大学,CUEB-2023-053,2023级,财政税务学院,财政学（实验班）,财政学（实验班）,JN0025,英语,英语,语言能力,供应链与物流管理,1.8,2,2,0,英语,培养特色直接出现“英语”；课程名称直接出现唯一技能别名“英语”,1.0,1.8,10,是
首都经济贸易大学,CUEB-2023-053,2023级,财政税务学院,财政学（实验班）,财政学（实验班）,JN0072,统计分析,统计分析,方法、标准与流程,人工智能与数据挖掘,1.6,2,0,2,统计学Statistics；计量经济学Econometrics,统计方法课程,1.1880522315029396,1.9008835704047033,8,是
首都经济贸易大学,CUEB-2023-053,2023级,财政税务学院,财政学（实验班）,财政学（实验班）,JN0109,会计核算,会计核算,方法、标准与流程,财务会计与税务管理,1.6,2,0,2,会计学基础Accounting Fundamentals；财务会计学Financial Accounting,会计课程,1.2895886507223624,2.06334184115578,6,是
首都经济贸易大学,CUEB-2023-053,2023级,财政税务学院,财政学（实验班）,财政学（实验班）,JN0136,成本管理,成本管理,方法、标准与流程,财务会计与税务管理,0.8,1,1,0,成本管理,课程名称直接出现唯一技能别名“成本管理”,2.9867321435755683,2.3893857148604547,4,是
首都经济贸易大学,CUEB-2023-053,2023级,财政税务学院,财政学（实验班）,财政学（实验班）,JN0256,授课,授课,方法、标准与流程,表达沟通与通用办公协作,1.0,1,1,0,授课,培养特色直接出现“授课”,2.4759065198095778,2.4759065198095778,3,是
首都经济贸易大学,CUEB-2023-053,2023级,财政税务学院,财政学（实验班）,财政学（实验班）,JN0397,数理统计,数理统计,工具软件与技术平台,人工智能与数据挖掘,0.8,1,1,0,数理统计,课程名称直接出现唯一技能别名“数理统计”,1.2019413436636068,0.9615530749308855,15,否
首都经济贸易大学,CUEB-2023-053,2023级,财政税务学院,财政学（实验班）,财政学（实验班）,JN0647,论文写作,论文写作,方法、标准与流程,表达沟通与通用办公协作,0.8,1,1,0,论文写作,课程名称直接出现唯一技能别名“论文写作”,1.4734380916943703,1.1787504733554963,14,否
首都经济贸易大学,CUEB-2023-053,2023级,财政税务学院,财政学（实验班）,财政学（实验班）,JN0686,数据库技术,数据库技术,专业知识与行业经验,Java后端开发与中间件,0.8,1,1,0,数据库,课程名称直接出现唯一技能别名“数据库”,2.3361445774344194,1.8689156619475356,9,是
首都经济贸易大学,CUEB-2023-053,2023级,财政税务学院,财政学（实验班）,财政学（实验班）,JN0690,风险管理,风险管理,专业知识与行业经验,金融风控、投资与合规,0.8,1,1,0,风险管理,课程名称直接出现唯一技能别名“风险管理”,1.916290731874155,1.533032585499324,13,否
首都经济贸易大学,CUEB-2023-053,2023级,财政税务学院,财政学（实验班）,财政学（实验班）,JN0691,财务管理,财务管理,专业知识与行业经验,财务会计与税务管理,4.3,3,3,0,财务管理,培养目标直接出现“财务管理”；核心课程直接出现“财务管理”；课程名称直接出现唯一技能别名“财务管理”,1.664976303593249,7.15939810545097,2,是
首都经济贸易大学,CUEB-2023-053,2023级,财政税务学院,财政学（实验班）,财政学（实验班）,JN0771,团队合作,团队合作,非技术性能力,表达沟通与通用办公协作,1.5,1,1,0,协作意识,毕业要求直接出现“协作意识”,1.4111957828171493,2.116793674225724,5,是
首都经济贸易大学,CUEB-2023-053,2023级,财政税务学院,财政学（实验班）,财政学（实验班）,JN0779,书面表达,书面表达,非技术性能力,表达沟通与通用办公协作,0.8,1,0,1,应用写作 / Practical Writing,写作课程,1.0649195460993157,0.8519356368794526,16,否
首都经济贸易大学,CUEB-2023-053,2023级,财政税务学院,财政学（实验班）,财政学（实验班）,JN0780,诚信与职业道德,诚信与职业道德,非技术性能力,金融风控、投资与合规,1.5,1,1,0,职业道德,毕业要求直接出现“职业道德”,1.0710357731167517,1.6065536596751275,12,是
首都经济贸易大学,CUEB-2023-053,2023级,财政税务学院,财政学（实验班）,财政学（实验班）,JN0790,创新能力,创新能力,非技术性能力,视觉设计与数字内容制作,1.5,1,1,0,创新能力,毕业要求直接出现“创新能力”,1.2895886507223624,1.9343829760835436,7,是
首都经济贸易大学,CUEB-2023-054,2023级,财政税务学院,资产评估（评估师）,资产评估（评估师）,JN0024,Office办公软件,Office办公软件（办公套件）,工具软件与技术平台,表达沟通与通用办公协作,0.8,1,0,1,计算机应用  / Computer Application,通用计算机应用课程,2.037651588878423,1.6301212711027384,13,是
首都经济贸易大学,CUEB-2023-054,2023级,财政税务学院,资产评估（评估师）,资产评估（评估师）,JN0025,英语,英语,语言能力,供应链与物流管理,0.8,1,1,0,英语,课程名称直接出现唯一技能别名“英语”,1.0,0.8,17,否
首都经济贸易大学,CUEB-2023-054,2023级,财政税务学院,资产评估（评估师）,资产评估（评估师）,JN0072,统计分析,统计分析,方法、标准与流程,人工智能与数据挖掘,1.6,2,0,2,统计学 Statistics；计量经济学  /  Econometrics,统计方法课程,1.1880522315029396,1.9008835704047033,10,是
首都经济贸易大学,CUEB-2023-054,2023级,财政税务学院,资产评估（评估师）,资产评估（评估师）,JN0108,财务报表,财务报表,具体专业技能,财务会计与税务管理,4.1,3,3,0,财务报表；报表分析,核心课程直接出现“财务报表”；课程名称直接出现唯一技能别名“财务报表”；课程名称直接出现唯一技能别名“报表分析”,3.9675613965872945,16.267001726007905,1,是
首都经济贸易大学,CUEB-2023-054,2023级,财政税务学院,资产评估（评估师）,资产评估（评估师）,JN0109,会计核算,会计核算,方法、标准与流程,财务会计与税务管理,1.6,2,0,2,会计学基础 Essentials of Accounting；财务会计学 Financial Accounting,会计课程,1.2895886507223624,2.06334184115578,8,是
首都经济贸易大学,CUEB-2023-054,2023级,财政税务学院,资产评估（评估师）,资产评估（评估师）,JN0136,成本管理,成本管理,方法、标准与流程,财务会计与税务管理,0.8,1,1,0,成本管理,课程名称直接出现唯一技能别名“成本管理”,2.9867321435755683,2.3893857148604547,6,是
首都经济贸易大学,CUEB-2023-054,2023级,财政税务学院,资产评估（评估师）,资产评估（评估师）,JN0258,法律法规知识,法律法规知识,方法、标准与流程,金融风控、投资与合规,0.8,1,0,1,经济法 Economic Law,法规课程,2.139434283188365,1.711547426550692,12,是
首都经济贸易大学,CUEB-2023-054,2023级,财政税务学院,资产评估（评估师）,资产评估（评估师）,JN0365,文献检索,文献检索,方法、标准与流程,医药研发与药事管理,1.5,1,1,0,文献检索,毕业要求直接出现“文献检索”,3.2744142160273495,4.9116213240410245,3,是
首都经济贸易大学,CUEB-2023-054,2023级,财政税务学院,资产评估（评估师）,资产评估（评估师）,JN0397,数理统计,数理统计,工具软件与技术平台,人工智能与数据挖掘,0.8,1,1,0,数理统计,课程名称直接出现唯一技能别名“数理统计”,1.2019413436636068,0.9615530749308855,15,否
首都经济贸易大学,CUEB-2023-054,2023级,财政税务学院,资产评估（评估师）,资产评估（评估师）,JN0686,数据库技术,数据库技术,专业知识与行业经验,Java后端开发与中间件,0.8,1,1,0,数据库,课程名称直接出现唯一技能别名“数据库”,2.3361445774344194,1.8689156619475356,11,是
首都经济贸易大学,CUEB-2023-054,2023级,财政税务学院,资产评估（评估师）,资产评估（评估师）,JN0690,风险管理,风险管理,专业知识与行业经验,金融风控、投资与合规,0.8,1,1,0,风险管理,课程名称直接出现唯一技能别名“风险管理”,1.916290731874155,1.533032585499324,14,否
首都经济贸易大学,CUEB-2023-054,2023级,财政税务学院,资产评估（评估师）,资产评估（评估师）,JN0691,财务管理,财务管理,专业知识与行业经验,财务会计与税务管理,3.3,2,2,0,财务管理,核心课程直接出现“财务管理”；课程名称直接出现唯一技能别名“财务管理”,1.664976303593249,5.4944218018577216,2,是
首都经济贸易大学,CUEB-2023-054,2023级,财政税务学院,资产评估（评估师）,资产评估（评估师）,JN0771,团队合作,团队合作,非技术性能力,表达沟通与通用办公协作,1.5,1,1,0,协作意识,毕业要求直接出现“协作意识”,1.4111957828171493,2.116793674225724,7,是
首都经济贸易大学,CUEB-2023-054,2023级,财政税务学院,资产评估（评估师）,资产评估（评估师）,JN0779,书面表达,书面表达,非技术性能力,表达沟通与通用办公协作,0.8,1,0,1,应用写作 / Practical Writing,写作课程,1.0649195460993157,0.8519356368794526,16,否
首都经济贸易大学,CUEB-2023-054,2023级,财政税务学院,资产评估（评估师）,资产评估（评估师）,JN0780,诚信与职业道德,诚信与职业道德,非技术性能力,金融风控、投资与合规,2.5,2,2,0,职业道德,毕业要求直接出现“职业道德”；培养特色直接出现“职业道德”,1.0710357731167517,2.677589432791879,5,是
首都经济贸易大学,CUEB-2023-054,2023级,财政税务学院,资产评估（评估师）,资产评估（评估师）,JN0788,口头表达,口头表达,非技术性能力,表达沟通与通用办公协作,1.5,1,1,0,口头表达,毕业要求直接出现“口头表达”,1.9021060968821986,2.853159145323298,4,是
首都经济贸易大学,CUEB-2023-054,2023级,财政税务学院,资产评估（评估师）,资产评估（评估师）,JN0790,创新能力,创新能力,非技术性能力,视觉设计与数字内容制作,1.5,1,1,0,创新能力,毕业要求直接出现“创新能力”,1.2895886507223624,1.9343829760835436,9,否
首都经济贸易大学,CUEB-2023-055,2023级,法学院,法学,法学,JN0024,Office办公软件,Office办公软件（办公套件）,工具软件与技术平台,表达沟通与通用办公协作,0.8,1,0,1,计算机应用  / Computer Application,通用计算机应用课程,2.037651588878423,1.6301212711027384,10,是
首都经济贸易大学,CUEB-2023-055,2023级,法学院,法学,法学,JN0025,英语,英语,语言能力,供应链与物流管理,0.8,1,1,0,英语,课程名称直接出现唯一技能别名“英语”,1.0,0.8,15,否
首都经济贸易大学,CUEB-2023-055,2023级,法学院,法学,法学,JN0029,Excel,Excel（办公软件与通用数字工具）,方法、标准与流程,表达沟通与通用办公协作,0.8,1,1,0,excel,课程名称直接出现唯一技能别名“excel”,2.1574527886910433,1.7259622309528346,9,是
首都经济贸易大学,CUEB-2023-055,2023级,法学院,法学,法学,JN0109,会计核算,会计核算,方法、标准与流程,财务会计与税务管理,0.8,1,0,1,会计学 Accounting,会计课程,1.2895886507223624,1.03167092057789,13,否
首都经济贸易大学,CUEB-2023-055,2023级,法学院,法学,法学,JN0256,授课,授课,方法、标准与流程,表达沟通与通用办公协作,1.0,1,1,0,课堂教学,培养特色直接出现“课堂教学”,2.4759065198095778,2.4759065198095778,7,是
首都经济贸易大学,CUEB-2023-055,2023级,法学院,法学,法学,JN0258,法律法规知识,法律法规知识,方法、标准与流程,金融风控、投资与合规,4.800000000000001,6,0,6,商法（总论与公司法）Commercial Law（General and Company Law）；经济法（总论与竞争法）Economic Law: General introduction & Competition Law；金融法 / Financial Law；国际经济法（双语） / International Economic Law（Bilingual）；海商法Maritime Law；国际商法（英语） / International Business Law（english）,法规课程,2.139434283188365,10.269284559304152,3,是
首都经济贸易大学,CUEB-2023-055,2023级,法学院,法学,法学,JN0557,Excel高级应用,Excel高级应用（电子表格高级应用）,工具软件与技术平台,财务会计与税务管理,0.8,1,1,0,excel高级应用,课程名称直接出现唯一技能别名“excel高级应用”,2.2729656758128876,1.8183725406503102,8,是
首都经济贸易大学,CUEB-2023-055,2023级,法学院,法学,法学,JN0647,论文写作,论文写作,方法、标准与流程,表达沟通与通用办公协作,0.8,1,1,0,论文写作,课程名称直接出现唯一技能别名“论文写作”,1.4734380916943703,1.1787504733554963,12,是
首都经济贸易大学,CUEB-2023-055,2023级,法学院,法学,法学,JN0694,知识产权,知识产权,专业知识与行业经验,医药研发与药事管理,3.3,2,2,0,知识产权,核心课程直接出现“知识产权”；课程名称直接出现唯一技能别名“知识产权”,4.373026504695459,14.430987465495015,1,是
首都经济贸易大学,CUEB-2023-055,2023级,法学院,法学,法学,JN0710,财税法规,财税法规,专业知识与行业经验,财务会计与税务管理,2.4000000000000004,3,0,3,国际税法（英语）International Tax Law（English)；财税法Finance and Tax Law；财税法经典案例评析Analysis of Tax Law Cases,税法课程,3.0292917579943643,7.270300219186476,4,是
首都经济贸易大学,CUEB-2023-055,2023级,法学院,法学,法学,JN0716,诉讼,诉讼,专业知识与行业经验,金融风控、投资与合规,3.3,2,2,0,诉讼,核心课程直接出现“诉讼”；课程名称直接出现唯一技能别名“诉讼”,4.373026504695459,14.430987465495015,2,是
首都经济贸易大学,CUEB-2023-055,2023级,法学院,法学,法学,JN0775,学习能力,学习能力,非技术性能力,表达沟通与通用办公协作,1.5,1,1,0,自主学习能力,毕业要求直接出现“自主学习能力”,1.7221347174331973,2.583202076149796,6,是
首都经济贸易大学,CUEB-2023-055,2023级,法学院,法学,法学,JN0779,书面表达,书面表达,非技术性能力,表达沟通与通用办公协作,0.8,1,0,1,应用写作Practical Writing,写作课程,1.0649195460993157,0.8519356368794526,14,否
首都经济贸易大学,CUEB-2023-055,2023级,法学院,法学,法学,JN0780,诚信与职业道德,诚信与职业道德,非技术性能力,金融风控、投资与合规,1.5,1,1,0,职业道德,毕业要求直接出现“职业道德”,1.0710357731167517,1.6065536596751275,11,是
首都经济贸易大学,CUEB-2023-055,2023级,法学院,法学,法学,JN0790,创新能力,创新能力,非技术性能力,视觉设计与数字内容制作,2.5,2,2,0,创新意识；创新能力,毕业要求直接出现“创新意识”；培养特色直接出现“创新能力”,1.2895886507223624,3.223971626805906,5,是
首都经济贸易大学,CUEB-2024-056,2024级,金融学院,金融科技,2024级金融科技培养方案,JN0025,英语,英语,语言能力,供应链与物流管理,1.6,1,1,0,英语,课程名称直接出现唯一技能别名“英语”,1.0,1.6,32,否
首都经济贸易大学,CUEB-2024-056,2024级,金融学院,金融科技,2024级金融科技培养方案,JN0026,数据分析,数据分析,工具软件与技术平台,人工智能与数据挖掘,0.8,1,0,1,数据科学导论 Introduction to Data Science,数据分析课程,1.5798184952529422,1.2638547962023539,34,否
首都经济贸易大学,CUEB-2024-056,2024级,金融学院,金融科技,2024级金融科技培养方案,JN0041,Python,Python（编程语言）,工具软件与技术平台,云计算、系统运维与DevOps,1.5,1,1,0,Python,毕业要求直接出现“Python”,1.5108256237659907,2.266238435648986,26,否
首都经济贸易大学,CUEB-2024-056,2024级,金融学院,金融科技,2024级金融科技培养方案,JN0050,C++,C++（编程语言）,工具软件与技术平台,网络通信与软件开发基础,1.5,1,1,0,C/C++,毕业要求直接出现“C/C++”,5.471638793363569,8.207458190045354,6,是
首都经济贸易大学,CUEB-2024-056,2024级,金融学院,金融科技,2024级金融科技培养方案,JN0063,招聘,招聘,方法、标准与流程,人力资源与行政管理,1.0,1,1,0,招聘,培养特色直接出现“招聘”,3.456735772821304,3.456735772821304,15,否
首都经济贸易大学,CUEB-2024-056,2024级,金融学院,金融科技,2024级金融科技培养方案,JN0065,网络安全,网络安全,工具软件与技术平台,网络运维与信息安全,0.8,1,1,0,信息安全,课程名称直接出现唯一技能别名“信息安全”,3.8622008809294686,3.089760704743575,18,否
首都经济贸易大学,CUEB-2024-056,2024级,金融学院,金融科技,2024级金融科技培养方案,JN0072,统计分析,统计分析,方法、标准与流程,人工智能与数据挖掘,0.8,1,0,1,统计学 / statistics,统计方法课程,1.1880522315029396,0.9504417852023517,37,否
首都经济贸易大学,CUEB-2024-056,2024级,金融学院,金融科技,2024级金融科技培养方案,JN0076,数据处理,数据处理,具体专业技能,大数据工程与数据仓库,1.0,1,1,0,数据处理,培养特色直接出现“数据处理”,2.5812670354674037,2.5812670354674037,23,否
首都经济贸易大学,CUEB-2024-056,2024级,金融学院,金融科技,2024级金融科技培养方案,JN0104,C语言,C语言（编程语言）,工具软件与技术平台,嵌入式与电子硬件开发,1.6,1,1,0,c语言,课程名称直接出现唯一技能别名“c语言”,3.169053700369523,5.070485920591238,11,是
首都经济贸易大学,CUEB-2024-056,2024级,金融学院,金融科技,2024级金融科技培养方案,JN0109,会计核算,会计核算,方法、标准与流程,财务会计与税务管理,0.8,1,0,1,会计学 / Accounting,会计课程,1.2895886507223624,1.03167092057789,36,否
首都经济贸易大学,CUEB-2024-056,2024级,金融学院,金融科技,2024级金融科技培养方案,JN0143,机器学习,机器学习,方法、标准与流程,人工智能与数据挖掘,3.3,2,2,0,机器学习,核心课程直接出现“机器学习”；课程名称直接出现唯一技能别名“机器学习”,2.3361445774344194,7.709277105533584,8,是
首都经济贸易大学,CUEB-2024-056,2024级,金融学院,金融科技,2024级金融科技培养方案,JN0172,数据建模,数据建模,工具软件与技术平台,大数据工程与数据仓库,0.8,1,0,1,金融建模 / Financial modeling,建模课程,2.730798769438368,2.1846390155506947,27,否
首都经济贸易大学,CUEB-2024-056,2024级,金融学院,金融科技,2024级金融科技培养方案,JN0174,人工智能技术,人工智能技术,具体专业技能,人工智能与数据挖掘,7.4,5,5,0,人工智能；ai,培养目标直接出现“人工智能”；毕业要求直接出现“人工智能”；核心课程直接出现“人工智能”；课程名称直接出现唯一技能别名“人工智能”；课程名称直接出现唯一技能别名“ai”,1.312755710003897,9.714392254028837,5,是
首都经济贸易大学,CUEB-2024-056,2024级,金融学院,金融科技,2024级金融科技培养方案,JN0197,深度学习,深度学习,方法、标准与流程,人工智能与数据挖掘,3.3,2,2,0,深度学习,核心课程直接出现“深度学习”；课程名称直接出现唯一技能别名“深度学习”,3.5257286443082556,11.634904526217243,2,是
首都经济贸易大学,CUEB-2024-056,2024级,金融学院,金融科技,2024级金融科技培养方案,JN0222,面向对象编程,面向对象编程,方法、标准与流程,Web前端开发,0.8,1,1,0,面向对象编程,课程名称直接出现唯一技能别名“面向对象编程”,3.2744142160273495,2.61953137282188,21,否
首都经济贸易大学,CUEB-2024-056,2024级,金融学院,金融科技,2024级金融科技培养方案,JN0256,授课,授课,方法、标准与流程,表达沟通与通用办公协作,1.0,1,1,0,课堂教学,培养特色直接出现“课堂教学”,2.4759065198095778,2.4759065198095778,25,否
首都经济贸易大学,CUEB-2024-056,2024级,金融学院,金融科技,2024级金融科技培养方案,JN0272,PostgreSQL,PostgreSQL（数据库与数据工程）,工具软件与技术平台,Java后端开发与中间件,1.5,1,1,0,PostgreSQL,毕业要求直接出现“PostgreSQL”,5.471638793363569,8.207458190045354,7,是
首都经济贸易大学,CUEB-2024-056,2024级,金融学院,金融科技,2024级金融科技培养方案,JN0278,计算机视觉,计算机视觉,方法、标准与流程,人工智能与数据挖掘,3.3,2,2,0,计算机视觉,核心课程直接出现“计算机视觉”；课程名称直接出现唯一技能别名“计算机视觉”,4.555348061489413,15.032648602915062,1,是
首都经济贸易大学,CUEB-2024-056,2024级,金融学院,金融科技,2024级金融科技培养方案,JN0279,自然语言处理,自然语言处理,方法、标准与流程,人工智能与数据挖掘,3.3,2,2,0,自然语言处理,核心课程直接出现“自然语言处理”；课程名称直接出现唯一技能别名“自然语言处理”,3.5257286443082556,11.634904526217243,3,是
首都经济贸易大学,CUEB-2024-056,2024级,金融学院,金融科技,2024级金融科技培养方案,JN0356,PyTorch,PyTorch（开发框架）,工具软件与技术平台,人工智能与数据挖掘,1.5,1,1,0,PyTorch,毕业要求直接出现“PyTorch”,5.0661736852554045,7.599260527883107,9,是
首都经济贸易大学,CUEB-2024-056,2024级,金融学院,金融科技,2024级金融科技培养方案,JN0397,数理统计,数理统计,工具软件与技术平台,人工智能与数据挖掘,1.6,1,1,0,数理统计,课程名称直接出现唯一技能别名“数理统计”,1.2019413436636068,1.923106149861771,29,否
首都经济贸易大学,CUEB-2024-056,2024级,金融学院,金融科技,2024级金融科技培养方案,JN0413,算法建模,算法建模,方法、标准与流程,人工智能与数据挖掘,0.8,1,0,1,金融智能芯片与算法设计AI Chips with Theories and Applications,算法课程,3.331572629867298,2.6652581038938385,20,否
首都经济贸易大学,CUEB-2024-056,2024级,金融学院,金融科技,2024级金融科技培养方案,JN0647,论文写作,论文写作,方法、标准与流程,表达沟通与通用办公协作,0.8,1,1,0,论文写作,课程名称直接出现唯一技能别名“论文写作”,1.4734380916943703,1.1787504733554963,35,否
首都经济贸易大学,CUEB-2024-056,2024级,金融学院,金融科技,2024级金融科技培养方案,JN0686,数据库技术,数据库技术,专业知识与行业经验,Java后端开发与中间件,4.8,3,3,0,数据库,毕业要求直接出现“数据库”；核心课程直接出现“数据库”；课程名称直接出现唯一技能别名“数据库”,2.3361445774344194,11.213493971685212,4,是
首都经济贸易大学,CUEB-2024-056,2024级,金融学院,金融科技,2024级金融科技培养方案,JN0687,操作系统,操作系统,专业知识与行业经验,网络通信与软件开发基础,0.8,1,1,0,操作系统,课程名称直接出现唯一技能别名“操作系统”,3.9675613965872945,3.1740491172698357,17,否
首都经济贸易大学,CUEB-2024-056,2024级,金融学院,金融科技,2024级金融科技培养方案,JN0690,风险管理,风险管理,专业知识与行业经验,金融风控、投资与合规,2.6,3,1,2,风险管理；金融风险测度与管理（双语）Financial Risk Measurement and Management（Bilingual）；金融风险分析师专题（双语）FRM（Bilingual）,培养特色直接出现“风险管理”；风险管理课程,1.916290731874155,4.982355902872803,12,是
首都经济贸易大学,CUEB-2024-056,2024级,金融学院,金融科技,2024级金融科技培养方案,JN0691,财务管理,财务管理,专业知识与行业经验,财务会计与税务管理,0.8,1,0,1,公司金融（双语）Corporate Finance （Bilingual）,财务管理课程,1.664976303593249,1.3319810428745993,33,否
首都经济贸易大学,CUEB-2024-056,2024级,金融学院,金融科技,2024级金融科技培养方案,JN0763,FRM,FRM（证书资质）,证书与资质,金融风控、投资与合规,0.8,1,1,0,frm,课程名称直接出现唯一技能别名“frm”,3.120263536200091,2.496210828960073,24,否
首都经济贸易大学,CUEB-2024-056,2024级,金融学院,金融科技,2024级金融科技培养方案,JN0770,沟通能力,沟通能力,非技术性能力,组织协调与商业执行,1.5,1,1,0,沟通协调,毕业要求直接出现“沟通协调”,1.7953381214564925,2.693007182184739,19,否
首都经济贸易大学,CUEB-2024-056,2024级,金融学院,金融科技,2024级金融科技培养方案,JN0773,组织协调,组织协调,非技术性能力,组织协调与商业执行,1.5,1,1,0,协调能力,毕业要求直接出现“协调能力”,2.83258146374831,4.248872195622465,13,否
首都经济贸易大学,CUEB-2024-056,2024级,金融学院,金融科技,2024级金融科技培养方案,JN0775,学习能力,学习能力,非技术性能力,表达沟通与通用办公协作,1.5,1,1,0,自主学习能力,毕业要求直接出现“自主学习能力”,1.7221347174331973,2.583202076149796,22,否
首都经济贸易大学,CUEB-2024-056,2024级,金融学院,金融科技,2024级金融科技培养方案,JN0779,书面表达,书面表达,非技术性能力,表达沟通与通用办公协作,1.6,1,0,1,应用写作 / Practical Writing,写作课程,1.0649195460993157,1.7038712737589052,30,否
首都经济贸易大学,CUEB-2024-056,2024级,金融学院,金融科技,2024级金融科技培养方案,JN0780,诚信与职业道德,诚信与职业道德,非技术性能力,金融风控、投资与合规,1.5,1,1,0,职业道德,毕业要求直接出现“职业道德”,1.0710357731167517,1.6065536596751275,31,否
首都经济贸易大学,CUEB-2024-056,2024级,金融学院,金融科技,2024级金融科技培养方案,JN0785,分析判断,分析判断,非技术性能力,组织协调与商业执行,1.5,1,1,0,分析能力,毕业要求直接出现“分析能力”,2.121734706088964,3.1826020591334463,16,否
首都经济贸易大学,CUEB-2024-056,2024级,金融学院,金融科技,2024级金融科技培养方案,JN0786,管理能力,管理能力,非技术性能力,组织协调与商业执行,1.5,1,1,0,管理能力,毕业要求直接出现“管理能力”,2.730798769438368,4.096198154157552,14,否
首都经济贸易大学,CUEB-2024-056,2024级,金融学院,金融科技,2024级金融科技培养方案,JN0790,创新能力,创新能力,非技术性能力,视觉设计与数字内容制作,1.5,1,1,0,创新能力,毕业要求直接出现“创新能力”,1.2895886507223624,1.9343829760835436,28,否
首都经济贸易大学,CUEB-2024-056,2024级,金融学院,金融科技,2024级金融科技培养方案,JN0811,战略思维,战略思维,非技术性能力,组织协调与商业执行,1.5,1,1,0,战略思维,毕业要求直接出现“战略思维”,3.8622008809294686,5.793301321394203,10,是
首都经济贸易大学,CUEB-2024-057,2024级,金融学院,保险学（保险精算）,保险学（保险精算）,JN0025,英语,英语,语言能力,供应链与物流管理,0.8,1,1,0,英语,课程名称直接出现唯一技能别名“英语”,1.0,0.8,23,否
首都经济贸易大学,CUEB-2024-057,2024级,金融学院,保险学（保险精算）,保险学（保险精算）,JN0041,Python,Python（编程语言）,工具软件与技术平台,云计算、系统运维与DevOps,2.3,2,2,0,Python；python,毕业要求直接出现“Python”；课程名称直接出现唯一技能别名“python”,1.5108256237659907,3.4748989346617782,5,是
首都经济贸易大学,CUEB-2024-057,2024级,金融学院,保险学（保险精算）,保险学（保险精算）,JN0072,统计分析,统计分析,方法、标准与流程,人工智能与数据挖掘,0.8,1,0,1,统计学 / Statistics,统计方法课程,1.1880522315029396,0.9504417852023517,21,否
首都经济贸易大学,CUEB-2024-057,2024级,金融学院,保险学（保险精算）,保险学（保险精算）,JN0109,会计核算,会计核算,方法、标准与流程,财务会计与税务管理,0.8,1,0,1,会计学 / Accounting,会计课程,1.2895886507223624,1.03167092057789,19,否
首都经济贸易大学,CUEB-2024-057,2024级,金融学院,保险学（保险精算）,保险学（保险精算）,JN0145,数据挖掘,数据挖掘,工具软件与技术平台,人工智能与数据挖掘,0.8,1,1,0,数据挖掘,课程名称直接出现唯一技能别名“数据挖掘”,2.4271163556401456,1.9416930845121165,14,是
首都经济贸易大学,CUEB-2024-057,2024级,金融学院,保险学（保险精算）,保险学（保险精算）,JN0172,数据建模,数据建模,工具软件与技术平台,大数据工程与数据仓库,0.8,1,0,1,金融建模 / Financial Modelling,建模课程,2.730798769438368,2.1846390155506947,13,是
首都经济贸易大学,CUEB-2024-057,2024级,金融学院,保险学（保险精算）,保险学（保险精算）,JN0174,人工智能技术,人工智能技术,具体专业技能,人工智能与数据挖掘,0.8,1,1,0,人工智能,课程名称直接出现唯一技能别名“人工智能”,1.312755710003897,1.0502045680031176,18,是
首都经济贸易大学,CUEB-2024-057,2024级,金融学院,保险学（保险精算）,保险学（保险精算）,JN0335,SPSS,SPSS（办公软件与通用数字工具）,方法、标准与流程,人工智能与数据挖掘,1.5,1,1,0,SPSS,毕业要求直接出现“SPSS”,4.778491612803624,7.1677374192054355,2,是
首都经济贸易大学,CUEB-2024-057,2024级,金融学院,保险学（保险精算）,保险学（保险精算）,JN0397,数理统计,数理统计,工具软件与技术平台,人工智能与数据挖掘,0.8,1,1,0,数理统计,课程名称直接出现唯一技能别名“数理统计”,1.2019413436636068,0.9615530749308855,20,否
首都经济贸易大学,CUEB-2024-057,2024级,金融学院,保险学（保险精算）,保险学（保险精算）,JN0524,精算,精算,具体专业技能,金融风控、投资与合规,6.0,4,4,0,精算,培养目标直接出现“精算”；毕业要求直接出现“精算”；核心课程直接出现“精算”；培养特色直接出现“精算”,4.218875824868201,25.313254949209206,1,是
首都经济贸易大学,CUEB-2024-057,2024级,金融学院,保险学（保险精算）,保险学（保险精算）,JN0647,论文写作,论文写作,方法、标准与流程,表达沟通与通用办公协作,0.8,1,1,0,论文写作,课程名称直接出现唯一技能别名“论文写作”,1.4734380916943703,1.1787504733554963,17,是
首都经济贸易大学,CUEB-2024-057,2024级,金融学院,保险学（保险精算）,保险学（保险精算）,JN0690,风险管理,风险管理,专业知识与行业经验,金融风控、投资与合规,1.6,2,1,1,风险管理；金融风险分析师专题（双语）FRM（Bilingual）,课程名称直接出现唯一技能别名“风险管理”；风险管理课程,1.916290731874155,3.066065170998648,7,是
首都经济贸易大学,CUEB-2024-057,2024级,金融学院,保险学（保险精算）,保险学（保险精算）,JN0691,财务管理,财务管理,专业知识与行业经验,财务会计与税务管理,1.6,2,1,1,公司金融 / Corporate Finance；财务管理,财务管理课程；课程名称直接出现唯一技能别名“财务管理”,1.664976303593249,2.6639620857491986,9,是
首都经济贸易大学,CUEB-2024-057,2024级,金融学院,保险学（保险精算）,保险学（保险精算）,JN0755,CFA,特许金融分析师资格（CFA）,证书与资质,金融风控、投资与合规,0.8,1,1,0,cfa,课程名称直接出现唯一技能别名“cfa”,3.169053700369523,2.535242960295619,10,否
首都经济贸易大学,CUEB-2024-057,2024级,金融学院,保险学（保险精算）,保险学（保险精算）,JN0763,FRM,FRM（证书资质）,证书与资质,金融风控、投资与合规,0.8,1,1,0,frm,课程名称直接出现唯一技能别名“frm”,3.120263536200091,2.496210828960073,12,否
首都经济贸易大学,CUEB-2024-057,2024级,金融学院,保险学（保险精算）,保险学（保险精算）,JN0770,沟通能力,沟通能力,非技术性能力,组织协调与商业执行,1.5,1,1,0,沟通协调,毕业要求直接出现“沟通协调”,1.7953381214564925,2.693007182184739,8,否
首都经济贸易大学,CUEB-2024-057,2024级,金融学院,保险学（保险精算）,保险学（保险精算）,JN0773,组织协调,组织协调,非技术性能力,组织协调与商业执行,1.5,1,1,0,协调能力,毕业要求直接出现“协调能力”,2.83258146374831,4.248872195622465,3,是
首都经济贸易大学,CUEB-2024-057,2024级,金融学院,保险学（保险精算）,保险学（保险精算）,JN0779,书面表达,书面表达,非技术性能力,表达沟通与通用办公协作,0.8,1,0,1,应用写作 / Practical Writing,写作课程,1.0649195460993157,0.8519356368794526,22,否
首都经济贸易大学,CUEB-2024-057,2024级,金融学院,保险学（保险精算）,保险学（保险精算）,JN0780,诚信与职业道德,诚信与职业道德,非技术性能力,金融风控、投资与合规,1.5,1,1,0,职业道德,毕业要求直接出现“职业道德”,1.0710357731167517,1.6065536596751275,16,否
首都经济贸易大学,CUEB-2024-057,2024级,金融学院,保险学（保险精算）,保险学（保险精算）,JN0785,分析判断,分析判断,非技术性能力,组织协调与商业执行,1.5,1,1,0,分析能力,毕业要求直接出现“分析能力”,2.121734706088964,3.1826020591334463,6,是
首都经济贸易大学,CUEB-2024-057,2024级,金融学院,保险学（保险精算）,保险学（保险精算）,JN0786,管理能力,管理能力,非技术性能力,组织协调与商业执行,1.5,1,1,0,管理能力,毕业要求直接出现“管理能力”,2.730798769438368,4.096198154157552,4,是
首都经济贸易大学,CUEB-2024-057,2024级,金融学院,保险学（保险精算）,保险学（保险精算）,JN0790,创新能力,创新能力,非技术性能力,视觉设计与数字内容制作,1.5,1,1,0,创新能力,毕业要求直接出现“创新能力”,1.2895886507223624,1.9343829760835436,15,否
首都经济贸易大学,CUEB-2024-057,2024级,金融学院,保险学（保险精算）,保险学（保险精算）,JN0798,适应能力,适应能力,非技术性能力,组织协调与商业执行,1.0,1,1,0,适应能力,培养目标直接出现“适应能力”,2.5271998141971284,2.5271998141971284,11,否
首都经济贸易大学,CUEB-2024-058,2024级,金融学院,投资学,投资学,JN0025,英语,英语,语言能力,供应链与物流管理,1.6,1,1,0,英语,课程名称直接出现唯一技能别名“英语”,1.0,1.6,13,是
首都经济贸易大学,CUEB-2024-058,2024级,金融学院,投资学,投资学,JN0041,Python,Python（编程语言）,工具软件与技术平台,云计算、系统运维与DevOps,3.1,2,2,0,Python；python,毕业要求直接出现“Python”；课程名称直接出现唯一技能别名“python”,1.5108256237659907,4.683559433674572,5,是
首都经济贸易大学,CUEB-2024-058,2024级,金融学院,投资学,投资学,JN0072,统计分析,统计分析,方法、标准与流程,人工智能与数据挖掘,0.8,1,0,1,统计学 / statistics,统计方法课程,1.1880522315029396,0.9504417852023517,17,否
首都经济贸易大学,CUEB-2024-058,2024级,金融学院,投资学,投资学,JN0109,会计核算,会计核算,方法、标准与流程,财务会计与税务管理,0.8,1,0,1,会计学 / Accounting,会计课程,1.2895886507223624,1.03167092057789,16,否
首都经济贸易大学,CUEB-2024-058,2024级,金融学院,投资学,投资学,JN0143,机器学习,机器学习,方法、标准与流程,人工智能与数据挖掘,0.8,1,1,0,机器学习,课程名称直接出现唯一技能别名“机器学习”,2.3361445774344194,1.8689156619475356,10,是
首都经济贸易大学,CUEB-2024-058,2024级,金融学院,投资学,投资学,JN0174,人工智能技术,人工智能技术,具体专业技能,人工智能与数据挖掘,5.9,5,5,0,人工智能；ai,培养目标直接出现“人工智能”；毕业要求直接出现“人工智能”；培养特色直接出现“人工智能”；课程名称直接出现唯一技能别名“人工智能”；课程名称直接出现唯一技能别名“ai”,1.312755710003897,7.745258689022992,1,是
首都经济贸易大学,CUEB-2024-058,2024级,金融学院,投资学,投资学,JN0199,MATLAB,MATLAB（编程语言）,工具软件与技术平台,人工智能与数据挖掘,1.5,1,1,0,MATLAB,毕业要求直接出现“MATLAB”,4.373026504695459,6.559539757043188,2,是
首都经济贸易大学,CUEB-2024-058,2024级,金融学院,投资学,投资学,JN0397,数理统计,数理统计,工具软件与技术平台,人工智能与数据挖掘,1.6,1,1,0,数理统计,课程名称直接出现唯一技能别名“数理统计”,1.2019413436636068,1.923106149861771,9,是
首都经济贸易大学,CUEB-2024-058,2024级,金融学院,投资学,投资学,JN0413,算法建模,算法建模,方法、标准与流程,人工智能与数据挖掘,0.8,1,0,1,金融智能芯片开发与算法设计 / Financial AI IC and Algorithm Design,算法课程,3.331572629867298,2.6652581038938385,8,是
首都经济贸易大学,CUEB-2024-058,2024级,金融学院,投资学,投资学,JN0647,论文写作,论文写作,方法、标准与流程,表达沟通与通用办公协作,0.8,1,1,0,论文写作,课程名称直接出现唯一技能别名“论文写作”,1.4734380916943703,1.1787504733554963,15,否
首都经济贸易大学,CUEB-2024-058,2024级,金融学院,投资学,投资学,JN0690,风险管理,风险管理,专业知识与行业经验,金融风控、投资与合规,2.5,2,2,0,风险管理,毕业要求直接出现“风险管理”；培养特色直接出现“风险管理”,1.916290731874155,4.790726829685388,3,是
首都经济贸易大学,CUEB-2024-058,2024级,金融学院,投资学,投资学,JN0691,财务管理,财务管理,专业知识与行业经验,财务会计与税务管理,0.8,1,0,1,公司金融（双语）Corporate Finance （Bilingual）,财务管理课程,1.664976303593249,1.3319810428745993,14,是
首都经济贸易大学,CUEB-2024-058,2024级,金融学院,投资学,投资学,JN0755,CFA,特许金融分析师资格（CFA）,证书与资质,金融风控、投资与合规,1.5,1,1,0,CFA,毕业要求直接出现“CFA”,3.169053700369523,4.753580550554284,4,否
首都经济贸易大学,CUEB-2024-058,2024级,金融学院,投资学,投资学,JN0763,FRM,FRM（证书资质）,证书与资质,金融风控、投资与合规,1.5,1,1,0,金融风险管理师,毕业要求直接出现“金融风险管理师”,3.120263536200091,4.680395304300136,6,否
首都经济贸易大学,CUEB-2024-058,2024级,金融学院,投资学,投资学,JN0779,书面表达,书面表达,非技术性能力,表达沟通与通用办公协作,1.6,1,0,1,应用写作 / Practical Writing,写作课程,1.0649195460993157,1.7038712737589052,11,是
首都经济贸易大学,CUEB-2024-058,2024级,金融学院,投资学,投资学,JN0780,诚信与职业道德,诚信与职业道德,非技术性能力,金融风控、投资与合规,1.5,1,1,0,职业道德,毕业要求直接出现“职业道德”,1.0710357731167517,1.6065536596751275,12,是
首都经济贸易大学,CUEB-2024-058,2024级,金融学院,投资学,投资学,JN0784,逻辑思维,逻辑思维,非技术性能力,表达沟通与通用办公协作,1.0,1,1,0,逻辑思维,培养特色直接出现“逻辑思维”,3.456735772821304,3.456735772821304,7,是
首都经济贸易大学,CUEB-2024-059,2024级,金融学院,金融学,金融学,JN0025,英语,英语,语言能力,供应链与物流管理,1.6,1,1,0,英语,课程名称直接出现唯一技能别名“英语”,1.0,1.6,16,是
首都经济贸易大学,CUEB-2024-059,2024级,金融学院,金融学,金融学,JN0041,Python,Python（编程语言）,工具软件与技术平台,云计算、系统运维与DevOps,1.6,1,1,0,python,课程名称直接出现唯一技能别名“python”,1.5108256237659907,2.4173209980255854,10,是
首都经济贸易大学,CUEB-2024-059,2024级,金融学院,金融学,金融学,JN0072,统计分析,统计分析,方法、标准与流程,人工智能与数据挖掘,0.8,1,0,1,统计学 / Statistics,统计方法课程,1.1880522315029396,0.9504417852023517,21,否
首都经济贸易大学,CUEB-2024-059,2024级,金融学院,金融学,金融学,JN0109,会计核算,会计核算,方法、标准与流程,财务会计与税务管理,0.8,1,0,1,会计学 / Accounting,会计课程,1.2895886507223624,1.03167092057789,20,是
首都经济贸易大学,CUEB-2024-059,2024级,金融学院,金融学,金融学,JN0143,机器学习,机器学习,方法、标准与流程,人工智能与数据挖掘,0.8,1,1,0,机器学习,课程名称直接出现唯一技能别名“机器学习”,2.3361445774344194,1.8689156619475356,13,是
首都经济贸易大学,CUEB-2024-059,2024级,金融学院,金融学,金融学,JN0174,人工智能技术,人工智能技术,具体专业技能,人工智能与数据挖掘,1.6,1,1,0,人工智能,课程名称直接出现唯一技能别名“人工智能”,1.312755710003897,2.100409136006235,11,是
首都经济贸易大学,CUEB-2024-059,2024级,金融学院,金融学,金融学,JN0397,数理统计,数理统计,工具软件与技术平台,人工智能与数据挖掘,1.6,1,1,0,数理统计,课程名称直接出现唯一技能别名“数理统计”,1.2019413436636068,1.923106149861771,12,是
首都经济贸易大学,CUEB-2024-059,2024级,金融学院,金融学,金融学,JN0647,论文写作,论文写作,方法、标准与流程,表达沟通与通用办公协作,0.8,1,1,0,论文写作,课程名称直接出现唯一技能别名“论文写作”,1.4734380916943703,1.1787504733554963,19,是
首都经济贸易大学,CUEB-2024-059,2024级,金融学院,金融学,金融学,JN0690,风险管理,风险管理,专业知识与行业经验,金融风控、投资与合规,4.1,4,3,1,风险管理；金融风险分析师专题（双语） / FRM（Bilingual）,毕业要求直接出现“风险管理”；培养特色直接出现“风险管理”；课程名称直接出现唯一技能别名“风险管理”；风险管理课程,1.916290731874155,7.8567920006840355,3,是
首都经济贸易大学,CUEB-2024-059,2024级,金融学院,金融学,金融学,JN0691,财务管理,财务管理,专业知识与行业经验,财务会计与税务管理,0.8,1,0,1,公司金融（双语） / Corporate Finance （Bilingual）,财务管理课程,1.664976303593249,1.3319810428745993,18,是
首都经济贸易大学,CUEB-2024-059,2024级,金融学院,金融学,金融学,JN0755,CFA,特许金融分析师资格（CFA）,证书与资质,金融风控、投资与合规,3.3,3,3,0,CFA；cfa,毕业要求直接出现“CFA”；培养特色直接出现“CFA”；课程名称直接出现唯一技能别名“cfa”,3.169053700369523,10.457877211219426,1,否
首都经济贸易大学,CUEB-2024-059,2024级,金融学院,金融学,金融学,JN0763,FRM,FRM（证书资质）,证书与资质,金融风控、投资与合规,3.3,3,3,0,金融风险管理师；frm,毕业要求直接出现“金融风险管理师”；培养特色直接出现“金融风险管理师”；课程名称直接出现唯一技能别名“frm”,3.120263536200091,10.2968696694603,2,否
首都经济贸易大学,CUEB-2024-059,2024级,金融学院,金融学,金融学,JN0770,沟通能力,沟通能力,非技术性能力,组织协调与商业执行,1.5,1,1,0,沟通协调,毕业要求直接出现“沟通协调”,1.7953381214564925,2.693007182184739,9,否
首都经济贸易大学,CUEB-2024-059,2024级,金融学院,金融学,金融学,JN0771,团队合作,团队合作,非技术性能力,表达沟通与通用办公协作,1.0,1,1,0,团队合作,培养目标直接出现“团队合作”,1.4111957828171493,1.4111957828171493,17,否
首都经济贸易大学,CUEB-2024-059,2024级,金融学院,金融学,金融学,JN0773,组织协调,组织协调,非技术性能力,组织协调与商业执行,1.5,1,1,0,协调能力,毕业要求直接出现“协调能力”,2.83258146374831,4.248872195622465,4,是
首都经济贸易大学,CUEB-2024-059,2024级,金融学院,金融学,金融学,JN0779,书面表达,书面表达,非技术性能力,表达沟通与通用办公协作,1.6,1,0,1,应用写作 / Practical Writing,写作课程,1.0649195460993157,1.7038712737589052,14,否
首都经济贸易大学,CUEB-2024-059,2024级,金融学院,金融学,金融学,JN0780,诚信与职业道德,诚信与职业道德,非技术性能力,金融风控、投资与合规,1.5,1,1,0,职业道德,毕业要求直接出现“职业道德”,1.0710357731167517,1.6065536596751275,15,否
首都经济贸易大学,CUEB-2024-059,2024级,金融学院,金融学,金融学,JN0785,分析判断,分析判断,非技术性能力,组织协调与商业执行,1.5,1,1,0,分析能力,毕业要求直接出现“分析能力”,2.121734706088964,3.1826020591334463,7,否
首都经济贸易大学,CUEB-2024-059,2024级,金融学院,金融学,金融学,JN0788,口头表达,口头表达,非技术性能力,表达沟通与通用办公协作,1.5,1,1,0,口头表达,毕业要求直接出现“口头表达”,1.9021060968821986,2.853159145323298,8,否
首都经济贸易大学,CUEB-2024-059,2024级,金融学院,金融学,金融学,JN0790,创新能力,创新能力,非技术性能力,视觉设计与数字内容制作,2.5,2,2,0,创新能力,培养目标直接出现“创新能力”；毕业要求直接出现“创新能力”,1.2895886507223624,3.223971626805906,6,是
首都经济贸易大学,CUEB-2024-059,2024级,金融学院,金融学,金融学,JN0798,适应能力,适应能力,非技术性能力,组织协调与商业执行,1.5,1,1,0,环境适应能力,毕业要求直接出现“环境适应能力”,2.5271998141971284,3.7907997212956923,5,是
首都经济贸易大学,CUEB-2024-060,2024级,金融学院,金融学（国际金融英文班）,金融学（国际金融英文班）“三型一化”,JN0025,英语,英语,语言能力,供应链与物流管理,4.8,3,3,0,英语,毕业要求直接出现“英语”；核心课程直接出现“英语”；课程名称直接出现唯一技能别名“英语”,1.0,4.8,6,是
首都经济贸易大学,CUEB-2024-060,2024级,金融学院,金融学（国际金融英文班）,金融学（国际金融英文班）“三型一化”,JN0041,Python,Python（编程语言）,工具软件与技术平台,云计算、系统运维与DevOps,2.3,2,2,0,Python；python,毕业要求直接出现“Python”；课程名称直接出现唯一技能别名“python”,1.5108256237659907,3.4748989346617782,8,是
首都经济贸易大学,CUEB-2024-060,2024级,金融学院,金融学（国际金融英文班）,金融学（国际金融英文班）“三型一化”,JN0058,市场分析,市场分析,方法、标准与流程,组织协调与商业执行,1.5,1,1,0,市场分析,毕业要求直接出现“市场分析”,3.7668907011251433,5.650336051687715,5,是
首都经济贸易大学,CUEB-2024-060,2024级,金融学院,金融学（国际金融英文班）,金融学（国际金融英文班）“三型一化”,JN0072,统计分析,统计分析,方法、标准与流程,人工智能与数据挖掘,0.8,1,0,1,统计学 / Statistics,统计方法课程,1.1880522315029396,0.9504417852023517,21,否
首都经济贸易大学,CUEB-2024-060,2024级,金融学院,金融学（国际金融英文班）,金融学（国际金融英文班）“三型一化”,JN0109,会计核算,会计核算,方法、标准与流程,财务会计与税务管理,0.8,1,0,1,会计学原理 （英语） / Accounting Principles (English),会计课程,1.2895886507223624,1.03167092057789,19,否
首都经济贸易大学,CUEB-2024-060,2024级,金融学院,金融学（国际金融英文班）,金融学（国际金融英文班）“三型一化”,JN0143,机器学习,机器学习,方法、标准与流程,人工智能与数据挖掘,0.8,1,1,0,机器学习,课程名称直接出现唯一技能别名“机器学习”,2.3361445774344194,1.8689156619475356,15,否
首都经济贸易大学,CUEB-2024-060,2024级,金融学院,金融学（国际金融英文班）,金融学（国际金融英文班）“三型一化”,JN0172,数据建模,数据建模,工具软件与技术平台,大数据工程与数据仓库,0.8,1,0,1,金融建模  / Financial Modelling,建模课程,2.730798769438368,2.1846390155506947,14,是
首都经济贸易大学,CUEB-2024-060,2024级,金融学院,金融学（国际金融英文班）,金融学（国际金融英文班）“三型一化”,JN0174,人工智能技术,人工智能技术,具体专业技能,人工智能与数据挖掘,0.8,1,1,0,人工智能,课程名称直接出现唯一技能别名“人工智能”,1.312755710003897,1.0502045680031176,18,否
首都经济贸易大学,CUEB-2024-060,2024级,金融学院,金融学（国际金融英文班）,金融学（国际金融英文班）“三型一化”,JN0256,授课,授课,方法、标准与流程,表达沟通与通用办公协作,1.0,1,1,0,授课,培养特色直接出现“授课”,2.4759065198095778,2.4759065198095778,12,是
首都经济贸易大学,CUEB-2024-060,2024级,金融学院,金融学（国际金融英文班）,金融学（国际金融英文班）“三型一化”,JN0397,数理统计,数理统计,工具软件与技术平台,人工智能与数据挖掘,0.8,1,1,0,数理统计,课程名称直接出现唯一技能别名“数理统计”,1.2019413436636068,0.9615530749308855,20,否
首都经济贸易大学,CUEB-2024-060,2024级,金融学院,金融学（国际金融英文班）,金融学（国际金融英文班）“三型一化”,JN0647,论文写作,论文写作,方法、标准与流程,表达沟通与通用办公协作,0.8,1,1,0,论文写作,课程名称直接出现唯一技能别名“论文写作”,1.4734380916943703,1.1787504733554963,17,否
首都经济贸易大学,CUEB-2024-060,2024级,金融学院,金融学（国际金融英文班）,金融学（国际金融英文班）“三型一化”,JN0653,Stata,Stata（办公软件与通用数字工具）,方法、标准与流程,人工智能与数据挖掘,1.5,1,1,0,Stata,毕业要求直接出现“Stata”,3.8622008809294686,5.793301321394203,4,是
首都经济贸易大学,CUEB-2024-060,2024级,金融学院,金融学（国际金融英文班）,金融学（国际金融英文班）“三型一化”,JN0690,风险管理,风险管理,专业知识与行业经验,金融风控、投资与合规,4.8,3,3,0,风险管理,毕业要求直接出现“风险管理”；核心课程直接出现“风险管理”；课程名称直接出现唯一技能别名“风险管理”,1.916290731874155,9.198195512995945,2,是
首都经济贸易大学,CUEB-2024-060,2024级,金融学院,金融学（国际金融英文班）,金融学（国际金融英文班）“三型一化”,JN0691,财务管理,财务管理,专业知识与行业经验,财务会计与税务管理,1.6,2,0,2,公司金融（英语）  / Corporate Finance (English)；跨国公司金融（双语） / Multinational Business Finance (Bilingual),财务管理课程,1.664976303593249,2.6639620857491986,10,是
首都经济贸易大学,CUEB-2024-060,2024级,金融学院,金融学（国际金融英文班）,金融学（国际金融英文班）“三型一化”,JN0730,公司治理,公司治理,专业知识与行业经验,金融风控、投资与合规,0.8,1,1,0,公司治理,课程名称直接出现唯一技能别名“公司治理”,3.120263536200091,2.496210828960073,11,是
首都经济贸易大学,CUEB-2024-060,2024级,金融学院,金融学（国际金融英文班）,金融学（国际金融英文班）“三型一化”,JN0755,CFA,特许金融分析师资格（CFA）,证书与资质,金融风控、投资与合规,2.3,2,2,0,CFA；cfa,毕业要求直接出现“CFA”；课程名称直接出现唯一技能别名“cfa”,3.169053700369523,7.288823510849903,3,否
首都经济贸易大学,CUEB-2024-060,2024级,金融学院,金融学（国际金融英文班）,金融学（国际金融英文班）“三型一化”,JN0763,FRM,FRM（证书资质）,证书与资质,金融风控、投资与合规,3.1,3,3,0,金融风险管理师；frm,毕业要求直接出现“金融风险管理师”；课程名称直接出现唯一技能别名“frm”；课程名称直接出现唯一技能别名“金融风险管理师”,3.120263536200091,9.672816962220283,1,否
首都经济贸易大学,CUEB-2024-060,2024级,金融学院,金融学（国际金融英文班）,金融学（国际金融英文班）“三型一化”,JN0779,书面表达,书面表达,非技术性能力,表达沟通与通用办公协作,0.8,1,0,1,应用写作 / Applied Writing,写作课程,1.0649195460993157,0.8519356368794526,22,否
首都经济贸易大学,CUEB-2024-060,2024级,金融学院,金融学（国际金融英文班）,金融学（国际金融英文班）“三型一化”,JN0780,诚信与职业道德,诚信与职业道德,非技术性能力,金融风控、投资与合规,1.5,1,1,0,职业道德,毕业要求直接出现“职业道德”,1.0710357731167517,1.6065536596751275,16,否
首都经济贸易大学,CUEB-2024-060,2024级,金融学院,金融学（国际金融英文班）,金融学（国际金融英文班）“三型一化”,JN0781,问题解决,问题解决,非技术性能力,表达沟通与通用办公协作,1.0,1,1,0,问题解决,培养特色直接出现“问题解决”,2.314638372213455,2.314638372213455,13,是
首都经济贸易大学,CUEB-2024-060,2024级,金融学院,金融学（国际金融英文班）,金融学（国际金融英文班）“三型一化”,JN0785,分析判断,分析判断,非技术性能力,组织协调与商业执行,1.5,1,1,0,分析能力,毕业要求直接出现“分析能力”,2.121734706088964,3.1826020591334463,9,是
首都经济贸易大学,CUEB-2024-060,2024级,金融学院,金融学（国际金融英文班）,金融学（国际金融英文班）“三型一化”,JN0798,适应能力,适应能力,非技术性能力,组织协调与商业执行,1.5,1,1,0,适应能力,毕业要求直接出现“适应能力”,2.5271998141971284,3.7907997212956923,7,是
首都经济贸易大学,CUEB-2024-061,2024级,金融学院,金融工程,金融工程,JN0025,英语,英语,语言能力,供应链与物流管理,1.6,1,1,0,英语,课程名称直接出现唯一技能别名“英语”,1.0,1.6,19,是
首都经济贸易大学,CUEB-2024-061,2024级,金融学院,金融工程,金融工程,JN0041,Python,Python（编程语言）,工具软件与技术平台,云计算、系统运维与DevOps,3.1,2,2,0,Python；python,毕业要求直接出现“Python”；课程名称直接出现唯一技能别名“python”,1.5108256237659907,4.683559433674572,2,是
首都经济贸易大学,CUEB-2024-061,2024级,金融学院,金融工程,金融工程,JN0072,统计分析,统计分析,方法、标准与流程,人工智能与数据挖掘,0.8,1,0,1,统计学 / statistics,统计方法课程,1.1880522315029396,0.9504417852023517,23,否
首都经济贸易大学,CUEB-2024-061,2024级,金融学院,金融工程,金融工程,JN0076,数据处理,数据处理,具体专业技能,大数据工程与数据仓库,1.5,1,1,0,数据处理,毕业要求直接出现“数据处理”,2.5812670354674037,3.8719005532011055,6,是
首都经济贸易大学,CUEB-2024-061,2024级,金融学院,金融工程,金融工程,JN0109,会计核算,会计核算,方法、标准与流程,财务会计与税务管理,0.8,1,0,1,会计学 / Accounting,会计课程,1.2895886507223624,1.03167092057789,22,否
首都经济贸易大学,CUEB-2024-061,2024级,金融学院,金融工程,金融工程,JN0143,机器学习,机器学习,方法、标准与流程,人工智能与数据挖掘,0.8,1,1,0,机器学习,课程名称直接出现唯一技能别名“机器学习”,2.3361445774344194,1.8689156619475356,16,是
首都经济贸易大学,CUEB-2024-061,2024级,金融学院,金融工程,金融工程,JN0172,数据建模,数据建模,工具软件与技术平台,大数据工程与数据仓库,0.8,1,0,1,金融建模 / Financial modeling,建模课程,2.730798769438368,2.1846390155506947,12,是
首都经济贸易大学,CUEB-2024-061,2024级,金融学院,金融工程,金融工程,JN0174,人工智能技术,人工智能技术,具体专业技能,人工智能与数据挖掘,1.6,1,1,0,人工智能,课程名称直接出现唯一技能别名“人工智能”,1.312755710003897,2.100409136006235,13,是
首都经济贸易大学,CUEB-2024-061,2024级,金融学院,金融工程,金融工程,JN0397,数理统计,数理统计,工具软件与技术平台,人工智能与数据挖掘,1.6,1,1,0,数理统计,课程名称直接出现唯一技能别名“数理统计”,1.2019413436636068,1.923106149861771,15,是
首都经济贸易大学,CUEB-2024-061,2024级,金融学院,金融工程,金融工程,JN0647,论文写作,论文写作,方法、标准与流程,表达沟通与通用办公协作,0.8,1,1,0,论文写作,课程名称直接出现唯一技能别名“论文写作”,1.4734380916943703,1.1787504733554963,21,否
首都经济贸易大学,CUEB-2024-061,2024级,金融学院,金融工程,金融工程,JN0690,风险管理,风险管理,专业知识与行业经验,金融风控、投资与合规,3.6,4,2,2,风险管理；金融风险测度与管理（双语）Financial Risk Measurement and Management（Bilingual）；金融风险分析师专题（双语）FRM（Bilingual）,培养目标直接出现“风险管理”；培养特色直接出现“风险管理”；风险管理课程,1.916290731874155,6.898646634746958,1,是
首都经济贸易大学,CUEB-2024-061,2024级,金融学院,金融工程,金融工程,JN0691,财务管理,财务管理,专业知识与行业经验,财务会计与税务管理,0.8,1,0,1,公司金融（双语）Corporate Finance （Bilingual）,财务管理课程,1.664976303593249,1.3319810428745993,20,是
首都经济贸易大学,CUEB-2024-061,2024级,金融学院,金融工程,金融工程,JN0755,CFA,特许金融分析师资格（CFA）,证书与资质,金融风控、投资与合规,0.8,1,1,0,cfa,课程名称直接出现唯一技能别名“cfa”,3.169053700369523,2.535242960295619,10,否
首都经济贸易大学,CUEB-2024-061,2024级,金融学院,金融工程,金融工程,JN0763,FRM,FRM（证书资质）,证书与资质,金融风控、投资与合规,0.8,1,1,0,frm,课程名称直接出现唯一技能别名“frm”,3.120263536200091,2.496210828960073,11,否
首都经济贸易大学,CUEB-2024-061,2024级,金融学院,金融工程,金融工程,JN0770,沟通能力,沟通能力,非技术性能力,组织协调与商业执行,1.5,1,1,0,沟通协调,毕业要求直接出现“沟通协调”,1.7953381214564925,2.693007182184739,9,否
首都经济贸易大学,CUEB-2024-061,2024级,金融学院,金融工程,金融工程,JN0773,组织协调,组织协调,非技术性能力,组织协调与商业执行,1.5,1,1,0,协调能力,毕业要求直接出现“协调能力”,2.83258146374831,4.248872195622465,4,是
首都经济贸易大学,CUEB-2024-061,2024级,金融学院,金融工程,金融工程,JN0775,学习能力,学习能力,非技术性能力,表达沟通与通用办公协作,2.5,2,2,0,自主学习能力,培养目标直接出现“自主学习能力”；毕业要求直接出现“自主学习能力”,1.7221347174331973,4.305336793582994,3,是
首都经济贸易大学,CUEB-2024-061,2024级,金融学院,金融工程,金融工程,JN0779,书面表达,书面表达,非技术性能力,表达沟通与通用办公协作,1.6,1,0,1,应用写作 / Practical Writing,写作课程,1.0649195460993157,1.7038712737589052,17,否
首都经济贸易大学,CUEB-2024-061,2024级,金融学院,金融工程,金融工程,JN0780,诚信与职业道德,诚信与职业道德,非技术性能力,金融风控、投资与合规,1.5,1,1,0,职业道德,毕业要求直接出现“职业道德”,1.0710357731167517,1.6065536596751275,18,否
首都经济贸易大学,CUEB-2024-061,2024级,金融学院,金融工程,金融工程,JN0784,逻辑思维,逻辑思维,非技术性能力,表达沟通与通用办公协作,1.0,1,1,0,逻辑思维,培养特色直接出现“逻辑思维”,3.456735772821304,3.456735772821304,7,否
首都经济贸易大学,CUEB-2024-061,2024级,金融学院,金融工程,金融工程,JN0785,分析判断,分析判断,非技术性能力,组织协调与商业执行,1.5,1,1,0,分析能力,毕业要求直接出现“分析能力”,2.121734706088964,3.1826020591334463,8,否
首都经济贸易大学,CUEB-2024-061,2024级,金融学院,金融工程,金融工程,JN0786,管理能力,管理能力,非技术性能力,组织协调与商业执行,1.5,1,1,0,管理能力,毕业要求直接出现“管理能力”,2.730798769438368,4.096198154157552,5,是
首都经济贸易大学,CUEB-2024-061,2024级,金融学院,金融工程,金融工程,JN0790,创新能力,创新能力,非技术性能力,视觉设计与数字内容制作,1.5,1,1,0,创新能力,毕业要求直接出现“创新能力”,1.2895886507223624,1.9343829760835436,14,否
首都经济贸易大学,CUEB-2024-062,2024级,统计学院,数学与应用数学（金融方向）,数学与应用数学（金融方向）,JN0025,英语,英语,语言能力,供应链与物流管理,0.8,1,1,0,英语,课程名称直接出现唯一技能别名“英语”,1.0,0.8,23,否
首都经济贸易大学,CUEB-2024-062,2024级,统计学院,数学与应用数学（金融方向）,数学与应用数学（金融方向）,JN0026,数据分析,数据分析,工具软件与技术平台,人工智能与数据挖掘,0.8,1,1,0,数据分析,课程名称直接出现唯一技能别名“数据分析”,1.5798184952529422,1.2638547962023539,18,是
首都经济贸易大学,CUEB-2024-062,2024级,统计学院,数学与应用数学（金融方向）,数学与应用数学（金融方向）,JN0041,Python,Python（编程语言）,工具软件与技术平台,云计算、系统运维与DevOps,0.8,1,1,0,python,课程名称直接出现唯一技能别名“python”,1.5108256237659907,1.2086604990127927,19,是
首都经济贸易大学,CUEB-2024-062,2024级,统计学院,数学与应用数学（金融方向）,数学与应用数学（金融方向）,JN0072,统计分析,统计分析,方法、标准与流程,人工智能与数据挖掘,7.300000000000001,7,2,5,统计分析；回归分析 Regression Analysis；时间序列分析 Time Series Analysis；统计学导论 Introduction to Statistics；抽样技术与应用 Sampling technique and Application；贝叶斯统计（双语） Bayesian Statistics（Bilingual）,核心课程直接出现“统计分析”；课程名称直接出现唯一技能别名“统计分析”；统计方法课程,1.1880522315029396,8.67278128997146,2,是
首都经济贸易大学,CUEB-2024-062,2024级,统计学院,数学与应用数学（金融方向）,数学与应用数学（金融方向）,JN0104,C语言,C语言（编程语言）,工具软件与技术平台,嵌入式与电子硬件开发,0.8,1,1,0,c语言,课程名称直接出现唯一技能别名“c语言”,3.169053700369523,2.535242960295619,11,是
首都经济贸易大学,CUEB-2024-062,2024级,统计学院,数学与应用数学（金融方向）,数学与应用数学（金融方向）,JN0109,会计核算,会计核算,方法、标准与流程,财务会计与税务管理,0.8,1,0,1,会计学 Accounting,会计课程,1.2895886507223624,1.03167092057789,22,否
首都经济贸易大学,CUEB-2024-062,2024级,统计学院,数学与应用数学（金融方向）,数学与应用数学（金融方向）,JN0145,数据挖掘,数据挖掘,工具软件与技术平台,人工智能与数据挖掘,0.8,1,1,0,数据挖掘,课程名称直接出现唯一技能别名“数据挖掘”,2.4271163556401456,1.9416930845121165,14,是
首都经济贸易大学,CUEB-2024-062,2024级,统计学院,数学与应用数学（金融方向）,数学与应用数学（金融方向）,JN0174,人工智能技术,人工智能技术,具体专业技能,人工智能与数据挖掘,0.8,1,1,0,人工智能,课程名称直接出现唯一技能别名“人工智能”,1.312755710003897,1.0502045680031176,21,否
首都经济贸易大学,CUEB-2024-062,2024级,统计学院,数学与应用数学（金融方向）,数学与应用数学（金融方向）,JN0365,文献检索,文献检索,方法、标准与流程,医药研发与药事管理,1.5,1,1,0,文献检索,毕业要求直接出现“文献检索”,3.2744142160273495,4.9116213240410245,3,是
首都经济贸易大学,CUEB-2024-062,2024级,统计学院,数学与应用数学（金融方向）,数学与应用数学（金融方向）,JN0397,数理统计,数理统计,工具软件与技术平台,人工智能与数据挖掘,3.3,2,2,0,数理统计,核心课程直接出现“数理统计”；课程名称直接出现唯一技能别名“数理统计”,1.2019413436636068,3.9664064340899023,4,是
首都经济贸易大学,CUEB-2024-062,2024级,统计学院,数学与应用数学（金融方向）,数学与应用数学（金融方向）,JN0584,时间序列,时间序列,方法、标准与流程,人工智能与数据挖掘,3.3,2,2,0,时间序列,核心课程直接出现“时间序列”；课程名称直接出现唯一技能别名“时间序列”,2.8689491079191853,9.467532056133312,1,是
首都经济贸易大学,CUEB-2024-062,2024级,统计学院,数学与应用数学（金融方向）,数学与应用数学（金融方向）,JN0647,论文写作,论文写作,方法、标准与流程,表达沟通与通用办公协作,0.8,1,1,0,论文写作,课程名称直接出现唯一技能别名“论文写作”,1.4734380916943703,1.1787504733554963,20,否
首都经济贸易大学,CUEB-2024-062,2024级,统计学院,数学与应用数学（金融方向）,数学与应用数学（金融方向）,JN0691,财务管理,财务管理,专业知识与行业经验,财务会计与税务管理,0.8,1,0,1,公司金融 Corporate Finance,财务管理课程,1.664976303593249,1.3319810428745993,16,是
首都经济贸易大学,CUEB-2024-062,2024级,统计学院,数学与应用数学（金融方向）,数学与应用数学（金融方向）,JN0771,团队合作,团队合作,非技术性能力,表达沟通与通用办公协作,1.5,1,1,0,协作能力,毕业要求直接出现“协作能力”,1.4111957828171493,2.116793674225724,13,否
首都经济贸易大学,CUEB-2024-062,2024级,统计学院,数学与应用数学（金融方向）,数学与应用数学（金融方向）,JN0774,表达能力,表达能力,非技术性能力,表达沟通与通用办公协作,1.5,1,1,0,表达能力,毕业要求直接出现“表达能力”,1.7703368192510753,2.655505228876613,9,否
首都经济贸易大学,CUEB-2024-062,2024级,统计学院,数学与应用数学（金融方向）,数学与应用数学（金融方向）,JN0775,学习能力,学习能力,非技术性能力,表达沟通与通用办公协作,1.5,1,1,0,学习能力,毕业要求直接出现“学习能力”,1.7221347174331973,2.583202076149796,10,否
首都经济贸易大学,CUEB-2024-062,2024级,统计学院,数学与应用数学（金融方向）,数学与应用数学（金融方向）,JN0779,书面表达,书面表达,非技术性能力,表达沟通与通用办公协作,2.3,2,1,1,写作能力；应用写作 / Practical Writing,毕业要求直接出现“写作能力”；写作课程,1.0649195460993157,2.449314956028426,12,否
首都经济贸易大学,CUEB-2024-062,2024级,统计学院,数学与应用数学（金融方向）,数学与应用数学（金融方向）,JN0780,诚信与职业道德,诚信与职业道德,非技术性能力,金融风控、投资与合规,1.5,1,1,0,职业道德,毕业要求直接出现“职业道德”,1.0710357731167517,1.6065536596751275,15,否
首都经济贸易大学,CUEB-2024-062,2024级,统计学院,数学与应用数学（金融方向）,数学与应用数学（金融方向）,JN0784,逻辑思维,逻辑思维,非技术性能力,表达沟通与通用办公协作,1.0,1,1,0,逻辑思维,培养特色直接出现“逻辑思维”,3.456735772821304,3.456735772821304,6,是
首都经济贸易大学,CUEB-2024-062,2024级,统计学院,数学与应用数学（金融方向）,数学与应用数学（金融方向）,JN0785,分析判断,分析判断,非技术性能力,组织协调与商业执行,1.5,1,1,0,分析能力,毕业要求直接出现“分析能力”,2.121734706088964,3.1826020591334463,7,是
首都经济贸易大学,CUEB-2024-062,2024级,统计学院,数学与应用数学（金融方向）,数学与应用数学（金融方向）,JN0787,领导力,领导力,非技术性能力,组织协调与商业执行,1.5,1,1,0,领导能力,毕业要求直接出现“领导能力”,2.4035858582299516,3.6053787873449274,5,是
首都经济贸易大学,CUEB-2024-062,2024级,统计学院,数学与应用数学（金融方向）,数学与应用数学（金融方向）,JN0788,口头表达,口头表达,非技术性能力,表达沟通与通用办公协作,1.5,1,1,0,语言表达能力,毕业要求直接出现“语言表达能力”,1.9021060968821986,2.853159145323298,8,否
首都经济贸易大学,CUEB-2024-062,2024级,统计学院,数学与应用数学（金融方向）,数学与应用数学（金融方向）,JN0790,创新能力,创新能力,非技术性能力,视觉设计与数字内容制作,1.0,1,1,0,创新能力,培养特色直接出现“创新能力”,1.2895886507223624,1.2895886507223624,17,否
首都经济贸易大学,CUEB-2024-063,2024级,统计学院,数据科学与大数据技术,数据科学与大数据技术,JN0025,英语,英语,语言能力,供应链与物流管理,0.8,1,1,0,英语,课程名称直接出现唯一技能别名“英语”,1.0,0.8,22,否
首都经济贸易大学,CUEB-2024-063,2024级,统计学院,数据科学与大数据技术,数据科学与大数据技术,JN0026,数据分析,数据分析,工具软件与技术平台,人工智能与数据挖掘,6.1,5,4,1,数据分析；数据科学导论 / Introduction to Data Science,培养目标直接出现“数据分析”；核心课程直接出现“数据分析”；培养特色直接出现“数据分析”；数据分析课程；课程名称直接出现唯一技能别名“数据分析”,1.5798184952529422,9.636892821042947,4,是
首都经济贸易大学,CUEB-2024-063,2024级,统计学院,数据科学与大数据技术,数据科学与大数据技术,JN0027,Java,Java（编程语言）,工具软件与技术平台,Java后端开发与中间件,3.3,2,2,0,Java；java,核心课程直接出现“Java”；课程名称直接出现唯一技能别名“java”,3.5257286443082556,11.634904526217243,2,是
首都经济贸易大学,CUEB-2024-063,2024级,统计学院,数据科学与大数据技术,数据科学与大数据技术,JN0041,Python,Python（编程语言）,工具软件与技术平台,云计算、系统运维与DevOps,3.3,2,2,0,Python；python,核心课程直接出现“Python”；课程名称直接出现唯一技能别名“python”,1.5108256237659907,4.985724558427769,10,是
首都经济贸易大学,CUEB-2024-063,2024级,统计学院,数据科学与大数据技术,数据科学与大数据技术,JN0072,统计分析,统计分析,方法、标准与流程,人工智能与数据挖掘,5.6000000000000005,7,1,6,统计分析；抽样技术与应用  / Sampling technique and Application；回归分析  / Regression Analysis；时间序列分析 / Time Series；非参数统计  / Nonparametric Statistics；贝叶斯统计（双语） Bayesian Statistics（Bilingual）；统计学科前沿选讲（英语）  / The frontier of Statistics（English）,课程名称直接出现唯一技能别名“统计分析”；统计方法课程,1.1880522315029396,6.653092496416463,9,是
首都经济贸易大学,CUEB-2024-063,2024级,统计学院,数据科学与大数据技术,数据科学与大数据技术,JN0076,数据处理,数据处理,具体专业技能,大数据工程与数据仓库,0.8,1,0,1,大数据预处理 / Big Data Preprocessing,数据处理课程,2.5812670354674037,2.065013628373923,16,否
首都经济贸易大学,CUEB-2024-063,2024级,统计学院,数据科学与大数据技术,数据科学与大数据技术,JN0143,机器学习,机器学习,方法、标准与流程,人工智能与数据挖掘,3.3,2,2,0,机器学习,核心课程直接出现“机器学习”；课程名称直接出现唯一技能别名“机器学习”,2.3361445774344194,7.709277105533584,8,是
首都经济贸易大学,CUEB-2024-063,2024级,统计学院,数据科学与大数据技术,数据科学与大数据技术,JN0145,数据挖掘,数据挖掘,工具软件与技术平台,人工智能与数据挖掘,3.3,2,2,0,数据挖掘,核心课程直接出现“数据挖掘”；课程名称直接出现唯一技能别名“数据挖掘”,2.4271163556401456,8.00948397361248,7,是
首都经济贸易大学,CUEB-2024-063,2024级,统计学院,数据科学与大数据技术,数据科学与大数据技术,JN0172,数据建模,数据建模,工具软件与技术平台,大数据工程与数据仓库,1.5,1,1,0,数据建模,毕业要求直接出现“数据建模”,2.730798769438368,4.096198154157552,11,是
首都经济贸易大学,CUEB-2024-063,2024级,统计学院,数据科学与大数据技术,数据科学与大数据技术,JN0174,人工智能技术,人工智能技术,具体专业技能,人工智能与数据挖掘,0.8,1,1,0,人工智能,课程名称直接出现唯一技能别名“人工智能”,1.312755710003897,1.0502045680031176,20,否
首都经济贸易大学,CUEB-2024-063,2024级,统计学院,数据科学与大数据技术,数据科学与大数据技术,JN0184,数据仓库,数据仓库,工具软件与技术平台,大数据工程与数据仓库,3.3,2,2,0,数据仓库,核心课程直接出现“数据仓库”；课程名称直接出现唯一技能别名“数据仓库”,3.9675613965872945,13.092952608738072,1,是
首都经济贸易大学,CUEB-2024-063,2024级,统计学院,数据科学与大数据技术,数据科学与大数据技术,JN0211,数据结构与算法,数据结构与算法,方法、标准与流程,网络通信与软件开发基础,0.8,1,0,1,数据结构 / Data Structure,数据结构课程,2.79749014393704,2.237992115149632,15,否
首都经济贸易大学,CUEB-2024-063,2024级,统计学院,数据科学与大数据技术,数据科学与大数据技术,JN0222,面向对象编程,面向对象编程,方法、标准与流程,Web前端开发,3.3,2,2,0,面向对象程序设计,核心课程直接出现“面向对象程序设计”；课程名称直接出现唯一技能别名“面向对象程序设计”,3.2744142160273495,10.805566912890253,3,是
首都经济贸易大学,CUEB-2024-063,2024级,统计学院,数据科学与大数据技术,数据科学与大数据技术,JN0279,自然语言处理,自然语言处理,方法、标准与流程,人工智能与数据挖掘,0.8,1,1,0,自然语言处理,课程名称直接出现唯一技能别名“自然语言处理”,3.5257286443082556,2.8205829154466047,12,是
首都经济贸易大学,CUEB-2024-063,2024级,统计学院,数据科学与大数据技术,数据科学与大数据技术,JN0413,算法建模,算法建模,方法、标准与流程,人工智能与数据挖掘,0.8,1,0,1,数据科学算法  / Algorithm in Data Science,算法课程,3.331572629867298,2.6652581038938385,13,否
首都经济贸易大学,CUEB-2024-063,2024级,统计学院,数据科学与大数据技术,数据科学与大数据技术,JN0540,预测模型,预测模型,方法、标准与流程,人工智能与数据挖掘,0.8,1,0,1,统计预测与决策（双语）Statistical Prediction and Decision（Bilingual）,预测方法课程,3.169053700369523,2.535242960295619,14,否
首都经济贸易大学,CUEB-2024-063,2024级,统计学院,数据科学与大数据技术,数据科学与大数据技术,JN0584,时间序列,时间序列,方法、标准与流程,人工智能与数据挖掘,3.3,2,2,0,时间序列,核心课程直接出现“时间序列”；课程名称直接出现唯一技能别名“时间序列”,2.8689491079191853,9.467532056133312,6,是
首都经济贸易大学,CUEB-2024-063,2024级,统计学院,数据科学与大数据技术,数据科学与大数据技术,JN0647,论文写作,论文写作,方法、标准与流程,表达沟通与通用办公协作,0.8,1,1,0,论文写作,课程名称直接出现唯一技能别名“论文写作”,1.4734380916943703,1.1787504733554963,19,否
首都经济贸易大学,CUEB-2024-063,2024级,统计学院,数据科学与大数据技术,数据科学与大数据技术,JN0686,数据库技术,数据库技术,专业知识与行业经验,Java后端开发与中间件,4.1,3,3,0,数据库原理；数据库,核心课程直接出现“数据库原理”；课程名称直接出现唯一技能别名“数据库”；课程名称直接出现唯一技能别名“数据库原理”,2.3361445774344194,9.578192767481118,5,是
首都经济贸易大学,CUEB-2024-063,2024级,统计学院,数据科学与大数据技术,数据科学与大数据技术,JN0771,团队合作,团队合作,非技术性能力,表达沟通与通用办公协作,1.0,1,1,0,团队协作,培养特色直接出现“团队协作”,1.4111957828171493,1.4111957828171493,18,否
首都经济贸易大学,CUEB-2024-063,2024级,统计学院,数据科学与大数据技术,数据科学与大数据技术,JN0779,书面表达,书面表达,非技术性能力,表达沟通与通用办公协作,0.8,1,0,1,应用写作 / Practical Writing,写作课程,1.0649195460993157,0.8519356368794526,21,否
首都经济贸易大学,CUEB-2024-063,2024级,统计学院,数据科学与大数据技术,数据科学与大数据技术,JN0780,诚信与职业道德,诚信与职业道德,非技术性能力,金融风控、投资与合规,1.5,1,1,0,职业道德,毕业要求直接出现“职业道德”,1.0710357731167517,1.6065536596751275,17,否
首都经济贸易大学,CUEB-2024-064,2024级,统计学院,经济统计学,经济统计学,JN0025,英语,英语,语言能力,供应链与物流管理,0.8,1,1,0,英语,课程名称直接出现唯一技能别名“英语”,1.0,0.8,15,否
首都经济贸易大学,CUEB-2024-064,2024级,统计学院,经济统计学,经济统计学,JN0026,数据分析,数据分析,工具软件与技术平台,人工智能与数据挖掘,3.3,3,3,0,数据分析,培养目标直接出现“数据分析”；毕业要求直接出现“数据分析”；课程名称直接出现唯一技能别名“数据分析”,1.5798184952529422,5.213401034334709,4,是
首都经济贸易大学,CUEB-2024-064,2024级,统计学院,经济统计学,经济统计学,JN0041,Python,Python（编程语言）,工具软件与技术平台,云计算、系统运维与DevOps,0.8,1,1,0,python,课程名称直接出现唯一技能别名“python”,1.5108256237659907,1.2086604990127927,10,是
首都经济贸易大学,CUEB-2024-064,2024级,统计学院,经济统计学,经济统计学,JN0072,统计分析,统计分析,方法、标准与流程,人工智能与数据挖掘,11.4,11,4,7,统计分析；统计学导论 Introduction to Statistics；抽样技术与应用 Sampling technique and Application；时间序列分析 Time Series Analysis；应用回归分析 Applied Regression Analysis；非参数统计 Nonparametric Statistics；贝叶斯统计（双语）Bayesian Statistics（Bilingual）；统计学科前沿选讲（英语）The frontier of Statistics（English）,培养目标直接出现“统计分析”；毕业要求直接出现“统计分析”；核心课程直接出现“统计分析”；统计方法课程；课程名称直接出现唯一技能别名“统计分析”,1.1880522315029396,13.543795439133511,1,是
首都经济贸易大学,CUEB-2024-064,2024级,统计学院,经济统计学,经济统计学,JN0076,数据处理,数据处理,具体专业技能,大数据工程与数据仓库,1.5,1,1,0,数据处理,毕业要求直接出现“数据处理”,2.5812670354674037,3.8719005532011055,5,是
首都经济贸易大学,CUEB-2024-064,2024级,统计学院,经济统计学,经济统计学,JN0104,C语言,C语言（编程语言）,工具软件与技术平台,嵌入式与电子硬件开发,0.8,1,1,0,c语言,课程名称直接出现唯一技能别名“c语言”,3.169053700369523,2.535242960295619,7,是
首都经济贸易大学,CUEB-2024-064,2024级,统计学院,经济统计学,经济统计学,JN0109,会计核算,会计核算,方法、标准与流程,财务会计与税务管理,0.8,1,0,1,会计学 Accounting,会计课程,1.2895886507223624,1.03167092057789,13,否
首都经济贸易大学,CUEB-2024-064,2024级,统计学院,经济统计学,经济统计学,JN0145,数据挖掘,数据挖掘,工具软件与技术平台,人工智能与数据挖掘,0.8,1,1,0,数据挖掘,课程名称直接出现唯一技能别名“数据挖掘”,2.4271163556401456,1.9416930845121165,9,是
首都经济贸易大学,CUEB-2024-064,2024级,统计学院,经济统计学,经济统计学,JN0174,人工智能技术,人工智能技术,具体专业技能,人工智能与数据挖掘,0.8,1,1,0,人工智能,课程名称直接出现唯一技能别名“人工智能”,1.312755710003897,1.0502045680031176,12,是
首都经济贸易大学,CUEB-2024-064,2024级,统计学院,经济统计学,经济统计学,JN0397,数理统计,数理统计,工具软件与技术平台,人工智能与数据挖掘,4.8,3,3,0,数理统计,毕业要求直接出现“数理统计”；核心课程直接出现“数理统计”；课程名称直接出现唯一技能别名“数理统计”,1.2019413436636068,5.769318449585312,3,是
首都经济贸易大学,CUEB-2024-064,2024级,统计学院,经济统计学,经济统计学,JN0540,预测模型,预测模型,方法、标准与流程,人工智能与数据挖掘,0.8,1,0,1,统计预测与决策(双语) Statistical Prediction and Decision（Bilingual）,预测方法课程,3.169053700369523,2.535242960295619,8,是
首都经济贸易大学,CUEB-2024-064,2024级,统计学院,经济统计学,经济统计学,JN0584,时间序列,时间序列,方法、标准与流程,人工智能与数据挖掘,3.3,2,2,0,时间序列,核心课程直接出现“时间序列”；课程名称直接出现唯一技能别名“时间序列”,2.8689491079191853,9.467532056133312,2,是
首都经济贸易大学,CUEB-2024-064,2024级,统计学院,经济统计学,经济统计学,JN0647,论文写作,论文写作,方法、标准与流程,表达沟通与通用办公协作,0.8,1,1,0,论文写作,课程名称直接出现唯一技能别名“论文写作”,1.4734380916943703,1.1787504733554963,11,是
首都经济贸易大学,CUEB-2024-064,2024级,统计学院,经济统计学,经济统计学,JN0686,数据库技术,数据库技术,专业知识与行业经验,Java后端开发与中间件,1.5,1,1,0,数据库,毕业要求直接出现“数据库”,2.3361445774344194,3.504216866151629,6,是
首都经济贸易大学,CUEB-2024-064,2024级,统计学院,经济统计学,经济统计学,JN0779,书面表达,书面表达,非技术性能力,表达沟通与通用办公协作,0.8,1,0,1,应用写作 / Practical Writing,写作课程,1.0649195460993157,0.8519356368794526,14,否
首都经济贸易大学,CUEB-2024-065,2024级,统计学院,统计学,统计学,JN0025,英语,英语,语言能力,供应链与物流管理,0.8,1,1,0,英语,课程名称直接出现唯一技能别名“英语”,1.0,0.8,17,否
首都经济贸易大学,CUEB-2024-065,2024级,统计学院,统计学,统计学,JN0026,数据分析,数据分析,工具软件与技术平台,人工智能与数据挖掘,2.3,2,2,0,数据分析,毕业要求直接出现“数据分析”；课程名称直接出现唯一技能别名“数据分析”,1.5798184952529422,3.633582539081767,8,是
首都经济贸易大学,CUEB-2024-065,2024级,统计学院,统计学,统计学,JN0041,Python,Python（编程语言）,工具软件与技术平台,云计算、系统运维与DevOps,0.8,1,1,0,python,课程名称直接出现唯一技能别名“python”,1.5108256237659907,1.2086604990127927,13,否
首都经济贸易大学,CUEB-2024-065,2024级,统计学院,统计学,统计学,JN0072,统计分析,统计分析,方法、标准与流程,人工智能与数据挖掘,10.4,10,3,7,统计分析；统计学导论 Introduction to Statistics；回归分析 Regression Analysis；抽样技术与应用 Sampling technique and Application；非参数统计 Nonparametric Statistics；时间序列分析 Time Series Analysis；贝叶斯统计（双语） Bayesian Statistics（Bilingual）；统计学科前沿选讲（英语） The frontier of Statistics（English）,毕业要求直接出现“统计分析”；核心课程直接出现“统计分析”；统计方法课程；课程名称直接出现唯一技能别名“统计分析”,1.1880522315029396,12.355743207630573,2,是
首都经济贸易大学,CUEB-2024-065,2024级,统计学院,统计学,统计学,JN0104,C语言,C语言（编程语言）,工具软件与技术平台,嵌入式与电子硬件开发,0.8,1,1,0,c语言,课程名称直接出现唯一技能别名“c语言”,3.169053700369523,2.535242960295619,10,是
首都经济贸易大学,CUEB-2024-065,2024级,统计学院,统计学,统计学,JN0145,数据挖掘,数据挖掘,工具软件与技术平台,人工智能与数据挖掘,2.3,2,2,0,数据挖掘,毕业要求直接出现“数据挖掘”；课程名称直接出现唯一技能别名“数据挖掘”,2.4271163556401456,5.582367617972334,4,是
首都经济贸易大学,CUEB-2024-065,2024级,统计学院,统计学,统计学,JN0174,人工智能技术,人工智能技术,具体专业技能,人工智能与数据挖掘,0.8,1,1,0,人工智能,课程名称直接出现唯一技能别名“人工智能”,1.312755710003897,1.0502045680031176,15,否
首都经济贸易大学,CUEB-2024-065,2024级,统计学院,统计学,统计学,JN0293,DOE试验设计,DOE试验设计（质量工程方法）,具体专业技能,质量管理与持续改进,3.3,2,2,0,试验设计,核心课程直接出现“试验设计”；课程名称直接出现唯一技能别名“试验设计”,4.555348061489413,15.032648602915062,1,是
首都经济贸易大学,CUEB-2024-065,2024级,统计学院,统计学,统计学,JN0365,文献检索,文献检索,方法、标准与流程,医药研发与药事管理,1.5,1,1,0,文献检索,毕业要求直接出现“文献检索”,3.2744142160273495,4.9116213240410245,5,是
首都经济贸易大学,CUEB-2024-065,2024级,统计学院,统计学,统计学,JN0397,数理统计,数理统计,工具软件与技术平台,人工智能与数据挖掘,3.3,2,2,0,数理统计,核心课程直接出现“数理统计”；课程名称直接出现唯一技能别名“数理统计”,1.2019413436636068,3.9664064340899023,6,是
首都经济贸易大学,CUEB-2024-065,2024级,统计学院,统计学,统计学,JN0540,预测模型,预测模型,方法、标准与流程,人工智能与数据挖掘,0.8,1,0,1,统计预测与决策(双语) Statistical Prediction Theory and Method（Bilingual）,预测方法课程,3.169053700369523,2.535242960295619,11,是
首都经济贸易大学,CUEB-2024-065,2024级,统计学院,统计学,统计学,JN0584,时间序列,时间序列,方法、标准与流程,人工智能与数据挖掘,3.3,2,2,0,时间序列,核心课程直接出现“时间序列”；课程名称直接出现唯一技能别名“时间序列”,2.8689491079191853,9.467532056133312,3,是
首都经济贸易大学,CUEB-2024-065,2024级,统计学院,统计学,统计学,JN0647,论文写作,论文写作,方法、标准与流程,表达沟通与通用办公协作,0.8,1,1,0,论文写作,课程名称直接出现唯一技能别名“论文写作”,1.4734380916943703,1.1787504733554963,14,否
首都经济贸易大学,CUEB-2024-065,2024级,统计学院,统计学,统计学,JN0779,书面表达,书面表达,非技术性能力,表达沟通与通用办公协作,0.8,1,0,1,应用写作 / Practical Writing,写作课程,1.0649195460993157,0.8519356368794526,16,否
首都经济贸易大学,CUEB-2024-065,2024级,统计学院,统计学,统计学,JN0780,诚信与职业道德,诚信与职业道德,非技术性能力,金融风控、投资与合规,1.5,1,1,0,职业道德,毕业要求直接出现“职业道德”,1.0710357731167517,1.6065536596751275,12,是
首都经济贸易大学,CUEB-2024-065,2024级,统计学院,统计学,统计学,JN0781,问题解决,问题解决,非技术性能力,表达沟通与通用办公协作,1.5,1,1,0,解决问题,毕业要求直接出现“解决问题”,2.314638372213455,3.4719575583201827,9,是
首都经济贸易大学,CUEB-2024-065,2024级,统计学院,统计学,统计学,JN0830,批判性思维,批判性思维,非技术性能力,表达沟通与通用办公协作,1.5,1,1,0,批判性思维,毕业要求直接出现“批判性思维”,2.638425449307353,3.9576381739610293,7,是
首都经济贸易大学,CUEB-2024-066,2024级,外国语学院,商务英语,商务英语,JN0025,英语,英语,语言能力,供应链与物流管理,5.8,4,4,0,英语,毕业要求直接出现“英语”；核心课程直接出现“英语”；培养特色直接出现“英语”；课程名称直接出现唯一技能别名“英语”,1.0,5.8,3,是
首都经济贸易大学,CUEB-2024-066,2024级,外国语学院,商务英语,商务英语,JN0026,数据分析,数据分析,工具软件与技术平台,人工智能与数据挖掘,0.8,1,0,1,京津冀国际商务分析 Analysis of International Business Conditions in Beijing-Tianjin-Hebei,数据分析课程,1.5798184952529422,1.2638547962023539,14,是
首都经济贸易大学,CUEB-2024-066,2024级,外国语学院,商务英语,商务英语,JN0029,Excel,Excel（办公软件与通用数字工具）,方法、标准与流程,表达沟通与通用办公协作,0.8,1,1,0,excel,课程名称直接出现唯一技能别名“excel”,2.1574527886910433,1.7259622309528346,11,是
首都经济贸易大学,CUEB-2024-066,2024级,外国语学院,商务英语,商务英语,JN0032,商务谈判,商务谈判,方法、标准与流程,组织协调与商业执行,0.8,1,1,0,商务谈判,课程名称直接出现唯一技能别名“商务谈判”,2.6990500711237875,2.15924005689903,8,是
首都经济贸易大学,CUEB-2024-066,2024级,外国语学院,商务英语,商务英语,JN0074,国际贸易,国际贸易,方法、标准与流程,供应链与物流管理,0.8,1,1,0,国际贸易,课程名称直接出现唯一技能别名“国际贸易”,3.120263536200091,2.496210828960073,7,是
首都经济贸易大学,CUEB-2024-066,2024级,外国语学院,商务英语,商务英语,JN0109,会计核算,会计核算,方法、标准与流程,财务会计与税务管理,0.8,1,0,1,会计学  / Accounting,会计课程,1.2895886507223624,1.03167092057789,17,否
首都经济贸易大学,CUEB-2024-066,2024级,外国语学院,商务英语,商务英语,JN0141,商务英语,商务英语,语言能力,供应链与物流管理,4.3,3,3,0,商务英语,核心课程直接出现“商务英语”；培养特色直接出现“商务英语”；课程名称直接出现唯一技能别名“商务英语”,3.2203469947570738,13.847492077455417,2,是
首都经济贸易大学,CUEB-2024-066,2024级,外国语学院,商务英语,商务英语,JN0174,人工智能技术,人工智能技术,具体专业技能,人工智能与数据挖掘,0.8,1,1,0,人工智能,课程名称直接出现唯一技能别名“人工智能”,1.312755710003897,1.0502045680031176,16,否
首都经济贸易大学,CUEB-2024-066,2024级,外国语学院,商务英语,商务英语,JN0190,翻译,翻译,语言能力,供应链与物流管理,5.9,5,5,0,翻译；口译；笔译,核心课程直接出现“翻译”；培养特色直接出现“翻译”；课程名称直接出现唯一技能别名“翻译”；课程名称直接出现唯一技能别名“口译”；课程名称直接出现唯一技能别名“笔译”,4.218875824868201,24.89136736672239,1,是
首都经济贸易大学,CUEB-2024-066,2024级,外国语学院,商务英语,商务英语,JN0258,法律法规知识,法律法规知识,方法、标准与流程,金融风控、投资与合规,0.8,1,0,1,国际商法（双语） International Business Law,法规课程,2.139434283188365,1.711547426550692,12,是
首都经济贸易大学,CUEB-2024-066,2024级,外国语学院,商务英语,商务英语,JN0557,Excel高级应用,Excel高级应用（电子表格高级应用）,工具软件与技术平台,财务会计与税务管理,0.8,1,1,0,excel高级应用,课程名称直接出现唯一技能别名“excel高级应用”,2.2729656758128876,1.8183725406503102,10,是
首都经济贸易大学,CUEB-2024-066,2024级,外国语学院,商务英语,商务英语,JN0647,论文写作,论文写作,方法、标准与流程,表达沟通与通用办公协作,0.8,1,0,1,研究方法与学术写作 Resaerch Methods and Academic Writing,学术写作课程,1.4734380916943703,1.1787504733554963,15,否
首都经济贸易大学,CUEB-2024-066,2024级,外国语学院,商务英语,商务英语,JN0770,沟通能力,沟通能力,非技术性能力,组织协调与商业执行,1.8,2,2,0,沟通能力；沟通,培养特色直接出现“沟通能力”；课程名称直接出现唯一技能别名“沟通”,1.7953381214564925,3.231608618621687,4,是
首都经济贸易大学,CUEB-2024-066,2024级,外国语学院,商务英语,商务英语,JN0771,团队合作,团队合作,非技术性能力,表达沟通与通用办公协作,1.5,1,1,0,协作意识,毕业要求直接出现“协作意识”,1.4111957828171493,2.116793674225724,9,否
首都经济贸易大学,CUEB-2024-066,2024级,外国语学院,商务英语,商务英语,JN0779,书面表达,书面表达,非技术性能力,表达沟通与通用办公协作,0.8,1,0,1,应用写作 Practical Writing,写作课程,1.0649195460993157,0.8519356368794526,18,否
首都经济贸易大学,CUEB-2024-066,2024级,外国语学院,商务英语,商务英语,JN0780,诚信与职业道德,诚信与职业道德,非技术性能力,金融风控、投资与合规,1.5,1,1,0,职业道德,毕业要求直接出现“职业道德”,1.0710357731167517,1.6065536596751275,13,否
首都经济贸易大学,CUEB-2024-066,2024级,外国语学院,商务英语,商务英语,JN0788,口头表达,口头表达,非技术性能力,表达沟通与通用办公协作,1.5,1,1,0,口头表达,毕业要求直接出现“口头表达”,1.9021060968821986,2.853159145323298,6,是
首都经济贸易大学,CUEB-2024-066,2024级,外国语学院,商务英语,商务英语,JN0804,演讲呈现,演讲呈现,非技术性能力,表达沟通与通用办公协作,0.8,1,0,1,英语演讲与辩论 Speech and Debate In English,展示表达课程,3.6798793241355137,2.943903459308411,5,是
首都经济贸易大学,CUEB-2024-067,2024级,外国语学院,法语,法语,JN0024,Office办公软件,Office办公软件（办公套件）,工具软件与技术平台,表达沟通与通用办公协作,2.5,2,2,0,办公软件,培养目标直接出现“办公软件”；毕业要求直接出现“办公软件”,2.037651588878423,5.0941289721960565,7,是
首都经济贸易大学,CUEB-2024-067,2024级,外国语学院,法语,法语,JN0025,英语,英语,语言能力,供应链与物流管理,4.3,4,4,0,英语,培养目标直接出现“英语”；毕业要求直接出现“英语”；培养特色直接出现“英语”；课程名称直接出现唯一技能别名“英语”,1.0,4.3,10,是
首都经济贸易大学,CUEB-2024-067,2024级,外国语学院,法语,法语,JN0029,Excel,Excel（办公软件与通用数字工具）,方法、标准与流程,表达沟通与通用办公协作,2.3,2,2,0,Excel；excel,毕业要求直接出现“Excel”；课程名称直接出现唯一技能别名“excel”,2.1574527886910433,4.962141413989399,8,是
首都经济贸易大学,CUEB-2024-067,2024级,外国语学院,法语,法语,JN0109,会计核算,会计核算,方法、标准与流程,财务会计与税务管理,0.8,1,0,1,会计学Accounting,会计课程,1.2895886507223624,1.03167092057789,18,否
首都经济贸易大学,CUEB-2024-067,2024级,外国语学院,法语,法语,JN0174,人工智能技术,人工智能技术,具体专业技能,人工智能与数据挖掘,0.8,1,1,0,人工智能,课程名称直接出现唯一技能别名“人工智能”,1.312755710003897,1.0502045680031176,17,否
首都经济贸易大学,CUEB-2024-067,2024级,外国语学院,法语,法语,JN0190,翻译,翻译,语言能力,供应链与物流管理,2.6,3,3,0,翻译；笔译；口译,培养目标直接出现“翻译”；课程名称直接出现唯一技能别名“笔译”；课程名称直接出现唯一技能别名“口译”,4.218875824868201,10.969077144657323,2,是
首都经济贸易大学,CUEB-2024-067,2024级,外国语学院,法语,法语,JN0250,跨文化沟通,跨文化沟通,语言能力,供应链与物流管理,3.5,3,3,0,跨文化沟通,培养目标直接出现“跨文化沟通”；毕业要求直接出现“跨文化沟通”；培养特色直接出现“跨文化沟通”,2.730798769438368,9.557795693034288,3,是
首都经济贸易大学,CUEB-2024-067,2024级,外国语学院,法语,法语,JN0411,法语,法语,语言能力,供应链与物流管理,6.0,4,4,0,法语,培养目标直接出现“法语”；毕业要求直接出现“法语”；核心课程直接出现“法语”；培养特色直接出现“法语”,4.778491612803624,28.670949676821742,1,是
首都经济贸易大学,CUEB-2024-067,2024级,外国语学院,法语,法语,JN0557,Excel高级应用,Excel高级应用（电子表格高级应用）,工具软件与技术平台,财务会计与税务管理,2.3,2,2,0,Excel高级应用；excel高级应用,毕业要求直接出现“Excel高级应用”；课程名称直接出现唯一技能别名“excel高级应用”,2.2729656758128876,5.227821054369641,6,是
首都经济贸易大学,CUEB-2024-067,2024级,外国语学院,法语,法语,JN0647,论文写作,论文写作,方法、标准与流程,表达沟通与通用办公协作,0.8,1,0,1,学术写作和研究方法（法语）Academic Writing and Research Methods (French),学术写作课程,1.4734380916943703,1.1787504733554963,15,是
首都经济贸易大学,CUEB-2024-067,2024级,外国语学院,法语,法语,JN0691,财务管理,财务管理,专业知识与行业经验,财务会计与税务管理,0.8,1,1,0,财务管理,课程名称直接出现唯一技能别名“财务管理”,1.664976303593249,1.3319810428745993,14,是
首都经济贸易大学,CUEB-2024-067,2024级,外国语学院,法语,法语,JN0770,沟通能力,沟通能力,非技术性能力,组织协调与商业执行,3.5,3,3,0,沟通能力,培养目标直接出现“沟通能力”；毕业要求直接出现“沟通能力”；培养特色直接出现“沟通能力”,1.7953381214564925,6.283683425097724,5,是
首都经济贸易大学,CUEB-2024-067,2024级,外国语学院,法语,法语,JN0771,团队合作,团队合作,非技术性能力,表达沟通与通用办公协作,2.5,2,2,0,团队精神,培养目标直接出现“团队精神”；毕业要求直接出现“团队精神”,1.4111957828171493,3.527989457042873,11,否
首都经济贸易大学,CUEB-2024-067,2024级,外国语学院,法语,法语,JN0774,表达能力,表达能力,非技术性能力,表达沟通与通用办公协作,2.5,2,2,0,表达能力,培养目标直接出现“表达能力”；毕业要求直接出现“表达能力”,1.7703368192510753,4.425842048127688,9,是
首都经济贸易大学,CUEB-2024-067,2024级,外国语学院,法语,法语,JN0779,书面表达,书面表达,非技术性能力,表达沟通与通用办公协作,0.8,1,0,1,应用写作 / Practical Writing,写作课程,1.0649195460993157,0.8519356368794526,19,否
首都经济贸易大学,CUEB-2024-067,2024级,外国语学院,法语,法语,JN0780,诚信与职业道德,诚信与职业道德,非技术性能力,金融风控、投资与合规,1.0,1,1,0,职业道德,培养目标直接出现“职业道德”,1.0710357731167517,1.0710357731167517,16,否
首都经济贸易大学,CUEB-2024-067,2024级,外国语学院,法语,法语,JN0790,创新能力,创新能力,非技术性能力,视觉设计与数字内容制作,2.5,2,2,0,创新意识,培养目标直接出现“创新意识”；毕业要求直接出现“创新意识”,1.2895886507223624,3.223971626805906,12,否
首都经济贸易大学,CUEB-2024-067,2024级,外国语学院,法语,法语,JN0804,演讲呈现,演讲呈现,非技术性能力,表达沟通与通用办公协作,0.8,1,0,1,法语演讲与辩论 / Speech and debate in French,展示表达课程,3.6798793241355137,2.943903459308411,13,否
首都经济贸易大学,CUEB-2024-067,2024级,外国语学院,法语,法语,JN0830,批判性思维,批判性思维,非技术性能力,表达沟通与通用办公协作,2.5,2,2,0,批判性思维,培养目标直接出现“批判性思维”；毕业要求直接出现“批判性思维”,2.638425449307353,6.596063623268382,4,是
首都经济贸易大学,CUEB-2024-068,2024级,华侨学院,信息管理与信息系统（金融信息管理）,信息管理与信息系统（金融信息管理）,JN0024,Office办公软件,Office办公软件（办公套件）,工具软件与技术平台,表达沟通与通用办公协作,0.8,1,1,0,office,课程名称直接出现唯一技能别名“office”,2.037651588878423,1.6301212711027384,16,否
首都经济贸易大学,CUEB-2024-068,2024级,华侨学院,信息管理与信息系统（金融信息管理）,信息管理与信息系统（金融信息管理）,JN0025,英语,英语,语言能力,供应链与物流管理,0.8,1,1,0,英语,课程名称直接出现唯一技能别名“英语”,1.0,0.8,24,否
首都经济贸易大学,CUEB-2024-068,2024级,华侨学院,信息管理与信息系统（金融信息管理）,信息管理与信息系统（金融信息管理）,JN0026,数据分析,数据分析,工具软件与技术平台,人工智能与数据挖掘,3.3,3,3,0,数据分析,培养目标直接出现“数据分析”；毕业要求直接出现“数据分析”；课程名称直接出现唯一技能别名“数据分析”,1.5798184952529422,5.213401034334709,3,是
首都经济贸易大学,CUEB-2024-068,2024级,华侨学院,信息管理与信息系统（金融信息管理）,信息管理与信息系统（金融信息管理）,JN0027,Java,Java（编程语言）,工具软件与技术平台,Java后端开发与中间件,0.8,1,1,0,java,课程名称直接出现唯一技能别名“java”,3.5257286443082556,2.8205829154466047,6,是
首都经济贸易大学,CUEB-2024-068,2024级,华侨学院,信息管理与信息系统（金融信息管理）,信息管理与信息系统（金融信息管理）,JN0028,项目管理,项目管理,方法、标准与流程,表达沟通与通用办公协作,0.8,1,0,1,信息系统项目管理 / Information Systems Project Management,项目管理课程,2.7635885922613586,2.2108708738090868,13,是
首都经济贸易大学,CUEB-2024-068,2024级,华侨学院,信息管理与信息系统（金融信息管理）,信息管理与信息系统（金融信息管理）,JN0029,Excel,Excel（办公软件与通用数字工具）,方法、标准与流程,表达沟通与通用办公协作,0.8,1,1,0,excel,课程名称直接出现唯一技能别名“excel”,2.1574527886910433,1.7259622309528346,15,否
首都经济贸易大学,CUEB-2024-068,2024级,华侨学院,信息管理与信息系统（金融信息管理）,信息管理与信息系统（金融信息管理）,JN0041,Python,Python（编程语言）,工具软件与技术平台,云计算、系统运维与DevOps,0.8,1,1,0,python,课程名称直接出现唯一技能别名“python”,1.5108256237659907,1.2086604990127927,17,否
首都经济贸易大学,CUEB-2024-068,2024级,华侨学院,信息管理与信息系统（金融信息管理）,信息管理与信息系统（金融信息管理）,JN0051,Photoshop,Photoshop（设计传媒内容）,方法、标准与流程,视觉设计与数字内容制作,0.8,1,1,0,photoshop,课程名称直接出现唯一技能别名“photoshop”,4.555348061489413,3.6442784491915305,4,是
首都经济贸易大学,CUEB-2024-068,2024级,华侨学院,信息管理与信息系统（金融信息管理）,信息管理与信息系统（金融信息管理）,JN0072,统计分析,统计分析,方法、标准与流程,人工智能与数据挖掘,0.8,1,0,1,管理统计学 / Management Statistics,统计方法课程,1.1880522315029396,0.9504417852023517,22,否
首都经济贸易大学,CUEB-2024-068,2024级,华侨学院,信息管理与信息系统（金融信息管理）,信息管理与信息系统（金融信息管理）,JN0077,财务分析,财务分析,具体专业技能,财务会计与税务管理,0.8,1,1,0,财务分析,课程名称直接出现唯一技能别名“财务分析”,3.120263536200091,2.496210828960073,9,是
首都经济贸易大学,CUEB-2024-068,2024级,华侨学院,信息管理与信息系统（金融信息管理）,信息管理与信息系统（金融信息管理）,JN0104,C语言,C语言（编程语言）,工具软件与技术平台,嵌入式与电子硬件开发,0.8,1,1,0,c语言,课程名称直接出现唯一技能别名“c语言”,3.169053700369523,2.535242960295619,8,是
首都经济贸易大学,CUEB-2024-068,2024级,华侨学院,信息管理与信息系统（金融信息管理）,信息管理与信息系统（金融信息管理）,JN0109,会计核算,会计核算,方法、标准与流程,财务会计与税务管理,0.8,1,0,1,会计学原理 / Principles of Accounting,会计课程,1.2895886507223624,1.03167092057789,20,否
首都经济贸易大学,CUEB-2024-068,2024级,华侨学院,信息管理与信息系统（金融信息管理）,信息管理与信息系统（金融信息管理）,JN0174,人工智能技术,人工智能技术,具体专业技能,人工智能与数据挖掘,0.8,1,1,0,人工智能,课程名称直接出现唯一技能别名“人工智能”,1.312755710003897,1.0502045680031176,19,否
首都经济贸易大学,CUEB-2024-068,2024级,华侨学院,信息管理与信息系统（金融信息管理）,信息管理与信息系统（金融信息管理）,JN0211,数据结构与算法,数据结构与算法,方法、标准与流程,网络通信与软件开发基础,0.8,1,0,1,数据结构 / Data Structure,数据结构课程,2.79749014393704,2.237992115149632,12,是
首都经济贸易大学,CUEB-2024-068,2024级,华侨学院,信息管理与信息系统（金融信息管理）,信息管理与信息系统（金融信息管理）,JN0256,授课,授课,方法、标准与流程,表达沟通与通用办公协作,1.0,1,1,0,授课,培养特色直接出现“授课”,2.4759065198095778,2.4759065198095778,10,是
首都经济贸易大学,CUEB-2024-068,2024级,华侨学院,信息管理与信息系统（金融信息管理）,信息管理与信息系统（金融信息管理）,JN0397,数理统计,数理统计,工具软件与技术平台,人工智能与数据挖掘,0.8,1,1,0,数理统计,课程名称直接出现唯一技能别名“数理统计”,1.2019413436636068,0.9615530749308855,21,否
首都经济贸易大学,CUEB-2024-068,2024级,华侨学院,信息管理与信息系统（金融信息管理）,信息管理与信息系统（金融信息管理）,JN0647,论文写作,论文写作,方法、标准与流程,表达沟通与通用办公协作,0.8,1,0,1,学术写作与研究方法 / Academic Writing and Research Methods,学术写作课程,1.4734380916943703,1.1787504733554963,18,否
首都经济贸易大学,CUEB-2024-068,2024级,华侨学院,信息管理与信息系统（金融信息管理）,信息管理与信息系统（金融信息管理）,JN0686,数据库技术,数据库技术,专业知识与行业经验,Java后端开发与中间件,3.3,2,2,0,数据库,核心课程直接出现“数据库”；课程名称直接出现唯一技能别名“数据库”,2.3361445774344194,7.709277105533584,1,是
首都经济贸易大学,CUEB-2024-068,2024级,华侨学院,信息管理与信息系统（金融信息管理）,信息管理与信息系统（金融信息管理）,JN0691,财务管理,财务管理,专业知识与行业经验,财务会计与税务管理,1.6,2,0,2,公司金融 / Corporate Finance；公司金融 Corporate Finance,财务管理课程,1.664976303593249,2.6639620857491986,7,是
首都经济贸易大学,CUEB-2024-068,2024级,华侨学院,信息管理与信息系统（金融信息管理）,信息管理与信息系统（金融信息管理）,JN0755,CFA,特许金融分析师资格（CFA）,证书与资质,金融风控、投资与合规,1.8,2,2,0,CFA；cfa,培养特色直接出现“CFA”；课程名称直接出现唯一技能别名“cfa”,3.169053700369523,5.7042966606651415,2,否
首都经济贸易大学,CUEB-2024-068,2024级,华侨学院,信息管理与信息系统（金融信息管理）,信息管理与信息系统（金融信息管理）,JN0771,团队合作,团队合作,非技术性能力,表达沟通与通用办公协作,1.5,1,1,0,协作意识,毕业要求直接出现“协作意识”,1.4111957828171493,2.116793674225724,14,否
首都经济贸易大学,CUEB-2024-068,2024级,华侨学院,信息管理与信息系统（金融信息管理）,信息管理与信息系统（金融信息管理）,JN0779,书面表达,书面表达,非技术性能力,表达沟通与通用办公协作,0.8,1,0,1,应用写作 / Business Writing,写作课程,1.0649195460993157,0.8519356368794526,23,否
首都经济贸易大学,CUEB-2024-068,2024级,华侨学院,信息管理与信息系统（金融信息管理）,信息管理与信息系统（金融信息管理）,JN0787,领导力,领导力,非技术性能力,组织协调与商业执行,1.0,1,1,0,领导力,培养目标直接出现“领导力”,2.4035858582299516,2.4035858582299516,11,是
首都经济贸易大学,CUEB-2024-068,2024级,华侨学院,信息管理与信息系统（金融信息管理）,信息管理与信息系统（金融信息管理）,JN0788,口头表达,口头表达,非技术性能力,表达沟通与通用办公协作,1.5,1,1,0,口头表达,毕业要求直接出现“口头表达”,1.9021060968821986,2.853159145323298,5,是
首都经济贸易大学,CUEB-2024-069,2024级,华侨学院,工商管理（国际会计）,工商管理（国际会计）,JN0024,Office办公软件,Office办公软件（办公套件）,工具软件与技术平台,表达沟通与通用办公协作,0.8,1,1,0,office,课程名称直接出现唯一技能别名“office”,2.037651588878423,1.6301212711027384,14,是
首都经济贸易大学,CUEB-2024-069,2024级,华侨学院,工商管理（国际会计）,工商管理（国际会计）,JN0025,英语,英语,语言能力,供应链与物流管理,1.8,2,2,0,英语,培养特色直接出现“英语”；课程名称直接出现唯一技能别名“英语”,1.0,1.8,12,是
首都经济贸易大学,CUEB-2024-069,2024级,华侨学院,工商管理（国际会计）,工商管理（国际会计）,JN0072,统计分析,统计分析,方法、标准与流程,人工智能与数据挖掘,1.6,2,0,2,管理统计学 ManagementStatistics；管理统计学  / Management Statistics,统计方法课程,1.1880522315029396,1.9008835704047033,11,是
首都经济贸易大学,CUEB-2024-069,2024级,华侨学院,工商管理（国际会计）,工商管理（国际会计）,JN0109,会计核算,会计核算,方法、标准与流程,财务会计与税务管理,1.6,2,0,2,会计学原理 / Principles of Accounting；财务会计 / Financial Accounting,会计课程,1.2895886507223624,2.06334184115578,10,是
首都经济贸易大学,CUEB-2024-069,2024级,华侨学院,工商管理（国际会计）,工商管理（国际会计）,JN0174,人工智能技术,人工智能技术,具体专业技能,人工智能与数据挖掘,0.8,1,1,0,人工智能,课程名称直接出现唯一技能别名“人工智能”,1.312755710003897,1.0502045680031176,18,否
首都经济贸易大学,CUEB-2024-069,2024级,华侨学院,工商管理（国际会计）,工商管理（国际会计）,JN0256,授课,授课,方法、标准与流程,表达沟通与通用办公协作,1.0,1,1,0,授课,培养特色直接出现“授课”,2.4759065198095778,2.4759065198095778,6,是
首都经济贸易大学,CUEB-2024-069,2024级,华侨学院,工商管理（国际会计）,工商管理（国际会计）,JN0258,法律法规知识,法律法规知识,方法、标准与流程,金融风控、投资与合规,1.6,2,0,2,商法 / Business Law；公司法与商法 / Corporate and Business Law,法规课程,2.139434283188365,3.423094853101384,4,是
首都经济贸易大学,CUEB-2024-069,2024级,华侨学院,工商管理（国际会计）,工商管理（国际会计）,JN0373,人力资源管理流程,人力资源管理流程,方法、标准与流程,人力资源与行政管理,0.8,1,0,1,人力资源管理 / Human Resource Management,人力资源课程,2.194494060371392,1.7555952482971138,13,是
首都经济贸易大学,CUEB-2024-069,2024级,华侨学院,工商管理（国际会计）,工商管理（国际会计）,JN0397,数理统计,数理统计,工具软件与技术平台,人工智能与数据挖掘,0.8,1,1,0,数理统计,课程名称直接出现唯一技能别名“数理统计”,1.2019413436636068,0.9615530749308855,19,否
首都经济贸易大学,CUEB-2024-069,2024级,华侨学院,工商管理（国际会计）,工商管理（国际会计）,JN0647,论文写作,论文写作,方法、标准与流程,表达沟通与通用办公协作,0.8,1,0,1,学术写作与研究方法 / Academic Writing and Research Methodology,学术写作课程,1.4734380916943703,1.1787504733554963,17,否
首都经济贸易大学,CUEB-2024-069,2024级,华侨学院,工商管理（国际会计）,工商管理（国际会计）,JN0691,财务管理,财务管理,专业知识与行业经验,财务会计与税务管理,3.1,3,2,1,财务管理；公司金融  / Corporate Finance,毕业要求直接出现“财务管理”；课程名称直接出现唯一技能别名“财务管理”；财务管理课程,1.664976303593249,5.161426541139072,2,是
首都经济贸易大学,CUEB-2024-069,2024级,华侨学院,工商管理（国际会计）,工商管理（国际会计）,JN0710,财税法规,财税法规,专业知识与行业经验,财务会计与税务管理,0.8,1,0,1,税法 / Taxation,税法课程,3.0292917579943643,2.4234334063954917,7,是
首都经济贸易大学,CUEB-2024-069,2024级,华侨学院,工商管理（国际会计）,工商管理（国际会计）,JN0743,CPA,注册会计师资格（CPA）,证书与资质,财务会计与税务管理,1.0,1,1,0,注册会计师,培养特色直接出现“注册会计师”,4.218875824868201,4.218875824868201,3,否
首都经济贸易大学,CUEB-2024-069,2024级,华侨学院,工商管理（国际会计）,工商管理（国际会计）,JN0762,ACCA,ACCA（财会金融证书）,证书与资质,财务会计与税务管理,1.8,2,2,0,国际注册会计师；acca,培养特色直接出现“国际注册会计师”；课程名称直接出现唯一技能别名“acca”,4.555348061489413,8.199626510680943,1,否
首都经济贸易大学,CUEB-2024-069,2024级,华侨学院,工商管理（国际会计）,工商管理（国际会计）,JN0770,沟通能力,沟通能力,非技术性能力,组织协调与商业执行,0.8,1,1,0,沟通,课程名称直接出现唯一技能别名“沟通”,1.7953381214564925,1.436270497165194,16,否
首都经济贸易大学,CUEB-2024-069,2024级,华侨学院,工商管理（国际会计）,工商管理（国际会计）,JN0771,团队合作,团队合作,非技术性能力,表达沟通与通用办公协作,1.5,1,1,0,协作意识,毕业要求直接出现“协作意识”,1.4111957828171493,2.116793674225724,9,是
首都经济贸易大学,CUEB-2024-069,2024级,华侨学院,工商管理（国际会计）,工商管理（国际会计）,JN0779,书面表达,书面表达,非技术性能力,表达沟通与通用办公协作,0.8,1,0,1,应用写作 / Business Writing,写作课程,1.0649195460993157,0.8519356368794526,20,否
首都经济贸易大学,CUEB-2024-069,2024级,华侨学院,工商管理（国际会计）,工商管理（国际会计）,JN0780,诚信与职业道德,诚信与职业道德,非技术性能力,金融风控、投资与合规,1.5,1,1,0,职业道德,毕业要求直接出现“职业道德”,1.0710357731167517,1.6065536596751275,15,否
首都经济贸易大学,CUEB-2024-069,2024级,华侨学院,工商管理（国际会计）,工商管理（国际会计）,JN0787,领导力,领导力,非技术性能力,组织协调与商业执行,1.0,1,1,0,领导力,培养目标直接出现“领导力”,2.4035858582299516,2.4035858582299516,8,是
首都经济贸易大学,CUEB-2024-069,2024级,华侨学院,工商管理（国际会计）,工商管理（国际会计）,JN0788,口头表达,口头表达,非技术性能力,表达沟通与通用办公协作,1.5,1,1,0,口头表达,毕业要求直接出现“口头表达”,1.9021060968821986,2.853159145323298,5,是
首都经济贸易大学,CUEB-2024-070,2024级,国际经济管理学院,金融学（数据与计量分析）,金融学（数据与计量分析）,JN0025,英语,英语,语言能力,供应链与物流管理,2.3,2,2,0,英语,毕业要求直接出现“英语”；课程名称直接出现唯一技能别名“英语”,1.0,2.3,18,否
首都经济贸易大学,CUEB-2024-070,2024级,国际经济管理学院,金融学（数据与计量分析）,金融学（数据与计量分析）,JN0026,数据分析,数据分析,工具软件与技术平台,人工智能与数据挖掘,3.3,3,3,0,数据分析,培养目标直接出现“数据分析”；毕业要求直接出现“数据分析”；课程名称直接出现唯一技能别名“数据分析”,1.5798184952529422,5.213401034334709,4,是
首都经济贸易大学,CUEB-2024-070,2024级,国际经济管理学院,金融学（数据与计量分析）,金融学（数据与计量分析）,JN0041,Python,Python（编程语言）,工具软件与技术平台,云计算、系统运维与DevOps,0.8,1,1,0,python,课程名称直接出现唯一技能别名“python”,1.5108256237659907,1.2086604990127927,21,否
首都经济贸易大学,CUEB-2024-070,2024级,国际经济管理学院,金融学（数据与计量分析）,金融学（数据与计量分析）,JN0072,统计分析,统计分析,方法、标准与流程,人工智能与数据挖掘,3.2,4,1,3,计量经济学Econometrics；经济时间序列分析 Economic Time Series Analysis；统计分析；贝叶斯统计Bayesian Stastistics,统计方法课程；课程名称直接出现唯一技能别名“统计分析”,1.1880522315029396,3.8017671408094067,8,是
首都经济贸易大学,CUEB-2024-070,2024级,国际经济管理学院,金融学（数据与计量分析）,金融学（数据与计量分析）,JN0104,C语言,C语言（编程语言）,工具软件与技术平台,嵌入式与电子硬件开发,0.8,1,1,0,c语言,课程名称直接出现唯一技能别名“c语言”,3.169053700369523,2.535242960295619,16,是
首都经济贸易大学,CUEB-2024-070,2024级,国际经济管理学院,金融学（数据与计量分析）,金融学（数据与计量分析）,JN0108,财务报表,财务报表,具体专业技能,财务会计与税务管理,1.6,2,2,0,财务报表；报表分析,课程名称直接出现唯一技能别名“财务报表”；课程名称直接出现唯一技能别名“报表分析”,3.9675613965872945,6.3480982345396715,2,是
首都经济贸易大学,CUEB-2024-070,2024级,国际经济管理学院,金融学（数据与计量分析）,金融学（数据与计量分析）,JN0109,会计核算,会计核算,方法、标准与流程,财务会计与税务管理,0.8,1,0,1,会计学原理 Accounting Principles,会计课程,1.2895886507223624,1.03167092057789,23,否
首都经济贸易大学,CUEB-2024-070,2024级,国际经济管理学院,金融学（数据与计量分析）,金融学（数据与计量分析）,JN0172,数据建模,数据建模,工具软件与技术平台,大数据工程与数据仓库,1.6,2,1,1,金融建模与数据分析 Financial Modelling and Data Analysis；数据建模,建模课程；课程名称直接出现唯一技能别名“数据建模”,2.730798769438368,4.3692780311013895,6,是
首都经济贸易大学,CUEB-2024-070,2024级,国际经济管理学院,金融学（数据与计量分析）,金融学（数据与计量分析）,JN0174,人工智能技术,人工智能技术,具体专业技能,人工智能与数据挖掘,0.8,1,1,0,人工智能,课程名称直接出现唯一技能别名“人工智能”,1.312755710003897,1.0502045680031176,22,否
首都经济贸易大学,CUEB-2024-070,2024级,国际经济管理学院,金融学（数据与计量分析）,金融学（数据与计量分析）,JN0256,授课,授课,方法、标准与流程,表达沟通与通用办公协作,1.0,1,1,0,授课,培养特色直接出现“授课”,2.4759065198095778,2.4759065198095778,17,是
首都经济贸易大学,CUEB-2024-070,2024级,国际经济管理学院,金融学（数据与计量分析）,金融学（数据与计量分析）,JN0397,数理统计,数理统计,工具软件与技术平台,人工智能与数据挖掘,3.3,2,2,0,数理统计,核心课程直接出现“数理统计”；课程名称直接出现唯一技能别名“数理统计”,1.2019413436636068,3.9664064340899023,7,是
首都经济贸易大学,CUEB-2024-070,2024级,国际经济管理学院,金融学（数据与计量分析）,金融学（数据与计量分析）,JN0584,时间序列,时间序列,方法、标准与流程,人工智能与数据挖掘,3.3,2,2,0,时间序列,核心课程直接出现“时间序列”；课程名称直接出现唯一技能别名“时间序列”,2.8689491079191853,9.467532056133312,1,是
首都经济贸易大学,CUEB-2024-070,2024级,国际经济管理学院,金融学（数据与计量分析）,金融学（数据与计量分析）,JN0690,风险管理,风险管理,专业知识与行业经验,金融风控、投资与合规,1.8,2,2,0,风险管理,培养特色直接出现“风险管理”；课程名称直接出现唯一技能别名“风险管理”,1.916290731874155,3.449323317373479,10,是
首都经济贸易大学,CUEB-2024-070,2024级,国际经济管理学院,金融学（数据与计量分析）,金融学（数据与计量分析）,JN0691,财务管理,财务管理,专业知识与行业经验,财务会计与税务管理,0.8,1,0,1,公司金融 / Corporate Finance,财务管理课程,1.664976303593249,1.3319810428745993,20,否
首都经济贸易大学,CUEB-2024-070,2024级,国际经济管理学院,金融学（数据与计量分析）,金融学（数据与计量分析）,JN0774,表达能力,表达能力,非技术性能力,表达沟通与通用办公协作,1.5,1,1,0,表达能力,毕业要求直接出现“表达能力”,1.7703368192510753,2.655505228876613,14,否
首都经济贸易大学,CUEB-2024-070,2024级,国际经济管理学院,金融学（数据与计量分析）,金融学（数据与计量分析）,JN0775,学习能力,学习能力,非技术性能力,表达沟通与通用办公协作,1.5,1,1,0,学习能力,毕业要求直接出现“学习能力”,1.7221347174331973,2.583202076149796,15,否
首都经济贸易大学,CUEB-2024-070,2024级,国际经济管理学院,金融学（数据与计量分析）,金融学（数据与计量分析）,JN0780,诚信与职业道德,诚信与职业道德,非技术性能力,金融风控、投资与合规,1.5,1,1,0,职业道德,毕业要求直接出现“职业道德”,1.0710357731167517,1.6065536596751275,19,否
首都经济贸易大学,CUEB-2024-070,2024级,国际经济管理学院,金融学（数据与计量分析）,金融学（数据与计量分析）,JN0781,问题解决,问题解决,非技术性能力,表达沟通与通用办公协作,2.5,2,2,0,解决问题,毕业要求直接出现“解决问题”；培养特色直接出现“解决问题”,2.314638372213455,5.786595930533638,3,是
首都经济贸易大学,CUEB-2024-070,2024级,国际经济管理学院,金融学（数据与计量分析）,金融学（数据与计量分析）,JN0785,分析判断,分析判断,非技术性能力,组织协调与商业执行,1.5,1,1,0,分析能力,毕业要求直接出现“分析能力”,2.121734706088964,3.1826020591334463,12,否
首都经济贸易大学,CUEB-2024-070,2024级,国际经济管理学院,金融学（数据与计量分析）,金融学（数据与计量分析）,JN0788,口头表达,口头表达,非技术性能力,表达沟通与通用办公协作,1.5,1,1,0,口头表达,毕业要求直接出现“口头表达”,1.9021060968821986,2.853159145323298,13,否
首都经济贸易大学,CUEB-2024-070,2024级,国际经济管理学院,金融学（数据与计量分析）,金融学（数据与计量分析）,JN0790,创新能力,创新能力,非技术性能力,视觉设计与数字内容制作,2.5,2,2,0,创新能力,毕业要求直接出现“创新能力”；培养特色直接出现“创新能力”,1.2895886507223624,3.223971626805906,11,否
首都经济贸易大学,CUEB-2024-070,2024级,国际经济管理学院,金融学（数据与计量分析）,金融学（数据与计量分析）,JN0798,适应能力,适应能力,非技术性能力,组织协调与商业执行,1.5,1,1,0,适应能力,毕业要求直接出现“适应能力”,2.5271998141971284,3.7907997212956923,9,是
首都经济贸易大学,CUEB-2024-070,2024级,国际经济管理学院,金融学（数据与计量分析）,金融学（数据与计量分析）,JN0801,独立思考,独立思考,非技术性能力,表达沟通与通用办公协作,1.5,1,1,0,独立思考,毕业要求直接出现“独立思考”,3.2203469947570738,4.83052049213561,5,是
首都经济贸易大学,CUEB-2024-071,2024级,城市经济与公共管理学院,土地资源管理,土地资源管理,JN0007,物业管理,物业管理,职业职能与业务活动,组织协调与商业执行,2.3,2,2,0,物业管理,毕业要求直接出现“物业管理”；课程名称直接出现唯一技能别名“物业管理”,5.0661736852554045,11.652199476087429,1,是
首都经济贸易大学,CUEB-2024-071,2024级,城市经济与公共管理学院,土地资源管理,土地资源管理,JN0025,英语,英语,语言能力,供应链与物流管理,0.8,1,1,0,英语,课程名称直接出现唯一技能别名“英语”,1.0,0.8,14,是
首都经济贸易大学,CUEB-2024-071,2024级,城市经济与公共管理学院,土地资源管理,土地资源管理,JN0029,Excel,Excel（办公软件与通用数字工具）,方法、标准与流程,表达沟通与通用办公协作,0.8,1,1,0,excel,课程名称直接出现唯一技能别名“excel”,2.1574527886910433,1.7259622309528346,10,是
首都经济贸易大学,CUEB-2024-071,2024级,城市经济与公共管理学院,土地资源管理,土地资源管理,JN0072,统计分析,统计分析,方法、标准与流程,人工智能与数据挖掘,2.3,2,1,1,统计分析；统计学（PM）Statistics（PM）,毕业要求直接出现“统计分析”；统计方法课程,1.1880522315029396,2.7325201324567607,6,是
首都经济贸易大学,CUEB-2024-071,2024级,城市经济与公共管理学院,土地资源管理,土地资源管理,JN0174,人工智能技术,人工智能技术,具体专业技能,人工智能与数据挖掘,0.8,1,1,0,人工智能,课程名称直接出现唯一技能别名“人工智能”,1.312755710003897,1.0502045680031176,12,是
首都经济贸易大学,CUEB-2024-071,2024级,城市经济与公共管理学院,土地资源管理,土地资源管理,JN0365,文献检索,文献检索,方法、标准与流程,医药研发与药事管理,1.5,1,1,0,文献检索,毕业要求直接出现“文献检索”,3.2744142160273495,4.9116213240410245,3,是
首都经济贸易大学,CUEB-2024-071,2024级,城市经济与公共管理学院,土地资源管理,土地资源管理,JN0557,Excel高级应用,Excel高级应用（电子表格高级应用）,工具软件与技术平台,财务会计与税务管理,0.8,1,1,0,excel高级应用,课程名称直接出现唯一技能别名“excel高级应用”,2.2729656758128876,1.8183725406503102,9,是
首都经济贸易大学,CUEB-2024-071,2024级,城市经济与公共管理学院,土地资源管理,土地资源管理,JN0771,团队合作,团队合作,非技术性能力,表达沟通与通用办公协作,1.5,1,1,0,协作意识,毕业要求直接出现“协作意识”,1.4111957828171493,2.116793674225724,8,否
首都经济贸易大学,CUEB-2024-071,2024级,城市经济与公共管理学院,土地资源管理,土地资源管理,JN0774,表达能力,表达能力,非技术性能力,表达沟通与通用办公协作,1.5,1,1,0,表达能力,毕业要求直接出现“表达能力”,1.7703368192510753,2.655505228876613,7,否
首都经济贸易大学,CUEB-2024-071,2024级,城市经济与公共管理学院,土地资源管理,土地资源管理,JN0779,书面表达,书面表达,非技术性能力,表达沟通与通用办公协作,0.8,1,0,1,应用写作 / Practical Writing,写作课程,1.0649195460993157,0.8519356368794526,13,否
首都经济贸易大学,CUEB-2024-071,2024级,城市经济与公共管理学院,土地资源管理,土地资源管理,JN0780,诚信与职业道德,诚信与职业道德,非技术性能力,金融风控、投资与合规,1.5,1,1,0,职业道德,毕业要求直接出现“职业道德”,1.0710357731167517,1.6065536596751275,11,否
首都经济贸易大学,CUEB-2024-071,2024级,城市经济与公共管理学院,土地资源管理,土地资源管理,JN0788,口头表达,口头表达,非技术性能力,表达沟通与通用办公协作,1.5,1,1,0,口头表达,毕业要求直接出现“口头表达”,1.9021060968821986,2.853159145323298,5,是
首都经济贸易大学,CUEB-2024-071,2024级,城市经济与公共管理学院,土地资源管理,土地资源管理,JN0790,创新能力,创新能力,非技术性能力,视觉设计与数字内容制作,2.5,2,2,0,创新能力,培养目标直接出现“创新能力”；毕业要求直接出现“创新能力”,1.2895886507223624,3.223971626805906,4,是
首都经济贸易大学,CUEB-2024-071,2024级,城市经济与公共管理学院,土地资源管理,土地资源管理,JN0794,团队意识,团队意识,非技术性能力,视觉设计与数字内容制作,1.5,1,1,0,团队意识,毕业要求直接出现“团队意识”,4.373026504695459,6.559539757043188,2,是
首都经济贸易大学,CUEB-2024-072,2024级,城市经济与公共管理学院,城市管理,城市管理,JN0025,英语,英语,语言能力,供应链与物流管理,3.3,2,2,0,英语,核心课程直接出现“英语”；课程名称直接出现唯一技能别名“英语”,1.0,3.3,4,是
首都经济贸易大学,CUEB-2024-072,2024级,城市经济与公共管理学院,城市管理,城市管理,JN0026,数据分析,数据分析,工具软件与技术平台,人工智能与数据挖掘,6.8,5,5,0,数据分析,培养目标直接出现“数据分析”；毕业要求直接出现“数据分析”；核心课程直接出现“数据分析”；培养特色直接出现“数据分析”；课程名称直接出现唯一技能别名“数据分析”,1.5798184952529422,10.742765767720007,1,是
首都经济贸易大学,CUEB-2024-072,2024级,城市经济与公共管理学院,城市管理,城市管理,JN0029,Excel,Excel（办公软件与通用数字工具）,方法、标准与流程,表达沟通与通用办公协作,0.8,1,1,0,excel,课程名称直接出现唯一技能别名“excel”,2.1574527886910433,1.7259622309528346,9,是
首都经济贸易大学,CUEB-2024-072,2024级,城市经济与公共管理学院,城市管理,城市管理,JN0041,Python,Python（编程语言）,工具软件与技术平台,云计算、系统运维与DevOps,3.3,2,2,0,Python；python,核心课程直接出现“Python”；课程名称直接出现唯一技能别名“python”,1.5108256237659907,4.985724558427769,2,是
首都经济贸易大学,CUEB-2024-072,2024级,城市经济与公共管理学院,城市管理,城市管理,JN0072,统计分析,统计分析,方法、标准与流程,人工智能与数据挖掘,0.8,1,0,1,统计学（PM）Statistics（PM）,统计方法课程,1.1880522315029396,0.9504417852023517,14,否
首都经济贸易大学,CUEB-2024-072,2024级,城市经济与公共管理学院,城市管理,城市管理,JN0145,数据挖掘,数据挖掘,工具软件与技术平台,人工智能与数据挖掘,1.0,1,1,0,数据挖掘,培养特色直接出现“数据挖掘”,2.4271163556401456,2.4271163556401456,6,是
首都经济贸易大学,CUEB-2024-072,2024级,城市经济与公共管理学院,城市管理,城市管理,JN0174,人工智能技术,人工智能技术,具体专业技能,人工智能与数据挖掘,0.8,1,1,0,人工智能,课程名称直接出现唯一技能别名“人工智能”,1.312755710003897,1.0502045680031176,13,是
首都经济贸易大学,CUEB-2024-072,2024级,城市经济与公共管理学院,城市管理,城市管理,JN0338,数据治理,数据治理,工具软件与技术平台,大数据工程与数据仓库,1.0,1,1,0,数据治理,培养目标直接出现“数据治理”,4.555348061489413,4.555348061489413,3,是
首都经济贸易大学,CUEB-2024-072,2024级,城市经济与公共管理学院,城市管理,城市管理,JN0557,Excel高级应用,Excel高级应用（电子表格高级应用）,工具软件与技术平台,财务会计与税务管理,0.8,1,1,0,excel高级应用,课程名称直接出现唯一技能别名“excel高级应用”,2.2729656758128876,1.8183725406503102,8,是
首都经济贸易大学,CUEB-2024-072,2024级,城市经济与公共管理学院,城市管理,城市管理,JN0647,论文写作,论文写作,方法、标准与流程,表达沟通与通用办公协作,0.8,1,1,0,论文写作,课程名称直接出现唯一技能别名“论文写作”,1.4734380916943703,1.1787504733554963,12,是
首都经济贸易大学,CUEB-2024-072,2024级,城市经济与公共管理学院,城市管理,城市管理,JN0771,团队合作,团队合作,非技术性能力,表达沟通与通用办公协作,1.5,1,1,0,协作意识,毕业要求直接出现“协作意识”,1.4111957828171493,2.116793674225724,7,是
首都经济贸易大学,CUEB-2024-072,2024级,城市经济与公共管理学院,城市管理,城市管理,JN0779,书面表达,书面表达,非技术性能力,表达沟通与通用办公协作,0.8,1,0,1,应用写作 / Practical Writing,写作课程,1.0649195460993157,0.8519356368794526,15,否
首都经济贸易大学,CUEB-2024-072,2024级,城市经济与公共管理学院,城市管理,城市管理,JN0780,诚信与职业道德,诚信与职业道德,非技术性能力,金融风控、投资与合规,1.5,1,1,0,职业道德,毕业要求直接出现“职业道德”,1.0710357731167517,1.6065536596751275,10,是
首都经济贸易大学,CUEB-2024-072,2024级,城市经济与公共管理学院,城市管理,城市管理,JN0788,口头表达,口头表达,非技术性能力,表达沟通与通用办公协作,1.5,1,1,0,口头表达,毕业要求直接出现“口头表达”,1.9021060968821986,2.853159145323298,5,是
首都经济贸易大学,CUEB-2024-072,2024级,城市经济与公共管理学院,城市管理,城市管理,JN0790,创新能力,创新能力,非技术性能力,视觉设计与数字内容制作,1.0,1,1,0,创新思维,培养目标直接出现“创新思维”,1.2895886507223624,1.2895886507223624,11,否
首都经济贸易大学,CUEB-2024-073,2024级,城市经济与公共管理学院,城市管理（区域经济管理）,城市管理（区域经济管理）,JN0025,英语,英语,语言能力,供应链与物流管理,0.8,1,1,0,英语,课程名称直接出现唯一技能别名“英语”,1.0,0.8,11,是
首都经济贸易大学,CUEB-2024-073,2024级,城市经济与公共管理学院,城市管理（区域经济管理）,城市管理（区域经济管理）,JN0029,Excel,Excel（办公软件与通用数字工具）,方法、标准与流程,表达沟通与通用办公协作,0.8,1,1,0,excel,课程名称直接出现唯一技能别名“excel”,2.1574527886910433,1.7259622309528346,6,是
首都经济贸易大学,CUEB-2024-073,2024级,城市经济与公共管理学院,城市管理（区域经济管理）,城市管理（区域经济管理）,JN0030,AutoCAD,计算机辅助绘图软件（AutoCAD）,方法、标准与流程,机械设计与制造,1.0,1,1,0,AutoCAD,培养目标直接出现“AutoCAD”,4.778491612803624,4.778491612803624,2,是
首都经济贸易大学,CUEB-2024-073,2024级,城市经济与公共管理学院,城市管理（区域经济管理）,城市管理（区域经济管理）,JN0058,市场分析,市场分析,方法、标准与流程,组织协调与商业执行,1.5,1,1,0,市场分析,毕业要求直接出现“市场分析”,3.7668907011251433,5.650336051687715,1,是
首都经济贸易大学,CUEB-2024-073,2024级,城市经济与公共管理学院,城市管理（区域经济管理）,城市管理（区域经济管理）,JN0072,统计分析,统计分析,方法、标准与流程,人工智能与数据挖掘,0.8,1,0,1,统计学（PM）Statistics（PM）,统计方法课程,1.1880522315029396,0.9504417852023517,9,是
首都经济贸易大学,CUEB-2024-073,2024级,城市经济与公共管理学院,城市管理（区域经济管理）,城市管理（区域经济管理）,JN0174,人工智能技术,人工智能技术,具体专业技能,人工智能与数据挖掘,0.8,1,1,0,人工智能,课程名称直接出现唯一技能别名“人工智能”,1.312755710003897,1.0502045680031176,8,是
首都经济贸易大学,CUEB-2024-073,2024级,城市经济与公共管理学院,城市管理（区域经济管理）,城市管理（区域经济管理）,JN0557,Excel高级应用,Excel高级应用（电子表格高级应用）,工具软件与技术平台,财务会计与税务管理,0.8,1,1,0,excel高级应用,课程名称直接出现唯一技能别名“excel高级应用”,2.2729656758128876,1.8183725406503102,5,是
首都经济贸易大学,CUEB-2024-073,2024级,城市经济与公共管理学院,城市管理（区域经济管理）,城市管理（区域经济管理）,JN0779,书面表达,书面表达,非技术性能力,表达沟通与通用办公协作,0.8,1,0,1,应用写作 / Practical Writing,写作课程,1.0649195460993157,0.8519356368794526,10,否
首都经济贸易大学,CUEB-2024-073,2024级,城市经济与公共管理学院,城市管理（区域经济管理）,城市管理（区域经济管理）,JN0780,诚信与职业道德,诚信与职业道德,非技术性能力,金融风控、投资与合规,1.5,1,1,0,职业道德,毕业要求直接出现“职业道德”,1.0710357731167517,1.6065536596751275,7,是
首都经济贸易大学,CUEB-2024-073,2024级,城市经济与公共管理学院,城市管理（区域经济管理）,城市管理（区域经济管理）,JN0785,分析判断,分析判断,非技术性能力,组织协调与商业执行,1.0,1,1,0,分析能力,培养目标直接出现“分析能力”,2.121734706088964,2.121734706088964,4,是
首都经济贸易大学,CUEB-2024-073,2024级,城市经济与公共管理学院,城市管理（区域经济管理）,城市管理（区域经济管理）,JN0790,创新能力,创新能力,非技术性能力,视觉设计与数字内容制作,2.5,2,2,0,创新意识；创新能力,培养目标直接出现“创新意识”；毕业要求直接出现“创新能力”,1.2895886507223624,3.223971626805906,3,是
首都经济贸易大学,CUEB-2024-074,2024级,城市经济与公共管理学院,行政管理,行政管理,JN0025,英语,英语,语言能力,供应链与物流管理,1.8,2,2,0,英语,培养特色直接出现“英语”；课程名称直接出现唯一技能别名“英语”,1.0,1.8,16,是
首都经济贸易大学,CUEB-2024-074,2024级,城市经济与公共管理学院,行政管理,行政管理,JN0029,Excel,Excel（办公软件与通用数字工具）,方法、标准与流程,表达沟通与通用办公协作,0.8,1,1,0,excel,课程名称直接出现唯一技能别名“excel”,2.1574527886910433,1.7259622309528346,18,是
首都经济贸易大学,CUEB-2024-074,2024级,城市经济与公共管理学院,行政管理,行政管理,JN0043,行政管理,行政管理,方法、标准与流程,人力资源与行政管理,6.8,5,5,0,行政管理,培养目标直接出现“行政管理”；毕业要求直接出现“行政管理”；核心课程直接出现“行政管理”；培养特色直接出现“行政管理”；课程名称直接出现唯一技能别名“行政管理”,4.555348061489413,30.976366818128007,1,是
首都经济贸易大学,CUEB-2024-074,2024级,城市经济与公共管理学院,行政管理,行政管理,JN0072,统计分析,统计分析,方法、标准与流程,人工智能与数据挖掘,2.3,2,1,1,统计分析；统计学（PM）Statistics（PM）,毕业要求直接出现“统计分析”；统计方法课程,1.1880522315029396,2.7325201324567607,10,是
首都经济贸易大学,CUEB-2024-074,2024级,城市经济与公共管理学院,行政管理,行政管理,JN0174,人工智能技术,人工智能技术,具体专业技能,人工智能与数据挖掘,0.8,1,1,0,人工智能,课程名称直接出现唯一技能别名“人工智能”,1.312755710003897,1.0502045680031176,20,否
首都经济贸易大学,CUEB-2024-074,2024级,城市经济与公共管理学院,行政管理,行政管理,JN0373,人力资源管理流程,人力资源管理流程,方法、标准与流程,人力资源与行政管理,0.8,1,0,1,公共部门人力资源管理（双语） Human Resource Management in Public Sector(Bilingual),人力资源课程,2.194494060371392,1.7555952482971138,17,是
首都经济贸易大学,CUEB-2024-074,2024级,城市经济与公共管理学院,行政管理,行政管理,JN0557,Excel高级应用,Excel高级应用（电子表格高级应用）,工具软件与技术平台,财务会计与税务管理,0.8,1,1,0,excel高级应用,课程名称直接出现唯一技能别名“excel高级应用”,2.2729656758128876,1.8183725406503102,15,是
首都经济贸易大学,CUEB-2024-074,2024级,城市经济与公共管理学院,行政管理,行政管理,JN0647,论文写作,论文写作,方法、标准与流程,表达沟通与通用办公协作,0.8,1,0,1,学术写作与学科前沿 Academic Writing and Frontiers,学术写作课程,1.4734380916943703,1.1787504733554963,19,是
首都经济贸易大学,CUEB-2024-074,2024级,城市经济与公共管理学院,行政管理,行政管理,JN0686,数据库技术,数据库技术,专业知识与行业经验,Java后端开发与中间件,0.8,1,1,0,数据库,课程名称直接出现唯一技能别名“数据库”,2.3361445774344194,1.8689156619475356,14,是
首都经济贸易大学,CUEB-2024-074,2024级,城市经济与公共管理学院,行政管理,行政管理,JN0706,消防安全,消防安全,专业知识与行业经验,安全环保与职业健康,3.3,2,2,0,应急管理,核心课程直接出现“应急管理”；课程名称直接出现唯一技能别名“应急管理”,4.218875824868201,13.922290222065062,2,是
首都经济贸易大学,CUEB-2024-074,2024级,城市经济与公共管理学院,行政管理,行政管理,JN0770,沟通能力,沟通能力,非技术性能力,组织协调与商业执行,2.3,2,2,0,沟通能力；沟通,毕业要求直接出现“沟通能力”；课程名称直接出现唯一技能别名“沟通”,1.7953381214564925,4.129277679349933,6,否
首都经济贸易大学,CUEB-2024-074,2024级,城市经济与公共管理学院,行政管理,行政管理,JN0772,责任心,责任心,非技术性能力,表达沟通与通用办公协作,1.0,1,1,0,责任心,培养目标直接出现“责任心”,3.456735772821304,3.456735772821304,8,否
首都经济贸易大学,CUEB-2024-074,2024级,城市经济与公共管理学院,行政管理,行政管理,JN0774,表达能力,表达能力,非技术性能力,表达沟通与通用办公协作,1.5,1,1,0,表达能力,毕业要求直接出现“表达能力”,1.7703368192510753,2.655505228876613,11,否
首都经济贸易大学,CUEB-2024-074,2024级,城市经济与公共管理学院,行政管理,行政管理,JN0779,书面表达,书面表达,非技术性能力,表达沟通与通用办公协作,2.3,2,1,1,写作表达能力；应用写作 / Practical Writing,毕业要求直接出现“写作表达能力”；写作课程,1.0649195460993157,2.449314956028426,12,否
首都经济贸易大学,CUEB-2024-074,2024级,城市经济与公共管理学院,行政管理,行政管理,JN0785,分析判断,分析判断,非技术性能力,组织协调与商业执行,1.5,1,1,0,分析能力,毕业要求直接出现“分析能力”,2.121734706088964,3.1826020591334463,9,否
首都经济贸易大学,CUEB-2024-074,2024级,城市经济与公共管理学院,行政管理,行政管理,JN0786,管理能力,管理能力,非技术性能力,组织协调与商业执行,2.5,2,2,0,管理能力,培养目标直接出现“管理能力”；毕业要求直接出现“管理能力”,2.730798769438368,6.826996923595921,4,是
首都经济贸易大学,CUEB-2024-074,2024级,城市经济与公共管理学院,行政管理,行政管理,JN0790,创新能力,创新能力,非技术性能力,视觉设计与数字内容制作,1.5,1,1,0,创新意识,毕业要求直接出现“创新意识”,1.2895886507223624,1.9343829760835436,13,否
首都经济贸易大学,CUEB-2024-074,2024级,城市经济与公共管理学院,行政管理,行政管理,JN0793,人际交往,人际交往,非技术性能力,组织协调与商业执行,1.5,1,1,0,人际交往能力,毕业要求直接出现“人际交往能力”,3.456735772821304,5.185103659231956,5,是
首都经济贸易大学,CUEB-2024-074,2024级,城市经济与公共管理学院,行政管理,行政管理,JN0797,策划能力,策划能力,非技术性能力,视觉设计与数字内容制作,1.5,1,1,0,策划能力,毕业要求直接出现“策划能力”,5.0661736852554045,7.599260527883107,3,是
首都经济贸易大学,CUEB-2024-074,2024级,城市经济与公共管理学院,行政管理,行政管理,JN0798,适应能力,适应能力,非技术性能力,组织协调与商业执行,1.5,1,1,0,适应能力,毕业要求直接出现“适应能力”,2.5271998141971284,3.7907997212956923,7,否
首都经济贸易大学,CUEB-2024-075,2024级,工商管理学院,供应链管理,《供应链管理》专业培养方案-2024级,JN0025,英语,英语,语言能力,供应链与物流管理,0.8,1,1,0,英语,课程名称直接出现唯一技能别名“英语”,1.0,0.8,24,否
首都经济贸易大学,CUEB-2024-075,2024级,工商管理学院,供应链管理,《供应链管理》专业培养方案-2024级,JN0026,数据分析,数据分析,工具软件与技术平台,人工智能与数据挖掘,4.3,3,3,0,数据分析,培养目标直接出现“数据分析”；核心课程直接出现“数据分析”；课程名称直接出现唯一技能别名“数据分析”,1.5798184952529422,6.793219529587651,4,是
首都经济贸易大学,CUEB-2024-075,2024级,工商管理学院,供应链管理,《供应链管理》专业培养方案-2024级,JN0028,项目管理,项目管理,方法、标准与流程,表达沟通与通用办公协作,0.8,1,0,1,项目管理（英语） Project Management,项目管理课程,2.7635885922613586,2.2108708738090868,12,是
首都经济贸易大学,CUEB-2024-075,2024级,工商管理学院,供应链管理,《供应链管理》专业培养方案-2024级,JN0035,质量管理,质量管理,方法、标准与流程,质量管理与持续改进,0.8,1,1,0,质量管理,课程名称直接出现唯一技能别名“质量管理”,4.218875824868201,3.375100659894561,7,是
首都经济贸易大学,CUEB-2024-075,2024级,工商管理学院,供应链管理,《供应链管理》专业培养方案-2024级,JN0041,Python,Python（编程语言）,工具软件与技术平台,云计算、系统运维与DevOps,0.8,1,1,0,python,课程名称直接出现唯一技能别名“python”,1.5108256237659907,1.2086604990127927,18,否
首都经济贸易大学,CUEB-2024-075,2024级,工商管理学院,供应链管理,《供应链管理》专业培养方案-2024级,JN0044,方案设计,方案设计,方法、标准与流程,嵌入式与电子硬件开发,1.0,1,1,0,方案设计,培养目标直接出现“方案设计”,4.373026504695459,4.373026504695459,5,是
首都经济贸易大学,CUEB-2024-075,2024级,工商管理学院,供应链管理,《供应链管理》专业培养方案-2024级,JN0046,ERP,企业资源计划系统（ERP）,方法、标准与流程,供应链与物流管理,0.8,1,1,0,erp,课程名称直接出现唯一技能别名“erp”,2.8689491079191853,2.2951592863353483,11,是
首都经济贸易大学,CUEB-2024-075,2024级,工商管理学院,供应链管理,《供应链管理》专业培养方案-2024级,JN0072,统计分析,统计分析,方法、标准与流程,人工智能与数据挖掘,0.8,1,0,1,统计学 Statistics,统计方法课程,1.1880522315029396,0.9504417852023517,23,否
首都经济贸易大学,CUEB-2024-075,2024级,工商管理学院,供应链管理,《供应链管理》专业培养方案-2024级,JN0109,会计核算,会计核算,方法、标准与流程,财务会计与税务管理,0.8,1,0,1,会计学 Accounting,会计课程,1.2895886507223624,1.03167092057789,21,否
首都经济贸易大学,CUEB-2024-075,2024级,工商管理学院,供应链管理,《供应链管理》专业培养方案-2024级,JN0126,库存管理,库存管理,方法、标准与流程,供应链与物流管理,3.3,2,2,0,仓储管理,核心课程直接出现“仓储管理”；课程名称直接出现唯一技能别名“仓储管理”,5.0661736852554045,16.718373161342832,2,是
首都经济贸易大学,CUEB-2024-075,2024级,工商管理学院,供应链管理,《供应链管理》专业培养方案-2024级,JN0172,数据建模,数据建模,工具软件与技术平台,大数据工程与数据仓库,2.5,1,1,0,数据模型,核心课程直接出现“数据模型”,2.730798769438368,6.826996923595921,3,是
首都经济贸易大学,CUEB-2024-075,2024级,工商管理学院,供应链管理,《供应链管理》专业培养方案-2024级,JN0174,人工智能技术,人工智能技术,具体专业技能,人工智能与数据挖掘,0.8,1,1,0,人工智能,课程名称直接出现唯一技能别名“人工智能”,1.312755710003897,1.0502045680031176,20,否
首都经济贸易大学,CUEB-2024-075,2024级,工商管理学院,供应链管理,《供应链管理》专业培养方案-2024级,JN0185,供应链管理,供应链管理,方法、标准与流程,供应链与物流管理,10.700000000000001,11,3,8,供应链管理；供应链建模与优化Modeling and Optimization for Supply Chain；供应链大数据分析方法 Big Data Analysis Methods on Supply Chain；供应链金融 Supply Chain Finance；国际物流与全球供应链 International Logistics and Global Supply Chain；供应链质量管理 Supply Chain Quality Management；供应链系统规划与设计Supply Chain System Planning and Design；智慧供应链 Intelligent Supply Chain；供应链风险管理 Supply Chain Risk Management,培养目标直接出现“供应链管理”；核心课程直接出现“供应链管理”；课程名称直接出现唯一技能别名“供应链管理”；供应链课程,2.79749014393704,29.933144540126328,1,是
首都经济贸易大学,CUEB-2024-075,2024级,工商管理学院,供应链管理,《供应链管理》专业培养方案-2024级,JN0254,市场营销知识,市场营销知识,方法、标准与流程,组织协调与商业执行,0.8,1,0,1,市场营销学 Marketing,市场营销课程,2.4035858582299516,1.9228686865839615,13,否
首都经济贸易大学,CUEB-2024-075,2024级,工商管理学院,供应链管理,《供应链管理》专业培养方案-2024级,JN0256,授课,授课,方法、标准与流程,表达沟通与通用办公协作,1.0,1,1,0,课堂教学,培养特色直接出现“课堂教学”,2.4759065198095778,2.4759065198095778,10,是
首都经济贸易大学,CUEB-2024-075,2024级,工商管理学院,供应链管理,《供应链管理》专业培养方案-2024级,JN0397,数理统计,数理统计,工具软件与技术平台,人工智能与数据挖掘,0.8,1,1,0,数理统计,课程名称直接出现唯一技能别名“数理统计”,1.2019413436636068,0.9615530749308855,22,否
首都经济贸易大学,CUEB-2024-075,2024级,工商管理学院,供应链管理,《供应链管理》专业培养方案-2024级,JN0690,风险管理,风险管理,专业知识与行业经验,金融风控、投资与合规,1.8,2,2,0,风险控制；风险管理,培养目标直接出现“风险控制”；课程名称直接出现唯一技能别名“风险管理”,1.916290731874155,3.449323317373479,6,是
首都经济贸易大学,CUEB-2024-075,2024级,工商管理学院,供应链管理,《供应链管理》专业培养方案-2024级,JN0691,财务管理,财务管理,专业知识与行业经验,财务会计与税务管理,0.8,1,1,0,财务管理,课程名称直接出现唯一技能别名“财务管理”,1.664976303593249,1.3319810428745993,17,否
首都经济贸易大学,CUEB-2024-075,2024级,工商管理学院,供应链管理,《供应链管理》专业培养方案-2024级,JN0771,团队合作,团队合作,非技术性能力,表达沟通与通用办公协作,1.0,1,1,0,协作意识,培养目标直接出现“协作意识”,1.4111957828171493,1.4111957828171493,16,否
首都经济贸易大学,CUEB-2024-075,2024级,工商管理学院,供应链管理,《供应链管理》专业培养方案-2024级,JN0774,表达能力,表达能力,非技术性能力,表达沟通与通用办公协作,1.0,1,1,0,表达能力,培养目标直接出现“表达能力”,1.7703368192510753,1.7703368192510753,15,否
首都经济贸易大学,CUEB-2024-075,2024级,工商管理学院,供应链管理,《供应链管理》专业培养方案-2024级,JN0779,书面表达,书面表达,非技术性能力,表达沟通与通用办公协作,1.8,2,1,1,文字表达能力；应用写作 / Practical Writing,培养目标直接出现“文字表达能力”；写作课程,1.0649195460993157,1.9168551829787683,14,否
首都经济贸易大学,CUEB-2024-075,2024级,工商管理学院,供应链管理,《供应链管理》专业培养方案-2024级,JN0780,诚信与职业道德,诚信与职业道德,非技术性能力,金融风控、投资与合规,1.0,1,1,0,职业道德,培养目标直接出现“职业道德”,1.0710357731167517,1.0710357731167517,19,否
首都经济贸易大学,CUEB-2024-075,2024级,工商管理学院,供应链管理,《供应链管理》专业培养方案-2024级,JN0786,管理能力,管理能力,非技术性能力,组织协调与商业执行,1.0,1,1,0,管理能力,培养特色直接出现“管理能力”,2.730798769438368,2.730798769438368,8,是
首都经济贸易大学,CUEB-2024-075,2024级,工商管理学院,供应链管理,《供应链管理》专业培养方案-2024级,JN0790,创新能力,创新能力,非技术性能力,视觉设计与数字内容制作,2.0,2,2,0,创新能力；创造性思维,培养目标直接出现“创新能力”；培养特色直接出现“创造性思维”,1.2895886507223624,2.579177301444725,9,是
首都经济贸易大学,CUEB-2024-076,2024级,工商管理学院,数智管理实验班,工商管理（数智管理实验班）培养方案-2024级,JN0025,英语,英语,语言能力,供应链与物流管理,0.8,1,1,0,英语,课程名称直接出现唯一技能别名“英语”,1.0,0.8,26,否
首都经济贸易大学,CUEB-2024-076,2024级,工商管理学院,数智管理实验班,工商管理（数智管理实验班）培养方案-2024级,JN0026,数据分析,数据分析,工具软件与技术平台,人工智能与数据挖掘,5.1,4,3,1,数据分析；数据科学导论,培养目标直接出现“数据分析”；核心课程直接出现“数据分析”；数据分析课程；课程名称直接出现唯一技能别名“数据分析”,1.5798184952529422,8.057074325790005,3,是
首都经济贸易大学,CUEB-2024-076,2024级,工商管理学院,数智管理实验班,工商管理（数智管理实验班）培养方案-2024级,JN0032,商务谈判,商务谈判,方法、标准与流程,组织协调与商业执行,0.8,1,1,0,商务谈判,课程名称直接出现唯一技能别名“商务谈判”,2.6990500711237875,2.15924005689903,10,是
首都经济贸易大学,CUEB-2024-076,2024级,工商管理学院,数智管理实验班,工商管理（数智管理实验班）培养方案-2024级,JN0041,Python,Python（编程语言）,工具软件与技术平台,云计算、系统运维与DevOps,3.3,2,2,0,Python；python,核心课程直接出现“Python”；课程名称直接出现唯一技能别名“python”,1.5108256237659907,4.985724558427769,6,是
首都经济贸易大学,CUEB-2024-076,2024级,工商管理学院,数智管理实验班,工商管理（数智管理实验班）培养方案-2024级,JN0046,ERP,企业资源计划系统（ERP）,方法、标准与流程,供应链与物流管理,0.8,1,1,0,erp,课程名称直接出现唯一技能别名“erp”,2.8689491079191853,2.2951592863353483,9,是
首都经济贸易大学,CUEB-2024-076,2024级,工商管理学院,数智管理实验班,工商管理（数智管理实验班）培养方案-2024级,JN0072,统计分析,统计分析,方法、标准与流程,人工智能与数据挖掘,0.8,1,0,1,统计学 Statistics,统计方法课程,1.1880522315029396,0.9504417852023517,25,否
首都经济贸易大学,CUEB-2024-076,2024级,工商管理学院,数智管理实验班,工商管理（数智管理实验班）培养方案-2024级,JN0076,数据处理,数据处理,具体专业技能,大数据工程与数据仓库,0.8,1,0,1,大数据预处理,数据处理课程,2.5812670354674037,2.065013628373923,12,是
首都经济贸易大学,CUEB-2024-076,2024级,工商管理学院,数智管理实验班,工商管理（数智管理实验班）培养方案-2024级,JN0077,财务分析,财务分析,具体专业技能,财务会计与税务管理,3.3,2,2,0,财务分析,核心课程直接出现“财务分析”；课程名称直接出现唯一技能别名“财务分析”,3.120263536200091,10.2968696694603,1,是
首都经济贸易大学,CUEB-2024-076,2024级,工商管理学院,数智管理实验班,工商管理（数智管理实验班）培养方案-2024级,JN0109,会计核算,会计核算,方法、标准与流程,财务会计与税务管理,0.8,1,0,1,会计学 Accounting,会计课程,1.2895886507223624,1.03167092057789,23,否
首都经济贸易大学,CUEB-2024-076,2024级,工商管理学院,数智管理实验班,工商管理（数智管理实验班）培养方案-2024级,JN0174,人工智能技术,人工智能技术,具体专业技能,人工智能与数据挖掘,3.3,2,2,0,人工智能,核心课程直接出现“人工智能”；课程名称直接出现唯一技能别名“人工智能”,1.312755710003897,4.33209384301286,7,是
首都经济贸易大学,CUEB-2024-076,2024级,工商管理学院,数智管理实验班,工商管理（数智管理实验班）培养方案-2024级,JN0254,市场营销知识,市场营销知识,方法、标准与流程,组织协调与商业执行,0.8,1,0,1,市场营销学 Marketing,市场营销课程,2.4035858582299516,1.9228686865839615,13,否
首都经济贸易大学,CUEB-2024-076,2024级,工商管理学院,数智管理实验班,工商管理（数智管理实验班）培养方案-2024级,JN0258,法律法规知识,法律法规知识,方法、标准与流程,金融风控、投资与合规,0.8,1,0,1,商法学 Commercial Law,法规课程,2.139434283188365,1.711547426550692,19,否
首都经济贸易大学,CUEB-2024-076,2024级,工商管理学院,数智管理实验班,工商管理（数智管理实验班）培养方案-2024级,JN0373,人力资源管理流程,人力资源管理流程,方法、标准与流程,人力资源与行政管理,0.8,1,0,1,数智人力资源管理 Digital Human Resource Managemen,人力资源课程,2.194494060371392,1.7555952482971138,18,否
首都经济贸易大学,CUEB-2024-076,2024级,工商管理学院,数智管理实验班,工商管理（数智管理实验班）培养方案-2024级,JN0397,数理统计,数理统计,工具软件与技术平台,人工智能与数据挖掘,0.8,1,1,0,数理统计,课程名称直接出现唯一技能别名“数理统计”,1.2019413436636068,0.9615530749308855,24,否
首都经济贸易大学,CUEB-2024-076,2024级,工商管理学院,数智管理实验班,工商管理（数智管理实验班）培养方案-2024级,JN0407,教研,教研,方法、标准与流程,表达沟通与通用办公协作,1.0,1,1,0,教研,培养特色直接出现“教研”,5.0661736852554045,5.0661736852554045,5,是
首都经济贸易大学,CUEB-2024-076,2024级,工商管理学院,数智管理实验班,工商管理（数智管理实验班）培养方案-2024级,JN0691,财务管理,财务管理,专业知识与行业经验,财务会计与税务管理,3.3,2,2,0,财务管理,核心课程直接出现“财务管理”；课程名称直接出现唯一技能别名“财务管理”,1.664976303593249,5.4944218018577216,4,是
首都经济贸易大学,CUEB-2024-076,2024级,工商管理学院,数智管理实验班,工商管理（数智管理实验班）培养方案-2024级,JN0730,公司治理,公司治理,专业知识与行业经验,金融风控、投资与合规,3.3,2,2,0,公司治理,核心课程直接出现“公司治理”；课程名称直接出现唯一技能别名“公司治理”,3.120263536200091,10.2968696694603,2,是
首都经济贸易大学,CUEB-2024-076,2024级,工商管理学院,数智管理实验班,工商管理（数智管理实验班）培养方案-2024级,JN0771,团队合作,团队合作,非技术性能力,表达沟通与通用办公协作,1.0,1,1,0,协作意识,培养目标直接出现“协作意识”,1.4111957828171493,1.4111957828171493,20,否
首都经济贸易大学,CUEB-2024-076,2024级,工商管理学院,数智管理实验班,工商管理（数智管理实验班）培养方案-2024级,JN0774,表达能力,表达能力,非技术性能力,表达沟通与通用办公协作,1.0,1,1,0,表达能力,培养目标直接出现“表达能力”,1.7703368192510753,1.7703368192510753,17,否
首都经济贸易大学,CUEB-2024-076,2024级,工商管理学院,数智管理实验班,工商管理（数智管理实验班）培养方案-2024级,JN0779,书面表达,书面表达,非技术性能力,表达沟通与通用办公协作,1.8,2,1,1,文字表达能力；应用写作 / Practical Writing,培养目标直接出现“文字表达能力”；写作课程,1.0649195460993157,1.9168551829787683,15,否
首都经济贸易大学,CUEB-2024-076,2024级,工商管理学院,数智管理实验班,工商管理（数智管理实验班）培养方案-2024级,JN0780,诚信与职业道德,诚信与职业道德,非技术性能力,金融风控、投资与合规,1.0,1,1,0,职业道德,培养目标直接出现“职业道德”,1.0710357731167517,1.0710357731167517,22,否
首都经济贸易大学,CUEB-2024-076,2024级,工商管理学院,数智管理实验班,工商管理（数智管理实验班）培养方案-2024级,JN0784,逻辑思维,逻辑思维,非技术性能力,表达沟通与通用办公协作,1.0,1,1,0,逻辑分析能力,培养特色直接出现“逻辑分析能力”,3.456735772821304,3.456735772821304,8,是
首都经济贸易大学,CUEB-2024-076,2024级,工商管理学院,数智管理实验班,工商管理（数智管理实验班）培养方案-2024级,JN0785,分析判断,分析判断,非技术性能力,组织协调与商业执行,1.0,1,1,0,分析能力,培养特色直接出现“分析能力”,2.121734706088964,2.121734706088964,11,是
首都经济贸易大学,CUEB-2024-076,2024级,工商管理学院,数智管理实验班,工商管理（数智管理实验班）培养方案-2024级,JN0787,领导力,领导力,非技术性能力,组织协调与商业执行,0.8,1,1,0,领导力,课程名称直接出现唯一技能别名“领导力”,2.4035858582299516,1.9228686865839615,14,否
首都经济贸易大学,CUEB-2024-076,2024级,工商管理学院,数智管理实验班,工商管理（数智管理实验班）培养方案-2024级,JN0788,口头表达,口头表达,非技术性能力,表达沟通与通用办公协作,1.0,1,1,0,口头表达,培养目标直接出现“口头表达”,1.9021060968821986,1.9021060968821986,16,否
首都经济贸易大学,CUEB-2024-076,2024级,工商管理学院,数智管理实验班,工商管理（数智管理实验班）培养方案-2024级,JN0790,创新能力,创新能力,非技术性能力,视觉设计与数字内容制作,1.0,1,1,0,创新能力,培养目标直接出现“创新能力”,1.2895886507223624,1.2895886507223624,21,否
首都经济贸易大学,CUEB-2024-077,2024级,工商管理学院,工商管理（ESG投资与管理）,工商管理（ESG投资与管理）,JN0025,英语,英语,语言能力,供应链与物流管理,0.8,1,1,0,英语,课程名称直接出现唯一技能别名“英语”,1.0,0.8,21,否
首都经济贸易大学,CUEB-2024-077,2024级,工商管理学院,工商管理（ESG投资与管理）,工商管理（ESG投资与管理）,JN0041,Python,Python（编程语言）,工具软件与技术平台,云计算、系统运维与DevOps,0.8,1,1,0,python,课程名称直接出现唯一技能别名“python”,1.5108256237659907,1.2086604990127927,15,是
首都经济贸易大学,CUEB-2024-077,2024级,工商管理学院,工商管理（ESG投资与管理）,工商管理（ESG投资与管理）,JN0046,ERP,企业资源计划系统（ERP）,方法、标准与流程,供应链与物流管理,3.3,2,2,0,ERP；erp,核心课程直接出现“ERP”；课程名称直接出现唯一技能别名“erp”,2.8689491079191853,9.467532056133312,1,是
首都经济贸易大学,CUEB-2024-077,2024级,工商管理学院,工商管理（ESG投资与管理）,工商管理（ESG投资与管理）,JN0072,统计分析,统计分析,方法、标准与流程,人工智能与数据挖掘,0.8,1,0,1,统计学 Statistics,统计方法课程,1.1880522315029396,0.9504417852023517,20,否
首都经济贸易大学,CUEB-2024-077,2024级,工商管理学院,工商管理（ESG投资与管理）,工商管理（ESG投资与管理）,JN0109,会计核算,会计核算,方法、标准与流程,财务会计与税务管理,0.8,1,0,1,会计学 Accounting,会计课程,1.2895886507223624,1.03167092057789,18,否
首都经济贸易大学,CUEB-2024-077,2024级,工商管理学院,工商管理（ESG投资与管理）,工商管理（ESG投资与管理）,JN0174,人工智能技术,人工智能技术,具体专业技能,人工智能与数据挖掘,0.8,1,1,0,人工智能,课程名称直接出现唯一技能别名“人工智能”,1.312755710003897,1.0502045680031176,17,是
首都经济贸易大学,CUEB-2024-077,2024级,工商管理学院,工商管理（ESG投资与管理）,工商管理（ESG投资与管理）,JN0185,供应链管理,供应链管理,方法、标准与流程,供应链与物流管理,3.3,2,2,0,供应链管理,核心课程直接出现“供应链管理”；课程名称直接出现唯一技能别名“供应链管理”,2.79749014393704,9.231717474992232,2,是
首都经济贸易大学,CUEB-2024-077,2024级,工商管理学院,工商管理（ESG投资与管理）,工商管理（ESG投资与管理）,JN0254,市场营销知识,市场营销知识,方法、标准与流程,组织协调与商业执行,0.8,1,0,1,市场营销学 Marketing,市场营销课程,2.4035858582299516,1.9228686865839615,9,是
首都经济贸易大学,CUEB-2024-077,2024级,工商管理学院,工商管理（ESG投资与管理）,工商管理（ESG投资与管理）,JN0256,授课,授课,方法、标准与流程,表达沟通与通用办公协作,1.0,1,1,0,课堂教学,培养特色直接出现“课堂教学”,2.4759065198095778,2.4759065198095778,8,是
首都经济贸易大学,CUEB-2024-077,2024级,工商管理学院,工商管理（ESG投资与管理）,工商管理（ESG投资与管理）,JN0373,人力资源管理流程,人力资源管理流程,方法、标准与流程,人力资源与行政管理,0.8,1,0,1,人力资源管理 Human Resource Management,人力资源课程,2.194494060371392,1.7555952482971138,13,是
首都经济贸易大学,CUEB-2024-077,2024级,工商管理学院,工商管理（ESG投资与管理）,工商管理（ESG投资与管理）,JN0397,数理统计,数理统计,工具软件与技术平台,人工智能与数据挖掘,0.8,1,1,0,数理统计,课程名称直接出现唯一技能别名“数理统计”,1.2019413436636068,0.9615530749308855,19,否
首都经济贸易大学,CUEB-2024-077,2024级,工商管理学院,工商管理（ESG投资与管理）,工商管理（ESG投资与管理）,JN0690,风险管理,风险管理,专业知识与行业经验,金融风控、投资与合规,3.3,2,2,0,风险管理,核心课程直接出现“风险管理”；课程名称直接出现唯一技能别名“风险管理”,1.916290731874155,6.323759415184711,4,是
首都经济贸易大学,CUEB-2024-077,2024级,工商管理学院,工商管理（ESG投资与管理）,工商管理（ESG投资与管理）,JN0691,财务管理,财务管理,专业知识与行业经验,财务会计与税务管理,3.3,2,2,0,财务管理,核心课程直接出现“财务管理”；课程名称直接出现唯一技能别名“财务管理”,1.664976303593249,5.4944218018577216,5,是
首都经济贸易大学,CUEB-2024-077,2024级,工商管理学院,工商管理（ESG投资与管理）,工商管理（ESG投资与管理）,JN0771,团队合作,团队合作,非技术性能力,表达沟通与通用办公协作,1.0,1,1,0,协作意识,培养目标直接出现“协作意识”,1.4111957828171493,1.4111957828171493,14,否
首都经济贸易大学,CUEB-2024-077,2024级,工商管理学院,工商管理（ESG投资与管理）,工商管理（ESG投资与管理）,JN0774,表达能力,表达能力,非技术性能力,表达沟通与通用办公协作,1.0,1,1,0,表达能力,培养目标直接出现“表达能力”,1.7703368192510753,1.7703368192510753,12,否
首都经济贸易大学,CUEB-2024-077,2024级,工商管理学院,工商管理（ESG投资与管理）,工商管理（ESG投资与管理）,JN0779,书面表达,书面表达,非技术性能力,表达沟通与通用办公协作,1.8,2,1,1,文字表达能力；应用写作 Practical Writing,培养目标直接出现“文字表达能力”；写作课程,1.0649195460993157,1.9168551829787683,10,否
首都经济贸易大学,CUEB-2024-077,2024级,工商管理学院,工商管理（ESG投资与管理）,工商管理（ESG投资与管理）,JN0780,诚信与职业道德,诚信与职业道德,非技术性能力,金融风控、投资与合规,1.0,1,1,0,职业道德,培养目标直接出现“职业道德”,1.0710357731167517,1.0710357731167517,16,否
首都经济贸易大学,CUEB-2024-077,2024级,工商管理学院,工商管理（ESG投资与管理）,工商管理（ESG投资与管理）,JN0786,管理能力,管理能力,非技术性能力,组织协调与商业执行,1.0,1,1,0,管理能力,培养特色直接出现“管理能力”,2.730798769438368,2.730798769438368,6,是
首都经济贸易大学,CUEB-2024-077,2024级,工商管理学院,工商管理（ESG投资与管理）,工商管理（ESG投资与管理）,JN0788,口头表达,口头表达,非技术性能力,表达沟通与通用办公协作,1.0,1,1,0,口头表达,培养目标直接出现“口头表达”,1.9021060968821986,1.9021060968821986,11,否
首都经济贸易大学,CUEB-2024-077,2024级,工商管理学院,工商管理（ESG投资与管理）,工商管理（ESG投资与管理）,JN0790,创新能力,创新能力,非技术性能力,视觉设计与数字内容制作,2.0,2,2,0,创造性思维,培养目标直接出现“创造性思维”；培养特色直接出现“创造性思维”,1.2895886507223624,2.579177301444725,7,是
首都经济贸易大学,CUEB-2024-077,2024级,工商管理学院,工商管理（ESG投资与管理）,工商管理（ESG投资与管理）,JN0795,实践动手能力,实践动手能力,非技术性能力,嵌入式与电子硬件开发,2.0,2,2,0,实操能力,培养目标直接出现“实操能力”；培养特色直接出现“实操能力”,4.218875824868201,8.437751649736402,3,是
首都经济贸易大学,CUEB-2024-078,2024级,工商管理学院,工商管理（公司理财）,工商管理（公司理财）,JN0025,英语,英语,语言能力,供应链与物流管理,0.8,1,1,0,英语,课程名称直接出现唯一技能别名“英语”,1.0,0.8,22,否
首都经济贸易大学,CUEB-2024-078,2024级,工商管理学院,工商管理（公司理财）,工商管理（公司理财）,JN0041,Python,Python（编程语言）,工具软件与技术平台,云计算、系统运维与DevOps,0.8,1,1,0,python,课程名称直接出现唯一技能别名“python”,1.5108256237659907,1.2086604990127927,16,否
首都经济贸易大学,CUEB-2024-078,2024级,工商管理学院,工商管理（公司理财）,工商管理（公司理财）,JN0046,ERP,企业资源计划系统（ERP）,方法、标准与流程,供应链与物流管理,3.3,2,2,0,ERP；erp,核心课程直接出现“ERP”；课程名称直接出现唯一技能别名“erp”,2.8689491079191853,9.467532056133312,1,是
首都经济贸易大学,CUEB-2024-078,2024级,工商管理学院,工商管理（公司理财）,工商管理（公司理财）,JN0072,统计分析,统计分析,方法、标准与流程,人工智能与数据挖掘,0.8,1,0,1,统计学 Statistics,统计方法课程,1.1880522315029396,0.9504417852023517,21,否
首都经济贸易大学,CUEB-2024-078,2024级,工商管理学院,工商管理（公司理财）,工商管理（公司理财）,JN0077,财务分析,财务分析,具体专业技能,财务会计与税务管理,2.5,1,1,0,财务分析,核心课程直接出现“财务分析”,3.120263536200091,7.800658840500228,3,是
首都经济贸易大学,CUEB-2024-078,2024级,工商管理学院,工商管理（公司理财）,工商管理（公司理财）,JN0109,会计核算,会计核算,方法、标准与流程,财务会计与税务管理,0.8,1,0,1,会计学 Accounting,会计课程,1.2895886507223624,1.03167092057789,19,否
首都经济贸易大学,CUEB-2024-078,2024级,工商管理学院,工商管理（公司理财）,工商管理（公司理财）,JN0174,人工智能技术,人工智能技术,具体专业技能,人工智能与数据挖掘,0.8,1,1,0,人工智能,课程名称直接出现唯一技能别名“人工智能”,1.312755710003897,1.0502045680031176,18,否
首都经济贸易大学,CUEB-2024-078,2024级,工商管理学院,工商管理（公司理财）,工商管理（公司理财）,JN0185,供应链管理,供应链管理,方法、标准与流程,供应链与物流管理,3.3,2,2,0,供应链管理,核心课程直接出现“供应链管理”；课程名称直接出现唯一技能别名“供应链管理”,2.79749014393704,9.231717474992232,2,是
首都经济贸易大学,CUEB-2024-078,2024级,工商管理学院,工商管理（公司理财）,工商管理（公司理财）,JN0254,市场营销知识,市场营销知识,方法、标准与流程,组织协调与商业执行,0.8,1,0,1,市场营销学 Marketing,市场营销课程,2.4035858582299516,1.9228686865839615,9,是
首都经济贸易大学,CUEB-2024-078,2024级,工商管理学院,工商管理（公司理财）,工商管理（公司理财）,JN0256,授课,授课,方法、标准与流程,表达沟通与通用办公协作,1.0,1,1,0,课堂教学,培养特色直接出现“课堂教学”,2.4759065198095778,2.4759065198095778,8,是
首都经济贸易大学,CUEB-2024-078,2024级,工商管理学院,工商管理（公司理财）,工商管理（公司理财）,JN0258,法律法规知识,法律法规知识,方法、标准与流程,金融风控、投资与合规,0.8,1,0,1,商法学 Commercial Law,法规课程,2.139434283188365,1.711547426550692,14,否
首都经济贸易大学,CUEB-2024-078,2024级,工商管理学院,工商管理（公司理财）,工商管理（公司理财）,JN0373,人力资源管理流程,人力资源管理流程,方法、标准与流程,人力资源与行政管理,0.8,1,0,1,人力资源管理 Human Resource Management,人力资源课程,2.194494060371392,1.7555952482971138,13,是
首都经济贸易大学,CUEB-2024-078,2024级,工商管理学院,工商管理（公司理财）,工商管理（公司理财）,JN0397,数理统计,数理统计,工具软件与技术平台,人工智能与数据挖掘,0.8,1,1,0,数理统计,课程名称直接出现唯一技能别名“数理统计”,1.2019413436636068,0.9615530749308855,20,否
首都经济贸易大学,CUEB-2024-078,2024级,工商管理学院,工商管理（公司理财）,工商管理（公司理财）,JN0690,风险管理,风险管理,专业知识与行业经验,金融风控、投资与合规,3.3,2,2,0,风险管理,核心课程直接出现“风险管理”；课程名称直接出现唯一技能别名“风险管理”,1.916290731874155,6.323759415184711,5,是
首都经济贸易大学,CUEB-2024-078,2024级,工商管理学院,工商管理（公司理财）,工商管理（公司理财）,JN0691,财务管理,财务管理,专业知识与行业经验,财务会计与税务管理,4.3,3,3,0,财务管理,培养目标直接出现“财务管理”；核心课程直接出现“财务管理”；课程名称直接出现唯一技能别名“财务管理”,1.664976303593249,7.15939810545097,4,是
首都经济贸易大学,CUEB-2024-078,2024级,工商管理学院,工商管理（公司理财）,工商管理（公司理财）,JN0730,公司治理,公司治理,专业知识与行业经验,金融风控、投资与合规,0.8,1,1,0,公司治理,课程名称直接出现唯一技能别名“公司治理”,3.120263536200091,2.496210828960073,7,是
首都经济贸易大学,CUEB-2024-078,2024级,工商管理学院,工商管理（公司理财）,工商管理（公司理财）,JN0771,团队合作,团队合作,非技术性能力,表达沟通与通用办公协作,1.0,1,1,0,协作意识,培养目标直接出现“协作意识”,1.4111957828171493,1.4111957828171493,15,否
首都经济贸易大学,CUEB-2024-078,2024级,工商管理学院,工商管理（公司理财）,工商管理（公司理财）,JN0774,表达能力,表达能力,非技术性能力,表达沟通与通用办公协作,1.0,1,1,0,表达能力,培养目标直接出现“表达能力”,1.7703368192510753,1.7703368192510753,12,否
首都经济贸易大学,CUEB-2024-078,2024级,工商管理学院,工商管理（公司理财）,工商管理（公司理财）,JN0779,书面表达,书面表达,非技术性能力,表达沟通与通用办公协作,1.8,2,1,1,文字表达能力；应用写作 / Practical Writing,培养目标直接出现“文字表达能力”；写作课程,1.0649195460993157,1.9168551829787683,10,是
首都经济贸易大学,CUEB-2024-078,2024级,工商管理学院,工商管理（公司理财）,工商管理（公司理财）,JN0780,诚信与职业道德,诚信与职业道德,非技术性能力,金融风控、投资与合规,1.0,1,1,0,职业道德,培养目标直接出现“职业道德”,1.0710357731167517,1.0710357731167517,17,否
首都经济贸易大学,CUEB-2024-078,2024级,工商管理学院,工商管理（公司理财）,工商管理（公司理财）,JN0788,口头表达,口头表达,非技术性能力,表达沟通与通用办公协作,1.0,1,1,0,口头表达,培养目标直接出现“口头表达”,1.9021060968821986,1.9021060968821986,11,是
首都经济贸易大学,CUEB-2024-078,2024级,工商管理学院,工商管理（公司理财）,工商管理（公司理财）,JN0790,创新能力,创新能力,非技术性能力,视觉设计与数字内容制作,2.0,2,2,0,创新能力,培养目标直接出现“创新能力”；培养特色直接出现“创新能力”,1.2895886507223624,2.579177301444725,6,是
首都经济贸易大学,CUEB-2024-079,2024级,工商管理学院,工商管理（国际商务）,工商管理（国际商务）,JN0025,英语,英语,语言能力,供应链与物流管理,3.3,2,2,0,英语,核心课程直接出现“英语”；课程名称直接出现唯一技能别名“英语”,1.0,3.3,9,是
首都经济贸易大学,CUEB-2024-079,2024级,工商管理学院,工商管理（国际商务）,工商管理（国际商务）,JN0026,数据分析,数据分析,工具软件与技术平台,人工智能与数据挖掘,0.8,1,1,0,数据分析,课程名称直接出现唯一技能别名“数据分析”,1.5798184952529422,1.2638547962023539,22,否
首都经济贸易大学,CUEB-2024-079,2024级,工商管理学院,工商管理（国际商务）,工商管理（国际商务）,JN0032,商务谈判,商务谈判,方法、标准与流程,组织协调与商业执行,5.8,4,4,0,商务谈判,毕业要求直接出现“商务谈判”；核心课程直接出现“商务谈判”；培养特色直接出现“商务谈判”；课程名称直接出现唯一技能别名“商务谈判”,2.6990500711237875,15.654490412517967,2,是
首都经济贸易大学,CUEB-2024-079,2024级,工商管理学院,工商管理（国际商务）,工商管理（国际商务）,JN0041,Python,Python（编程语言）,工具软件与技术平台,云计算、系统运维与DevOps,0.8,1,1,0,python,课程名称直接出现唯一技能别名“python”,1.5108256237659907,1.2086604990127927,23,否
首都经济贸易大学,CUEB-2024-079,2024级,工商管理学院,工商管理（国际商务）,工商管理（国际商务）,JN0046,ERP,企业资源计划系统（ERP）,方法、标准与流程,供应链与物流管理,3.3,2,2,0,ERP；erp,核心课程直接出现“ERP”；课程名称直接出现唯一技能别名“erp”,2.8689491079191853,9.467532056133312,4,是
首都经济贸易大学,CUEB-2024-079,2024级,工商管理学院,工商管理（国际商务）,工商管理（国际商务）,JN0072,统计分析,统计分析,方法、标准与流程,人工智能与数据挖掘,0.8,1,0,1,统计学 Statistics,统计方法课程,1.1880522315029396,0.9504417852023517,27,否
首都经济贸易大学,CUEB-2024-079,2024级,工商管理学院,工商管理（国际商务）,工商管理（国际商务）,JN0074,国际贸易,国际贸易,方法、标准与流程,供应链与物流管理,4.3,3,3,0,国际贸易,培养目标直接出现“国际贸易”；核心课程直接出现“国际贸易”；课程名称直接出现唯一技能别名“国际贸易”,3.120263536200091,13.417133205660392,3,是
首都经济贸易大学,CUEB-2024-079,2024级,工商管理学院,工商管理（国际商务）,工商管理（国际商务）,JN0099,CRM,客户关系管理系统（CRM）,方法、标准与流程,供应链与物流管理,4.3,3,3,0,客户关系管理,核心课程直接出现“客户关系管理”；培养特色直接出现“客户关系管理”；课程名称直接出现唯一技能别名“客户关系管理”,3.6798793241355137,15.823481093782709,1,是
首都经济贸易大学,CUEB-2024-079,2024级,工商管理学院,工商管理（国际商务）,工商管理（国际商务）,JN0109,会计核算,会计核算,方法、标准与流程,财务会计与税务管理,0.8,1,0,1,会计学 Accounting,会计课程,1.2895886507223624,1.03167092057789,25,否
首都经济贸易大学,CUEB-2024-079,2024级,工商管理学院,工商管理（国际商务）,工商管理（国际商务）,JN0174,人工智能技术,人工智能技术,具体专业技能,人工智能与数据挖掘,0.8,1,1,0,人工智能,课程名称直接出现唯一技能别名“人工智能”,1.312755710003897,1.0502045680031176,24,否
首都经济贸易大学,CUEB-2024-079,2024级,工商管理学院,工商管理（国际商务）,工商管理（国际商务）,JN0185,供应链管理,供应链管理,方法、标准与流程,供应链与物流管理,3.3,2,2,0,供应链管理,核心课程直接出现“供应链管理”；课程名称直接出现唯一技能别名“供应链管理”,2.79749014393704,9.231717474992232,5,是
首都经济贸易大学,CUEB-2024-079,2024级,工商管理学院,工商管理（国际商务）,工商管理（国际商务）,JN0254,市场营销知识,市场营销知识,方法、标准与流程,组织协调与商业执行,0.8,1,0,1,市场营销学 Marketing,市场营销课程,2.4035858582299516,1.9228686865839615,16,是
首都经济贸易大学,CUEB-2024-079,2024级,工商管理学院,工商管理（国际商务）,工商管理（国际商务）,JN0258,法律法规知识,法律法规知识,方法、标准与流程,金融风控、投资与合规,0.8,1,0,1,国际商法 Law of International Business,法规课程,2.139434283188365,1.711547426550692,18,否
首都经济贸易大学,CUEB-2024-079,2024级,工商管理学院,工商管理（国际商务）,工商管理（国际商务）,JN0373,人力资源管理流程,人力资源管理流程,方法、标准与流程,人力资源与行政管理,0.8,1,0,1,人力资源管理 Human Resource Management,人力资源课程,2.194494060371392,1.7555952482971138,17,是
首都经济贸易大学,CUEB-2024-079,2024级,工商管理学院,工商管理（国际商务）,工商管理（国际商务）,JN0397,数理统计,数理统计,工具软件与技术平台,人工智能与数据挖掘,0.8,1,1,0,数理统计,课程名称直接出现唯一技能别名“数理统计”,1.2019413436636068,0.9615530749308855,26,否
首都经济贸易大学,CUEB-2024-079,2024级,工商管理学院,工商管理（国际商务）,工商管理（国际商务）,JN0691,财务管理,财务管理,专业知识与行业经验,财务会计与税务管理,3.3,2,2,0,财务管理,核心课程直接出现“财务管理”；课程名称直接出现唯一技能别名“财务管理”,1.664976303593249,5.4944218018577216,6,是
首都经济贸易大学,CUEB-2024-079,2024级,工商管理学院,工商管理（国际商务）,工商管理（国际商务）,JN0771,团队合作,团队合作,非技术性能力,表达沟通与通用办公协作,1.0,1,1,0,团队合作,培养目标直接出现“团队合作”,1.4111957828171493,1.4111957828171493,20,否
首都经济贸易大学,CUEB-2024-079,2024级,工商管理学院,工商管理（国际商务）,工商管理（国际商务）,JN0774,表达能力,表达能力,非技术性能力,表达沟通与通用办公协作,1.5,1,1,0,表达能力,毕业要求直接出现“表达能力”,1.7703368192510753,2.655505228876613,12,否
首都经济贸易大学,CUEB-2024-079,2024级,工商管理学院,工商管理（国际商务）,工商管理（国际商务）,JN0775,学习能力,学习能力,非技术性能力,表达沟通与通用办公协作,1.5,1,1,0,学习能力,毕业要求直接出现“学习能力”,1.7221347174331973,2.583202076149796,13,否
首都经济贸易大学,CUEB-2024-079,2024级,工商管理学院,工商管理（国际商务）,工商管理（国际商务）,JN0779,书面表达,书面表达,非技术性能力,表达沟通与通用办公协作,2.3,2,1,1,文字表达能力；应用写作 / Practical Writing,毕业要求直接出现“文字表达能力”；写作课程,1.0649195460993157,2.449314956028426,14,否
首都经济贸易大学,CUEB-2024-079,2024级,工商管理学院,工商管理（国际商务）,工商管理（国际商务）,JN0780,诚信与职业道德,诚信与职业道德,非技术性能力,金融风控、投资与合规,1.5,1,1,0,职业道德,毕业要求直接出现“职业道德”,1.0710357731167517,1.6065536596751275,19,否
首都经济贸易大学,CUEB-2024-079,2024级,工商管理学院,工商管理（国际商务）,工商管理（国际商务）,JN0781,问题解决,问题解决,非技术性能力,表达沟通与通用办公协作,1.0,1,1,0,解决问题,培养特色直接出现“解决问题”,2.314638372213455,2.314638372213455,15,否
首都经济贸易大学,CUEB-2024-079,2024级,工商管理学院,工商管理（国际商务）,工商管理（国际商务）,JN0786,管理能力,管理能力,非技术性能力,组织协调与商业执行,1.0,1,1,0,管理能力,培养目标直接出现“管理能力”,2.730798769438368,2.730798769438368,11,否
首都经济贸易大学,CUEB-2024-079,2024级,工商管理学院,工商管理（国际商务）,工商管理（国际商务）,JN0788,口头表达,口头表达,非技术性能力,表达沟通与通用办公协作,1.5,1,1,0,口头表达,毕业要求直接出现“口头表达”,1.9021060968821986,2.853159145323298,10,是
首都经济贸易大学,CUEB-2024-079,2024级,工商管理学院,工商管理（国际商务）,工商管理（国际商务）,JN0790,创新能力,创新能力,非技术性能力,视觉设计与数字内容制作,1.0,1,1,0,创新能力,培养特色直接出现“创新能力”,1.2895886507223624,1.2895886507223624,21,否
首都经济贸易大学,CUEB-2024-079,2024级,工商管理学院,工商管理（国际商务）,工商管理（国际商务）,JN0798,适应能力,适应能力,非技术性能力,组织协调与商业执行,1.5,1,1,0,适应能力,毕业要求直接出现“适应能力”,2.5271998141971284,3.7907997212956923,8,是
首都经济贸易大学,CUEB-2024-079,2024级,工商管理学院,工商管理（国际商务）,工商管理（国际商务）,JN0811,战略思维,战略思维,非技术性能力,组织协调与商业执行,1.0,1,1,0,战略眼光,培养目标直接出现“战略眼光”,3.8622008809294686,3.8622008809294686,7,是
首都经济贸易大学,CUEB-2024-080,2024级,工商管理学院,市场营销,市场营销,JN0025,英语,英语,语言能力,供应链与物流管理,3.3,2,2,0,英语,核心课程直接出现“英语”；课程名称直接出现唯一技能别名“英语”,1.0,3.3,10,是
首都经济贸易大学,CUEB-2024-080,2024级,工商管理学院,市场营销,市场营销,JN0026,数据分析,数据分析,工具软件与技术平台,人工智能与数据挖掘,1.8,2,2,0,数据分析能力；数据分析,培养特色直接出现“数据分析能力”；课程名称直接出现唯一技能别名“数据分析”,1.5798184952529422,2.843673291455296,12,是
首都经济贸易大学,CUEB-2024-080,2024级,工商管理学院,市场营销,市场营销,JN0032,商务谈判,商务谈判,方法、标准与流程,组织协调与商业执行,4.3,3,3,0,商务谈判,核心课程直接出现“商务谈判”；培养特色直接出现“商务谈判”；课程名称直接出现唯一技能别名“商务谈判”,2.6990500711237875,11.605915305832285,3,是
首都经济贸易大学,CUEB-2024-080,2024级,工商管理学院,市场营销,市场营销,JN0041,Python,Python（编程语言）,工具软件与技术平台,云计算、系统运维与DevOps,0.8,1,1,0,python,课程名称直接出现唯一技能别名“python”,1.5108256237659907,1.2086604990127927,22,否
首都经济贸易大学,CUEB-2024-080,2024级,工商管理学院,市场营销,市场营销,JN0045,市场调研,市场调研,方法、标准与流程,组织协调与商业执行,1.0,1,1,0,市场调研,培养特色直接出现“市场调研”,4.373026504695459,4.373026504695459,7,是
首都经济贸易大学,CUEB-2024-080,2024级,工商管理学院,市场营销,市场营销,JN0046,ERP,企业资源计划系统（ERP）,方法、标准与流程,供应链与物流管理,3.3,2,2,0,ERP；erp,核心课程直接出现“ERP”；课程名称直接出现唯一技能别名“erp”,2.8689491079191853,9.467532056133312,4,是
首都经济贸易大学,CUEB-2024-080,2024级,工商管理学院,市场营销,市场营销,JN0072,统计分析,统计分析,方法、标准与流程,人工智能与数据挖掘,0.8,1,0,1,统计学 Statistics,统计方法课程,1.1880522315029396,0.9504417852023517,26,否
首都经济贸易大学,CUEB-2024-080,2024级,工商管理学院,市场营销,市场营销,JN0099,CRM,客户关系管理系统（CRM）,方法、标准与流程,供应链与物流管理,4.3,3,3,0,客户关系管理,核心课程直接出现“客户关系管理”；培养特色直接出现“客户关系管理”；课程名称直接出现唯一技能别名“客户关系管理”,3.6798793241355137,15.823481093782709,1,是
首都经济贸易大学,CUEB-2024-080,2024级,工商管理学院,市场营销,市场营销,JN0107,渠道管理,渠道管理,方法、标准与流程,组织协调与商业执行,0.8,1,1,0,渠道管理,课程名称直接出现唯一技能别名“渠道管理”,5.0661736852554045,4.052938948204324,8,是
首都经济贸易大学,CUEB-2024-080,2024级,工商管理学院,市场营销,市场营销,JN0109,会计核算,会计核算,方法、标准与流程,财务会计与税务管理,0.8,1,0,1,会计学 Accounting,会计课程,1.2895886507223624,1.03167092057789,24,否
首都经济贸易大学,CUEB-2024-080,2024级,工商管理学院,市场营销,市场营销,JN0174,人工智能技术,人工智能技术,具体专业技能,人工智能与数据挖掘,0.8,1,1,0,人工智能,课程名称直接出现唯一技能别名“人工智能”,1.312755710003897,1.0502045680031176,23,否
首都经济贸易大学,CUEB-2024-080,2024级,工商管理学院,市场营销,市场营销,JN0185,供应链管理,供应链管理,方法、标准与流程,供应链与物流管理,3.3,2,2,0,供应链管理,核心课程直接出现“供应链管理”；课程名称直接出现唯一技能别名“供应链管理”,2.79749014393704,9.231717474992232,5,是
首都经济贸易大学,CUEB-2024-080,2024级,工商管理学院,市场营销,市场营销,JN0214,品牌策划,品牌策划,方法、标准与流程,视觉设计与数字内容制作,3.3,2,2,0,品牌管理,核心课程直接出现“品牌管理”；课程名称直接出现唯一技能别名“品牌管理”,3.5257286443082556,11.634904526217243,2,是
首都经济贸易大学,CUEB-2024-080,2024级,工商管理学院,市场营销,市场营销,JN0254,市场营销知识,市场营销知识,方法、标准与流程,组织协调与商业执行,0.8,1,0,1,市场营销学 Marketing,市场营销课程,2.4035858582299516,1.9228686865839615,18,否
首都经济贸易大学,CUEB-2024-080,2024级,工商管理学院,市场营销,市场营销,JN0373,人力资源管理流程,人力资源管理流程,方法、标准与流程,人力资源与行政管理,0.8,1,0,1,人力资源管理 Human Resource Management,人力资源课程,2.194494060371392,1.7555952482971138,19,否
首都经济贸易大学,CUEB-2024-080,2024级,工商管理学院,市场营销,市场营销,JN0397,数理统计,数理统计,工具软件与技术平台,人工智能与数据挖掘,0.8,1,1,0,数理统计,课程名称直接出现唯一技能别名“数理统计”,1.2019413436636068,0.9615530749308855,25,否
首都经济贸易大学,CUEB-2024-080,2024级,工商管理学院,市场营销,市场营销,JN0691,财务管理,财务管理,专业知识与行业经验,财务会计与税务管理,3.3,2,2,0,财务管理,核心课程直接出现“财务管理”；课程名称直接出现唯一技能别名“财务管理”,1.664976303593249,5.4944218018577216,6,是
首都经济贸易大学,CUEB-2024-080,2024级,工商管理学院,市场营销,市场营销,JN0774,表达能力,表达能力,非技术性能力,表达沟通与通用办公协作,1.5,1,1,0,表达能力,毕业要求直接出现“表达能力”,1.7703368192510753,2.655505228876613,13,否
首都经济贸易大学,CUEB-2024-080,2024级,工商管理学院,市场营销,市场营销,JN0775,学习能力,学习能力,非技术性能力,表达沟通与通用办公协作,1.5,1,1,0,学习能力,毕业要求直接出现“学习能力”,1.7221347174331973,2.583202076149796,14,否
首都经济贸易大学,CUEB-2024-080,2024级,工商管理学院,市场营销,市场营销,JN0779,书面表达,书面表达,非技术性能力,表达沟通与通用办公协作,2.3,2,1,1,文字表达能力；应用写作 / Practical Writing,毕业要求直接出现“文字表达能力”；写作课程,1.0649195460993157,2.449314956028426,15,否
首都经济贸易大学,CUEB-2024-080,2024级,工商管理学院,市场营销,市场营销,JN0780,诚信与职业道德,诚信与职业道德,非技术性能力,金融风控、投资与合规,1.5,1,1,0,职业道德,毕业要求直接出现“职业道德”,1.0710357731167517,1.6065536596751275,20,否
首都经济贸易大学,CUEB-2024-080,2024级,工商管理学院,市场营销,市场营销,JN0781,问题解决,问题解决,非技术性能力,表达沟通与通用办公协作,1.0,1,1,0,解决问题,培养特色直接出现“解决问题”,2.314638372213455,2.314638372213455,16,否
首都经济贸易大学,CUEB-2024-080,2024级,工商管理学院,市场营销,市场营销,JN0785,分析判断,分析判断,非技术性能力,组织协调与商业执行,1.0,1,1,0,分析能力,培养特色直接出现“分析能力”,2.121734706088964,2.121734706088964,17,否
首都经济贸易大学,CUEB-2024-080,2024级,工商管理学院,市场营销,市场营销,JN0788,口头表达,口头表达,非技术性能力,表达沟通与通用办公协作,1.5,1,1,0,口头表达,毕业要求直接出现“口头表达”,1.9021060968821986,2.853159145323298,11,是
首都经济贸易大学,CUEB-2024-080,2024级,工商管理学院,市场营销,市场营销,JN0790,创新能力,创新能力,非技术性能力,视觉设计与数字内容制作,1.0,1,1,0,创新能力,培养特色直接出现“创新能力”,1.2895886507223624,1.2895886507223624,21,否
首都经济贸易大学,CUEB-2024-080,2024级,工商管理学院,市场营销,市场营销,JN0798,适应能力,适应能力,非技术性能力,组织协调与商业执行,1.5,1,1,0,适应能力,毕业要求直接出现“适应能力”,2.5271998141971284,3.7907997212956923,9,是
首都经济贸易大学,CUEB-2024-081,2024级,工商管理学院,电子商务,电子商务,JN0025,英语,英语,语言能力,供应链与物流管理,0.8,1,1,0,英语,课程名称直接出现唯一技能别名“英语”,1.0,0.8,20,否
首都经济贸易大学,CUEB-2024-081,2024级,工商管理学院,电子商务,电子商务,JN0026,数据分析,数据分析,工具软件与技术平台,人工智能与数据挖掘,1.8,2,1,1,数据分析；大数据商务分析与应用 Big Data Business Analysis and Application,培养特色直接出现“数据分析”；数据分析课程,1.5798184952529422,2.843673291455296,8,是
首都经济贸易大学,CUEB-2024-081,2024级,工商管理学院,电子商务,电子商务,JN0041,Python,Python（编程语言）,工具软件与技术平台,云计算、系统运维与DevOps,0.8,1,1,0,python,课程名称直接出现唯一技能别名“python”,1.5108256237659907,1.2086604990127927,14,否
首都经济贸易大学,CUEB-2024-081,2024级,工商管理学院,电子商务,电子商务,JN0046,ERP,企业资源计划系统（ERP）,方法、标准与流程,供应链与物流管理,3.3,2,2,0,ERP；erp,核心课程直接出现“ERP”；课程名称直接出现唯一技能别名“erp”,2.8689491079191853,9.467532056133312,3,是
首都经济贸易大学,CUEB-2024-081,2024级,工商管理学院,电子商务,电子商务,JN0072,统计分析,统计分析,方法、标准与流程,人工智能与数据挖掘,0.8,1,0,1,统计学 Statistics,统计方法课程,1.1880522315029396,0.9504417852023517,18,否
首都经济贸易大学,CUEB-2024-081,2024级,工商管理学院,电子商务,电子商务,JN0099,CRM,客户关系管理系统（CRM）,方法、标准与流程,供应链与物流管理,3.3,2,2,0,客户关系管理,核心课程直接出现“客户关系管理”；课程名称直接出现唯一技能别名“客户关系管理”,3.6798793241355137,12.143601769647194,1,是
首都经济贸易大学,CUEB-2024-081,2024级,工商管理学院,电子商务,电子商务,JN0109,会计核算,会计核算,方法、标准与流程,财务会计与税务管理,0.8,1,0,1,会计学 Accounting,会计课程,1.2895886507223624,1.03167092057789,16,否
首都经济贸易大学,CUEB-2024-081,2024级,工商管理学院,电子商务,电子商务,JN0145,数据挖掘,数据挖掘,工具软件与技术平台,人工智能与数据挖掘,2.0,2,2,0,数据挖掘,培养目标直接出现“数据挖掘”；培养特色直接出现“数据挖掘”,2.4271163556401456,4.854232711280291,6,是
首都经济贸易大学,CUEB-2024-081,2024级,工商管理学院,电子商务,电子商务,JN0174,人工智能技术,人工智能技术,具体专业技能,人工智能与数据挖掘,0.8,1,1,0,人工智能,课程名称直接出现唯一技能别名“人工智能”,1.312755710003897,1.0502045680031176,15,否
首都经济贸易大学,CUEB-2024-081,2024级,工商管理学院,电子商务,电子商务,JN0185,供应链管理,供应链管理,方法、标准与流程,供应链与物流管理,4.1,3,2,1,供应链管理；供应链金融Supply chain finance,核心课程直接出现“供应链管理”；课程名称直接出现唯一技能别名“供应链管理”；供应链课程,2.79749014393704,11.469709590141862,2,是
首都经济贸易大学,CUEB-2024-081,2024级,工商管理学院,电子商务,电子商务,JN0254,市场营销知识,市场营销知识,方法、标准与流程,组织协调与商业执行,0.8,1,0,1,市场营销学 Marketing,市场营销课程,2.4035858582299516,1.9228686865839615,10,是
首都经济贸易大学,CUEB-2024-081,2024级,工商管理学院,电子商务,电子商务,JN0373,人力资源管理流程,人力资源管理流程,方法、标准与流程,人力资源与行政管理,0.8,1,0,1,人力资源管理 Human Resource Management,人力资源课程,2.194494060371392,1.7555952482971138,11,是
首都经济贸易大学,CUEB-2024-081,2024级,工商管理学院,电子商务,电子商务,JN0397,数理统计,数理统计,工具软件与技术平台,人工智能与数据挖掘,0.8,1,1,0,数理统计,课程名称直接出现唯一技能别名“数理统计”,1.2019413436636068,0.9615530749308855,17,否
首都经济贸易大学,CUEB-2024-081,2024级,工商管理学院,电子商务,电子商务,JN0686,数据库技术,数据库技术,专业知识与行业经验,Java后端开发与中间件,3.3,2,2,0,数据库原理；数据库,核心课程直接出现“数据库原理”；课程名称直接出现唯一技能别名“数据库”,2.3361445774344194,7.709277105533584,4,是
首都经济贸易大学,CUEB-2024-081,2024级,工商管理学院,电子商务,电子商务,JN0691,财务管理,财务管理,专业知识与行业经验,财务会计与税务管理,3.3,2,2,0,财务管理,核心课程直接出现“财务管理”；课程名称直接出现唯一技能别名“财务管理”,1.664976303593249,5.4944218018577216,5,是
首都经济贸易大学,CUEB-2024-081,2024级,工商管理学院,电子商务,电子商务,JN0771,团队合作,团队合作,非技术性能力,表达沟通与通用办公协作,1.5,1,1,0,协作意识,毕业要求直接出现“协作意识”,1.4111957828171493,2.116793674225724,9,是
首都经济贸易大学,CUEB-2024-081,2024级,工商管理学院,电子商务,电子商务,JN0779,书面表达,书面表达,非技术性能力,表达沟通与通用办公协作,0.8,1,0,1,应用写作 / Practical Writing,写作课程,1.0649195460993157,0.8519356368794526,19,否
首都经济贸易大学,CUEB-2024-081,2024级,工商管理学院,电子商务,电子商务,JN0780,诚信与职业道德,诚信与职业道德,非技术性能力,金融风控、投资与合规,1.5,1,1,0,职业道德,毕业要求直接出现“职业道德”,1.0710357731167517,1.6065536596751275,12,是
首都经济贸易大学,CUEB-2024-081,2024级,工商管理学院,电子商务,电子商务,JN0788,口头表达,口头表达,非技术性能力,表达沟通与通用办公协作,1.5,1,1,0,口头表达,毕业要求直接出现“口头表达”,1.9021060968821986,2.853159145323298,7,是
首都经济贸易大学,CUEB-2024-081,2024级,工商管理学院,电子商务,电子商务,JN0790,创新能力,创新能力,非技术性能力,视觉设计与数字内容制作,1.0,1,1,0,创新思维,培养目标直接出现“创新思维”,1.2895886507223624,1.2895886507223624,13,否
首都经济贸易大学,CUEB-2024-082,2024级,经济学院,国际经济与贸易,国际经济与贸易,JN0025,英语,英语,语言能力,供应链与物流管理,4.3,3,3,0,英语,核心课程直接出现“英语”；培养特色直接出现“英语”；课程名称直接出现唯一技能别名“英语”,1.0,4.3,2,是
首都经济贸易大学,CUEB-2024-082,2024级,经济学院,国际经济与贸易,国际经济与贸易,JN0029,Excel,Excel（办公软件与通用数字工具）,方法、标准与流程,表达沟通与通用办公协作,0.8,1,1,0,excel,课程名称直接出现唯一技能别名“excel”,2.1574527886910433,1.7259622309528346,11,是
首都经济贸易大学,CUEB-2024-082,2024级,经济学院,国际经济与贸易,国际经济与贸易,JN0032,商务谈判,商务谈判,方法、标准与流程,组织协调与商业执行,0.8,1,1,0,商务谈判,课程名称直接出现唯一技能别名“商务谈判”,2.6990500711237875,2.15924005689903,7,是
首都经济贸易大学,CUEB-2024-082,2024级,经济学院,国际经济与贸易,国际经济与贸易,JN0072,统计分析,统计分析,方法、标准与流程,人工智能与数据挖掘,1.6,2,0,2,计量经济学 Econometrics；统计学 Statistics,统计方法课程,1.1880522315029396,1.9008835704047033,9,是
首都经济贸易大学,CUEB-2024-082,2024级,经济学院,国际经济与贸易,国际经济与贸易,JN0074,国际贸易,国际贸易,方法、标准与流程,供应链与物流管理,5.6,4,4,0,国际贸易；外贸,毕业要求直接出现“国际贸易”；核心课程直接出现“国际贸易”；课程名称直接出现唯一技能别名“国际贸易”；课程名称直接出现唯一技能别名“外贸”,3.120263536200091,17.473475802720507,1,是
首都经济贸易大学,CUEB-2024-082,2024级,经济学院,国际经济与贸易,国际经济与贸易,JN0109,会计核算,会计核算,方法、标准与流程,财务会计与税务管理,0.8,1,0,1,会计学 Accounting,会计课程,1.2895886507223624,1.03167092057789,18,否
首都经济贸易大学,CUEB-2024-082,2024级,经济学院,国际经济与贸易,国际经济与贸易,JN0141,商务英语,商务英语,语言能力,供应链与物流管理,0.8,1,1,0,商务英语,课程名称直接出现唯一技能别名“商务英语”,3.2203469947570738,2.576277595805659,5,是
首都经济贸易大学,CUEB-2024-082,2024级,经济学院,国际经济与贸易,国际经济与贸易,JN0174,人工智能技术,人工智能技术,具体专业技能,人工智能与数据挖掘,0.8,1,1,0,人工智能,课程名称直接出现唯一技能别名“人工智能”,1.312755710003897,1.0502045680031176,17,否
首都经济贸易大学,CUEB-2024-082,2024级,经济学院,国际经济与贸易,国际经济与贸易,JN0258,法律法规知识,法律法规知识,方法、标准与流程,金融风控、投资与合规,0.8,1,0,1,国际商法（双语） Law of International Business (Bilingual),法规课程,2.139434283188365,1.711547426550692,12,是
首都经济贸易大学,CUEB-2024-082,2024级,经济学院,国际经济与贸易,国际经济与贸易,JN0397,数理统计,数理统计,工具软件与技术平台,人工智能与数据挖掘,0.8,1,1,0,数理统计,课程名称直接出现唯一技能别名“数理统计”,1.2019413436636068,0.9615530749308855,19,否
首都经济贸易大学,CUEB-2024-082,2024级,经济学院,国际经济与贸易,国际经济与贸易,JN0557,Excel高级应用,Excel高级应用（电子表格高级应用）,工具软件与技术平台,财务会计与税务管理,0.8,1,1,0,excel高级应用,课程名称直接出现唯一技能别名“excel高级应用”,2.2729656758128876,1.8183725406503102,10,是
首都经济贸易大学,CUEB-2024-082,2024级,经济学院,国际经济与贸易,国际经济与贸易,JN0647,论文写作,论文写作,方法、标准与流程,表达沟通与通用办公协作,0.8,1,0,1,学术写作与专业前沿 Academic Writing & / Research Frontier,学术写作课程,1.4734380916943703,1.1787504733554963,16,否
首都经济贸易大学,CUEB-2024-082,2024级,经济学院,国际经济与贸易,国际经济与贸易,JN0691,财务管理,财务管理,专业知识与行业经验,财务会计与税务管理,0.8,1,1,0,财务管理,课程名称直接出现唯一技能别名“财务管理”,1.664976303593249,1.3319810428745993,14,是
首都经济贸易大学,CUEB-2024-082,2024级,经济学院,国际经济与贸易,国际经济与贸易,JN0770,沟通能力,沟通能力,非技术性能力,组织协调与商业执行,1.5,1,1,0,沟通能力,毕业要求直接出现“沟通能力”,1.7953381214564925,2.693007182184739,3,是
首都经济贸易大学,CUEB-2024-082,2024级,经济学院,国际经济与贸易,国际经济与贸易,JN0779,书面表达,书面表达,非技术性能力,表达沟通与通用办公协作,0.8,1,0,1,应用写作 / Practical Writing,写作课程,1.0649195460993157,0.8519356368794526,20,否
首都经济贸易大学,CUEB-2024-082,2024级,经济学院,国际经济与贸易,国际经济与贸易,JN0780,诚信与职业道德,诚信与职业道德,非技术性能力,金融风控、投资与合规,1.5,1,1,0,职业道德,毕业要求直接出现“职业道德”,1.0710357731167517,1.6065536596751275,13,否
首都经济贸易大学,CUEB-2024-082,2024级,经济学院,国际经济与贸易,国际经济与贸易,JN0787,领导力,领导力,非技术性能力,组织协调与商业执行,0.8,1,1,0,领导力,课程名称直接出现唯一技能别名“领导力”,2.4035858582299516,1.9228686865839615,8,否
首都经济贸易大学,CUEB-2024-082,2024级,经济学院,国际经济与贸易,国际经济与贸易,JN0790,创新能力,创新能力,非技术性能力,视觉设计与数字内容制作,1.0,1,1,0,创新意识,培养特色直接出现“创新意识”,1.2895886507223624,1.2895886507223624,15,否
首都经济贸易大学,CUEB-2024-082,2024级,经济学院,国际经济与贸易,国际经济与贸易,JN0798,适应能力,适应能力,非技术性能力,组织协调与商业执行,1.0,1,1,0,适应能力,培养特色直接出现“适应能力”,2.5271998141971284,2.5271998141971284,6,是
首都经济贸易大学,CUEB-2024-082,2024级,经济学院,国际经济与贸易,国际经济与贸易,JN0830,批判性思维,批判性思维,非技术性能力,表达沟通与通用办公协作,1.0,1,1,0,批判性思维,培养特色直接出现“批判性思维”,2.638425449307353,2.638425449307353,4,是
首都经济贸易大学,CUEB-2024-083,2024级,经济学院,国际经济与贸易（国际班）,国际经济与贸易（国际班）,JN0025,英语,英语,语言能力,供应链与物流管理,3.3,2,2,0,英语,核心课程直接出现“英语”；课程名称直接出现唯一技能别名“英语”,1.0,3.3,2,是
首都经济贸易大学,CUEB-2024-083,2024级,经济学院,国际经济与贸易（国际班）,国际经济与贸易（国际班）,JN0029,Excel,Excel（办公软件与通用数字工具）,方法、标准与流程,表达沟通与通用办公协作,0.8,1,1,0,excel,课程名称直接出现唯一技能别名“excel”,2.1574527886910433,1.7259622309528346,14,否
首都经济贸易大学,CUEB-2024-083,2024级,经济学院,国际经济与贸易（国际班）,国际经济与贸易（国际班）,JN0032,商务谈判,商务谈判,方法、标准与流程,组织协调与商业执行,0.8,1,1,0,商务谈判,课程名称直接出现唯一技能别名“商务谈判”,2.6990500711237875,2.15924005689903,9,是
首都经济贸易大学,CUEB-2024-083,2024级,经济学院,国际经济与贸易（国际班）,国际经济与贸易（国际班）,JN0072,统计分析,统计分析,方法、标准与流程,人工智能与数据挖掘,1.6,2,0,2,计量经济学 Econometrics；统计学 Statistics,统计方法课程,1.1880522315029396,1.9008835704047033,11,是
首都经济贸易大学,CUEB-2024-083,2024级,经济学院,国际经济与贸易（国际班）,国际经济与贸易（国际班）,JN0074,国际贸易,国际贸易,方法、标准与流程,供应链与物流管理,4.8,3,3,0,国际贸易,毕业要求直接出现“国际贸易”；核心课程直接出现“国际贸易”；课程名称直接出现唯一技能别名“国际贸易”,3.120263536200091,14.977264973760436,1,是
首都经济贸易大学,CUEB-2024-083,2024级,经济学院,国际经济与贸易（国际班）,国际经济与贸易（国际班）,JN0109,会计核算,会计核算,方法、标准与流程,财务会计与税务管理,0.8,1,0,1,会计学 Accounting,会计课程,1.2895886507223624,1.03167092057789,21,否
首都经济贸易大学,CUEB-2024-083,2024级,经济学院,国际经济与贸易（国际班）,国际经济与贸易（国际班）,JN0141,商务英语,商务英语,语言能力,供应链与物流管理,0.8,1,1,0,商务英语,课程名称直接出现唯一技能别名“商务英语”,3.2203469947570738,2.576277595805659,5,是
首都经济贸易大学,CUEB-2024-083,2024级,经济学院,国际经济与贸易（国际班）,国际经济与贸易（国际班）,JN0174,人工智能技术,人工智能技术,具体专业技能,人工智能与数据挖掘,0.8,1,1,0,人工智能,课程名称直接出现唯一技能别名“人工智能”,1.312755710003897,1.0502045680031176,20,否
首都经济贸易大学,CUEB-2024-083,2024级,经济学院,国际经济与贸易（国际班）,国际经济与贸易（国际班）,JN0250,跨文化沟通,跨文化沟通,语言能力,供应链与物流管理,0.8,1,0,1,跨文化交流（英语） Cross-cultural Communication (English),跨文化沟通课程,2.730798769438368,2.1846390155506947,8,是
首都经济贸易大学,CUEB-2024-083,2024级,经济学院,国际经济与贸易（国际班）,国际经济与贸易（国际班）,JN0256,授课,授课,方法、标准与流程,表达沟通与通用办公协作,1.0,1,1,0,授课,培养特色直接出现“授课”,2.4759065198095778,2.4759065198095778,7,是
首都经济贸易大学,CUEB-2024-083,2024级,经济学院,国际经济与贸易（国际班）,国际经济与贸易（国际班）,JN0258,法律法规知识,法律法规知识,方法、标准与流程,金融风控、投资与合规,0.8,1,0,1,国际商法（英语） Law of International Business (English),法规课程,2.139434283188365,1.711547426550692,15,否
首都经济贸易大学,CUEB-2024-083,2024级,经济学院,国际经济与贸易（国际班）,国际经济与贸易（国际班）,JN0373,人力资源管理流程,人力资源管理流程,方法、标准与流程,人力资源与行政管理,0.8,1,0,1,人力资源管理（英语）Human Resource Management (English),人力资源课程,2.194494060371392,1.7555952482971138,13,是
首都经济贸易大学,CUEB-2024-083,2024级,经济学院,国际经济与贸易（国际班）,国际经济与贸易（国际班）,JN0397,数理统计,数理统计,工具软件与技术平台,人工智能与数据挖掘,0.8,1,1,0,数理统计,课程名称直接出现唯一技能别名“数理统计”,1.2019413436636068,0.9615530749308855,22,否
首都经济贸易大学,CUEB-2024-083,2024级,经济学院,国际经济与贸易（国际班）,国际经济与贸易（国际班）,JN0557,Excel高级应用,Excel高级应用（电子表格高级应用）,工具软件与技术平台,财务会计与税务管理,0.8,1,1,0,excel高级应用,课程名称直接出现唯一技能别名“excel高级应用”,2.2729656758128876,1.8183725406503102,12,是
首都经济贸易大学,CUEB-2024-083,2024级,经济学院,国际经济与贸易（国际班）,国际经济与贸易（国际班）,JN0647,论文写作,论文写作,方法、标准与流程,表达沟通与通用办公协作,0.8,1,0,1,学术写作与专业前沿Academic Writing & / Research Frontier,学术写作课程,1.4734380916943703,1.1787504733554963,19,否
首都经济贸易大学,CUEB-2024-083,2024级,经济学院,国际经济与贸易（国际班）,国际经济与贸易（国际班）,JN0691,财务管理,财务管理,专业知识与行业经验,财务会计与税务管理,0.8,1,1,0,财务管理,课程名称直接出现唯一技能别名“财务管理”,1.664976303593249,1.3319810428745993,17,否
首都经济贸易大学,CUEB-2024-083,2024级,经济学院,国际经济与贸易（国际班）,国际经济与贸易（国际班）,JN0770,沟通能力,沟通能力,非技术性能力,组织协调与商业执行,1.5,1,1,0,沟通能力,毕业要求直接出现“沟通能力”,1.7953381214564925,2.693007182184739,3,是
首都经济贸易大学,CUEB-2024-083,2024级,经济学院,国际经济与贸易（国际班）,国际经济与贸易（国际班）,JN0779,书面表达,书面表达,非技术性能力,表达沟通与通用办公协作,0.8,1,0,1,应用写作 / Practical Writing,写作课程,1.0649195460993157,0.8519356368794526,23,否
首都经济贸易大学,CUEB-2024-083,2024级,经济学院,国际经济与贸易（国际班）,国际经济与贸易（国际班）,JN0780,诚信与职业道德,诚信与职业道德,非技术性能力,金融风控、投资与合规,1.5,1,1,0,职业道德,毕业要求直接出现“职业道德”,1.0710357731167517,1.6065536596751275,16,否
首都经济贸易大学,CUEB-2024-083,2024级,经济学院,国际经济与贸易（国际班）,国际经济与贸易（国际班）,JN0787,领导力,领导力,非技术性能力,组织协调与商业执行,0.8,1,1,0,领导力,课程名称直接出现唯一技能别名“领导力”,2.4035858582299516,1.9228686865839615,10,否
首都经济贸易大学,CUEB-2024-083,2024级,经济学院,国际经济与贸易（国际班）,国际经济与贸易（国际班）,JN0790,创新能力,创新能力,非技术性能力,视觉设计与数字内容制作,1.0,1,1,0,创新意识,培养特色直接出现“创新意识”,1.2895886507223624,1.2895886507223624,18,否
首都经济贸易大学,CUEB-2024-083,2024级,经济学院,国际经济与贸易（国际班）,国际经济与贸易（国际班）,JN0798,适应能力,适应能力,非技术性能力,组织协调与商业执行,1.0,1,1,0,适应能力,培养特色直接出现“适应能力”,2.5271998141971284,2.5271998141971284,6,是
首都经济贸易大学,CUEB-2024-083,2024级,经济学院,国际经济与贸易（国际班）,国际经济与贸易（国际班）,JN0830,批判性思维,批判性思维,非技术性能力,表达沟通与通用办公协作,1.0,1,1,0,批判性思维,培养特色直接出现“批判性思维”,2.638425449307353,2.638425449307353,4,是
首都经济贸易大学,CUEB-2024-084,2024级,经济学院,数字经济,数字经济,JN0025,英语,英语,语言能力,供应链与物流管理,1.6,1,1,0,英语,课程名称直接出现唯一技能别名“英语”,1.0,1.6,16,否
首都经济贸易大学,CUEB-2024-084,2024级,经济学院,数字经济,数字经济,JN0026,数据分析,数据分析,工具软件与技术平台,人工智能与数据挖掘,5.9,4,3,1,数据分析；数据科学导论,培养目标直接出现“数据分析”；核心课程直接出现“数据分析”；数据分析课程；课程名称直接出现唯一技能别名“数据分析”,1.5798184952529422,9.320929121992359,1,是
首都经济贸易大学,CUEB-2024-084,2024级,经济学院,数字经济,数字经济,JN0029,Excel,Excel（办公软件与通用数字工具）,方法、标准与流程,表达沟通与通用办公协作,1.6,1,1,0,excel,课程名称直接出现唯一技能别名“excel”,2.1574527886910433,3.4519244619056693,8,是
首都经济贸易大学,CUEB-2024-084,2024级,经济学院,数字经济,数字经济,JN0041,Python,Python（编程语言）,工具软件与技术平台,云计算、系统运维与DevOps,3.3,2,2,0,Python；python,核心课程直接出现“Python”；课程名称直接出现唯一技能别名“python”,1.5108256237659907,4.985724558427769,3,是
首都经济贸易大学,CUEB-2024-084,2024级,经济学院,数字经济,数字经济,JN0058,市场分析,市场分析,方法、标准与流程,组织协调与商业执行,1.0,1,1,0,市场分析,培养特色直接出现“市场分析”,3.7668907011251433,3.7668907011251433,6,是
首都经济贸易大学,CUEB-2024-084,2024级,经济学院,数字经济,数字经济,JN0072,统计分析,统计分析,方法、标准与流程,人工智能与数据挖掘,4.0,3,0,3,计量经济学；统计学；计量经济学实验,统计方法课程,1.1880522315029396,4.752208926011758,4,是
首都经济贸易大学,CUEB-2024-084,2024级,经济学院,数字经济,数字经济,JN0076,数据处理,数据处理,具体专业技能,大数据工程与数据仓库,0.8,1,0,1,大数据预处理,数据处理课程,2.5812670354674037,2.065013628373923,10,是
首都经济贸易大学,CUEB-2024-084,2024级,经济学院,数字经济,数字经济,JN0143,机器学习,机器学习,方法、标准与流程,人工智能与数据挖掘,0.8,1,1,0,机器学习,课程名称直接出现唯一技能别名“机器学习”,2.3361445774344194,1.8689156619475356,13,否
首都经济贸易大学,CUEB-2024-084,2024级,经济学院,数字经济,数字经济,JN0145,数据挖掘,数据挖掘,工具软件与技术平台,人工智能与数据挖掘,0.8,1,1,0,数据挖掘,课程名称直接出现唯一技能别名“数据挖掘”,2.4271163556401456,1.9416930845121165,11,是
首都经济贸易大学,CUEB-2024-084,2024级,经济学院,数字经济,数字经济,JN0174,人工智能技术,人工智能技术,具体专业技能,人工智能与数据挖掘,5.1,3,3,0,人工智能,培养目标直接出现“人工智能”；核心课程直接出现“人工智能”；课程名称直接出现唯一技能别名“人工智能”,1.312755710003897,6.695054121019874,2,是
首都经济贸易大学,CUEB-2024-084,2024级,经济学院,数字经济,数字经济,JN0397,数理统计,数理统计,工具软件与技术平台,人工智能与数据挖掘,1.6,1,1,0,数理统计,课程名称直接出现唯一技能别名“数理统计”,1.2019413436636068,1.923106149861771,12,是
首都经济贸易大学,CUEB-2024-084,2024级,经济学院,数字经济,数字经济,JN0557,Excel高级应用,Excel高级应用（电子表格高级应用）,工具软件与技术平台,财务会计与税务管理,1.6,1,1,0,excel高级应用,课程名称直接出现唯一技能别名“excel高级应用”,2.2729656758128876,3.6367450813006204,7,是
首都经济贸易大学,CUEB-2024-084,2024级,经济学院,数字经济,数字经济,JN0647,论文写作,论文写作,方法、标准与流程,表达沟通与通用办公协作,0.8,1,0,1,学术写作与专业前沿,学术写作课程,1.4734380916943703,1.1787504733554963,17,否
首都经济贸易大学,CUEB-2024-084,2024级,经济学院,数字经济,数字经济,JN0779,书面表达,书面表达,非技术性能力,表达沟通与通用办公协作,1.6,1,0,1,应用写作,写作课程,1.0649195460993157,1.7038712737589052,14,否
首都经济贸易大学,CUEB-2024-084,2024级,经济学院,数字经济,数字经济,JN0780,诚信与职业道德,诚信与职业道德,非技术性能力,金融风控、投资与合规,1.5,1,1,0,职业道德,毕业要求直接出现“职业道德”,1.0710357731167517,1.6065536596751275,15,否
首都经济贸易大学,CUEB-2024-084,2024级,经济学院,数字经济,数字经济,JN0787,领导力,领导力,非技术性能力,组织协调与商业执行,1.8,2,2,0,领导力,培养特色直接出现“领导力”；课程名称直接出现唯一技能别名“领导力”,2.4035858582299516,4.326454544813913,5,是
首都经济贸易大学,CUEB-2024-084,2024级,经济学院,数字经济,数字经济,JN0790,创新能力,创新能力,非技术性能力,视觉设计与数字内容制作,2.5,2,2,0,创新思维；创新能力,毕业要求直接出现“创新思维”；培养特色直接出现“创新能力”,1.2895886507223624,3.223971626805906,9,是
首都经济贸易大学,CUEB-2024-085,2024级,经济学院,经济学,经济学,JN0025,英语,英语,语言能力,供应链与物流管理,1.6,1,1,0,英语,课程名称直接出现唯一技能别名“英语”,1.0,1.6,16,是
首都经济贸易大学,CUEB-2024-085,2024级,经济学院,经济学,经济学,JN0029,Excel,Excel（办公软件与通用数字工具）,方法、标准与流程,表达沟通与通用办公协作,1.6,1,1,0,excel,课程名称直接出现唯一技能别名“excel”,2.1574527886910433,3.4519244619056693,3,是
首都经济贸易大学,CUEB-2024-085,2024级,经济学院,经济学,经济学,JN0072,统计分析,统计分析,方法、标准与流程,人工智能与数据挖掘,4.0,3,0,3,计量经济学 Econometrics；统计学 Statistics；计量经济学实验 Class of Econometrics Experiment,统计方法课程,1.1880522315029396,4.752208926011758,1,是
首都经济贸易大学,CUEB-2024-085,2024级,经济学院,经济学,经济学,JN0109,会计核算,会计核算,方法、标准与流程,财务会计与税务管理,0.8,1,0,1,会计学 Accounting,会计课程,1.2895886507223624,1.03167092057789,19,否
首都经济贸易大学,CUEB-2024-085,2024级,经济学院,经济学,经济学,JN0174,人工智能技术,人工智能技术,具体专业技能,人工智能与数据挖掘,1.6,1,1,0,人工智能,课程名称直接出现唯一技能别名“人工智能”,1.312755710003897,2.100409136006235,8,是
首都经济贸易大学,CUEB-2024-085,2024级,经济学院,经济学,经济学,JN0258,法律法规知识,法律法规知识,方法、标准与流程,金融风控、投资与合规,0.8,1,0,1,经济法 Economic Laws,法规课程,2.139434283188365,1.711547426550692,13,是
首都经济贸易大学,CUEB-2024-085,2024级,经济学院,经济学,经济学,JN0373,人力资源管理流程,人力资源管理流程,方法、标准与流程,人力资源与行政管理,0.8,1,0,1,人力资源管理（双语）Human Resource Management (Bilingual),人力资源课程,2.194494060371392,1.7555952482971138,12,是
首都经济贸易大学,CUEB-2024-085,2024级,经济学院,经济学,经济学,JN0397,数理统计,数理统计,工具软件与技术平台,人工智能与数据挖掘,1.6,1,1,0,数理统计,课程名称直接出现唯一技能别名“数理统计”,1.2019413436636068,1.923106149861771,10,是
首都经济贸易大学,CUEB-2024-085,2024级,经济学院,经济学,经济学,JN0540,预测模型,预测模型,方法、标准与流程,人工智能与数据挖掘,0.8,1,0,1,经济预测 Economic Forecast,预测方法课程,3.169053700369523,2.535242960295619,5,是
首都经济贸易大学,CUEB-2024-085,2024级,经济学院,经济学,经济学,JN0557,Excel高级应用,Excel高级应用（电子表格高级应用）,工具软件与技术平台,财务会计与税务管理,1.6,1,1,0,excel高级应用,课程名称直接出现唯一技能别名“excel高级应用”,2.2729656758128876,3.6367450813006204,2,是
首都经济贸易大学,CUEB-2024-085,2024级,经济学院,经济学,经济学,JN0647,论文写作,论文写作,方法、标准与流程,表达沟通与通用办公协作,0.8,1,0,1,学术写作与专业前沿 Academic Writing & / Research Frontier,学术写作课程,1.4734380916943703,1.1787504733554963,18,否
首都经济贸易大学,CUEB-2024-085,2024级,经济学院,经济学,经济学,JN0691,财务管理,财务管理,专业知识与行业经验,财务会计与税务管理,0.8,1,1,0,财务管理,课程名称直接出现唯一技能别名“财务管理”,1.664976303593249,1.3319810428745993,17,否
首都经济贸易大学,CUEB-2024-085,2024级,经济学院,经济学,经济学,JN0771,团队合作,团队合作,非技术性能力,表达沟通与通用办公协作,1.5,1,1,0,团队合作,毕业要求直接出现“团队合作”,1.4111957828171493,2.116793674225724,7,是
首都经济贸易大学,CUEB-2024-085,2024级,经济学院,经济学,经济学,JN0779,书面表达,书面表达,非技术性能力,表达沟通与通用办公协作,1.6,1,0,1,应用写作 / Practical Writing,写作课程,1.0649195460993157,1.7038712737589052,14,否
首都经济贸易大学,CUEB-2024-085,2024级,经济学院,经济学,经济学,JN0780,诚信与职业道德,诚信与职业道德,非技术性能力,金融风控、投资与合规,1.5,1,1,0,职业道德,毕业要求直接出现“职业道德”,1.0710357731167517,1.6065536596751275,15,否
首都经济贸易大学,CUEB-2024-085,2024级,经济学院,经济学,经济学,JN0781,问题解决,问题解决,非技术性能力,表达沟通与通用办公协作,1.0,1,1,0,解决问题,培养特色直接出现“解决问题”,2.314638372213455,2.314638372213455,6,是
首都经济贸易大学,CUEB-2024-085,2024级,经济学院,经济学,经济学,JN0787,领导力,领导力,非技术性能力,组织协调与商业执行,0.8,1,1,0,领导力,课程名称直接出现唯一技能别名“领导力”,2.4035858582299516,1.9228686865839615,11,否
首都经济贸易大学,CUEB-2024-085,2024级,经济学院,经济学,经济学,JN0788,口头表达,口头表达,非技术性能力,表达沟通与通用办公协作,1.5,1,1,0,口头表达,毕业要求直接出现“口头表达”,1.9021060968821986,2.853159145323298,4,是
首都经济贸易大学,CUEB-2024-085,2024级,经济学院,经济学,经济学,JN0790,创新能力,创新能力,非技术性能力,视觉设计与数字内容制作,1.5,1,1,0,创新能力,毕业要求直接出现“创新能力”,1.2895886507223624,1.9343829760835436,9,否
首都经济贸易大学,CUEB-2024-086,2024级,经济学院,经济学（实验班）,经济学（实验班）,JN0025,英语,英语,语言能力,供应链与物流管理,4.1,2,2,0,英语,核心课程直接出现“英语”；课程名称直接出现唯一技能别名“英语”,1.0,4.1,4,是
首都经济贸易大学,CUEB-2024-086,2024级,经济学院,经济学（实验班）,经济学（实验班）,JN0029,Excel,Excel（办公软件与通用数字工具）,方法、标准与流程,表达沟通与通用办公协作,1.6,1,1,0,excel,课程名称直接出现唯一技能别名“excel”,2.1574527886910433,3.4519244619056693,6,是
首都经济贸易大学,CUEB-2024-086,2024级,经济学院,经济学（实验班）,经济学（实验班）,JN0034,设计软件应用,设计软件应用,方法、标准与流程,机械设计与制造,1.0,1,1,0,设计软件,培养特色直接出现“设计软件”,5.0661736852554045,5.0661736852554045,3,是
首都经济贸易大学,CUEB-2024-086,2024级,经济学院,经济学（实验班）,经济学（实验班）,JN0072,统计分析,统计分析,方法、标准与流程,人工智能与数据挖掘,4.800000000000001,4,0,4,计量经济学 Econometrics；统计学 Statistics；计量经济学Ⅱ Econometrics II；计量经济学实验 Class of Econometrics Experiment,统计方法课程,1.1880522315029396,5.702650711214111,2,是
首都经济贸易大学,CUEB-2024-086,2024级,经济学院,经济学（实验班）,经济学（实验班）,JN0109,会计核算,会计核算,方法、标准与流程,财务会计与税务管理,0.8,1,0,1,会计学 Accounting,会计课程,1.2895886507223624,1.03167092057789,22,否
首都经济贸易大学,CUEB-2024-086,2024级,经济学院,经济学（实验班）,经济学（实验班）,JN0141,商务英语,商务英语,语言能力,供应链与物流管理,0.8,1,1,0,商务英语,课程名称直接出现唯一技能别名“商务英语”,3.2203469947570738,2.576277595805659,9,是
首都经济贸易大学,CUEB-2024-086,2024级,经济学院,经济学（实验班）,经济学（实验班）,JN0172,数据建模,数据建模,工具软件与技术平台,大数据工程与数据仓库,0.8,1,0,1,金融建模与量化分析 Financial Modeling and Quantitative Analysis,建模课程,2.730798769438368,2.1846390155506947,11,是
首都经济贸易大学,CUEB-2024-086,2024级,经济学院,经济学（实验班）,经济学（实验班）,JN0174,人工智能技术,人工智能技术,具体专业技能,人工智能与数据挖掘,1.6,1,1,0,人工智能,课程名称直接出现唯一技能别名“人工智能”,1.312755710003897,2.100409136006235,13,是
首都经济贸易大学,CUEB-2024-086,2024级,经济学院,经济学（实验班）,经济学（实验班）,JN0373,人力资源管理流程,人力资源管理流程,方法、标准与流程,人力资源与行政管理,0.8,1,0,1,人力资源管理（双语）Human Resource Management (Bilingual),人力资源课程,2.194494060371392,1.7555952482971138,16,否
首都经济贸易大学,CUEB-2024-086,2024级,经济学院,经济学（实验班）,经济学（实验班）,JN0397,数理统计,数理统计,工具软件与技术平台,人工智能与数据挖掘,1.6,1,1,0,数理统计,课程名称直接出现唯一技能别名“数理统计”,1.2019413436636068,1.923106149861771,14,否
首都经济贸易大学,CUEB-2024-086,2024级,经济学院,经济学（实验班）,经济学（实验班）,JN0540,预测模型,预测模型,方法、标准与流程,人工智能与数据挖掘,0.8,1,0,1,经济预测 Economic Forecast,预测方法课程,3.169053700369523,2.535242960295619,10,是
首都经济贸易大学,CUEB-2024-086,2024级,经济学院,经济学（实验班）,经济学（实验班）,JN0557,Excel高级应用,Excel高级应用（电子表格高级应用）,工具软件与技术平台,财务会计与税务管理,1.6,1,1,0,excel高级应用,课程名称直接出现唯一技能别名“excel高级应用”,2.2729656758128876,3.6367450813006204,5,是
首都经济贸易大学,CUEB-2024-086,2024级,经济学院,经济学（实验班）,经济学（实验班）,JN0647,论文写作,论文写作,方法、标准与流程,表达沟通与通用办公协作,0.8,1,0,1,学术写作与专业前沿 Academic Writing & / Research Frontier,学术写作课程,1.4734380916943703,1.1787504733554963,21,否
首都经济贸易大学,CUEB-2024-086,2024级,经济学院,经济学（实验班）,经济学（实验班）,JN0691,财务管理,财务管理,专业知识与行业经验,财务会计与税务管理,0.8,1,1,0,财务管理,课程名称直接出现唯一技能别名“财务管理”,1.664976303593249,1.3319810428745993,19,否
首都经济贸易大学,CUEB-2024-086,2024级,经济学院,经济学（实验班）,经济学（实验班）,JN0771,团队合作,团队合作,非技术性能力,表达沟通与通用办公协作,1.5,1,1,0,协作意识,毕业要求直接出现“协作意识”,1.4111957828171493,2.116793674225724,12,否
首都经济贸易大学,CUEB-2024-086,2024级,经济学院,经济学（实验班）,经济学（实验班）,JN0775,学习能力,学习能力,非技术性能力,表达沟通与通用办公协作,1.5,1,1,0,学习能力,毕业要求直接出现“学习能力”,1.7221347174331973,2.583202076149796,8,是
首都经济贸易大学,CUEB-2024-086,2024级,经济学院,经济学（实验班）,经济学（实验班）,JN0779,书面表达,书面表达,非技术性能力,表达沟通与通用办公协作,1.6,1,0,1,应用写作 / Practical Writing,写作课程,1.0649195460993157,1.7038712737589052,17,否
首都经济贸易大学,CUEB-2024-086,2024级,经济学院,经济学（实验班）,经济学（实验班）,JN0780,诚信与职业道德,诚信与职业道德,非技术性能力,金融风控、投资与合规,1.5,1,1,0,职业道德,毕业要求直接出现“职业道德”,1.0710357731167517,1.6065536596751275,18,否
首都经济贸易大学,CUEB-2024-086,2024级,经济学院,经济学（实验班）,经济学（实验班）,JN0787,领导力,领导力,非技术性能力,组织协调与商业执行,0.8,1,1,0,领导力,课程名称直接出现唯一技能别名“领导力”,2.4035858582299516,1.9228686865839615,15,否
首都经济贸易大学,CUEB-2024-086,2024级,经济学院,经济学（实验班）,经济学（实验班）,JN0788,口头表达,口头表达,非技术性能力,表达沟通与通用办公协作,1.5,1,1,0,口头表达,毕业要求直接出现“口头表达”,1.9021060968821986,2.853159145323298,7,是
首都经济贸易大学,CUEB-2024-086,2024级,经济学院,经济学（实验班）,经济学（实验班）,JN0790,创新能力,创新能力,非技术性能力,视觉设计与数字内容制作,1.0,1,1,0,创新意识,培养目标直接出现“创新意识”,1.2895886507223624,1.2895886507223624,20,否
首都经济贸易大学,CUEB-2024-086,2024级,经济学院,经济学（实验班）,经济学（实验班）,JN0798,适应能力,适应能力,非技术性能力,组织协调与商业执行,2.5,2,2,0,适应能力,培养目标直接出现“适应能力”；毕业要求直接出现“适应能力”,2.5271998141971284,6.317999535492821,1,是
首都经济贸易大学,CUEB-2024-087,2024级,经济学院,贸易经济,贸易经济,JN0025,英语,英语,语言能力,供应链与物流管理,3.3,2,2,0,英语,核心课程直接出现“英语”；课程名称直接出现唯一技能别名“英语”,1.0,3.3,2,是
首都经济贸易大学,CUEB-2024-087,2024级,经济学院,贸易经济,贸易经济,JN0029,Excel,Excel（办公软件与通用数字工具）,方法、标准与流程,表达沟通与通用办公协作,0.8,1,1,0,excel,课程名称直接出现唯一技能别名“excel”,2.1574527886910433,1.7259622309528346,11,是
首都经济贸易大学,CUEB-2024-087,2024级,经济学院,贸易经济,贸易经济,JN0032,商务谈判,商务谈判,方法、标准与流程,组织协调与商业执行,0.8,1,1,0,商务谈判,课程名称直接出现唯一技能别名“商务谈判”,2.6990500711237875,2.15924005689903,6,是
首都经济贸易大学,CUEB-2024-087,2024级,经济学院,贸易经济,贸易经济,JN0072,统计分析,统计分析,方法、标准与流程,人工智能与数据挖掘,1.6,2,0,2,计量经济学 Econometrics；统计学 Statistics,统计方法课程,1.1880522315029396,1.9008835704047033,8,是
首都经济贸易大学,CUEB-2024-087,2024级,经济学院,贸易经济,贸易经济,JN0074,国际贸易,国际贸易,方法、标准与流程,供应链与物流管理,3.3,2,2,0,国际贸易,核心课程直接出现“国际贸易”；课程名称直接出现唯一技能别名“国际贸易”,3.120263536200091,10.2968696694603,1,是
首都经济贸易大学,CUEB-2024-087,2024级,经济学院,贸易经济,贸易经济,JN0109,会计核算,会计核算,方法、标准与流程,财务会计与税务管理,0.8,1,0,1,会计学 Accounting,会计课程,1.2895886507223624,1.03167092057789,15,否
首都经济贸易大学,CUEB-2024-087,2024级,经济学院,贸易经济,贸易经济,JN0141,商务英语,商务英语,语言能力,供应链与物流管理,0.8,1,1,0,商务英语,课程名称直接出现唯一技能别名“商务英语”,3.2203469947570738,2.576277595805659,5,是
首都经济贸易大学,CUEB-2024-087,2024级,经济学院,贸易经济,贸易经济,JN0174,人工智能技术,人工智能技术,具体专业技能,人工智能与数据挖掘,0.8,1,1,0,人工智能,课程名称直接出现唯一技能别名“人工智能”,1.312755710003897,1.0502045680031176,14,否
首都经济贸易大学,CUEB-2024-087,2024级,经济学院,贸易经济,贸易经济,JN0250,跨文化沟通,跨文化沟通,语言能力,供应链与物流管理,1.0,1,1,0,跨文化沟通,培养目标直接出现“跨文化沟通”,2.730798769438368,2.730798769438368,3,是
首都经济贸易大学,CUEB-2024-087,2024级,经济学院,贸易经济,贸易经济,JN0397,数理统计,数理统计,工具软件与技术平台,人工智能与数据挖掘,0.8,1,1,0,数理统计,课程名称直接出现唯一技能别名“数理统计”,1.2019413436636068,0.9615530749308855,16,否
首都经济贸易大学,CUEB-2024-087,2024级,经济学院,贸易经济,贸易经济,JN0557,Excel高级应用,Excel高级应用（电子表格高级应用）,工具软件与技术平台,财务会计与税务管理,0.8,1,1,0,excel高级应用,课程名称直接出现唯一技能别名“excel高级应用”,2.2729656758128876,1.8183725406503102,9,是
首都经济贸易大学,CUEB-2024-087,2024级,经济学院,贸易经济,贸易经济,JN0647,论文写作,论文写作,方法、标准与流程,表达沟通与通用办公协作,0.8,1,0,1,学术写作与专业前沿 Academic Writing & / Research Frontier,学术写作课程,1.4734380916943703,1.1787504733554963,13,是
首都经济贸易大学,CUEB-2024-087,2024级,经济学院,贸易经济,贸易经济,JN0770,沟通能力,沟通能力,非技术性能力,组织协调与商业执行,1.0,1,1,0,沟通能力,培养目标直接出现“沟通能力”,1.7953381214564925,1.7953381214564925,10,是
首都经济贸易大学,CUEB-2024-087,2024级,经济学院,贸易经济,贸易经济,JN0775,学习能力,学习能力,非技术性能力,表达沟通与通用办公协作,1.5,1,1,0,自主学习能力,毕业要求直接出现“自主学习能力”,1.7221347174331973,2.583202076149796,4,是
首都经济贸易大学,CUEB-2024-087,2024级,经济学院,贸易经济,贸易经济,JN0779,书面表达,书面表达,非技术性能力,表达沟通与通用办公协作,0.8,1,0,1,应用写作 / Practical Writing,写作课程,1.0649195460993157,0.8519356368794526,17,否
首都经济贸易大学,CUEB-2024-087,2024级,经济学院,贸易经济,贸易经济,JN0780,诚信与职业道德,诚信与职业道德,非技术性能力,金融风控、投资与合规,1.5,1,1,0,职业道德,毕业要求直接出现“职业道德”,1.0710357731167517,1.6065536596751275,12,否
首都经济贸易大学,CUEB-2024-087,2024级,经济学院,贸易经济,贸易经济,JN0787,领导力,领导力,非技术性能力,组织协调与商业执行,0.8,1,1,0,领导力,课程名称直接出现唯一技能别名“领导力”,2.4035858582299516,1.9228686865839615,7,是
首都经济贸易大学,CUEB-2024-088,2024级,经济学院,贸易经济（高水平运动队）,贸易经济（高水平运动队）,JN0025,英语,英语,语言能力,供应链与物流管理,3.3,2,2,0,英语,核心课程直接出现“英语”；课程名称直接出现唯一技能别名“英语”,1.0,3.3,2,是
首都经济贸易大学,CUEB-2024-088,2024级,经济学院,贸易经济（高水平运动队）,贸易经济（高水平运动队）,JN0029,Excel,Excel（办公软件与通用数字工具）,方法、标准与流程,表达沟通与通用办公协作,0.8,1,1,0,excel,课程名称直接出现唯一技能别名“excel”,2.1574527886910433,1.7259622309528346,11,是
首都经济贸易大学,CUEB-2024-088,2024级,经济学院,贸易经济（高水平运动队）,贸易经济（高水平运动队）,JN0032,商务谈判,商务谈判,方法、标准与流程,组织协调与商业执行,0.8,1,1,0,商务谈判,课程名称直接出现唯一技能别名“商务谈判”,2.6990500711237875,2.15924005689903,6,是
首都经济贸易大学,CUEB-2024-088,2024级,经济学院,贸易经济（高水平运动队）,贸易经济（高水平运动队）,JN0072,统计分析,统计分析,方法、标准与流程,人工智能与数据挖掘,1.6,2,0,2,计量经济学 Econometrics；统计学 Statistics,统计方法课程,1.1880522315029396,1.9008835704047033,8,是
首都经济贸易大学,CUEB-2024-088,2024级,经济学院,贸易经济（高水平运动队）,贸易经济（高水平运动队）,JN0074,国际贸易,国际贸易,方法、标准与流程,供应链与物流管理,3.3,2,2,0,国际贸易,核心课程直接出现“国际贸易”；课程名称直接出现唯一技能别名“国际贸易”,3.120263536200091,10.2968696694603,1,是
首都经济贸易大学,CUEB-2024-088,2024级,经济学院,贸易经济（高水平运动队）,贸易经济（高水平运动队）,JN0109,会计核算,会计核算,方法、标准与流程,财务会计与税务管理,0.8,1,0,1,会计学 Accounting,会计课程,1.2895886507223624,1.03167092057789,15,否
首都经济贸易大学,CUEB-2024-088,2024级,经济学院,贸易经济（高水平运动队）,贸易经济（高水平运动队）,JN0141,商务英语,商务英语,语言能力,供应链与物流管理,0.8,1,1,0,商务英语,课程名称直接出现唯一技能别名“商务英语”,3.2203469947570738,2.576277595805659,5,是
首都经济贸易大学,CUEB-2024-088,2024级,经济学院,贸易经济（高水平运动队）,贸易经济（高水平运动队）,JN0174,人工智能技术,人工智能技术,具体专业技能,人工智能与数据挖掘,0.8,1,1,0,人工智能,课程名称直接出现唯一技能别名“人工智能”,1.312755710003897,1.0502045680031176,14,否
首都经济贸易大学,CUEB-2024-088,2024级,经济学院,贸易经济（高水平运动队）,贸易经济（高水平运动队）,JN0250,跨文化沟通,跨文化沟通,语言能力,供应链与物流管理,1.0,1,1,0,跨文化沟通,培养目标直接出现“跨文化沟通”,2.730798769438368,2.730798769438368,3,是
首都经济贸易大学,CUEB-2024-088,2024级,经济学院,贸易经济（高水平运动队）,贸易经济（高水平运动队）,JN0397,数理统计,数理统计,工具软件与技术平台,人工智能与数据挖掘,0.8,1,1,0,数理统计,课程名称直接出现唯一技能别名“数理统计”,1.2019413436636068,0.9615530749308855,16,否
首都经济贸易大学,CUEB-2024-088,2024级,经济学院,贸易经济（高水平运动队）,贸易经济（高水平运动队）,JN0557,Excel高级应用,Excel高级应用（电子表格高级应用）,工具软件与技术平台,财务会计与税务管理,0.8,1,1,0,excel高级应用,课程名称直接出现唯一技能别名“excel高级应用”,2.2729656758128876,1.8183725406503102,9,是
首都经济贸易大学,CUEB-2024-088,2024级,经济学院,贸易经济（高水平运动队）,贸易经济（高水平运动队）,JN0647,论文写作,论文写作,方法、标准与流程,表达沟通与通用办公协作,0.8,1,0,1,学术写作与专业前沿 Academic Writing & / Research Frontier,学术写作课程,1.4734380916943703,1.1787504733554963,13,是
首都经济贸易大学,CUEB-2024-088,2024级,经济学院,贸易经济（高水平运动队）,贸易经济（高水平运动队）,JN0770,沟通能力,沟通能力,非技术性能力,组织协调与商业执行,1.0,1,1,0,沟通能力,培养目标直接出现“沟通能力”,1.7953381214564925,1.7953381214564925,10,是
首都经济贸易大学,CUEB-2024-088,2024级,经济学院,贸易经济（高水平运动队）,贸易经济（高水平运动队）,JN0775,学习能力,学习能力,非技术性能力,表达沟通与通用办公协作,1.5,1,1,0,自主学习能力,毕业要求直接出现“自主学习能力”,1.7221347174331973,2.583202076149796,4,是
首都经济贸易大学,CUEB-2024-088,2024级,经济学院,贸易经济（高水平运动队）,贸易经济（高水平运动队）,JN0779,书面表达,书面表达,非技术性能力,表达沟通与通用办公协作,0.8,1,0,1,应用写作 / Practical Writing,写作课程,1.0649195460993157,0.8519356368794526,17,否
首都经济贸易大学,CUEB-2024-088,2024级,经济学院,贸易经济（高水平运动队）,贸易经济（高水平运动队）,JN0780,诚信与职业道德,诚信与职业道德,非技术性能力,金融风控、投资与合规,1.5,1,1,0,职业道德,毕业要求直接出现“职业道德”,1.0710357731167517,1.6065536596751275,12,否
首都经济贸易大学,CUEB-2024-088,2024级,经济学院,贸易经济（高水平运动队）,贸易经济（高水平运动队）,JN0787,领导力,领导力,非技术性能力,组织协调与商业执行,0.8,1,1,0,领导力,课程名称直接出现唯一技能别名“领导力”,2.4035858582299516,1.9228686865839615,7,是
首都经济贸易大学,CUEB-2024-089,2024级,会计学院,会计学,会计学,JN0025,英语,英语,语言能力,供应链与物流管理,0.8,1,1,0,英语,课程名称直接出现唯一技能别名“英语”,1.0,0.8,25,否
首都经济贸易大学,CUEB-2024-089,2024级,会计学院,会计学,会计学,JN0041,Python,Python（编程语言）,工具软件与技术平台,云计算、系统运维与DevOps,0.8,1,1,0,python,课程名称直接出现唯一技能别名“python”,1.5108256237659907,1.2086604990127927,19,否
首都经济贸易大学,CUEB-2024-089,2024级,会计学院,会计学,会计学,JN0072,统计分析,统计分析,方法、标准与流程,人工智能与数据挖掘,0.8,1,0,1,统计学 / Statistics,统计方法课程,1.1880522315029396,0.9504417852023517,23,否
首都经济贸易大学,CUEB-2024-089,2024级,会计学院,会计学,会计学,JN0077,财务分析,财务分析,具体专业技能,财务会计与税务管理,0.8,1,1,0,财务分析,课程名称直接出现唯一技能别名“财务分析”,3.120263536200091,2.496210828960073,12,是
首都经济贸易大学,CUEB-2024-089,2024级,会计学院,会计学,会计学,JN0081,财务软件应用,财务软件应用,方法、标准与流程,财务会计与税务管理,1.6,2,0,2,会计信息系统 / Accounting Information System；RPA与智能会计 RPA & Intelligent Accounting,会计信息化课程,3.392197251683733,5.427515602693973,6,是
首都经济贸易大学,CUEB-2024-089,2024级,会计学院,会计学,会计学,JN0091,云计算,云计算,工具软件与技术平台,云计算、系统运维与DevOps,1.5,1,1,0,云计算,毕业要求直接出现“云计算”,3.120263536200091,4.680395304300136,9,是
首都经济贸易大学,CUEB-2024-089,2024级,会计学院,会计学,会计学,JN0109,会计核算,会计核算,方法、标准与流程,财务会计与税务管理,5.6000000000000005,7,0,7,会计学基础 / Fundamental Accounting；中级财务会计（上） / Intermediate Financial Accounting；中级财务会计（下） / Intermediate Financial Accounting；会计信息系统 / Accounting Information System；高级财务会计 / Advanced Financial Accounting；RPA与智能会计 RPA & Intelligent Accounting；现代会计学（英语） / Modern Accounting (English),会计课程；会计信息化课程,1.2895886507223624,7.2216964440452305,3,是
首都经济贸易大学,CUEB-2024-089,2024级,会计学院,会计学,会计学,JN0136,成本管理,成本管理,方法、标准与流程,财务会计与税务管理,3.3,2,2,0,成本管理,核心课程直接出现“成本管理”；课程名称直接出现唯一技能别名“成本管理”,2.9867321435755683,9.856216073799375,2,是
首都经济贸易大学,CUEB-2024-089,2024级,会计学院,会计学,会计学,JN0159,税务筹划,税务筹划,具体专业技能,财务会计与税务管理,0.8,1,0,1,税务会计与纳税筹划 / Tax Accounting and Tax Planning,税务筹划课程,3.392197251683733,2.7137578013469863,11,是
首都经济贸易大学,CUEB-2024-089,2024级,会计学院,会计学,会计学,JN0174,人工智能技术,人工智能技术,具体专业技能,人工智能与数据挖掘,0.8,1,1,0,人工智能,课程名称直接出现唯一技能别名“人工智能”,1.312755710003897,1.0502045680031176,21,否
首都经济贸易大学,CUEB-2024-089,2024级,会计学院,会计学,会计学,JN0251,BI,BI（数据库与数据工程）,工具软件与技术平台,大数据工程与数据仓库,3.3,2,2,0,商业智能,核心课程直接出现“商业智能”；课程名称直接出现唯一技能别名“商业智能”,3.392197251683733,11.194250930556318,1,是
首都经济贸易大学,CUEB-2024-089,2024级,会计学院,会计学,会计学,JN0254,市场营销知识,市场营销知识,方法、标准与流程,组织协调与商业执行,0.8,1,0,1,市场营销学 / Marketing,市场营销课程,2.4035858582299516,1.9228686865839615,16,否
首都经济贸易大学,CUEB-2024-089,2024级,会计学院,会计学,会计学,JN0256,授课,授课,方法、标准与流程,表达沟通与通用办公协作,1.0,1,1,0,课堂教学,培养特色直接出现“课堂教学”,2.4759065198095778,2.4759065198095778,13,是
首都经济贸易大学,CUEB-2024-089,2024级,会计学院,会计学,会计学,JN0258,法律法规知识,法律法规知识,方法、标准与流程,金融风控、投资与合规,0.8,1,0,1,商法学 / Science of Business Law,法规课程,2.139434283188365,1.711547426550692,17,否
首都经济贸易大学,CUEB-2024-089,2024级,会计学院,会计学,会计学,JN0397,数理统计,数理统计,工具软件与技术平台,人工智能与数据挖掘,0.8,1,1,0,数理统计,课程名称直接出现唯一技能别名“数理统计”,1.2019413436636068,0.9615530749308855,22,否
首都经济贸易大学,CUEB-2024-089,2024级,会计学院,会计学,会计学,JN0647,论文写作,论文写作,方法、标准与流程,表达沟通与通用办公协作,0.8,1,0,1,学术写作与专业前沿 Academic Writing and Professional Frontier,学术写作课程,1.4734380916943703,1.1787504733554963,20,否
首都经济贸易大学,CUEB-2024-089,2024级,会计学院,会计学,会计学,JN0690,风险管理,风险管理,专业知识与行业经验,金融风控、投资与合规,0.8,1,1,0,风险管理,课程名称直接出现唯一技能别名“风险管理”,1.916290731874155,1.533032585499324,18,否
首都经济贸易大学,CUEB-2024-089,2024级,会计学院,会计学,会计学,JN0691,财务管理,财务管理,专业知识与行业经验,财务会计与税务管理,3.3,2,2,0,财务管理,核心课程直接出现“财务管理”；课程名称直接出现唯一技能别名“财务管理”,1.664976303593249,5.4944218018577216,5,是
首都经济贸易大学,CUEB-2024-089,2024级,会计学院,会计学,会计学,JN0710,财税法规,财税法规,专业知识与行业经验,财务会计与税务管理,0.8,1,0,1,税法 / Tax Law,税法课程,3.0292917579943643,2.4234334063954917,14,否
首都经济贸易大学,CUEB-2024-089,2024级,会计学院,会计学,会计学,JN0771,团队合作,团队合作,非技术性能力,表达沟通与通用办公协作,1.5,1,1,0,团队协作,毕业要求直接出现“团队协作”,1.4111957828171493,2.116793674225724,15,否
首都经济贸易大学,CUEB-2024-089,2024级,会计学院,会计学,会计学,JN0779,书面表达,书面表达,非技术性能力,表达沟通与通用办公协作,0.8,1,0,1,应用写作 / Practical Writing,写作课程,1.0649195460993157,0.8519356368794526,24,否
首都经济贸易大学,CUEB-2024-089,2024级,会计学院,会计学,会计学,JN0780,诚信与职业道德,诚信与职业道德,非技术性能力,金融风控、投资与合规,4.8,3,3,0,职业道德,毕业要求直接出现“职业道德”；核心课程直接出现“职业道德”；课程名称直接出现唯一技能别名“职业道德”,1.0710357731167517,5.140971710960408,8,是
首都经济贸易大学,CUEB-2024-089,2024级,会计学院,会计学,会计学,JN0781,问题解决,问题解决,非技术性能力,表达沟通与通用办公协作,2.5,2,2,0,解决问题,毕业要求直接出现“解决问题”；培养特色直接出现“解决问题”,2.314638372213455,5.786595930533638,4,是
首都经济贸易大学,CUEB-2024-089,2024级,会计学院,会计学,会计学,JN0785,分析判断,分析判断,非技术性能力,组织协调与商业执行,2.5,2,2,0,分析能力；判断能力,培养目标直接出现“分析能力”；毕业要求直接出现“判断能力”,2.121734706088964,5.304336765222411,7,是
首都经济贸易大学,CUEB-2024-089,2024级,会计学院,会计学,会计学,JN0790,创新能力,创新能力,非技术性能力,视觉设计与数字内容制作,3.5,3,3,0,创新意识；创新能力,培养目标直接出现“创新意识”；毕业要求直接出现“创新意识”；培养特色直接出现“创新能力”,1.2895886507223624,4.513560277528269,10,否
首都经济贸易大学,CUEB-2024-090,2024级,会计学院,会计学（国际会计-acca）,会计学（国际会计-acca）,JN0025,英语,英语,语言能力,供应链与物流管理,4.8,3,3,0,英语,毕业要求直接出现“英语”；核心课程直接出现“英语”；课程名称直接出现唯一技能别名“英语”,1.0,4.8,5,是
首都经济贸易大学,CUEB-2024-090,2024级,会计学院,会计学（国际会计-acca）,会计学（国际会计-acca）,JN0041,Python,Python（编程语言）,工具软件与技术平台,云计算、系统运维与DevOps,0.8,1,1,0,python,课程名称直接出现唯一技能别名“python”,1.5108256237659907,1.2086604990127927,18,否
首都经济贸易大学,CUEB-2024-090,2024级,会计学院,会计学（国际会计-acca）,会计学（国际会计-acca）,JN0072,统计分析,统计分析,方法、标准与流程,人工智能与数据挖掘,0.8,1,0,1,统计学 / Statistics,统计方法课程,1.1880522315029396,0.9504417852023517,22,否
首都经济贸易大学,CUEB-2024-090,2024级,会计学院,会计学（国际会计-acca）,会计学（国际会计-acca）,JN0081,财务软件应用,财务软件应用,方法、标准与流程,财务会计与税务管理,1.6,2,0,2,会计信息系统（双语） / Accounting Information System（Bilingual）；RPA与智能会计 RPA & Intelligent Accounting,会计信息化课程,3.392197251683733,5.427515602693973,3,是
首都经济贸易大学,CUEB-2024-090,2024级,会计学院,会计学（国际会计-acca）,会计学（国际会计-acca）,JN0091,云计算,云计算,工具软件与技术平台,云计算、系统运维与DevOps,1.5,1,1,0,云计算,毕业要求直接出现“云计算”,3.120263536200091,4.680395304300136,6,是
首都经济贸易大学,CUEB-2024-090,2024级,会计学院,会计学（国际会计-acca）,会计学（国际会计-acca）,JN0109,会计核算,会计核算,方法、标准与流程,财务会计与税务管理,3.2,4,0,4,会计信息系统（双语） / Accounting Information System（Bilingual）；财务会计（双语）Financial Accounting INT (Bilingual)；中国财务会计实务 Chinese Financial Accounting Practice；RPA与智能会计 RPA & Intelligent Accounting,会计信息化课程；会计课程,1.2895886507223624,4.12668368231156,8,是
首都经济贸易大学,CUEB-2024-090,2024级,会计学院,会计学（国际会计-acca）,会计学（国际会计-acca）,JN0159,税务筹划,税务筹划,具体专业技能,财务会计与税务管理,0.8,1,0,1,税务会计与纳税筹划 / Tax Accounting and Tax Planning,税务筹划课程,3.392197251683733,2.7137578013469863,12,是
首都经济贸易大学,CUEB-2024-090,2024级,会计学院,会计学（国际会计-acca）,会计学（国际会计-acca）,JN0174,人工智能技术,人工智能技术,具体专业技能,人工智能与数据挖掘,0.8,1,1,0,人工智能,课程名称直接出现唯一技能别名“人工智能”,1.312755710003897,1.0502045680031176,20,否
首都经济贸易大学,CUEB-2024-090,2024级,会计学院,会计学（国际会计-acca）,会计学（国际会计-acca）,JN0251,BI,BI（数据库与数据工程）,工具软件与技术平台,大数据工程与数据仓库,0.8,1,1,0,商业智能,课程名称直接出现唯一技能别名“商业智能”,3.392197251683733,2.7137578013469863,13,是
首都经济贸易大学,CUEB-2024-090,2024级,会计学院,会计学（国际会计-acca）,会计学（国际会计-acca）,JN0254,市场营销知识,市场营销知识,方法、标准与流程,组织协调与商业执行,0.8,1,0,1,市场营销学 / Marketing,市场营销课程,2.4035858582299516,1.9228686865839615,17,否
首都经济贸易大学,CUEB-2024-090,2024级,会计学院,会计学（国际会计-acca）,会计学（国际会计-acca）,JN0258,法律法规知识,法律法规知识,方法、标准与流程,金融风控、投资与合规,1.6,2,0,2,商法学 / Science of Business Law；公司法与商法（英语）Corporate and Business Law UK（English）,法规课程,2.139434283188365,3.423094853101384,10,是
首都经济贸易大学,CUEB-2024-090,2024级,会计学院,会计学（国际会计-acca）,会计学（国际会计-acca）,JN0397,数理统计,数理统计,工具软件与技术平台,人工智能与数据挖掘,0.8,1,1,0,数理统计,课程名称直接出现唯一技能别名“数理统计”,1.2019413436636068,0.9615530749308855,21,否
首都经济贸易大学,CUEB-2024-090,2024级,会计学院,会计学（国际会计-acca）,会计学（国际会计-acca）,JN0647,论文写作,论文写作,方法、标准与流程,表达沟通与通用办公协作,0.8,1,0,1,学术写作与专业前沿 Academic Writing and Professional Frontier,学术写作课程,1.4734380916943703,1.1787504733554963,19,否
首都经济贸易大学,CUEB-2024-090,2024级,会计学院,会计学（国际会计-acca）,会计学（国际会计-acca）,JN0691,财务管理,财务管理,专业知识与行业经验,财务会计与税务管理,3.3,2,2,0,财务管理,核心课程直接出现“财务管理”；课程名称直接出现唯一技能别名“财务管理”,1.664976303593249,5.4944218018577216,2,是
首都经济贸易大学,CUEB-2024-090,2024级,会计学院,会计学（国际会计-acca）,会计学（国际会计-acca）,JN0701,会计准则,会计准则,专业知识与行业经验,财务会计与税务管理,2.5,2,2,0,会计准则,培养目标直接出现“会计准则”；毕业要求直接出现“会计准则”,4.218875824868201,10.547189562170502,1,是
首都经济贸易大学,CUEB-2024-090,2024级,会计学院,会计学（国际会计-acca）,会计学（国际会计-acca）,JN0710,财税法规,财税法规,专业知识与行业经验,财务会计与税务管理,0.8,1,0,1,税法 / Tax Law,税法课程,3.0292917579943643,2.4234334063954917,15,否
首都经济贸易大学,CUEB-2024-090,2024级,会计学院,会计学（国际会计-acca）,会计学（国际会计-acca）,JN0762,ACCA,ACCA（财会金融证书）,证书与资质,财务会计与税务管理,1.0,1,1,0,ACCA,培养特色直接出现“ACCA”,4.555348061489413,4.555348061489413,7,否
首都经济贸易大学,CUEB-2024-090,2024级,会计学院,会计学（国际会计-acca）,会计学（国际会计-acca）,JN0771,团队合作,团队合作,非技术性能力,表达沟通与通用办公协作,1.5,1,1,0,团队协作,毕业要求直接出现“团队协作”,1.4111957828171493,2.116793674225724,16,否
首都经济贸易大学,CUEB-2024-090,2024级,会计学院,会计学（国际会计-acca）,会计学（国际会计-acca）,JN0779,书面表达,书面表达,非技术性能力,表达沟通与通用办公协作,0.8,1,0,1,应用写作 / Practical Writing,写作课程,1.0649195460993157,0.8519356368794526,23,否
首都经济贸易大学,CUEB-2024-090,2024级,会计学院,会计学（国际会计-acca）,会计学（国际会计-acca）,JN0780,诚信与职业道德,诚信与职业道德,非技术性能力,金融风控、投资与合规,4.8,3,3,0,职业道德,毕业要求直接出现“职业道德”；核心课程直接出现“职业道德”；课程名称直接出现唯一技能别名“职业道德”,1.0710357731167517,5.140971710960408,4,是
首都经济贸易大学,CUEB-2024-090,2024级,会计学院,会计学（国际会计-acca）,会计学（国际会计-acca）,JN0781,问题解决,问题解决,非技术性能力,表达沟通与通用办公协作,1.5,1,1,0,解决问题,毕业要求直接出现“解决问题”,2.314638372213455,3.4719575583201827,9,是
首都经济贸易大学,CUEB-2024-090,2024级,会计学院,会计学（国际会计-acca）,会计学（国际会计-acca）,JN0785,分析判断,分析判断,非技术性能力,组织协调与商业执行,1.5,1,1,0,判断能力,毕业要求直接出现“判断能力”,2.121734706088964,3.1826020591334463,11,是
首都经济贸易大学,CUEB-2024-090,2024级,会计学院,会计学（国际会计-acca）,会计学（国际会计-acca）,JN0798,适应能力,适应能力,非技术性能力,组织协调与商业执行,1.0,1,1,0,适应能力,培养目标直接出现“适应能力”,2.5271998141971284,2.5271998141971284,14,否
首都经济贸易大学,CUEB-2024-091,2024级,会计学院,会计学（数智化国际会计）,会计学（数智化国际会计）,JN0025,英语,英语,语言能力,供应链与物流管理,2.3,2,2,0,英语,毕业要求直接出现“英语”；课程名称直接出现唯一技能别名“英语”,1.0,2.3,14,否
首都经济贸易大学,CUEB-2024-091,2024级,会计学院,会计学（数智化国际会计）,会计学（数智化国际会计）,JN0041,Python,Python（编程语言）,工具软件与技术平台,云计算、系统运维与DevOps,0.8,1,1,0,python,课程名称直接出现唯一技能别名“python”,1.5108256237659907,1.2086604990127927,20,否
首都经济贸易大学,CUEB-2024-091,2024级,会计学院,会计学（数智化国际会计）,会计学（数智化国际会计）,JN0072,统计分析,统计分析,方法、标准与流程,人工智能与数据挖掘,0.8,1,0,1,统计学 / Statistics,统计方法课程,1.1880522315029396,0.9504417852023517,23,否
首都经济贸易大学,CUEB-2024-091,2024级,会计学院,会计学（数智化国际会计）,会计学（数智化国际会计）,JN0077,财务分析,财务分析,具体专业技能,财务会计与税务管理,0.8,1,1,0,财务分析,课程名称直接出现唯一技能别名“财务分析”,3.120263536200091,2.496210828960073,9,是
首都经济贸易大学,CUEB-2024-091,2024级,会计学院,会计学（数智化国际会计）,会计学（数智化国际会计）,JN0081,财务软件应用,财务软件应用,方法、标准与流程,财务会计与税务管理,1.6,2,0,2,会计信息系统 / Accounting Information System；RPA与智能会计 RPA & Intelligent Accounting,会计信息化课程,3.392197251683733,5.427515602693973,4,是
首都经济贸易大学,CUEB-2024-091,2024级,会计学院,会计学（数智化国际会计）,会计学（数智化国际会计）,JN0091,云计算,云计算,工具软件与技术平台,云计算、系统运维与DevOps,2.5,2,2,0,云计算,毕业要求直接出现“云计算”；培养特色直接出现“云计算”,3.120263536200091,7.800658840500228,2,是
首都经济贸易大学,CUEB-2024-091,2024级,会计学院,会计学（数智化国际会计）,会计学（数智化国际会计）,JN0109,会计核算,会计核算,方法、标准与流程,财务会计与税务管理,5.6000000000000005,7,0,7,会计学基础 / Fundamental Accounting；中级财务会计(上) / Intermediate Financial Accounting；中级财务会计（下） / Intermediate Financial Accounting；会计信息系统 / Accounting Information System；RPA与智能会计 RPA & Intelligent Accounting；高级财务会计 / Advanced Financial Accounting；现代会计学（英语） / Modern Accounting (English),会计课程；会计信息化课程,1.2895886507223624,7.2216964440452305,3,是
首都经济贸易大学,CUEB-2024-091,2024级,会计学院,会计学（数智化国际会计）,会计学（数智化国际会计）,JN0136,成本管理,成本管理,方法、标准与流程,财务会计与税务管理,0.8,1,1,0,成本管理,课程名称直接出现唯一技能别名“成本管理”,2.9867321435755683,2.3893857148604547,12,是
首都经济贸易大学,CUEB-2024-091,2024级,会计学院,会计学（数智化国际会计）,会计学（数智化国际会计）,JN0159,税务筹划,税务筹划,具体专业技能,财务会计与税务管理,0.8,1,0,1,税务会计与纳税筹划 / Tax Accounting and Tax Planning,税务筹划课程,3.392197251683733,2.7137578013469863,8,是
首都经济贸易大学,CUEB-2024-091,2024级,会计学院,会计学（数智化国际会计）,会计学（数智化国际会计）,JN0174,人工智能技术,人工智能技术,具体专业技能,人工智能与数据挖掘,1.8,2,2,0,人工智能,培养特色直接出现“人工智能”；课程名称直接出现唯一技能别名“人工智能”,1.312755710003897,2.3629602780070145,13,否
首都经济贸易大学,CUEB-2024-091,2024级,会计学院,会计学（数智化国际会计）,会计学（数智化国际会计）,JN0251,BI,BI（数据库与数据工程）,工具软件与技术平台,大数据工程与数据仓库,3.3,2,2,0,商业智能,核心课程直接出现“商业智能”；课程名称直接出现唯一技能别名“商业智能”,3.392197251683733,11.194250930556318,1,是
首都经济贸易大学,CUEB-2024-091,2024级,会计学院,会计学（数智化国际会计）,会计学（数智化国际会计）,JN0254,市场营销知识,市场营销知识,方法、标准与流程,组织协调与商业执行,0.8,1,0,1,市场营销学 / Marketing,市场营销课程,2.4035858582299516,1.9228686865839615,16,否
首都经济贸易大学,CUEB-2024-091,2024级,会计学院,会计学（数智化国际会计）,会计学（数智化国际会计）,JN0258,法律法规知识,法律法规知识,方法、标准与流程,金融风控、投资与合规,0.8,1,0,1,商法学 / Science of Business Law,法规课程,2.139434283188365,1.711547426550692,17,否
首都经济贸易大学,CUEB-2024-091,2024级,会计学院,会计学（数智化国际会计）,会计学（数智化国际会计）,JN0397,数理统计,数理统计,工具软件与技术平台,人工智能与数据挖掘,0.8,1,1,0,数理统计,课程名称直接出现唯一技能别名“数理统计”,1.2019413436636068,0.9615530749308855,22,否
首都经济贸易大学,CUEB-2024-091,2024级,会计学院,会计学（数智化国际会计）,会计学（数智化国际会计）,JN0647,论文写作,论文写作,方法、标准与流程,表达沟通与通用办公协作,0.8,1,0,1,学术写作与专业前沿 Academic Writing and Professional Frontier,学术写作课程,1.4734380916943703,1.1787504733554963,21,否
首都经济贸易大学,CUEB-2024-091,2024级,会计学院,会计学（数智化国际会计）,会计学（数智化国际会计）,JN0690,风险管理,风险管理,专业知识与行业经验,金融风控、投资与合规,0.8,1,1,0,风险管理,课程名称直接出现唯一技能别名“风险管理”,1.916290731874155,1.533032585499324,18,否
首都经济贸易大学,CUEB-2024-091,2024级,会计学院,会计学（数智化国际会计）,会计学（数智化国际会计）,JN0691,财务管理,财务管理,专业知识与行业经验,财务会计与税务管理,0.8,1,1,0,财务管理,课程名称直接出现唯一技能别名“财务管理”,1.664976303593249,1.3319810428745993,19,否
首都经济贸易大学,CUEB-2024-091,2024级,会计学院,会计学（数智化国际会计）,会计学（数智化国际会计）,JN0710,财税法规,财税法规,专业知识与行业经验,财务会计与税务管理,0.8,1,0,1,税法 / Tax Law,税法课程,3.0292917579943643,2.4234334063954917,11,是
首都经济贸易大学,CUEB-2024-091,2024级,会计学院,会计学（数智化国际会计）,会计学（数智化国际会计）,JN0730,公司治理,公司治理,专业知识与行业经验,金融风控、投资与合规,0.8,1,1,0,公司治理,课程名称直接出现唯一技能别名“公司治理”,3.120263536200091,2.496210828960073,10,是
首都经济贸易大学,CUEB-2024-091,2024级,会计学院,会计学（数智化国际会计）,会计学（数智化国际会计）,JN0771,团队合作,团队合作,非技术性能力,表达沟通与通用办公协作,1.5,1,1,0,团队协作,毕业要求直接出现“团队协作”,1.4111957828171493,2.116793674225724,15,否
首都经济贸易大学,CUEB-2024-091,2024级,会计学院,会计学（数智化国际会计）,会计学（数智化国际会计）,JN0779,书面表达,书面表达,非技术性能力,表达沟通与通用办公协作,0.8,1,0,1,应用写作 / Practical Writing,写作课程,1.0649195460993157,0.8519356368794526,24,否
首都经济贸易大学,CUEB-2024-091,2024级,会计学院,会计学（数智化国际会计）,会计学（数智化国际会计）,JN0780,诚信与职业道德,诚信与职业道德,非技术性能力,金融风控、投资与合规,4.8,3,3,0,职业道德,毕业要求直接出现“职业道德”；核心课程直接出现“职业道德”；课程名称直接出现唯一技能别名“职业道德”,1.0710357731167517,5.140971710960408,5,是
首都经济贸易大学,CUEB-2024-091,2024级,会计学院,会计学（数智化国际会计）,会计学（数智化国际会计）,JN0781,问题解决,问题解决,非技术性能力,表达沟通与通用办公协作,1.5,1,1,0,解决问题,毕业要求直接出现“解决问题”,2.314638372213455,3.4719575583201827,6,是
首都经济贸易大学,CUEB-2024-091,2024级,会计学院,会计学（数智化国际会计）,会计学（数智化国际会计）,JN0785,分析判断,分析判断,非技术性能力,组织协调与商业执行,1.5,1,1,0,判断能力,毕业要求直接出现“判断能力”,2.121734706088964,3.1826020591334463,7,是
首都经济贸易大学,CUEB-2024-092,2024级,会计学院,会计学（注册会计师专门化）,会计学（注册会计师专门化）,JN0025,英语,英语,语言能力,供应链与物流管理,0.8,1,1,0,英语,课程名称直接出现唯一技能别名“英语”,1.0,0.8,29,否
首都经济贸易大学,CUEB-2024-092,2024级,会计学院,会计学（注册会计师专门化）,会计学（注册会计师专门化）,JN0041,Python,Python（编程语言）,工具软件与技术平台,云计算、系统运维与DevOps,0.8,1,1,0,python,课程名称直接出现唯一技能别名“python”,1.5108256237659907,1.2086604990127927,25,否
首都经济贸易大学,CUEB-2024-092,2024级,会计学院,会计学（注册会计师专门化）,会计学（注册会计师专门化）,JN0072,统计分析,统计分析,方法、标准与流程,人工智能与数据挖掘,1.6,2,0,2,统计学 / Statistics；计量经济学Econometrics,统计方法课程,1.1880522315029396,1.9008835704047033,23,否
首都经济贸易大学,CUEB-2024-092,2024级,会计学院,会计学（注册会计师专门化）,会计学（注册会计师专门化）,JN0077,财务分析,财务分析,具体专业技能,财务会计与税务管理,0.8,1,1,0,财务分析,课程名称直接出现唯一技能别名“财务分析”,3.120263536200091,2.496210828960073,16,否
首都经济贸易大学,CUEB-2024-092,2024级,会计学院,会计学（注册会计师专门化）,会计学（注册会计师专门化）,JN0081,财务软件应用,财务软件应用,方法、标准与流程,财务会计与税务管理,1.6,2,0,2,会计信息系统 / Accounting Information System；RPA与智能会计 RPA & Intelligent Accounting,会计信息化课程,3.392197251683733,5.427515602693973,6,是
首都经济贸易大学,CUEB-2024-092,2024级,会计学院,会计学（注册会计师专门化）,会计学（注册会计师专门化）,JN0091,云计算,云计算,工具软件与技术平台,云计算、系统运维与DevOps,1.5,1,1,0,云计算,毕业要求直接出现“云计算”,3.120263536200091,4.680395304300136,9,是
首都经济贸易大学,CUEB-2024-092,2024级,会计学院,会计学（注册会计师专门化）,会计学（注册会计师专门化）,JN0109,会计核算,会计核算,方法、标准与流程,财务会计与税务管理,5.6000000000000005,7,0,7,会计学基础 / Fundamental Accounting；中级财务会计(上) / Intermediate Financial Accounting；中级财务会计（下） / Intermediate Financial Accounting；会计信息系统 / Accounting Information System；高级财务会计 / Advanced Financial Accounting；现代会计学（英语） / Modern Accounting (English)；RPA与智能会计 RPA & Intelligent Accounting,会计课程；会计信息化课程,1.2895886507223624,7.2216964440452305,3,是
首都经济贸易大学,CUEB-2024-092,2024级,会计学院,会计学（注册会计师专门化）,会计学（注册会计师专门化）,JN0136,成本管理,成本管理,方法、标准与流程,财务会计与税务管理,3.3,2,2,0,成本管理,核心课程直接出现“成本管理”；课程名称直接出现唯一技能别名“成本管理”,2.9867321435755683,9.856216073799375,2,是
首都经济贸易大学,CUEB-2024-092,2024级,会计学院,会计学（注册会计师专门化）,会计学（注册会计师专门化）,JN0159,税务筹划,税务筹划,具体专业技能,财务会计与税务管理,0.8,1,0,1,税务会计与纳税筹划 / Tax Accounting and Tax Planning,税务筹划课程,3.392197251683733,2.7137578013469863,13,是
首都经济贸易大学,CUEB-2024-092,2024级,会计学院,会计学（注册会计师专门化）,会计学（注册会计师专门化）,JN0174,人工智能技术,人工智能技术,具体专业技能,人工智能与数据挖掘,1.8,2,2,0,人工智能,培养目标直接出现“人工智能”；课程名称直接出现唯一技能别名“人工智能”,1.312755710003897,2.3629602780070145,19,否
首都经济贸易大学,CUEB-2024-092,2024级,会计学院,会计学（注册会计师专门化）,会计学（注册会计师专门化）,JN0211,数据结构与算法,数据结构与算法,方法、标准与流程,网络通信与软件开发基础,0.8,1,0,1,数据结构 Data Structure,数据结构课程,2.79749014393704,2.237992115149632,20,否
首都经济贸易大学,CUEB-2024-092,2024级,会计学院,会计学（注册会计师专门化）,会计学（注册会计师专门化）,JN0251,BI,BI（数据库与数据工程）,工具软件与技术平台,大数据工程与数据仓库,0.8,1,1,0,商业智能,课程名称直接出现唯一技能别名“商业智能”,3.392197251683733,2.7137578013469863,14,是
首都经济贸易大学,CUEB-2024-092,2024级,会计学院,会计学（注册会计师专门化）,会计学（注册会计师专门化）,JN0256,授课,授课,方法、标准与流程,表达沟通与通用办公协作,1.0,1,1,0,课堂教学,培养特色直接出现“课堂教学”,2.4759065198095778,2.4759065198095778,17,否
首都经济贸易大学,CUEB-2024-092,2024级,会计学院,会计学（注册会计师专门化）,会计学（注册会计师专门化）,JN0258,法律法规知识,法律法规知识,方法、标准与流程,金融风控、投资与合规,0.8,1,0,1,商法学 / Science of Business Law,法规课程,2.139434283188365,1.711547426550692,24,否
首都经济贸易大学,CUEB-2024-092,2024级,会计学院,会计学（注册会计师专门化）,会计学（注册会计师专门化）,JN0397,数理统计,数理统计,工具软件与技术平台,人工智能与数据挖掘,0.8,1,1,0,数理统计,课程名称直接出现唯一技能别名“数理统计”,1.2019413436636068,0.9615530749308855,27,否
首都经济贸易大学,CUEB-2024-092,2024级,会计学院,会计学（注册会计师专门化）,会计学（注册会计师专门化）,JN0647,论文写作,论文写作,方法、标准与流程,表达沟通与通用办公协作,0.8,1,0,1,学术写作与专业前沿 Academic Writing and Professional Frontier,学术写作课程,1.4734380916943703,1.1787504733554963,26,否
首都经济贸易大学,CUEB-2024-092,2024级,会计学院,会计学（注册会计师专门化）,会计学（注册会计师专门化）,JN0690,风险管理,风险管理,专业知识与行业经验,金融风控、投资与合规,3.3,2,2,0,风险管理,核心课程直接出现“风险管理”；课程名称直接出现唯一技能别名“风险管理”,1.916290731874155,6.323759415184711,5,是
首都经济贸易大学,CUEB-2024-092,2024级,会计学院,会计学（注册会计师专门化）,会计学（注册会计师专门化）,JN0691,财务管理,财务管理,专业知识与行业经验,财务会计与税务管理,4.3,3,3,0,财务管理,培养目标直接出现“财务管理”；核心课程直接出现“财务管理”；课程名称直接出现唯一技能别名“财务管理”,1.664976303593249,7.15939810545097,4,是
首都经济贸易大学,CUEB-2024-092,2024级,会计学院,会计学（注册会计师专门化）,会计学（注册会计师专门化）,JN0700,内部控制,内部控制,专业知识与行业经验,财务会计与税务管理,3.3,2,2,0,内部控制,核心课程直接出现“内部控制”；课程名称直接出现唯一技能别名“内部控制”,4.778491612803624,15.769022322251958,1,是
首都经济贸易大学,CUEB-2024-092,2024级,会计学院,会计学（注册会计师专门化）,会计学（注册会计师专门化）,JN0710,财税法规,财税法规,专业知识与行业经验,财务会计与税务管理,0.8,1,0,1,税法 / Tax Law,税法课程,3.0292917579943643,2.4234334063954917,18,否
首都经济贸易大学,CUEB-2024-092,2024级,会计学院,会计学（注册会计师专门化）,会计学（注册会计师专门化）,JN0743,CPA,注册会计师资格（CPA）,证书与资质,财务会计与税务管理,1.0,1,1,0,注册会计师,培养特色直接出现“注册会计师”,4.218875824868201,4.218875824868201,10,否
首都经济贸易大学,CUEB-2024-092,2024级,会计学院,会计学（注册会计师专门化）,会计学（注册会计师专门化）,JN0770,沟通能力,沟通能力,非技术性能力,组织协调与商业执行,1.5,1,1,0,沟通能力,毕业要求直接出现“沟通能力”,1.7953381214564925,2.693007182184739,15,否
首都经济贸易大学,CUEB-2024-092,2024级,会计学院,会计学（注册会计师专门化）,会计学（注册会计师专门化）,JN0771,团队合作,团队合作,非技术性能力,表达沟通与通用办公协作,1.5,1,1,0,协作能力,毕业要求直接出现“协作能力”,1.4111957828171493,2.116793674225724,21,否
首都经济贸易大学,CUEB-2024-092,2024级,会计学院,会计学（注册会计师专门化）,会计学（注册会计师专门化）,JN0779,书面表达,书面表达,非技术性能力,表达沟通与通用办公协作,0.8,1,0,1,应用写作 / Practical Writing,写作课程,1.0649195460993157,0.8519356368794526,28,否
首都经济贸易大学,CUEB-2024-092,2024级,会计学院,会计学（注册会计师专门化）,会计学（注册会计师专门化）,JN0780,诚信与职业道德,诚信与职业道德,非技术性能力,金融风控、投资与合规,4.8,3,3,0,职业道德,毕业要求直接出现“职业道德”；核心课程直接出现“职业道德”；课程名称直接出现唯一技能别名“职业道德”,1.0710357731167517,5.140971710960408,8,是
首都经济贸易大学,CUEB-2024-092,2024级,会计学院,会计学（注册会计师专门化）,会计学（注册会计师专门化）,JN0781,问题解决,问题解决,非技术性能力,表达沟通与通用办公协作,1.5,1,1,0,解决问题,毕业要求直接出现“解决问题”,2.314638372213455,3.4719575583201827,12,否
首都经济贸易大学,CUEB-2024-092,2024级,会计学院,会计学（注册会计师专门化）,会计学（注册会计师专门化）,JN0785,分析判断,分析判断,非技术性能力,组织协调与商业执行,2.5,2,2,0,判断能力,培养目标直接出现“判断能力”；毕业要求直接出现“判断能力”,2.121734706088964,5.304336765222411,7,是
首都经济贸易大学,CUEB-2024-092,2024级,会计学院,会计学（注册会计师专门化）,会计学（注册会计师专门化）,JN0790,创新能力,创新能力,非技术性能力,视觉设计与数字内容制作,1.5,1,1,0,创新能力,毕业要求直接出现“创新能力”,1.2895886507223624,1.9343829760835436,22,否
首都经济贸易大学,CUEB-2024-092,2024级,会计学院,会计学（注册会计师专门化）,会计学（注册会计师专门化）,JN0795,实践动手能力,实践动手能力,非技术性能力,嵌入式与电子硬件开发,1.0,1,1,0,动手能力,培养特色直接出现“动手能力”,4.218875824868201,4.218875824868201,11,是
首都经济贸易大学,CUEB-2024-093,2024级,会计学院,财务管理,财务管理,JN0025,英语,英语,语言能力,供应链与物流管理,0.8,1,1,0,英语,课程名称直接出现唯一技能别名“英语”,1.0,0.8,25,否
首都经济贸易大学,CUEB-2024-093,2024级,会计学院,财务管理,财务管理,JN0041,Python,Python（编程语言）,工具软件与技术平台,云计算、系统运维与DevOps,0.8,1,1,0,python,课程名称直接出现唯一技能别名“python”,1.5108256237659907,1.2086604990127927,21,否
首都经济贸易大学,CUEB-2024-093,2024级,会计学院,财务管理,财务管理,JN0077,财务分析,财务分析,具体专业技能,财务会计与税务管理,3.3,2,2,0,财务分析,核心课程直接出现“财务分析”；课程名称直接出现唯一技能别名“财务分析”,3.120263536200091,10.2968696694603,2,是
首都经济贸易大学,CUEB-2024-093,2024级,会计学院,财务管理,财务管理,JN0081,财务软件应用,财务软件应用,方法、标准与流程,财务会计与税务管理,1.6,2,0,2,会计信息系统 / Accounting Information System；RPA与智能会计 RPA & Intelligent Accounting,会计信息化课程,3.392197251683733,5.427515602693973,5,是
首都经济贸易大学,CUEB-2024-093,2024级,会计学院,财务管理,财务管理,JN0109,会计核算,会计核算,方法、标准与流程,财务会计与税务管理,5.6000000000000005,7,0,7,会计学基础 / Fundamental Accounting；中级财务会计（上） / Intermediate Financial Accounting；中级财务会计（下） / Intermediate Financial Accounting；会计信息系统 / Accounting Information System；现代会计学（英语）Mordern Accounting (English Teaching)；高级财务会计 Advanced Financial Accounting；RPA与智能会计 RPA & Intelligent Accounting,会计课程；会计信息化课程,1.2895886507223624,7.2216964440452305,4,是
首都经济贸易大学,CUEB-2024-093,2024级,会计学院,财务管理,财务管理,JN0136,成本管理,成本管理,方法、标准与流程,财务会计与税务管理,3.3,2,2,0,成本管理,核心课程直接出现“成本管理”；课程名称直接出现唯一技能别名“成本管理”,2.9867321435755683,9.856216073799375,3,是
首都经济贸易大学,CUEB-2024-093,2024级,会计学院,财务管理,财务管理,JN0159,税务筹划,税务筹划,具体专业技能,财务会计与税务管理,0.8,1,0,1,税务会计与纳税筹划 Tax Accounting &Tax Planning,税务筹划课程,3.392197251683733,2.7137578013469863,9,是
首都经济贸易大学,CUEB-2024-093,2024级,会计学院,财务管理,财务管理,JN0174,人工智能技术,人工智能技术,具体专业技能,人工智能与数据挖掘,1.8,2,2,0,人工智能技术；人工智能,培养特色直接出现“人工智能技术”；课程名称直接出现唯一技能别名“人工智能”,1.312755710003897,2.3629602780070145,15,否
首都经济贸易大学,CUEB-2024-093,2024级,会计学院,财务管理,财务管理,JN0254,市场营销知识,市场营销知识,方法、标准与流程,组织协调与商业执行,0.8,1,0,1,市场营销学 Marketing,市场营销课程,2.4035858582299516,1.9228686865839615,18,否
首都经济贸易大学,CUEB-2024-093,2024级,会计学院,财务管理,财务管理,JN0256,授课,授课,方法、标准与流程,表达沟通与通用办公协作,1.0,1,1,0,课堂教学,培养特色直接出现“课堂教学”,2.4759065198095778,2.4759065198095778,13,是
首都经济贸易大学,CUEB-2024-093,2024级,会计学院,财务管理,财务管理,JN0258,法律法规知识,法律法规知识,方法、标准与流程,金融风控、投资与合规,0.8,1,0,1,商法学 / Science of Business Law,法规课程,2.139434283188365,1.711547426550692,19,否
首都经济贸易大学,CUEB-2024-093,2024级,会计学院,财务管理,财务管理,JN0397,数理统计,数理统计,工具软件与技术平台,人工智能与数据挖掘,0.8,1,1,0,数理统计,课程名称直接出现唯一技能别名“数理统计”,1.2019413436636068,0.9615530749308855,23,否
首都经济贸易大学,CUEB-2024-093,2024级,会计学院,财务管理,财务管理,JN0647,论文写作,论文写作,方法、标准与流程,表达沟通与通用办公协作,0.8,1,0,1,学术写作与专业前沿 Academic Writing and Professional Frontier,学术写作课程,1.4734380916943703,1.1787504733554963,22,否
首都经济贸易大学,CUEB-2024-093,2024级,会计学院,财务管理,财务管理,JN0690,风险管理,风险管理,专业知识与行业经验,金融风控、投资与合规,0.8,1,1,0,风险管理,课程名称直接出现唯一技能别名“风险管理”,1.916290731874155,1.533032585499324,20,否
首都经济贸易大学,CUEB-2024-093,2024级,会计学院,财务管理,财务管理,JN0691,财务管理,财务管理,专业知识与行业经验,财务会计与税务管理,6.8,5,5,0,财务管理；财务管理知识,培养目标直接出现“财务管理”；毕业要求直接出现“财务管理”；核心课程直接出现“财务管理”；培养特色直接出现“财务管理知识”；课程名称直接出现唯一技能别名“财务管理”,1.664976303593249,11.321838864434094,1,是
首都经济贸易大学,CUEB-2024-093,2024级,会计学院,财务管理,财务管理,JN0710,财税法规,财税法规,专业知识与行业经验,财务会计与税务管理,0.8,1,0,1,税法 Tax Law,税法课程,3.0292917579943643,2.4234334063954917,14,是
首都经济贸易大学,CUEB-2024-093,2024级,会计学院,财务管理,财务管理,JN0730,公司治理,公司治理,专业知识与行业经验,金融风控、投资与合规,0.8,1,1,0,公司治理,课程名称直接出现唯一技能别名“公司治理”,3.120263536200091,2.496210828960073,12,是
首都经济贸易大学,CUEB-2024-093,2024级,会计学院,财务管理,财务管理,JN0771,团队合作,团队合作,非技术性能力,表达沟通与通用办公协作,1.5,1,1,0,协作意识,毕业要求直接出现“协作意识”,1.4111957828171493,2.116793674225724,17,否
首都经济贸易大学,CUEB-2024-093,2024级,会计学院,财务管理,财务管理,JN0779,书面表达,书面表达,非技术性能力,表达沟通与通用办公协作,0.8,1,0,1,应用写作 Practical Writing,写作课程,1.0649195460993157,0.8519356368794526,24,否
首都经济贸易大学,CUEB-2024-093,2024级,会计学院,财务管理,财务管理,JN0780,诚信与职业道德,诚信与职业道德,非技术性能力,金融风控、投资与合规,4.8,3,3,0,职业道德,毕业要求直接出现“职业道德”；核心课程直接出现“职业道德”；课程名称直接出现唯一技能别名“职业道德”,1.0710357731167517,5.140971710960408,6,是
首都经济贸易大学,CUEB-2024-093,2024级,会计学院,财务管理,财务管理,JN0781,问题解决,问题解决,非技术性能力,表达沟通与通用办公协作,1.5,1,1,0,解决问题,毕业要求直接出现“解决问题”,2.314638372213455,3.4719575583201827,7,是
首都经济贸易大学,CUEB-2024-093,2024级,会计学院,财务管理,财务管理,JN0785,分析判断,分析判断,非技术性能力,组织协调与商业执行,1.0,1,1,0,分析能力,培养目标直接出现“分析能力”,2.121734706088964,2.121734706088964,16,否
首都经济贸易大学,CUEB-2024-093,2024级,会计学院,财务管理,财务管理,JN0788,口头表达,口头表达,非技术性能力,表达沟通与通用办公协作,1.5,1,1,0,口头表达,毕业要求直接出现“口头表达”,1.9021060968821986,2.853159145323298,8,是
首都经济贸易大学,CUEB-2024-093,2024级,会计学院,财务管理,财务管理,JN0790,创新能力,创新能力,非技术性能力,视觉设计与数字内容制作,2.0,2,2,0,创新意识；创新能力,培养目标直接出现“创新意识”；培养特色直接出现“创新能力”,1.2895886507223624,2.579177301444725,10,否
首都经济贸易大学,CUEB-2024-093,2024级,会计学院,财务管理,财务管理,JN0798,适应能力,适应能力,非技术性能力,组织协调与商业执行,1.0,1,1,0,适应能力,培养目标直接出现“适应能力”,2.5271998141971284,2.5271998141971284,11,否
首都经济贸易大学,CUEB-2024-094,2024级,劳动经济学院,人力资源管理,人力资源管理,JN0025,英语,英语,语言能力,供应链与物流管理,0.8,1,1,0,英语,课程名称直接出现唯一技能别名“英语”,1.0,0.8,26,否
首都经济贸易大学,CUEB-2024-094,2024级,劳动经济学院,人力资源管理,人力资源管理,JN0026,数据分析,数据分析,工具软件与技术平台,人工智能与数据挖掘,2.3,2,2,0,数据分析,毕业要求直接出现“数据分析”；课程名称直接出现唯一技能别名“数据分析”,1.5798184952529422,3.633582539081767,12,是
首都经济贸易大学,CUEB-2024-094,2024级,劳动经济学院,人力资源管理,人力资源管理,JN0029,Excel,Excel（办公软件与通用数字工具）,方法、标准与流程,表达沟通与通用办公协作,2.3,2,2,0,Excel；excel,毕业要求直接出现“Excel”；课程名称直接出现唯一技能别名“excel”,2.1574527886910433,4.962141413989399,7,是
首都经济贸易大学,CUEB-2024-094,2024级,劳动经济学院,人力资源管理,人力资源管理,JN0061,薪酬绩效,薪酬绩效,方法、标准与流程,人力资源与行政管理,0.8,1,0,1,薪酬管理Compensation Management,薪酬课程,4.373026504695459,3.4984212037563673,15,是
首都经济贸易大学,CUEB-2024-094,2024级,劳动经济学院,人力资源管理,人力资源管理,JN0063,招聘,招聘,方法、标准与流程,人力资源与行政管理,4.8,3,3,0,招聘,毕业要求直接出现“招聘”；核心课程直接出现“招聘”；课程名称直接出现唯一技能别名“招聘”,3.456735772821304,16.592331709542258,2,是
首都经济贸易大学,CUEB-2024-094,2024级,劳动经济学院,人力资源管理,人力资源管理,JN0072,统计分析,统计分析,方法、标准与流程,人工智能与数据挖掘,0.8,1,0,1,统计学 Statistics,统计方法课程,1.1880522315029396,0.9504417852023517,25,否
首都经济贸易大学,CUEB-2024-094,2024级,劳动经济学院,人力资源管理,人力资源管理,JN0087,员工关系,员工关系,方法、标准与流程,人力资源与行政管理,0.8,1,1,0,劳动关系,课程名称直接出现唯一技能别名“劳动关系”,3.2744142160273495,2.61953137282188,20,否
首都经济贸易大学,CUEB-2024-094,2024级,劳动经济学院,人力资源管理,人力资源管理,JN0109,会计核算,会计核算,方法、标准与流程,财务会计与税务管理,0.8,1,0,1,会计学Accounting,会计课程,1.2895886507223624,1.03167092057789,23,否
首都经济贸易大学,CUEB-2024-094,2024级,劳动经济学院,人力资源管理,人力资源管理,JN0131,绩效管理,绩效管理,方法、标准与流程,人力资源与行政管理,4.8,3,3,0,绩效管理,毕业要求直接出现“绩效管理”；核心课程直接出现“绩效管理”；课程名称直接出现唯一技能别名“绩效管理”,3.8622008809294686,18.53856422846145,1,是
首都经济贸易大学,CUEB-2024-094,2024级,劳动经济学院,人力资源管理,人力资源管理,JN0174,人工智能技术,人工智能技术,具体专业技能,人工智能与数据挖掘,0.8,1,1,0,人工智能,课程名称直接出现唯一技能别名“人工智能”,1.312755710003897,1.0502045680031176,22,否
首都经济贸易大学,CUEB-2024-094,2024级,劳动经济学院,人力资源管理,人力资源管理,JN0214,品牌策划,品牌策划,方法、标准与流程,视觉设计与数字内容制作,0.8,1,1,0,品牌管理,课程名称直接出现唯一技能别名“品牌管理”,3.5257286443082556,2.8205829154466047,18,否
首都经济贸易大学,CUEB-2024-094,2024级,劳动经济学院,人力资源管理,人力资源管理,JN0256,授课,授课,方法、标准与流程,表达沟通与通用办公协作,1.5,1,1,0,课堂教学,毕业要求直接出现“课堂教学”,2.4759065198095778,3.7138597797143666,11,是
首都经济贸易大学,CUEB-2024-094,2024级,劳动经济学院,人力资源管理,人力资源管理,JN0373,人力资源管理流程,人力资源管理流程,方法、标准与流程,人力资源与行政管理,3.2,4,0,4,人力资源管理导论Introduction of Human Resource Management；公共部门人力资源管理 Public Sector Human Resource Management；人力资源管理沙盘演练HRM Sand Table Simulation；人力资源管理学科前沿The Frontier of Human Resources Management,人力资源课程,2.194494060371392,7.022380993188455,4,是
首都经济贸易大学,CUEB-2024-094,2024级,劳动经济学院,人力资源管理,人力资源管理,JN0397,数理统计,数理统计,工具软件与技术平台,人工智能与数据挖掘,0.8,1,1,0,数理统计,课程名称直接出现唯一技能别名“数理统计”,1.2019413436636068,0.9615530749308855,24,否
首都经济贸易大学,CUEB-2024-094,2024级,劳动经济学院,人力资源管理,人力资源管理,JN0557,Excel高级应用,Excel高级应用（电子表格高级应用）,工具软件与技术平台,财务会计与税务管理,2.3,2,2,0,Excel高级应用；excel高级应用,毕业要求直接出现“Excel高级应用”；课程名称直接出现唯一技能别名“excel高级应用”,2.2729656758128876,5.227821054369641,6,是
首都经济贸易大学,CUEB-2024-094,2024级,劳动经济学院,人力资源管理,人力资源管理,JN0695,劳动法,劳动法,专业知识与行业经验,人力资源与行政管理,4.8,3,3,0,劳动法,毕业要求直接出现“劳动法”；核心课程直接出现“劳动法”；课程名称直接出现唯一技能别名“劳动法”,3.2744142160273495,15.717188236931277,3,是
首都经济贸易大学,CUEB-2024-094,2024级,劳动经济学院,人力资源管理,人力资源管理,JN0770,沟通能力,沟通能力,非技术性能力,组织协调与商业执行,1.0,1,1,0,沟通能力,培养目标直接出现“沟通能力”,1.7953381214564925,1.7953381214564925,21,否
首都经济贸易大学,CUEB-2024-094,2024级,劳动经济学院,人力资源管理,人力资源管理,JN0771,团队合作,团队合作,非技术性能力,表达沟通与通用办公协作,2.5,2,2,0,团队合作；协作意识,培养目标直接出现“团队合作”；毕业要求直接出现“协作意识”,1.4111957828171493,3.527989457042873,13,否
首都经济贸易大学,CUEB-2024-094,2024级,劳动经济学院,人力资源管理,人力资源管理,JN0774,表达能力,表达能力,非技术性能力,表达沟通与通用办公协作,2.5,2,2,0,表达能力,培养目标直接出现“表达能力”；毕业要求直接出现“表达能力”,1.7703368192510753,4.425842048127688,9,是
首都经济贸易大学,CUEB-2024-094,2024级,劳动经济学院,人力资源管理,人力资源管理,JN0775,学习能力,学习能力,非技术性能力,表达沟通与通用办公协作,2.5,2,2,0,学习能力,培养目标直接出现“学习能力”；毕业要求直接出现“学习能力”,1.7221347174331973,4.305336793582994,10,否
首都经济贸易大学,CUEB-2024-094,2024级,劳动经济学院,人力资源管理,人力资源管理,JN0779,书面表达,书面表达,非技术性能力,表达沟通与通用办公协作,3.3,3,2,1,文字表达能力；应用写作 / Practical Writing,培养目标直接出现“文字表达能力”；毕业要求直接出现“文字表达能力”；写作课程,1.0649195460993157,3.5142345021277417,14,否
首都经济贸易大学,CUEB-2024-094,2024级,劳动经济学院,人力资源管理,人力资源管理,JN0780,诚信与职业道德,诚信与职业道德,非技术性能力,金融风控、投资与合规,2.5,2,2,0,职业道德,培养目标直接出现“职业道德”；毕业要求直接出现“职业道德”,1.0710357731167517,2.677589432791879,19,否
首都经济贸易大学,CUEB-2024-094,2024级,劳动经济学院,人力资源管理,人力资源管理,JN0788,口头表达,口头表达,非技术性能力,表达沟通与通用办公协作,2.5,2,2,0,口头表达,培养目标直接出现“口头表达”；毕业要求直接出现“口头表达”,1.9021060968821986,4.755265242205496,8,是
首都经济贸易大学,CUEB-2024-094,2024级,劳动经济学院,人力资源管理,人力资源管理,JN0793,人际交往,人际交往,非技术性能力,组织协调与商业执行,1.0,1,1,0,人际沟通能力,培养目标直接出现“人际沟通能力”,3.456735772821304,3.456735772821304,16,否
首都经济贸易大学,CUEB-2024-094,2024级,劳动经济学院,人力资源管理,人力资源管理,JN0798,适应能力,适应能力,非技术性能力,组织协调与商业执行,2.5,2,2,0,适应能力,培养目标直接出现“适应能力”；毕业要求直接出现“适应能力”,2.5271998141971284,6.317999535492821,5,是
首都经济贸易大学,CUEB-2024-094,2024级,劳动经济学院,人力资源管理,人力资源管理,JN0820,团队建设,团队建设,非技术性能力,组织协调与商业执行,0.8,1,1,0,团队建设,课程名称直接出现唯一技能别名“团队建设”,3.9675613965872945,3.1740491172698357,17,否
首都经济贸易大学,CUEB-2024-095,2024级,劳动经济学院,人力资源管理（实验班）,人力资源管理（实验班）,JN0024,Office办公软件,Office办公软件（办公套件）,工具软件与技术平台,表达沟通与通用办公协作,2.5,2,2,0,办公软件,培养目标直接出现“办公软件”；毕业要求直接出现“办公软件”,2.037651588878423,5.0941289721960565,12,是
首都经济贸易大学,CUEB-2024-095,2024级,劳动经济学院,人力资源管理（实验班）,人力资源管理（实验班）,JN0025,英语,英语,语言能力,供应链与物流管理,0.8,1,1,0,英语,课程名称直接出现唯一技能别名“英语”,1.0,0.8,33,否
首都经济贸易大学,CUEB-2024-095,2024级,劳动经济学院,人力资源管理（实验班）,人力资源管理（实验班）,JN0026,数据分析,数据分析,工具软件与技术平台,人工智能与数据挖掘,6.6,5,4,1,数据分析；数据科学导论 / Introduction to Data Science,培养目标直接出现“数据分析”；毕业要求直接出现“数据分析”；核心课程直接出现“数据分析”；数据分析课程；课程名称直接出现唯一技能别名“数据分析”,1.5798184952529422,10.426802068669417,4,是
首都经济贸易大学,CUEB-2024-095,2024级,劳动经济学院,人力资源管理（实验班）,人力资源管理（实验班）,JN0029,Excel,Excel（办公软件与通用数字工具）,方法、标准与流程,表达沟通与通用办公协作,3.3,3,3,0,Excel；excel,培养目标直接出现“Excel”；毕业要求直接出现“Excel”；课程名称直接出现唯一技能别名“excel”,2.1574527886910433,7.119594202680442,7,是
首都经济贸易大学,CUEB-2024-095,2024级,劳动经济学院,人力资源管理（实验班）,人力资源管理（实验班）,JN0041,Python,Python（编程语言）,工具软件与技术平台,云计算、系统运维与DevOps,5.8,4,4,0,Python；python,培养目标直接出现“Python”；毕业要求直接出现“Python”；核心课程直接出现“Python”；课程名称直接出现唯一技能别名“python”,1.5108256237659907,8.762788617842746,5,是
首都经济贸易大学,CUEB-2024-095,2024级,劳动经济学院,人力资源管理（实验班）,人力资源管理（实验班）,JN0061,薪酬绩效,薪酬绩效,方法、标准与流程,人力资源与行政管理,0.8,1,0,1,薪酬管理Compensation Management,薪酬课程,4.373026504695459,3.4984212037563673,20,否
首都经济贸易大学,CUEB-2024-095,2024级,劳动经济学院,人力资源管理（实验班）,人力资源管理（实验班）,JN0063,招聘,招聘,方法、标准与流程,人力资源与行政管理,5.8,4,4,0,招聘,培养目标直接出现“招聘”；毕业要求直接出现“招聘”；核心课程直接出现“招聘”；课程名称直接出现唯一技能别名“招聘”,3.456735772821304,20.04906748236356,2,是
首都经济贸易大学,CUEB-2024-095,2024级,劳动经济学院,人力资源管理（实验班）,人力资源管理（实验班）,JN0072,统计分析,统计分析,方法、标准与流程,人工智能与数据挖掘,0.8,1,0,1,统计学 Statistics,统计方法课程,1.1880522315029396,0.9504417852023517,32,否
首都经济贸易大学,CUEB-2024-095,2024级,劳动经济学院,人力资源管理（实验班）,人力资源管理（实验班）,JN0109,会计核算,会计核算,方法、标准与流程,财务会计与税务管理,0.8,1,0,1,会计学Accounting,会计课程,1.2895886507223624,1.03167092057789,30,否
首都经济贸易大学,CUEB-2024-095,2024级,劳动经济学院,人力资源管理（实验班）,人力资源管理（实验班）,JN0131,绩效管理,绩效管理,方法、标准与流程,人力资源与行政管理,5.8,4,4,0,绩效管理,培养目标直接出现“绩效管理”；毕业要求直接出现“绩效管理”；核心课程直接出现“绩效管理”；课程名称直接出现唯一技能别名“绩效管理”,3.8622008809294686,22.400765109390917,1,是
首都经济贸易大学,CUEB-2024-095,2024级,劳动经济学院,人力资源管理（实验班）,人力资源管理（实验班）,JN0143,机器学习,机器学习,方法、标准与流程,人工智能与数据挖掘,0.8,1,1,0,机器学习,课程名称直接出现唯一技能别名“机器学习”,2.3361445774344194,1.8689156619475356,28,否
首都经济贸易大学,CUEB-2024-095,2024级,劳动经济学院,人力资源管理（实验班）,人力资源管理（实验班）,JN0174,人工智能技术,人工智能技术,具体专业技能,人工智能与数据挖掘,3.3,3,3,0,人工智能,培养目标直接出现“人工智能”；毕业要求直接出现“人工智能”；课程名称直接出现唯一技能别名“人工智能”,1.312755710003897,4.33209384301286,17,否
首都经济贸易大学,CUEB-2024-095,2024级,劳动经济学院,人力资源管理（实验班）,人力资源管理（实验班）,JN0214,品牌策划,品牌策划,方法、标准与流程,视觉设计与数字内容制作,0.8,1,1,0,品牌管理,课程名称直接出现唯一技能别名“品牌管理”,3.5257286443082556,2.8205829154466047,23,否
首都经济贸易大学,CUEB-2024-095,2024级,劳动经济学院,人力资源管理（实验班）,人力资源管理（实验班）,JN0256,授课,授课,方法、标准与流程,表达沟通与通用办公协作,2.5,2,2,0,课堂教学,培养目标直接出现“课堂教学”；毕业要求直接出现“课堂教学”,2.4759065198095778,6.189766299523944,10,是
首都经济贸易大学,CUEB-2024-095,2024级,劳动经济学院,人力资源管理（实验班）,人力资源管理（实验班）,JN0373,人力资源管理流程,人力资源管理流程,方法、标准与流程,人力资源与行政管理,3.2,4,0,4,人力资源管理导论Introduction of Human Resource Management；人力资源管理沙盘演练HRM Sand Table Simulation；公共部门人力资源管理 Public Sector Human Resource Management；人力资源管理学科前沿The Frontier of Human Resources Management,人力资源课程,2.194494060371392,7.022380993188455,8,是
首都经济贸易大学,CUEB-2024-095,2024级,劳动经济学院,人力资源管理（实验班）,人力资源管理（实验班）,JN0397,数理统计,数理统计,工具软件与技术平台,人工智能与数据挖掘,0.8,1,1,0,数理统计,课程名称直接出现唯一技能别名“数理统计”,1.2019413436636068,0.9615530749308855,31,否
首都经济贸易大学,CUEB-2024-095,2024级,劳动经济学院,人力资源管理（实验班）,人力资源管理（实验班）,JN0557,Excel高级应用,Excel高级应用（电子表格高级应用）,工具软件与技术平台,财务会计与税务管理,3.3,3,3,0,Excel高级应用；excel高级应用,培养目标直接出现“Excel高级应用”；毕业要求直接出现“Excel高级应用”；课程名称直接出现唯一技能别名“excel高级应用”,2.2729656758128876,7.500786730182528,6,是
首都经济贸易大学,CUEB-2024-095,2024级,劳动经济学院,人力资源管理（实验班）,人力资源管理（实验班）,JN0695,劳动法,劳动法,专业知识与行业经验,人力资源与行政管理,5.8,4,4,0,劳动法,培养目标直接出现“劳动法”；毕业要求直接出现“劳动法”；核心课程直接出现“劳动法”；课程名称直接出现唯一技能别名“劳动法”,3.2744142160273495,18.991602452958627,3,是
首都经济贸易大学,CUEB-2024-095,2024级,劳动经济学院,人力资源管理（实验班）,人力资源管理（实验班）,JN0730,公司治理,公司治理,专业知识与行业经验,金融风控、投资与合规,0.8,1,1,0,公司治理,课程名称直接出现唯一技能别名“公司治理”,3.120263536200091,2.496210828960073,27,否
首都经济贸易大学,CUEB-2024-095,2024级,劳动经济学院,人力资源管理（实验班）,人力资源管理（实验班）,JN0770,沟通能力,沟通能力,非技术性能力,组织协调与商业执行,2.5,2,2,0,沟通能力,培养目标直接出现“沟通能力”；毕业要求直接出现“沟通能力”,1.7953381214564925,4.488345303641231,15,否
首都经济贸易大学,CUEB-2024-095,2024级,劳动经济学院,人力资源管理（实验班）,人力资源管理（实验班）,JN0771,团队合作,团队合作,非技术性能力,表达沟通与通用办公协作,1.0,1,1,0,团队合作,培养目标直接出现“团队合作”,1.4111957828171493,1.4111957828171493,29,否
首都经济贸易大学,CUEB-2024-095,2024级,劳动经济学院,人力资源管理（实验班）,人力资源管理（实验班）,JN0774,表达能力,表达能力,非技术性能力,表达沟通与通用办公协作,2.5,2,2,0,表达能力,培养目标直接出现“表达能力”；毕业要求直接出现“表达能力”,1.7703368192510753,4.425842048127688,16,否
首都经济贸易大学,CUEB-2024-095,2024级,劳动经济学院,人力资源管理（实验班）,人力资源管理（实验班）,JN0775,学习能力,学习能力,非技术性能力,表达沟通与通用办公协作,2.5,2,2,0,学习能力,培养目标直接出现“学习能力”；毕业要求直接出现“学习能力”,1.7221347174331973,4.305336793582994,18,否
首都经济贸易大学,CUEB-2024-095,2024级,劳动经济学院,人力资源管理（实验班）,人力资源管理（实验班）,JN0779,书面表达,书面表达,非技术性能力,表达沟通与通用办公协作,3.3,3,2,1,文字表达能力；应用写作 / Practical Writing,培养目标直接出现“文字表达能力”；毕业要求直接出现“文字表达能力”；写作课程,1.0649195460993157,3.5142345021277417,19,否
首都经济贸易大学,CUEB-2024-095,2024级,劳动经济学院,人力资源管理（实验班）,人力资源管理（实验班）,JN0780,诚信与职业道德,诚信与职业道德,非技术性能力,金融风控、投资与合规,2.5,2,2,0,职业道德,培养目标直接出现“职业道德”；毕业要求直接出现“职业道德”,1.0710357731167517,2.677589432791879,25,否
首都经济贸易大学,CUEB-2024-095,2024级,劳动经济学院,人力资源管理（实验班）,人力资源管理（实验班）,JN0786,管理能力,管理能力,非技术性能力,组织协调与商业执行,1.0,1,1,0,管理能力,培养目标直接出现“管理能力”,2.730798769438368,2.730798769438368,24,否
首都经济贸易大学,CUEB-2024-095,2024级,劳动经济学院,人力资源管理（实验班）,人力资源管理（实验班）,JN0787,领导力,领导力,非技术性能力,组织协调与商业执行,2.5,2,2,0,领导力,培养目标直接出现“领导力”；毕业要求直接出现“领导力”,2.4035858582299516,6.0089646455748795,11,是
首都经济贸易大学,CUEB-2024-095,2024级,劳动经济学院,人力资源管理（实验班）,人力资源管理（实验班）,JN0788,口头表达,口头表达,非技术性能力,表达沟通与通用办公协作,2.5,2,2,0,口头表达,培养目标直接出现“口头表达”；毕业要求直接出现“口头表达”,1.9021060968821986,4.755265242205496,13,否
首都经济贸易大学,CUEB-2024-095,2024级,劳动经济学院,人力资源管理（实验班）,人力资源管理（实验班）,JN0790,创新能力,创新能力,非技术性能力,视觉设计与数字内容制作,3.5,3,3,0,创新能力,培养目标直接出现“创新能力”；毕业要求直接出现“创新能力”；培养特色直接出现“创新能力”,1.2895886507223624,4.513560277528269,14,否
首都经济贸易大学,CUEB-2024-095,2024级,劳动经济学院,人力资源管理（实验班）,人力资源管理（实验班）,JN0793,人际交往,人际交往,非技术性能力,组织协调与商业执行,1.0,1,1,0,人际沟通能力,培养目标直接出现“人际沟通能力”,3.456735772821304,3.456735772821304,21,否
首都经济贸易大学,CUEB-2024-095,2024级,劳动经济学院,人力资源管理（实验班）,人力资源管理（实验班）,JN0798,适应能力,适应能力,非技术性能力,组织协调与商业执行,2.5,2,2,0,适应能力,培养目标直接出现“适应能力”；毕业要求直接出现“适应能力”,2.5271998141971284,6.317999535492821,9,是
首都经济贸易大学,CUEB-2024-095,2024级,劳动经济学院,人力资源管理（实验班）,人力资源管理（实验班）,JN0820,团队建设,团队建设,非技术性能力,组织协调与商业执行,0.8,1,1,0,团队建设,课程名称直接出现唯一技能别名“团队建设”,3.9675613965872945,3.1740491172698357,22,否
首都经济贸易大学,CUEB-2024-095,2024级,劳动经济学院,人力资源管理（实验班）,人力资源管理（实验班）,JN0830,批判性思维,批判性思维,非技术性能力,表达沟通与通用办公协作,1.0,1,1,0,批判性思维,培养目标直接出现“批判性思维”,2.638425449307353,2.638425449307353,26,否
首都经济贸易大学,CUEB-2024-096,2024级,劳动经济学院,劳动与社会保障,劳动与社会保障,JN0025,英语,英语,语言能力,供应链与物流管理,0.8,1,1,0,英语,课程名称直接出现唯一技能别名“英语”,1.0,0.8,21,否
首都经济贸易大学,CUEB-2024-096,2024级,劳动经济学院,劳动与社会保障,劳动与社会保障,JN0026,数据分析,数据分析,工具软件与技术平台,人工智能与数据挖掘,0.8,1,1,0,数据分析,课程名称直接出现唯一技能别名“数据分析”,1.5798184952529422,1.2638547962023539,15,是
首都经济贸易大学,CUEB-2024-096,2024级,劳动经济学院,劳动与社会保障,劳动与社会保障,JN0029,Excel,Excel（办公软件与通用数字工具）,方法、标准与流程,表达沟通与通用办公协作,0.8,1,1,0,excel,课程名称直接出现唯一技能别名“excel”,2.1574527886910433,1.7259622309528346,12,是
首都经济贸易大学,CUEB-2024-096,2024级,劳动经济学院,劳动与社会保障,劳动与社会保障,JN0063,招聘,招聘,方法、标准与流程,人力资源与行政管理,0.8,1,1,0,招聘,课程名称直接出现唯一技能别名“招聘”,3.456735772821304,2.7653886182570435,8,是
首都经济贸易大学,CUEB-2024-096,2024级,劳动经济学院,劳动与社会保障,劳动与社会保障,JN0072,统计分析,统计分析,方法、标准与流程,人工智能与数据挖掘,0.8,1,0,1,统计学 Statistics,统计方法课程,1.1880522315029396,0.9504417852023517,19,否
首都经济贸易大学,CUEB-2024-096,2024级,劳动经济学院,劳动与社会保障,劳动与社会保障,JN0087,员工关系,员工关系,方法、标准与流程,人力资源与行政管理,3.3,2,2,0,劳动关系,核心课程直接出现“劳动关系”；课程名称直接出现唯一技能别名“劳动关系”,3.2744142160273495,10.805566912890253,2,是
首都经济贸易大学,CUEB-2024-096,2024级,劳动经济学院,劳动与社会保障,劳动与社会保障,JN0109,会计核算,会计核算,方法、标准与流程,财务会计与税务管理,0.8,1,0,1,会计学Accounting,会计课程,1.2895886507223624,1.03167092057789,17,否
首都经济贸易大学,CUEB-2024-096,2024级,劳动经济学院,劳动与社会保障,劳动与社会保障,JN0174,人工智能技术,人工智能技术,具体专业技能,人工智能与数据挖掘,0.8,1,1,0,人工智能,课程名称直接出现唯一技能别名“人工智能”,1.312755710003897,1.0502045680031176,16,否
首都经济贸易大学,CUEB-2024-096,2024级,劳动经济学院,劳动与社会保障,劳动与社会保障,JN0373,人力资源管理流程,人力资源管理流程,方法、标准与流程,人力资源与行政管理,1.6,2,0,2,人力资源管理导论Introduction of Human Resource Management；公共部门人力资源管理（双语） Human Resources Management in the public sector,人力资源课程,2.194494060371392,3.5111904965942276,6,是
首都经济贸易大学,CUEB-2024-096,2024级,劳动经济学院,劳动与社会保障,劳动与社会保障,JN0397,数理统计,数理统计,工具软件与技术平台,人工智能与数据挖掘,0.8,1,1,0,数理统计,课程名称直接出现唯一技能别名“数理统计”,1.2019413436636068,0.9615530749308855,18,否
首都经济贸易大学,CUEB-2024-096,2024级,劳动经济学院,劳动与社会保障,劳动与社会保障,JN0448,Outlook,Outlook（办公软件与通用数字工具）,方法、标准与流程,医药研发与药事管理,0.8,1,1,0,outlook,课程名称直接出现唯一技能别名“outlook”,5.0661736852554045,4.052938948204324,5,是
首都经济贸易大学,CUEB-2024-096,2024级,劳动经济学院,劳动与社会保障,劳动与社会保障,JN0557,Excel高级应用,Excel高级应用（电子表格高级应用）,工具软件与技术平台,财务会计与税务管理,0.8,1,1,0,excel高级应用,课程名称直接出现唯一技能别名“excel高级应用”,2.2729656758128876,1.8183725406503102,11,是
首都经济贸易大学,CUEB-2024-096,2024级,劳动经济学院,劳动与社会保障,劳动与社会保障,JN0690,风险管理,风险管理,专业知识与行业经验,金融风控、投资与合规,0.8,1,1,0,风险管理,课程名称直接出现唯一技能别名“风险管理”,1.916290731874155,1.533032585499324,14,是
首都经济贸易大学,CUEB-2024-096,2024级,劳动经济学院,劳动与社会保障,劳动与社会保障,JN0695,劳动法,劳动法,专业知识与行业经验,人力资源与行政管理,4.8,3,3,0,劳动法,毕业要求直接出现“劳动法”；核心课程直接出现“劳动法”；课程名称直接出现唯一技能别名“劳动法”,3.2744142160273495,15.717188236931277,1,是
首都经济贸易大学,CUEB-2024-096,2024级,劳动经济学院,劳动与社会保障,劳动与社会保障,JN0770,沟通能力,沟通能力,非技术性能力,组织协调与商业执行,1.5,1,1,0,沟通协调,毕业要求直接出现“沟通协调”,1.7953381214564925,2.693007182184739,9,否
首都经济贸易大学,CUEB-2024-096,2024级,劳动经济学院,劳动与社会保障,劳动与社会保障,JN0773,组织协调,组织协调,非技术性能力,组织协调与商业执行,1.5,1,1,0,协调能力,毕业要求直接出现“协调能力”,2.83258146374831,4.248872195622465,4,是
首都经济贸易大学,CUEB-2024-096,2024级,劳动经济学院,劳动与社会保障,劳动与社会保障,JN0779,书面表达,书面表达,非技术性能力,表达沟通与通用办公协作,0.8,1,0,1,应用写作 / Practical Writing,写作课程,1.0649195460993157,0.8519356368794526,20,否
首都经济贸易大学,CUEB-2024-096,2024级,劳动经济学院,劳动与社会保障,劳动与社会保障,JN0780,诚信与职业道德,诚信与职业道德,非技术性能力,金融风控、投资与合规,1.5,1,1,0,职业道德,毕业要求直接出现“职业道德”,1.0710357731167517,1.6065536596751275,13,否
首都经济贸易大学,CUEB-2024-096,2024级,劳动经济学院,劳动与社会保障,劳动与社会保障,JN0781,问题解决,问题解决,非技术性能力,表达沟通与通用办公协作,1.5,1,1,0,解决问题,毕业要求直接出现“解决问题”,2.314638372213455,3.4719575583201827,7,是
首都经济贸易大学,CUEB-2024-096,2024级,劳动经济学院,劳动与社会保障,劳动与社会保障,JN0790,创新能力,创新能力,非技术性能力,视觉设计与数字内容制作,1.5,1,1,0,创新能力,毕业要求直接出现“创新能力”,1.2895886507223624,1.9343829760835436,10,否
首都经济贸易大学,CUEB-2024-096,2024级,劳动经济学院,劳动与社会保障,劳动与社会保障,JN0794,团队意识,团队意识,非技术性能力,视觉设计与数字内容制作,1.5,1,1,0,集体意识,毕业要求直接出现“集体意识”,4.373026504695459,6.559539757043188,3,是
首都经济贸易大学,CUEB-2024-097,2024级,劳动经济学院,劳动关系,劳动关系,JN0024,Office办公软件,Office办公软件（办公套件）,工具软件与技术平台,表达沟通与通用办公协作,1.5,1,1,0,办公软件,毕业要求直接出现“办公软件”,2.037651588878423,3.056477383317634,6,是
首都经济贸易大学,CUEB-2024-097,2024级,劳动经济学院,劳动关系,劳动关系,JN0025,英语,英语,语言能力,供应链与物流管理,0.8,1,1,0,英语,课程名称直接出现唯一技能别名“英语”,1.0,0.8,18,否
首都经济贸易大学,CUEB-2024-097,2024级,劳动经济学院,劳动关系,劳动关系,JN0026,数据分析,数据分析,工具软件与技术平台,人工智能与数据挖掘,0.8,1,1,0,数据分析,课程名称直接出现唯一技能别名“数据分析”,1.5798184952529422,1.2638547962023539,12,是
首都经济贸易大学,CUEB-2024-097,2024级,劳动经济学院,劳动关系,劳动关系,JN0029,Excel,Excel（办公软件与通用数字工具）,方法、标准与流程,表达沟通与通用办公协作,0.8,1,1,0,excel,课程名称直接出现唯一技能别名“excel”,2.1574527886910433,1.7259622309528346,10,是
首都经济贸易大学,CUEB-2024-097,2024级,劳动经济学院,劳动关系,劳动关系,JN0072,统计分析,统计分析,方法、标准与流程,人工智能与数据挖掘,0.8,1,0,1,统计学 Statistics,统计方法课程,1.1880522315029396,0.9504417852023517,16,否
首都经济贸易大学,CUEB-2024-097,2024级,劳动经济学院,劳动关系,劳动关系,JN0087,员工关系,员工关系,方法、标准与流程,人力资源与行政管理,7.6,6,6,0,劳动关系；员工关系,培养目标直接出现“劳动关系”；毕业要求直接出现“劳动关系”；核心课程直接出现“员工关系”；培养特色直接出现“劳动关系”；课程名称直接出现唯一技能别名“劳动关系”；课程名称直接出现唯一技能别名“员工关系”,3.2744142160273495,24.885548041807855,1,是
首都经济贸易大学,CUEB-2024-097,2024级,劳动经济学院,劳动关系,劳动关系,JN0109,会计核算,会计核算,方法、标准与流程,财务会计与税务管理,0.8,1,0,1,会计学Accounting,会计课程,1.2895886507223624,1.03167092057789,14,否
首都经济贸易大学,CUEB-2024-097,2024级,劳动经济学院,劳动关系,劳动关系,JN0113,合同审查,合同审查,具体专业技能,金融风控、投资与合规,1.0,1,1,0,合同管理,培养特色直接出现“合同管理”,5.0661736852554045,5.0661736852554045,4,是
首都经济贸易大学,CUEB-2024-097,2024级,劳动经济学院,劳动关系,劳动关系,JN0174,人工智能技术,人工智能技术,具体专业技能,人工智能与数据挖掘,0.8,1,1,0,人工智能,课程名称直接出现唯一技能别名“人工智能”,1.312755710003897,1.0502045680031176,13,是
首都经济贸易大学,CUEB-2024-097,2024级,劳动经济学院,劳动关系,劳动关系,JN0373,人力资源管理流程,人力资源管理流程,方法、标准与流程,人力资源与行政管理,0.8,1,0,1,人力资源管理导论Introduction of Human Resource Management,人力资源课程,2.194494060371392,1.7555952482971138,9,是
首都经济贸易大学,CUEB-2024-097,2024级,劳动经济学院,劳动关系,劳动关系,JN0397,数理统计,数理统计,工具软件与技术平台,人工智能与数据挖掘,0.8,1,1,0,数理统计,课程名称直接出现唯一技能别名“数理统计”,1.2019413436636068,0.9615530749308855,15,否
首都经济贸易大学,CUEB-2024-097,2024级,劳动经济学院,劳动关系,劳动关系,JN0557,Excel高级应用,Excel高级应用（电子表格高级应用）,工具软件与技术平台,财务会计与税务管理,0.8,1,1,0,excel高级应用,课程名称直接出现唯一技能别名“excel高级应用”,2.2729656758128876,1.8183725406503102,8,是
首都经济贸易大学,CUEB-2024-097,2024级,劳动经济学院,劳动关系,劳动关系,JN0695,劳动法,劳动法,专业知识与行业经验,人力资源与行政管理,6.6,5,5,0,劳动争议；劳动法,毕业要求直接出现“劳动争议”；核心课程直接出现“劳动争议”；培养特色直接出现“劳动争议”；课程名称直接出现唯一技能别名“劳动法”；课程名称直接出现唯一技能别名“劳动争议”,3.2744142160273495,21.611133825780506,2,是
首都经济贸易大学,CUEB-2024-097,2024级,劳动经济学院,劳动关系,劳动关系,JN0770,沟通能力,沟通能力,非技术性能力,组织协调与商业执行,3.3,3,3,0,善于沟通；沟通协调；沟通,培养目标直接出现“善于沟通”；毕业要求直接出现“沟通协调”；课程名称直接出现唯一技能别名“沟通”,1.7953381214564925,5.924615800806425,3,是
首都经济贸易大学,CUEB-2024-097,2024级,劳动经济学院,劳动关系,劳动关系,JN0773,组织协调,组织协调,非技术性能力,组织协调与商业执行,1.5,1,1,0,协调能力,毕业要求直接出现“协调能力”,2.83258146374831,4.248872195622465,5,是
首都经济贸易大学,CUEB-2024-097,2024级,劳动经济学院,劳动关系,劳动关系,JN0775,学习能力,学习能力,非技术性能力,表达沟通与通用办公协作,1.5,1,1,0,学习能力,毕业要求直接出现“学习能力”,1.7221347174331973,2.583202076149796,7,是
首都经济贸易大学,CUEB-2024-097,2024级,劳动经济学院,劳动关系,劳动关系,JN0779,书面表达,书面表达,非技术性能力,表达沟通与通用办公协作,0.8,1,0,1,应用写作 / Practical Writing,写作课程,1.0649195460993157,0.8519356368794526,17,否
首都经济贸易大学,CUEB-2024-097,2024级,劳动经济学院,劳动关系,劳动关系,JN0780,诚信与职业道德,诚信与职业道德,非技术性能力,金融风控、投资与合规,1.5,1,1,0,职业道德,毕业要求直接出现“职业道德”,1.0710357731167517,1.6065536596751275,11,否
首都经济贸易大学,CUEB-2024-098,2024级,劳动经济学院,劳动经济学,劳动经济学专业培养方案,JN0025,英语,英语,语言能力,供应链与物流管理,0.8,1,1,0,英语,课程名称直接出现唯一技能别名“英语”,1.0,0.8,23,否
首都经济贸易大学,CUEB-2024-098,2024级,劳动经济学院,劳动经济学,劳动经济学专业培养方案,JN0026,数据分析,数据分析,工具软件与技术平台,人工智能与数据挖掘,3.3,2,2,0,数据分析,核心课程直接出现“数据分析”；课程名称直接出现唯一技能别名“数据分析”,1.5798184952529422,5.213401034334709,4,是
首都经济贸易大学,CUEB-2024-098,2024级,劳动经济学院,劳动经济学,劳动经济学专业培养方案,JN0029,Excel,Excel（办公软件与通用数字工具）,方法、标准与流程,表达沟通与通用办公协作,0.8,1,1,0,excel,课程名称直接出现唯一技能别名“excel”,2.1574527886910433,1.7259622309528346,16,是
首都经济贸易大学,CUEB-2024-098,2024级,劳动经济学院,劳动经济学,劳动经济学专业培养方案,JN0041,Python,Python（编程语言）,工具软件与技术平台,云计算、系统运维与DevOps,0.8,1,1,0,python,课程名称直接出现唯一技能别名“python”,1.5108256237659907,1.2086604990127927,18,否
首都经济贸易大学,CUEB-2024-098,2024级,劳动经济学院,劳动经济学,劳动经济学专业培养方案,JN0063,招聘,招聘,方法、标准与流程,人力资源与行政管理,0.8,1,1,0,招聘,课程名称直接出现唯一技能别名“招聘”,3.456735772821304,2.7653886182570435,9,是
首都经济贸易大学,CUEB-2024-098,2024级,劳动经济学院,劳动经济学,劳动经济学专业培养方案,JN0072,统计分析,统计分析,方法、标准与流程,人工智能与数据挖掘,0.8,1,0,1,统计学 Statistics,统计方法课程,1.1880522315029396,0.9504417852023517,22,否
首都经济贸易大学,CUEB-2024-098,2024级,劳动经济学院,劳动经济学,劳动经济学专业培养方案,JN0076,数据处理,数据处理,具体专业技能,大数据工程与数据仓库,1.5,1,1,0,数据处理,毕业要求直接出现“数据处理”,2.5812670354674037,3.8719005532011055,6,是
首都经济贸易大学,CUEB-2024-098,2024级,劳动经济学院,劳动经济学,劳动经济学专业培养方案,JN0087,员工关系,员工关系,方法、标准与流程,人力资源与行政管理,4.3,3,3,0,劳动关系,核心课程直接出现“劳动关系”；培养特色直接出现“劳动关系”；课程名称直接出现唯一技能别名“劳动关系”,3.2744142160273495,14.079981128917602,1,是
首都经济贸易大学,CUEB-2024-098,2024级,劳动经济学院,劳动经济学,劳动经济学专业培养方案,JN0109,会计核算,会计核算,方法、标准与流程,财务会计与税务管理,0.8,1,0,1,会计学Accounting,会计课程,1.2895886507223624,1.03167092057789,20,否
首都经济贸易大学,CUEB-2024-098,2024级,劳动经济学院,劳动经济学,劳动经济学专业培养方案,JN0143,机器学习,机器学习,方法、标准与流程,人工智能与数据挖掘,0.8,1,1,0,机器学习,课程名称直接出现唯一技能别名“机器学习”,2.3361445774344194,1.8689156619475356,13,是
首都经济贸易大学,CUEB-2024-098,2024级,劳动经济学院,劳动经济学,劳动经济学专业培养方案,JN0174,人工智能技术,人工智能技术,具体专业技能,人工智能与数据挖掘,0.8,1,1,0,人工智能,课程名称直接出现唯一技能别名“人工智能”,1.312755710003897,1.0502045680031176,19,否
首都经济贸易大学,CUEB-2024-098,2024级,劳动经济学院,劳动经济学,劳动经济学专业培养方案,JN0373,人力资源管理流程,人力资源管理流程,方法、标准与流程,人力资源与行政管理,0.8,1,0,1,人力资源管理导论 Introduction to Human Resource Management,人力资源课程,2.194494060371392,1.7555952482971138,15,是
首都经济贸易大学,CUEB-2024-098,2024级,劳动经济学院,劳动经济学,劳动经济学专业培养方案,JN0397,数理统计,数理统计,工具软件与技术平台,人工智能与数据挖掘,0.8,1,1,0,数理统计,课程名称直接出现唯一技能别名“数理统计”,1.2019413436636068,0.9615530749308855,21,否
首都经济贸易大学,CUEB-2024-098,2024级,劳动经济学院,劳动经济学,劳动经济学专业培养方案,JN0557,Excel高级应用,Excel高级应用（电子表格高级应用）,工具软件与技术平台,财务会计与税务管理,0.8,1,1,0,excel高级应用,课程名称直接出现唯一技能别名“excel高级应用”,2.2729656758128876,1.8183725406503102,14,是
首都经济贸易大学,CUEB-2024-098,2024级,劳动经济学院,劳动经济学,劳动经济学专业培养方案,JN0695,劳动法,劳动法,专业知识与行业经验,人力资源与行政管理,3.3,2,2,0,劳动法,核心课程直接出现“劳动法”；课程名称直接出现唯一技能别名“劳动法”,3.2744142160273495,10.805566912890253,2,是
首都经济贸易大学,CUEB-2024-098,2024级,劳动经济学院,劳动经济学,劳动经济学专业培养方案,JN0774,表达能力,表达能力,非技术性能力,表达沟通与通用办公协作,1.5,1,1,0,表达能力,毕业要求直接出现“表达能力”,1.7703368192510753,2.655505228876613,10,否
首都经济贸易大学,CUEB-2024-098,2024级,劳动经济学院,劳动经济学,劳动经济学专业培养方案,JN0775,学习能力,学习能力,非技术性能力,表达沟通与通用办公协作,1.5,1,1,0,学习能力,毕业要求直接出现“学习能力”,1.7221347174331973,2.583202076149796,11,否
首都经济贸易大学,CUEB-2024-098,2024级,劳动经济学院,劳动经济学,劳动经济学专业培养方案,JN0779,书面表达,书面表达,非技术性能力,表达沟通与通用办公协作,2.3,2,1,1,写作能力；应用写作 / Practical Writing,毕业要求直接出现“写作能力”；写作课程,1.0649195460993157,2.449314956028426,12,否
首都经济贸易大学,CUEB-2024-098,2024级,劳动经济学院,劳动经济学,劳动经济学专业培养方案,JN0780,诚信与职业道德,诚信与职业道德,非技术性能力,金融风控、投资与合规,1.5,1,1,0,职业道德,毕业要求直接出现“职业道德”,1.0710357731167517,1.6065536596751275,17,否
首都经济贸易大学,CUEB-2024-098,2024级,劳动经济学院,劳动经济学,劳动经济学专业培养方案,JN0785,分析判断,分析判断,非技术性能力,组织协调与商业执行,2.5,2,2,0,分析能力,培养目标直接出现“分析能力”；毕业要求直接出现“分析能力”,2.121734706088964,5.304336765222411,3,是
首都经济贸易大学,CUEB-2024-098,2024级,劳动经济学院,劳动经济学,劳动经济学专业培养方案,JN0788,口头表达,口头表达,非技术性能力,表达沟通与通用办公协作,1.5,1,1,0,语言表达能力,毕业要求直接出现“语言表达能力”,1.9021060968821986,2.853159145323298,8,否
首都经济贸易大学,CUEB-2024-098,2024级,劳动经济学院,劳动经济学,劳动经济学专业培养方案,JN0820,团队建设,团队建设,非技术性能力,组织协调与商业执行,0.8,1,1,0,团队建设,课程名称直接出现唯一技能别名“团队建设”,3.9675613965872945,3.1740491172698357,7,是
首都经济贸易大学,CUEB-2024-098,2024级,劳动经济学院,劳动经济学,劳动经济学专业培养方案,JN0830,批判性思维,批判性思维,非技术性能力,表达沟通与通用办公协作,1.5,1,1,0,批判性思维,毕业要求直接出现“批判性思维”,2.638425449307353,3.9576381739610293,5,是
首都经济贸易大学,CUEB-2024-099,2024级,劳动经济学院,社会工作,社会工作,JN0025,英语,英语,语言能力,供应链与物流管理,0.8,1,1,0,英语,课程名称直接出现唯一技能别名“英语”,1.0,0.8,18,否
首都经济贸易大学,CUEB-2024-099,2024级,劳动经济学院,社会工作,社会工作,JN0028,项目管理,项目管理,方法、标准与流程,表达沟通与通用办公协作,3.3,3,2,1,项目管理；社会项目管理 Social project management,毕业要求直接出现“项目管理”；培养特色直接出现“项目管理”；项目管理课程,2.7635885922613586,9.119842354462483,1,是
首都经济贸易大学,CUEB-2024-099,2024级,劳动经济学院,社会工作,社会工作,JN0029,Excel,Excel（办公软件与通用数字工具）,方法、标准与流程,表达沟通与通用办公协作,0.8,1,1,0,excel,课程名称直接出现唯一技能别名“excel”,2.1574527886910433,1.7259622309528346,10,是
首都经济贸易大学,CUEB-2024-099,2024级,劳动经济学院,社会工作,社会工作,JN0072,统计分析,统计分析,方法、标准与流程,人工智能与数据挖掘,0.8,1,0,1,统计学 Statistics,统计方法课程,1.1880522315029396,0.9504417852023517,16,否
首都经济贸易大学,CUEB-2024-099,2024级,劳动经济学院,社会工作,社会工作,JN0087,员工关系,员工关系,方法、标准与流程,人力资源与行政管理,0.8,1,1,0,劳动关系,课程名称直接出现唯一技能别名“劳动关系”,3.2744142160273495,2.61953137282188,6,是
首都经济贸易大学,CUEB-2024-099,2024级,劳动经济学院,社会工作,社会工作,JN0109,会计核算,会计核算,方法、标准与流程,财务会计与税务管理,0.8,1,0,1,会计学Accounting,会计课程,1.2895886507223624,1.03167092057789,14,是
首都经济贸易大学,CUEB-2024-099,2024级,劳动经济学院,社会工作,社会工作,JN0174,人工智能技术,人工智能技术,具体专业技能,人工智能与数据挖掘,0.8,1,1,0,人工智能,课程名称直接出现唯一技能别名“人工智能”,1.312755710003897,1.0502045680031176,13,是
首都经济贸易大学,CUEB-2024-099,2024级,劳动经济学院,社会工作,社会工作,JN0373,人力资源管理流程,人力资源管理流程,方法、标准与流程,人力资源与行政管理,0.8,1,0,1,人力资源管理导论Introduction of Human Resource Management,人力资源课程,2.194494060371392,1.7555952482971138,9,是
首都经济贸易大学,CUEB-2024-099,2024级,劳动经济学院,社会工作,社会工作,JN0397,数理统计,数理统计,工具软件与技术平台,人工智能与数据挖掘,0.8,1,1,0,数理统计,课程名称直接出现唯一技能别名“数理统计”,1.2019413436636068,0.9615530749308855,15,是
首都经济贸易大学,CUEB-2024-099,2024级,劳动经济学院,社会工作,社会工作,JN0557,Excel高级应用,Excel高级应用（电子表格高级应用）,工具软件与技术平台,财务会计与税务管理,0.8,1,1,0,excel高级应用,课程名称直接出现唯一技能别名“excel高级应用”,2.2729656758128876,1.8183725406503102,8,是
首都经济贸易大学,CUEB-2024-099,2024级,劳动经济学院,社会工作,社会工作,JN0695,劳动法,劳动法,专业知识与行业经验,人力资源与行政管理,0.8,1,1,0,劳动法,课程名称直接出现唯一技能别名“劳动法”,3.2744142160273495,2.61953137282188,7,是
首都经济贸易大学,CUEB-2024-099,2024级,劳动经济学院,社会工作,社会工作,JN0770,沟通能力,沟通能力,非技术性能力,组织协调与商业执行,1.5,1,1,0,沟通协调,毕业要求直接出现“沟通协调”,1.7953381214564925,2.693007182184739,4,是
首都经济贸易大学,CUEB-2024-099,2024级,劳动经济学院,社会工作,社会工作,JN0773,组织协调,组织协调,非技术性能力,组织协调与商业执行,1.5,1,1,0,协调能力,毕业要求直接出现“协调能力”,2.83258146374831,4.248872195622465,2,是
首都经济贸易大学,CUEB-2024-099,2024级,劳动经济学院,社会工作,社会工作,JN0779,书面表达,书面表达,非技术性能力,表达沟通与通用办公协作,0.8,1,0,1,应用写作 / Practical Writing,写作课程,1.0649195460993157,0.8519356368794526,17,否
首都经济贸易大学,CUEB-2024-099,2024级,劳动经济学院,社会工作,社会工作,JN0780,诚信与职业道德,诚信与职业道德,非技术性能力,金融风控、投资与合规,1.5,1,1,0,职业道德,毕业要求直接出现“职业道德”,1.0710357731167517,1.6065536596751275,11,否
首都经济贸易大学,CUEB-2024-099,2024级,劳动经济学院,社会工作,社会工作,JN0790,创新能力,创新能力,非技术性能力,视觉设计与数字内容制作,1.0,1,1,0,创新意识,培养目标直接出现“创新意识”,1.2895886507223624,1.2895886507223624,12,否
首都经济贸易大学,CUEB-2024-099,2024级,劳动经济学院,社会工作,社会工作,JN0801,独立思考,独立思考,非技术性能力,表达沟通与通用办公协作,1.0,1,1,0,独立思考能力,培养特色直接出现“独立思考能力”,3.2203469947570738,3.2203469947570738,3,是
首都经济贸易大学,CUEB-2024-099,2024级,劳动经济学院,社会工作,社会工作,JN0830,批判性思维,批判性思维,非技术性能力,表达沟通与通用办公协作,1.0,1,1,0,批判性思维,培养特色直接出现“批判性思维”,2.638425449307353,2.638425449307353,5,否
首都经济贸易大学,CUEB-2024-100,2024级,文化与传播学院,传播学,传播学,JN0025,英语,英语,语言能力,供应链与物流管理,0.8,1,1,0,英语,课程名称直接出现唯一技能别名“英语”,1.0,0.8,14,是
首都经济贸易大学,CUEB-2024-100,2024级,文化与传播学院,传播学,传播学,JN0029,Excel,Excel（办公软件与通用数字工具）,方法、标准与流程,表达沟通与通用办公协作,0.8,1,1,0,excel,课程名称直接出现唯一技能别名“excel”,2.1574527886910433,1.7259622309528346,10,是
首都经济贸易大学,CUEB-2024-100,2024级,文化与传播学院,传播学,传播学,JN0174,人工智能技术,人工智能技术,具体专业技能,人工智能与数据挖掘,0.8,1,1,0,人工智能,课程名称直接出现唯一技能别名“人工智能”,1.312755710003897,1.0502045680031176,13,是
首都经济贸易大学,CUEB-2024-100,2024级,文化与传播学院,传播学,传播学,JN0254,市场营销知识,市场营销知识,方法、标准与流程,组织协调与商业执行,0.8,1,0,1,市场营销学 / The Marketing,市场营销课程,2.4035858582299516,1.9228686865839615,8,是
首都经济贸易大学,CUEB-2024-100,2024级,文化与传播学院,传播学,传播学,JN0283,摄影,摄影,方法、标准与流程,视觉设计与数字内容制作,4.8,3,3,0,摄影,毕业要求直接出现“摄影”；核心课程直接出现“摄影”；课程名称直接出现唯一技能别名“摄影”,4.218875824868201,20.250603959367364,1,是
首都经济贸易大学,CUEB-2024-100,2024级,文化与传播学院,传播学,传播学,JN0315,摄像,摄像,方法、标准与流程,嵌入式与电子硬件开发,2.5,1,1,0,摄像,核心课程直接出现“摄像”,5.0661736852554045,12.66543421313851,2,是
首都经济贸易大学,CUEB-2024-100,2024级,文化与传播学院,传播学,传播学,JN0557,Excel高级应用,Excel高级应用（电子表格高级应用）,工具软件与技术平台,财务会计与税务管理,0.8,1,1,0,excel高级应用,课程名称直接出现唯一技能别名“excel高级应用”,2.2729656758128876,1.8183725406503102,9,是
首都经济贸易大学,CUEB-2024-100,2024级,文化与传播学院,传播学,传播学,JN0770,沟通能力,沟通能力,非技术性能力,组织协调与商业执行,1.5,1,1,0,沟通能力,毕业要求直接出现“沟通能力”,1.7953381214564925,2.693007182184739,6,否
首都经济贸易大学,CUEB-2024-100,2024级,文化与传播学院,传播学,传播学,JN0771,团队合作,团队合作,非技术性能力,表达沟通与通用办公协作,1.5,1,1,0,团队合作,毕业要求直接出现“团队合作”,1.4111957828171493,2.116793674225724,7,否
首都经济贸易大学,CUEB-2024-100,2024级,文化与传播学院,传播学,传播学,JN0773,组织协调,组织协调,非技术性能力,组织协调与商业执行,1.5,1,1,0,组织能力,毕业要求直接出现“组织能力”,2.83258146374831,4.248872195622465,4,是
首都经济贸易大学,CUEB-2024-100,2024级,文化与传播学院,传播学,传播学,JN0775,学习能力,学习能力,非技术性能力,表达沟通与通用办公协作,1.0,1,1,0,学习能力,培养特色直接出现“学习能力”,1.7221347174331973,1.7221347174331973,11,否
首都经济贸易大学,CUEB-2024-100,2024级,文化与传播学院,传播学,传播学,JN0780,诚信与职业道德,诚信与职业道德,非技术性能力,金融风控、投资与合规,1.5,1,1,0,职业道德,毕业要求直接出现“职业道德”,1.0710357731167517,1.6065536596751275,12,否
首都经济贸易大学,CUEB-2024-100,2024级,文化与传播学院,传播学,传播学,JN0801,独立思考,独立思考,非技术性能力,表达沟通与通用办公协作,1.5,1,1,0,独立思考能力,毕业要求直接出现“独立思考能力”,3.2203469947570738,4.83052049213561,3,是
首都经济贸易大学,CUEB-2024-100,2024级,文化与传播学院,传播学,传播学,JN0804,演讲呈现,演讲呈现,非技术性能力,表达沟通与通用办公协作,0.8,1,0,1,演讲与修辞 / Speech and Rhetoric,展示表达课程,3.6798793241355137,2.943903459308411,5,是
首都经济贸易大学,CUEB-2024-101,2024级,文化与传播学院,广告学,广告学,JN0025,英语,英语,语言能力,供应链与物流管理,0.8,1,1,0,英语,课程名称直接出现唯一技能别名“英语”,1.0,0.8,20,否
首都经济贸易大学,CUEB-2024-101,2024级,文化与传播学院,广告学,广告学,JN0045,市场调研,市场调研,方法、标准与流程,组织协调与商业执行,1.5,1,1,0,市场调研,毕业要求直接出现“市场调研”,4.373026504695459,6.559539757043188,5,是
首都经济贸易大学,CUEB-2024-101,2024级,文化与传播学院,广告学,广告学,JN0049,营销策划,营销策划,方法、标准与流程,视觉设计与数字内容制作,1.5,1,1,0,营销策划,毕业要求直接出现“营销策划”,4.555348061489413,6.83302209223412,3,是
首都经济贸易大学,CUEB-2024-101,2024级,文化与传播学院,广告学,广告学,JN0051,Photoshop,Photoshop（设计传媒内容）,方法、标准与流程,视觉设计与数字内容制作,0.8,1,1,0,photoshop,课程名称直接出现唯一技能别名“photoshop”,4.555348061489413,3.6442784491915305,10,是
首都经济贸易大学,CUEB-2024-101,2024级,文化与传播学院,广告学,广告学,JN0174,人工智能技术,人工智能技术,具体专业技能,人工智能与数据挖掘,0.8,1,1,0,人工智能,课程名称直接出现唯一技能别名“人工智能”,1.312755710003897,1.0502045680031176,19,否
首都经济贸易大学,CUEB-2024-101,2024级,文化与传播学院,广告学,广告学,JN0214,品牌策划,品牌策划,方法、标准与流程,视觉设计与数字内容制作,2.3,2,1,1,品牌策划；品牌战略管理Strategic Brand Management,毕业要求直接出现“品牌策划”；品牌课程,3.5257286443082556,8.109175881908987,1,是
首都经济贸易大学,CUEB-2024-101,2024级,文化与传播学院,广告学,广告学,JN0254,市场营销知识,市场营销知识,方法、标准与流程,组织协调与商业执行,0.8,1,0,1,市场营销学 / The Marketing,市场营销课程,2.4035858582299516,1.9228686865839615,16,是
首都经济贸易大学,CUEB-2024-101,2024级,文化与传播学院,广告学,广告学,JN0258,法律法规知识,法律法规知识,方法、标准与流程,金融风控、投资与合规,0.8,1,0,1,商法学 / Commercial Jurisprudence,法规课程,2.139434283188365,1.711547426550692,17,否
首都经济贸易大学,CUEB-2024-101,2024级,文化与传播学院,广告学,广告学,JN0283,摄影,摄影,方法、标准与流程,视觉设计与数字内容制作,1.8,2,2,0,摄影,培养特色直接出现“摄影”；课程名称直接出现唯一技能别名“摄影”,4.218875824868201,7.593976484762762,2,是
首都经济贸易大学,CUEB-2024-101,2024级,文化与传播学院,广告学,广告学,JN0311,营销能力,营销能力,工具软件与技术平台,组织协调与商业执行,1.5,1,1,0,营销能力,毕业要求直接出现“营销能力”,4.555348061489413,6.83302209223412,4,是
首都经济贸易大学,CUEB-2024-101,2024级,文化与传播学院,广告学,广告学,JN0314,Premiere,Premiere（设计传媒内容）,方法、标准与流程,视觉设计与数字内容制作,0.8,1,1,0,pr,课程名称直接出现唯一技能别名“pr”,5.0661736852554045,4.052938948204324,9,是
首都经济贸易大学,CUEB-2024-101,2024级,文化与传播学院,广告学,广告学,JN0365,文献检索,文献检索,方法、标准与流程,医药研发与药事管理,1.5,1,1,0,文献检索,毕业要求直接出现“文献检索”,3.2744142160273495,4.9116213240410245,7,是
首都经济贸易大学,CUEB-2024-101,2024级,文化与传播学院,广告学,广告学,JN0770,沟通能力,沟通能力,非技术性能力,组织协调与商业执行,1.5,1,1,0,沟通能力,毕业要求直接出现“沟通能力”,1.7953381214564925,2.693007182184739,13,否
首都经济贸易大学,CUEB-2024-101,2024级,文化与传播学院,广告学,广告学,JN0771,团队合作,团队合作,非技术性能力,表达沟通与通用办公协作,1.5,1,1,0,团队合作,毕业要求直接出现“团队合作”,1.4111957828171493,2.116793674225724,15,否
首都经济贸易大学,CUEB-2024-101,2024级,文化与传播学院,广告学,广告学,JN0774,表达能力,表达能力,非技术性能力,表达沟通与通用办公协作,1.5,1,1,0,表达能力,毕业要求直接出现“表达能力”,1.7703368192510753,2.655505228876613,14,否
首都经济贸易大学,CUEB-2024-101,2024级,文化与传播学院,广告学,广告学,JN0780,诚信与职业道德,诚信与职业道德,非技术性能力,金融风控、投资与合规,1.0,1,1,0,职业道德,培养目标直接出现“职业道德”,1.0710357731167517,1.0710357731167517,18,否
首都经济贸易大学,CUEB-2024-101,2024级,文化与传播学院,广告学,广告学,JN0785,分析判断,分析判断,非技术性能力,组织协调与商业执行,1.5,1,1,0,分析能力,毕业要求直接出现“分析能力”,2.121734706088964,3.1826020591334463,11,是
首都经济贸易大学,CUEB-2024-101,2024级,文化与传播学院,广告学,广告学,JN0788,口头表达,口头表达,非技术性能力,表达沟通与通用办公协作,1.5,1,1,0,语言表达能力,毕业要求直接出现“语言表达能力”,1.9021060968821986,2.853159145323298,12,否
首都经济贸易大学,CUEB-2024-101,2024级,文化与传播学院,广告学,广告学,JN0790,创新能力,创新能力,非技术性能力,视觉设计与数字内容制作,3.5,3,3,0,创新能力；创新思维,培养目标直接出现“创新能力”；毕业要求直接出现“创新思维”；培养特色直接出现“创新能力”,1.2895886507223624,4.513560277528269,8,是
首都经济贸易大学,CUEB-2024-101,2024级,文化与传播学院,广告学,广告学,JN0793,人际交往,人际交往,非技术性能力,组织协调与商业执行,1.5,1,1,0,人际沟通能力,毕业要求直接出现“人际沟通能力”,3.456735772821304,5.185103659231956,6,是
首都经济贸易大学,CUEB-2024-102,2024级,管理工程学院,信息管理与信息系统,信息管理与信息系统,JN0025,英语,英语,语言能力,供应链与物流管理,0.8,1,1,0,英语,课程名称直接出现唯一技能别名“英语”,1.0,0.8,26,否
首都经济贸易大学,CUEB-2024-102,2024级,管理工程学院,信息管理与信息系统,信息管理与信息系统,JN0026,数据分析,数据分析,工具软件与技术平台,人工智能与数据挖掘,4.3,3,3,0,数据分析；数据分析能力,核心课程直接出现“数据分析”；培养特色直接出现“数据分析能力”；课程名称直接出现唯一技能别名“数据分析”,1.5798184952529422,6.793219529587651,5,是
首都经济贸易大学,CUEB-2024-102,2024级,管理工程学院,信息管理与信息系统,信息管理与信息系统,JN0028,项目管理,项目管理,方法、标准与流程,表达沟通与通用办公协作,0.8,1,0,1,IT项目管理 / IT Project Management,项目管理课程,2.7635885922613586,2.2108708738090868,13,否
首都经济贸易大学,CUEB-2024-102,2024级,管理工程学院,信息管理与信息系统,信息管理与信息系统,JN0029,Excel,Excel（办公软件与通用数字工具）,方法、标准与流程,表达沟通与通用办公协作,0.8,1,1,0,excel,课程名称直接出现唯一技能别名“excel”,2.1574527886910433,1.7259622309528346,18,否
首都经济贸易大学,CUEB-2024-102,2024级,管理工程学院,信息管理与信息系统,信息管理与信息系统,JN0041,Python,Python（编程语言）,工具软件与技术平台,云计算、系统运维与DevOps,1.0,1,1,0,Python编程,培养特色直接出现“Python编程”,1.5108256237659907,1.5108256237659907,20,否
首都经济贸易大学,CUEB-2024-102,2024级,管理工程学院,信息管理与信息系统,信息管理与信息系统,JN0072,统计分析,统计分析,方法、标准与流程,人工智能与数据挖掘,1.6,2,0,2,统计学 / Statistics；金融时间序列分析方法与技术 / Financial Time Series Analysis Method and Techniques,统计方法课程,1.1880522315029396,1.9008835704047033,16,否
首都经济贸易大学,CUEB-2024-102,2024级,管理工程学院,信息管理与信息系统,信息管理与信息系统,JN0091,云计算,云计算,工具软件与技术平台,云计算、系统运维与DevOps,1.0,1,1,0,云计算,培养目标直接出现“云计算”,3.120263536200091,3.120263536200091,9,是
首都经济贸易大学,CUEB-2024-102,2024级,管理工程学院,信息管理与信息系统,信息管理与信息系统,JN0109,会计核算,会计核算,方法、标准与流程,财务会计与税务管理,0.8,1,0,1,会计学 Accounting,会计课程,1.2895886507223624,1.03167092057789,23,否
首都经济贸易大学,CUEB-2024-102,2024级,管理工程学院,信息管理与信息系统,信息管理与信息系统,JN0143,机器学习,机器学习,方法、标准与流程,人工智能与数据挖掘,4.3,3,3,0,机器学习,核心课程直接出现“机器学习”；培养特色直接出现“机器学习”；课程名称直接出现唯一技能别名“机器学习”,2.3361445774344194,10.045421682968003,3,是
首都经济贸易大学,CUEB-2024-102,2024级,管理工程学院,信息管理与信息系统,信息管理与信息系统,JN0174,人工智能技术,人工智能技术,具体专业技能,人工智能与数据挖掘,1.8,2,2,0,人工智能,培养目标直接出现“人工智能”；课程名称直接出现唯一技能别名“人工智能”,1.312755710003897,2.3629602780070145,11,是
首都经济贸易大学,CUEB-2024-102,2024级,管理工程学院,信息管理与信息系统,信息管理与信息系统,JN0211,数据结构与算法,数据结构与算法,方法、标准与流程,网络通信与软件开发基础,0.8,1,0,1,数据结构 / Data Structure,数据结构课程,2.79749014393704,2.237992115149632,12,是
首都经济贸易大学,CUEB-2024-102,2024级,管理工程学院,信息管理与信息系统,信息管理与信息系统,JN0222,面向对象编程,面向对象编程,方法、标准与流程,Web前端开发,3.3,2,2,0,面向对象程序设计,核心课程直接出现“面向对象程序设计”；课程名称直接出现唯一技能别名“面向对象程序设计”,3.2744142160273495,10.805566912890253,2,是
首都经济贸易大学,CUEB-2024-102,2024级,管理工程学院,信息管理与信息系统,信息管理与信息系统,JN0397,数理统计,数理统计,工具软件与技术平台,人工智能与数据挖掘,0.8,1,1,0,数理统计,课程名称直接出现唯一技能别名“数理统计”,1.2019413436636068,0.9615530749308855,24,否
首都经济贸易大学,CUEB-2024-102,2024级,管理工程学院,信息管理与信息系统,信息管理与信息系统,JN0557,Excel高级应用,Excel高级应用（电子表格高级应用）,工具软件与技术平台,财务会计与税务管理,0.8,1,1,0,excel高级应用,课程名称直接出现唯一技能别名“excel高级应用”,2.2729656758128876,1.8183725406503102,17,否
首都经济贸易大学,CUEB-2024-102,2024级,管理工程学院,信息管理与信息系统,信息管理与信息系统,JN0584,时间序列,时间序列,方法、标准与流程,人工智能与数据挖掘,4.3,3,3,0,时间序列,核心课程直接出现“时间序列”；培养特色直接出现“时间序列”；课程名称直接出现唯一技能别名“时间序列”,2.8689491079191853,12.336481164052497,1,是
首都经济贸易大学,CUEB-2024-102,2024级,管理工程学院,信息管理与信息系统,信息管理与信息系统,JN0647,论文写作,论文写作,方法、标准与流程,表达沟通与通用办公协作,0.8,1,0,1,学术写作与专业前沿 / Academic Writing and Frontiers,学术写作课程,1.4734380916943703,1.1787504733554963,22,否
首都经济贸易大学,CUEB-2024-102,2024级,管理工程学院,信息管理与信息系统,信息管理与信息系统,JN0686,数据库技术,数据库技术,专业知识与行业经验,Java后端开发与中间件,4.1,3,3,0,数据库原理；数据库,核心课程直接出现“数据库原理”；课程名称直接出现唯一技能别名“数据库”；课程名称直接出现唯一技能别名“数据库原理”,2.3361445774344194,9.578192767481118,4,是
首都经济贸易大学,CUEB-2024-102,2024级,管理工程学院,信息管理与信息系统,信息管理与信息系统,JN0690,风险管理,风险管理,专业知识与行业经验,金融风控、投资与合规,1.8,2,2,0,风险管理,培养特色直接出现“风险管理”；课程名称直接出现唯一技能别名“风险管理”,1.916290731874155,3.449323317373479,8,是
首都经济贸易大学,CUEB-2024-102,2024级,管理工程学院,信息管理与信息系统,信息管理与信息系统,JN0771,团队合作,团队合作,非技术性能力,表达沟通与通用办公协作,1.5,1,1,0,协作意识,毕业要求直接出现“协作意识”,1.4111957828171493,2.116793674225724,15,否
首都经济贸易大学,CUEB-2024-102,2024级,管理工程学院,信息管理与信息系统,信息管理与信息系统,JN0779,书面表达,书面表达,非技术性能力,表达沟通与通用办公协作,0.8,1,0,1,应用写作 / Practical Writing,写作课程,1.0649195460993157,0.8519356368794526,25,否
首都经济贸易大学,CUEB-2024-102,2024级,管理工程学院,信息管理与信息系统,信息管理与信息系统,JN0780,诚信与职业道德,诚信与职业道德,非技术性能力,金融风控、投资与合规,1.5,1,1,0,职业道德,毕业要求直接出现“职业道德”,1.0710357731167517,1.6065536596751275,19,否
首都经济贸易大学,CUEB-2024-102,2024级,管理工程学院,信息管理与信息系统,信息管理与信息系统,JN0785,分析判断,分析判断,非技术性能力,组织协调与商业执行,1.0,1,1,0,分析能力,培养特色直接出现“分析能力”,2.121734706088964,2.121734706088964,14,否
首都经济贸易大学,CUEB-2024-102,2024级,管理工程学院,信息管理与信息系统,信息管理与信息系统,JN0786,管理能力,管理能力,非技术性能力,组织协调与商业执行,1.5,1,1,0,管理能力,毕业要求直接出现“管理能力”,2.730798769438368,4.096198154157552,6,是
首都经济贸易大学,CUEB-2024-102,2024级,管理工程学院,信息管理与信息系统,信息管理与信息系统,JN0788,口头表达,口头表达,非技术性能力,表达沟通与通用办公协作,1.5,1,1,0,口头表达,毕业要求直接出现“口头表达”,1.9021060968821986,2.853159145323298,10,是
首都经济贸易大学,CUEB-2024-102,2024级,管理工程学院,信息管理与信息系统,信息管理与信息系统,JN0790,创新能力,创新能力,非技术性能力,视觉设计与数字内容制作,1.0,1,1,0,创新能力,培养特色直接出现“创新能力”,1.2895886507223624,1.2895886507223624,21,否
首都经济贸易大学,CUEB-2024-102,2024级,管理工程学院,信息管理与信息系统,信息管理与信息系统,JN0800,决策能力,决策能力,非技术性能力,组织协调与商业执行,1.0,1,1,0,决策能力,培养目标直接出现“决策能力”,3.9675613965872945,3.9675613965872945,7,是
首都经济贸易大学,CUEB-2024-103,2024级,管理工程学院,信息管理与信息系统（商务智能）,信息管理与信息系统（商务智能）,JN0025,英语,英语,语言能力,供应链与物流管理,0.8,1,1,0,英语,课程名称直接出现唯一技能别名“英语”,1.0,0.8,26,否
首都经济贸易大学,CUEB-2024-103,2024级,管理工程学院,信息管理与信息系统（商务智能）,信息管理与信息系统（商务智能）,JN0026,数据分析,数据分析,工具软件与技术平台,人工智能与数据挖掘,5.3,4,4,0,数据分析,培养目标直接出现“数据分析”；核心课程直接出现“数据分析”；培养特色直接出现“数据分析”；课程名称直接出现唯一技能别名“数据分析”,1.5798184952529422,8.373038024840593,4,是
首都经济贸易大学,CUEB-2024-103,2024级,管理工程学院,信息管理与信息系统（商务智能）,信息管理与信息系统（商务智能）,JN0028,项目管理,项目管理,方法、标准与流程,表达沟通与通用办公协作,0.8,1,0,1,IT项目管理 / IT Project Management,项目管理课程,2.7635885922613586,2.2108708738090868,14,否
首都经济贸易大学,CUEB-2024-103,2024级,管理工程学院,信息管理与信息系统（商务智能）,信息管理与信息系统（商务智能）,JN0029,Excel,Excel（办公软件与通用数字工具）,方法、标准与流程,表达沟通与通用办公协作,0.8,1,1,0,excel,课程名称直接出现唯一技能别名“excel”,2.1574527886910433,1.7259622309528346,17,否
首都经济贸易大学,CUEB-2024-103,2024级,管理工程学院,信息管理与信息系统（商务智能）,信息管理与信息系统（商务智能）,JN0046,ERP,企业资源计划系统（ERP）,方法、标准与流程,供应链与物流管理,0.8,1,1,0,erp,课程名称直接出现唯一技能别名“erp”,2.8689491079191853,2.2951592863353483,12,是
首都经济贸易大学,CUEB-2024-103,2024级,管理工程学院,信息管理与信息系统（商务智能）,信息管理与信息系统（商务智能）,JN0065,网络安全,网络安全,工具软件与技术平台,网络运维与信息安全,0.8,1,1,0,信息安全,课程名称直接出现唯一技能别名“信息安全”,3.8622008809294686,3.089760704743575,9,是
首都经济贸易大学,CUEB-2024-103,2024级,管理工程学院,信息管理与信息系统（商务智能）,信息管理与信息系统（商务智能）,JN0072,统计分析,统计分析,方法、标准与流程,人工智能与数据挖掘,0.8,1,0,1,统计学 / Statistics,统计方法课程,1.1880522315029396,0.9504417852023517,24,否
首都经济贸易大学,CUEB-2024-103,2024级,管理工程学院,信息管理与信息系统（商务智能）,信息管理与信息系统（商务智能）,JN0091,云计算,云计算,工具软件与技术平台,云计算、系统运维与DevOps,1.0,1,1,0,云计算,培养目标直接出现“云计算”,3.120263536200091,3.120263536200091,8,是
首都经济贸易大学,CUEB-2024-103,2024级,管理工程学院,信息管理与信息系统（商务智能）,信息管理与信息系统（商务智能）,JN0109,会计核算,会计核算,方法、标准与流程,财务会计与税务管理,0.8,1,0,1,会计学 Accounting,会计课程,1.2895886507223624,1.03167092057789,22,否
首都经济贸易大学,CUEB-2024-103,2024级,管理工程学院,信息管理与信息系统（商务智能）,信息管理与信息系统（商务智能）,JN0145,数据挖掘,数据挖掘,工具软件与技术平台,人工智能与数据挖掘,3.3,2,2,0,数据挖掘,核心课程直接出现“数据挖掘”；课程名称直接出现唯一技能别名“数据挖掘”,2.4271163556401456,8.00948397361248,5,是
首都经济贸易大学,CUEB-2024-103,2024级,管理工程学院,信息管理与信息系统（商务智能）,信息管理与信息系统（商务智能）,JN0174,人工智能技术,人工智能技术,具体专业技能,人工智能与数据挖掘,1.8,2,2,0,人工智能,培养目标直接出现“人工智能”；课程名称直接出现唯一技能别名“人工智能”,1.312755710003897,2.3629602780070145,11,是
首都经济贸易大学,CUEB-2024-103,2024级,管理工程学院,信息管理与信息系统（商务智能）,信息管理与信息系统（商务智能）,JN0184,数据仓库,数据仓库,工具软件与技术平台,大数据工程与数据仓库,3.3,2,2,0,数据仓库,核心课程直接出现“数据仓库”；课程名称直接出现唯一技能别名“数据仓库”,3.9675613965872945,13.092952608738072,1,是
首都经济贸易大学,CUEB-2024-103,2024级,管理工程学院,信息管理与信息系统（商务智能）,信息管理与信息系统（商务智能）,JN0211,数据结构与算法,数据结构与算法,方法、标准与流程,网络通信与软件开发基础,0.8,1,0,1,数据结构 / Data Structure,数据结构课程,2.79749014393704,2.237992115149632,13,否
首都经济贸易大学,CUEB-2024-103,2024级,管理工程学院,信息管理与信息系统（商务智能）,信息管理与信息系统（商务智能）,JN0222,面向对象编程,面向对象编程,方法、标准与流程,Web前端开发,3.3,2,2,0,面向对象程序设计,核心课程直接出现“面向对象程序设计”；课程名称直接出现唯一技能别名“面向对象程序设计”,3.2744142160273495,10.805566912890253,2,是
首都经济贸易大学,CUEB-2024-103,2024级,管理工程学院,信息管理与信息系统（商务智能）,信息管理与信息系统（商务智能）,JN0397,数理统计,数理统计,工具软件与技术平台,人工智能与数据挖掘,0.8,1,1,0,数理统计,课程名称直接出现唯一技能别名“数理统计”,1.2019413436636068,0.9615530749308855,23,否
首都经济贸易大学,CUEB-2024-103,2024级,管理工程学院,信息管理与信息系统（商务智能）,信息管理与信息系统（商务智能）,JN0557,Excel高级应用,Excel高级应用（电子表格高级应用）,工具软件与技术平台,财务会计与税务管理,0.8,1,1,0,excel高级应用,课程名称直接出现唯一技能别名“excel高级应用”,2.2729656758128876,1.8183725406503102,16,否
首都经济贸易大学,CUEB-2024-103,2024级,管理工程学院,信息管理与信息系统（商务智能）,信息管理与信息系统（商务智能）,JN0647,论文写作,论文写作,方法、标准与流程,表达沟通与通用办公协作,0.8,1,0,1,学术写作与专业前沿 / Academic Writing and Frontiers,学术写作课程,1.4734380916943703,1.1787504733554963,21,否
首都经济贸易大学,CUEB-2024-103,2024级,管理工程学院,信息管理与信息系统（商务智能）,信息管理与信息系统（商务智能）,JN0686,数据库技术,数据库技术,专业知识与行业经验,Java后端开发与中间件,4.1,3,3,0,数据库原理；数据库,核心课程直接出现“数据库原理”；课程名称直接出现唯一技能别名“数据库”；课程名称直接出现唯一技能别名“数据库原理”,2.3361445774344194,9.578192767481118,3,是
首都经济贸易大学,CUEB-2024-103,2024级,管理工程学院,信息管理与信息系统（商务智能）,信息管理与信息系统（商务智能）,JN0691,财务管理,财务管理,专业知识与行业经验,财务会计与税务管理,0.8,1,1,0,财务管理,课程名称直接出现唯一技能别名“财务管理”,1.664976303593249,1.3319810428745993,19,否
首都经济贸易大学,CUEB-2024-103,2024级,管理工程学院,信息管理与信息系统（商务智能）,信息管理与信息系统（商务智能）,JN0771,团队合作,团队合作,非技术性能力,表达沟通与通用办公协作,1.5,1,1,0,协作意识,毕业要求直接出现“协作意识”,1.4111957828171493,2.116793674225724,15,否
首都经济贸易大学,CUEB-2024-103,2024级,管理工程学院,信息管理与信息系统（商务智能）,信息管理与信息系统（商务智能）,JN0779,书面表达,书面表达,非技术性能力,表达沟通与通用办公协作,0.8,1,0,1,应用写作 / Practical Writing,写作课程,1.0649195460993157,0.8519356368794526,25,否
首都经济贸易大学,CUEB-2024-103,2024级,管理工程学院,信息管理与信息系统（商务智能）,信息管理与信息系统（商务智能）,JN0780,诚信与职业道德,诚信与职业道德,非技术性能力,金融风控、投资与合规,1.5,1,1,0,职业道德,毕业要求直接出现“职业道德”,1.0710357731167517,1.6065536596751275,18,否
首都经济贸易大学,CUEB-2024-103,2024级,管理工程学院,信息管理与信息系统（商务智能）,信息管理与信息系统（商务智能）,JN0786,管理能力,管理能力,非技术性能力,组织协调与商业执行,1.5,1,1,0,管理能力,毕业要求直接出现“管理能力”,2.730798769438368,4.096198154157552,6,是
首都经济贸易大学,CUEB-2024-103,2024级,管理工程学院,信息管理与信息系统（商务智能）,信息管理与信息系统（商务智能）,JN0788,口头表达,口头表达,非技术性能力,表达沟通与通用办公协作,1.5,1,1,0,口头表达,毕业要求直接出现“口头表达”,1.9021060968821986,2.853159145323298,10,是
首都经济贸易大学,CUEB-2024-103,2024级,管理工程学院,信息管理与信息系统（商务智能）,信息管理与信息系统（商务智能）,JN0790,创新能力,创新能力,非技术性能力,视觉设计与数字内容制作,1.0,1,1,0,创新能力,培养特色直接出现“创新能力”,1.2895886507223624,1.2895886507223624,20,否
首都经济贸易大学,CUEB-2024-103,2024级,管理工程学院,信息管理与信息系统（商务智能）,信息管理与信息系统（商务智能）,JN0800,决策能力,决策能力,非技术性能力,组织协调与商业执行,1.0,1,1,0,决策能力,培养目标直接出现“决策能力”,3.9675613965872945,3.9675613965872945,7,是
首都经济贸易大学,CUEB-2024-104,2024级,管理工程学院,安全工程（注册安全工程师）,安全工程（注册安全工程师）,JN0003,工程管理,工程管理,职业职能与业务活动,建筑施工与工程造价,1.5,1,1,0,工程管理,毕业要求直接出现“工程管理”,5.0661736852554045,7.599260527883107,4,是
首都经济贸易大学,CUEB-2024-104,2024级,管理工程学院,安全工程（注册安全工程师）,安全工程（注册安全工程师）,JN0025,英语,英语,语言能力,供应链与物流管理,0.8,1,1,0,英语,课程名称直接出现唯一技能别名“英语”,1.0,0.8,20,否
首都经济贸易大学,CUEB-2024-104,2024级,管理工程学院,安全工程（注册安全工程师）,安全工程（注册安全工程师）,JN0028,项目管理,项目管理,方法、标准与流程,表达沟通与通用办公协作,0.8,1,0,1,安全项目管理 / Safety Project Management,项目管理课程,2.7635885922613586,2.2108708738090868,9,是
首都经济贸易大学,CUEB-2024-104,2024级,管理工程学院,安全工程（注册安全工程师）,安全工程（注册安全工程师）,JN0041,Python,Python（编程语言）,工具软件与技术平台,云计算、系统运维与DevOps,0.8,1,1,0,python,课程名称直接出现唯一技能别名“python”,1.5108256237659907,1.2086604990127927,15,否
首都经济贸易大学,CUEB-2024-104,2024级,管理工程学院,安全工程（注册安全工程师）,安全工程（注册安全工程师）,JN0062,机械设计,机械设计,方法、标准与流程,机械设计与制造,3.3,2,2,0,机械设计,核心课程直接出现“机械设计”；课程名称直接出现唯一技能别名“机械设计”,4.778491612803624,15.769022322251958,2,是
首都经济贸易大学,CUEB-2024-104,2024级,管理工程学院,安全工程（注册安全工程师）,安全工程（注册安全工程师）,JN0174,人工智能技术,人工智能技术,具体专业技能,人工智能与数据挖掘,0.8,1,1,0,人工智能,课程名称直接出现唯一技能别名“人工智能”,1.312755710003897,1.0502045680031176,17,否
首都经济贸易大学,CUEB-2024-104,2024级,管理工程学院,安全工程（注册安全工程师）,安全工程（注册安全工程师）,JN0258,法律法规知识,法律法规知识,方法、标准与流程,金融风控、投资与合规,0.8,1,0,1,安全生产法律法规 / Laws and Regulations of Safety Production,法规课程,2.139434283188365,1.711547426550692,12,是
首都经济贸易大学,CUEB-2024-104,2024级,管理工程学院,安全工程（注册安全工程师）,安全工程（注册安全工程师）,JN0288,课程设计,课程设计,方法、标准与流程,表达沟通与通用办公协作,0.8,1,1,0,课程设计,课程名称直接出现唯一技能别名“课程设计”,4.085344432243678,3.2682755457949426,7,是
首都经济贸易大学,CUEB-2024-104,2024级,管理工程学院,安全工程（注册安全工程师）,安全工程（注册安全工程师）,JN0397,数理统计,数理统计,工具软件与技术平台,人工智能与数据挖掘,0.8,1,1,0,数理统计,课程名称直接出现唯一技能别名“数理统计”,1.2019413436636068,0.9615530749308855,18,否
首都经济贸易大学,CUEB-2024-104,2024级,管理工程学院,安全工程（注册安全工程师）,安全工程（注册安全工程师）,JN0647,论文写作,论文写作,方法、标准与流程,表达沟通与通用办公协作,0.8,1,1,0,论文写作,课程名称直接出现唯一技能别名“论文写作”,1.4734380916943703,1.1787504733554963,16,否
首都经济贸易大学,CUEB-2024-104,2024级,管理工程学院,安全工程（注册安全工程师）,安全工程（注册安全工程师）,JN0688,安全生产,安全生产,专业知识与行业经验,安全环保与职业健康,6.6,5,5,0,安全管理；安全生产,毕业要求直接出现“安全管理”；核心课程直接出现“安全管理”；培养特色直接出现“安全生产”；课程名称直接出现唯一技能别名“安全管理”；课程名称直接出现唯一技能别名“安全生产”,4.778491612803624,31.538044644503916,1,是
首都经济贸易大学,CUEB-2024-104,2024级,管理工程学院,安全工程（注册安全工程师）,安全工程（注册安全工程师）,JN0690,风险管理,风险管理,专业知识与行业经验,金融风控、投资与合规,0.8,1,1,0,风险管理,课程名称直接出现唯一技能别名“风险管理”,1.916290731874155,1.533032585499324,14,是
首都经济贸易大学,CUEB-2024-104,2024级,管理工程学院,安全工程（注册安全工程师）,安全工程（注册安全工程师）,JN0703,职业健康,职业健康,专业知识与行业经验,安全环保与职业健康,3.3,2,2,0,职业卫生,核心课程直接出现“职业卫生”；课程名称直接出现唯一技能别名“职业卫生”,4.778491612803624,15.769022322251958,3,是
首都经济贸易大学,CUEB-2024-104,2024级,管理工程学院,安全工程（注册安全工程师）,安全工程（注册安全工程师）,JN0706,消防安全,消防安全,专业知识与行业经验,安全环保与职业健康,0.8,1,1,0,应急管理,课程名称直接出现唯一技能别名“应急管理”,4.218875824868201,3.375100659894561,6,是
首都经济贸易大学,CUEB-2024-104,2024级,管理工程学院,安全工程（注册安全工程师）,安全工程（注册安全工程师）,JN0771,团队合作,团队合作,非技术性能力,表达沟通与通用办公协作,1.5,1,1,0,协作能力,毕业要求直接出现“协作能力”,1.4111957828171493,2.116793674225724,10,是
首都经济贸易大学,CUEB-2024-104,2024级,管理工程学院,安全工程（注册安全工程师）,安全工程（注册安全工程师）,JN0779,书面表达,书面表达,非技术性能力,表达沟通与通用办公协作,0.8,1,0,1,应用写作Practical Writing,写作课程,1.0649195460993157,0.8519356368794526,19,否
首都经济贸易大学,CUEB-2024-104,2024级,管理工程学院,安全工程（注册安全工程师）,安全工程（注册安全工程师）,JN0780,诚信与职业道德,诚信与职业道德,非技术性能力,金融风控、投资与合规,1.5,1,1,0,职业道德,毕业要求直接出现“职业道德”,1.0710357731167517,1.6065536596751275,13,否
首都经济贸易大学,CUEB-2024-104,2024级,管理工程学院,安全工程（注册安全工程师）,安全工程（注册安全工程师）,JN0786,管理能力,管理能力,非技术性能力,组织协调与商业执行,1.0,1,1,0,管理能力,培养特色直接出现“管理能力”,2.730798769438368,2.730798769438368,8,是
首都经济贸易大学,CUEB-2024-104,2024级,管理工程学院,安全工程（注册安全工程师）,安全工程（注册安全工程师）,JN0787,领导力,领导力,非技术性能力,组织协调与商业执行,1.5,1,1,0,领导能力,毕业要求直接出现“领导能力”,2.4035858582299516,3.6053787873449274,5,是
首都经济贸易大学,CUEB-2024-104,2024级,管理工程学院,安全工程（注册安全工程师）,安全工程（注册安全工程师）,JN0790,创新能力,创新能力,非技术性能力,视觉设计与数字内容制作,1.5,1,1,0,创新意识,毕业要求直接出现“创新意识”,1.2895886507223624,1.9343829760835436,11,否
首都经济贸易大学,CUEB-2024-105,2024级,管理工程学院,工业工程,工业工程,JN0025,英语,英语,语言能力,供应链与物流管理,0.8,1,1,0,英语,课程名称直接出现唯一技能别名“英语”,1.0,0.8,22,否
首都经济贸易大学,CUEB-2024-105,2024级,管理工程学院,工业工程,工业工程,JN0026,数据分析,数据分析,工具软件与技术平台,人工智能与数据挖掘,0.8,1,1,0,数据分析,课程名称直接出现唯一技能别名“数据分析”,1.5798184952529422,1.2638547962023539,16,否
首都经济贸易大学,CUEB-2024-105,2024级,管理工程学院,工业工程,工业工程,JN0027,Java,Java（编程语言）,工具软件与技术平台,Java后端开发与中间件,0.8,1,1,0,java,课程名称直接出现唯一技能别名“java”,3.5257286443082556,2.8205829154466047,7,是
首都经济贸易大学,CUEB-2024-105,2024级,管理工程学院,工业工程,工业工程,JN0028,项目管理,项目管理,方法、标准与流程,表达沟通与通用办公协作,0.8,1,0,1,工程项目管理（双语） /  Project Management（Bilingual）,项目管理课程,2.7635885922613586,2.2108708738090868,11,是
首都经济贸易大学,CUEB-2024-105,2024级,管理工程学院,工业工程,工业工程,JN0035,质量管理,质量管理,方法、标准与流程,质量管理与持续改进,3.3,2,2,0,质量管理,核心课程直接出现“质量管理”；课程名称直接出现唯一技能别名“质量管理”,4.218875824868201,13.922290222065062,1,是
首都经济贸易大学,CUEB-2024-105,2024级,管理工程学院,工业工程,工业工程,JN0041,Python,Python（编程语言）,工具软件与技术平台,云计算、系统运维与DevOps,0.8,1,1,0,python,课程名称直接出现唯一技能别名“python”,1.5108256237659907,1.2086604990127927,17,否
首都经济贸易大学,CUEB-2024-105,2024级,管理工程学院,工业工程,工业工程,JN0072,统计分析,统计分析,方法、标准与流程,人工智能与数据挖掘,0.8,1,0,1,统计学概论 / Introduction to Statistics,统计方法课程,1.1880522315029396,0.9504417852023517,20,否
首都经济贸易大学,CUEB-2024-105,2024级,管理工程学院,工业工程,工业工程,JN0076,数据处理,数据处理,具体专业技能,大数据工程与数据仓库,1.0,1,1,0,数据处理,培养特色直接出现“数据处理”,2.5812670354674037,2.5812670354674037,8,是
首都经济贸易大学,CUEB-2024-105,2024级,管理工程学院,工业工程,工业工程,JN0136,成本管理,成本管理,方法、标准与流程,财务会计与税务管理,0.8,1,1,0,成本管理,课程名称直接出现唯一技能别名“成本管理”,2.9867321435755683,2.3893857148604547,9,是
首都经济贸易大学,CUEB-2024-105,2024级,管理工程学院,工业工程,工业工程,JN0174,人工智能技术,人工智能技术,具体专业技能,人工智能与数据挖掘,0.8,1,1,0,人工智能,课程名称直接出现唯一技能别名“人工智能”,1.312755710003897,1.0502045680031176,18,否
首都经济贸易大学,CUEB-2024-105,2024级,管理工程学院,工业工程,工业工程,JN0185,供应链管理,供应链管理,方法、标准与流程,供应链与物流管理,0.8,1,0,1,供应链优化技术 / Supply Chain Optimization Technique,供应链课程,2.79749014393704,2.237992115149632,10,是
首都经济贸易大学,CUEB-2024-105,2024级,管理工程学院,工业工程,工业工程,JN0205,精益生产,精益生产,方法、标准与流程,质量管理与持续改进,0.8,1,1,0,lean,课程名称直接出现唯一技能别名“lean”,4.778491612803624,3.822793290242899,2,是
首都经济贸易大学,CUEB-2024-105,2024级,管理工程学院,工业工程,工业工程,JN0288,课程设计,课程设计,方法、标准与流程,表达沟通与通用办公协作,0.8,1,1,0,课程设计,课程名称直接出现唯一技能别名“课程设计”,4.085344432243678,3.2682755457949426,4,是
首都经济贸易大学,CUEB-2024-105,2024级,管理工程学院,工业工程,工业工程,JN0397,数理统计,数理统计,工具软件与技术平台,人工智能与数据挖掘,0.8,1,1,0,数理统计,课程名称直接出现唯一技能别名“数理统计”,1.2019413436636068,0.9615530749308855,19,否
首都经济贸易大学,CUEB-2024-105,2024级,管理工程学院,工业工程,工业工程,JN0690,风险管理,风险管理,专业知识与行业经验,金融风控、投资与合规,0.8,1,1,0,风险管理,课程名称直接出现唯一技能别名“风险管理”,1.916290731874155,1.533032585499324,14,是
首都经济贸易大学,CUEB-2024-105,2024级,管理工程学院,工业工程,工业工程,JN0691,财务管理,财务管理,专业知识与行业经验,财务会计与税务管理,0.8,1,1,0,财务管理,课程名称直接出现唯一技能别名“财务管理”,1.664976303593249,1.3319810428745993,15,否
首都经济贸易大学,CUEB-2024-105,2024级,管理工程学院,工业工程,工业工程,JN0771,团队合作,团队合作,非技术性能力,表达沟通与通用办公协作,2.5,2,2,0,协作能力；协作意识,培养目标直接出现“协作能力”；毕业要求直接出现“协作意识”,1.4111957828171493,3.527989457042873,3,是
首都经济贸易大学,CUEB-2024-105,2024级,管理工程学院,工业工程,工业工程,JN0779,书面表达,书面表达,非技术性能力,表达沟通与通用办公协作,0.8,1,0,1,应用写作 / Practical Writing,写作课程,1.0649195460993157,0.8519356368794526,21,否
首都经济贸易大学,CUEB-2024-105,2024级,管理工程学院,工业工程,工业工程,JN0780,诚信与职业道德,诚信与职业道德,非技术性能力,金融风控、投资与合规,1.5,1,1,0,职业道德,毕业要求直接出现“职业道德”,1.0710357731167517,1.6065536596751275,13,否
首都经济贸易大学,CUEB-2024-105,2024级,管理工程学院,工业工程,工业工程,JN0785,分析判断,分析判断,非技术性能力,组织协调与商业执行,1.0,1,1,0,分析能力,培养特色直接出现“分析能力”,2.121734706088964,2.121734706088964,12,否
首都经济贸易大学,CUEB-2024-105,2024级,管理工程学院,工业工程,工业工程,JN0788,口头表达,口头表达,非技术性能力,表达沟通与通用办公协作,1.5,1,1,0,口头表达,毕业要求直接出现“口头表达”,1.9021060968821986,2.853159145323298,6,是
首都经济贸易大学,CUEB-2024-105,2024级,管理工程学院,工业工程,工业工程,JN0790,创新能力,创新能力,非技术性能力,视觉设计与数字内容制作,2.5,2,2,0,创新能力,培养目标直接出现“创新能力”；毕业要求直接出现“创新能力”,1.2895886507223624,3.223971626805906,5,是
首都经济贸易大学,CUEB-2024-106,2024级,管理工程学院,数据科学与大数据技术（信息技术）,数据科学与大数据技术（信息技术）,JN0025,英语,英语,语言能力,供应链与物流管理,0.8,1,1,0,英语,课程名称直接出现唯一技能别名“英语”,1.0,0.8,22,否
首都经济贸易大学,CUEB-2024-106,2024级,管理工程学院,数据科学与大数据技术（信息技术）,数据科学与大数据技术（信息技术）,JN0026,数据分析,数据分析,工具软件与技术平台,人工智能与数据挖掘,3.6,4,3,1,数据分析；数据科学导论 / Introduction to Data Science,培养目标直接出现“数据分析”；培养特色直接出现“数据分析”；数据分析课程；课程名称直接出现唯一技能别名“数据分析”,1.5798184952529422,5.687346582910592,8,是
首都经济贸易大学,CUEB-2024-106,2024级,管理工程学院,数据科学与大数据技术（信息技术）,数据科学与大数据技术（信息技术）,JN0027,Java,Java（编程语言）,工具软件与技术平台,Java后端开发与中间件,3.3,2,2,0,Java；java,核心课程直接出现“Java”；课程名称直接出现唯一技能别名“java”,3.5257286443082556,11.634904526217243,2,是
首都经济贸易大学,CUEB-2024-106,2024级,管理工程学院,数据科学与大数据技术（信息技术）,数据科学与大数据技术（信息技术）,JN0041,Python,Python（编程语言）,工具软件与技术平台,云计算、系统运维与DevOps,3.3,2,2,0,Python；python,核心课程直接出现“Python”；课程名称直接出现唯一技能别名“python”,1.5108256237659907,4.985724558427769,9,是
首都经济贸易大学,CUEB-2024-106,2024级,管理工程学院,数据科学与大数据技术（信息技术）,数据科学与大数据技术（信息技术）,JN0072,统计分析,统计分析,方法、标准与流程,人工智能与数据挖掘,2.4000000000000004,3,0,3,回归分析 Regression Analysis；抽样技术与应用 Sampling technique and Application；时间序列分析 / Time Series,统计方法课程,1.1880522315029396,2.8513253556070555,12,是
首都经济贸易大学,CUEB-2024-106,2024级,管理工程学院,数据科学与大数据技术（信息技术）,数据科学与大数据技术（信息技术）,JN0076,数据处理,数据处理,具体专业技能,大数据工程与数据仓库,0.8,1,0,1,大数据预处理 / Big Data Preprocessing,数据处理课程,2.5812670354674037,2.065013628373923,17,否
首都经济贸易大学,CUEB-2024-106,2024级,管理工程学院,数据科学与大数据技术（信息技术）,数据科学与大数据技术（信息技术）,JN0143,机器学习,机器学习,方法、标准与流程,人工智能与数据挖掘,3.3,2,2,0,机器学习,核心课程直接出现“机器学习”；课程名称直接出现唯一技能别名“机器学习”,2.3361445774344194,7.709277105533584,7,是
首都经济贸易大学,CUEB-2024-106,2024级,管理工程学院,数据科学与大数据技术（信息技术）,数据科学与大数据技术（信息技术）,JN0145,数据挖掘,数据挖掘,工具软件与技术平台,人工智能与数据挖掘,3.3,2,2,0,数据挖掘,核心课程直接出现“数据挖掘”；课程名称直接出现唯一技能别名“数据挖掘”,2.4271163556401456,8.00948397361248,6,是
首都经济贸易大学,CUEB-2024-106,2024级,管理工程学院,数据科学与大数据技术（信息技术）,数据科学与大数据技术（信息技术）,JN0172,数据建模,数据建模,工具软件与技术平台,大数据工程与数据仓库,1.5,1,1,0,数据建模,毕业要求直接出现“数据建模”,2.730798769438368,4.096198154157552,10,是
首都经济贸易大学,CUEB-2024-106,2024级,管理工程学院,数据科学与大数据技术（信息技术）,数据科学与大数据技术（信息技术）,JN0174,人工智能技术,人工智能技术,具体专业技能,人工智能与数据挖掘,0.8,1,1,0,人工智能,课程名称直接出现唯一技能别名“人工智能”,1.312755710003897,1.0502045680031176,20,否
首都经济贸易大学,CUEB-2024-106,2024级,管理工程学院,数据科学与大数据技术（信息技术）,数据科学与大数据技术（信息技术）,JN0184,数据仓库,数据仓库,工具软件与技术平台,大数据工程与数据仓库,3.3,2,2,0,数据仓库,核心课程直接出现“数据仓库”；课程名称直接出现唯一技能别名“数据仓库”,3.9675613965872945,13.092952608738072,1,是
首都经济贸易大学,CUEB-2024-106,2024级,管理工程学院,数据科学与大数据技术（信息技术）,数据科学与大数据技术（信息技术）,JN0211,数据结构与算法,数据结构与算法,方法、标准与流程,网络通信与软件开发基础,0.8,1,0,1,数据结构 / Data Structure,数据结构课程,2.79749014393704,2.237992115149632,16,否
首都经济贸易大学,CUEB-2024-106,2024级,管理工程学院,数据科学与大数据技术（信息技术）,数据科学与大数据技术（信息技术）,JN0222,面向对象编程,面向对象编程,方法、标准与流程,Web前端开发,3.3,2,2,0,面向对象程序设计,核心课程直接出现“面向对象程序设计”；课程名称直接出现唯一技能别名“面向对象程序设计”,3.2744142160273495,10.805566912890253,3,是
首都经济贸易大学,CUEB-2024-106,2024级,管理工程学院,数据科学与大数据技术（信息技术）,数据科学与大数据技术（信息技术）,JN0279,自然语言处理,自然语言处理,方法、标准与流程,人工智能与数据挖掘,0.8,1,1,0,自然语言处理,课程名称直接出现唯一技能别名“自然语言处理”,3.5257286443082556,2.8205829154466047,13,否
首都经济贸易大学,CUEB-2024-106,2024级,管理工程学院,数据科学与大数据技术（信息技术）,数据科学与大数据技术（信息技术）,JN0413,算法建模,算法建模,方法、标准与流程,人工智能与数据挖掘,0.8,1,0,1,数据科学算法Algorithm in Data Science,算法课程,3.331572629867298,2.6652581038938385,14,否
首都经济贸易大学,CUEB-2024-106,2024级,管理工程学院,数据科学与大数据技术（信息技术）,数据科学与大数据技术（信息技术）,JN0540,预测模型,预测模型,方法、标准与流程,人工智能与数据挖掘,0.8,1,0,1,统计预测与决策（双语）Statistical Prediction and Decision （Bilingual）,预测方法课程,3.169053700369523,2.535242960295619,15,否
首都经济贸易大学,CUEB-2024-106,2024级,管理工程学院,数据科学与大数据技术（信息技术）,数据科学与大数据技术（信息技术）,JN0584,时间序列,时间序列,方法、标准与流程,人工智能与数据挖掘,3.3,2,2,0,时间序列,核心课程直接出现“时间序列”；课程名称直接出现唯一技能别名“时间序列”,2.8689491079191853,9.467532056133312,5,是
首都经济贸易大学,CUEB-2024-106,2024级,管理工程学院,数据科学与大数据技术（信息技术）,数据科学与大数据技术（信息技术）,JN0686,数据库技术,数据库技术,专业知识与行业经验,Java后端开发与中间件,4.1,3,3,0,数据库原理；数据库,核心课程直接出现“数据库原理”；课程名称直接出现唯一技能别名“数据库”；课程名称直接出现唯一技能别名“数据库原理”,2.3361445774344194,9.578192767481118,4,是
首都经济贸易大学,CUEB-2024-106,2024级,管理工程学院,数据科学与大数据技术（信息技术）,数据科学与大数据技术（信息技术）,JN0687,操作系统,操作系统,专业知识与行业经验,网络通信与软件开发基础,0.8,1,1,0,操作系统,课程名称直接出现唯一技能别名“操作系统”,3.9675613965872945,3.1740491172698357,11,是
首都经济贸易大学,CUEB-2024-106,2024级,管理工程学院,数据科学与大数据技术（信息技术）,数据科学与大数据技术（信息技术）,JN0771,团队合作,团队合作,非技术性能力,表达沟通与通用办公协作,1.0,1,1,0,团队协作,培养特色直接出现“团队协作”,1.4111957828171493,1.4111957828171493,19,否
首都经济贸易大学,CUEB-2024-106,2024级,管理工程学院,数据科学与大数据技术（信息技术）,数据科学与大数据技术（信息技术）,JN0779,书面表达,书面表达,非技术性能力,表达沟通与通用办公协作,0.8,1,0,1,应用写作 / Practical Writing,写作课程,1.0649195460993157,0.8519356368794526,21,否
首都经济贸易大学,CUEB-2024-106,2024级,管理工程学院,数据科学与大数据技术（信息技术）,数据科学与大数据技术（信息技术）,JN0780,诚信与职业道德,诚信与职业道德,非技术性能力,金融风控、投资与合规,1.5,1,1,0,职业道德,毕业要求直接出现“职业道德”,1.0710357731167517,1.6065536596751275,18,否
首都经济贸易大学,CUEB-2024-107,2024级,管理工程学院,计算机科学与技术,计算机科学与技术,JN0025,英语,英语,语言能力,供应链与物流管理,0.8,1,1,0,英语,课程名称直接出现唯一技能别名“英语”,1.0,0.8,30,否
首都经济贸易大学,CUEB-2024-107,2024级,管理工程学院,计算机科学与技术,计算机科学与技术,JN0027,Java,Java（编程语言）,工具软件与技术平台,Java后端开发与中间件,0.8,1,1,0,java,课程名称直接出现唯一技能别名“java”,3.5257286443082556,2.8205829154466047,18,否
首都经济贸易大学,CUEB-2024-107,2024级,管理工程学院,计算机科学与技术,计算机科学与技术,JN0029,Excel,Excel（办公软件与通用数字工具）,方法、标准与流程,表达沟通与通用办公协作,0.8,1,1,0,excel,课程名称直接出现唯一技能别名“excel”,2.1574527886910433,1.7259622309528346,26,否
首都经济贸易大学,CUEB-2024-107,2024级,管理工程学院,计算机科学与技术,计算机科学与技术,JN0041,Python,Python（编程语言）,工具软件与技术平台,云计算、系统运维与DevOps,0.8,1,1,0,python,课程名称直接出现唯一技能别名“python”,1.5108256237659907,1.2086604990127927,27,否
首都经济贸易大学,CUEB-2024-107,2024级,管理工程学院,计算机科学与技术,计算机科学与技术,JN0078,C#,C#（编程语言）,工具软件与技术平台,网络通信与软件开发基础,0.8,1,1,0,c#,课程名称直接出现唯一技能别名“c#”,4.778491612803624,3.822793290242899,10,是
首都经济贸易大学,CUEB-2024-107,2024级,管理工程学院,计算机科学与技术,计算机科学与技术,JN0079,电路设计,电路设计,方法、标准与流程,嵌入式与电子硬件开发,3.3,2,2,0,数字电路,核心课程直接出现“数字电路”；课程名称直接出现唯一技能别名“数字电路”,4.778491612803624,15.769022322251958,1,是
首都经济贸易大学,CUEB-2024-107,2024级,管理工程学院,计算机科学与技术,计算机科学与技术,JN0091,云计算,云计算,工具软件与技术平台,云计算、系统运维与DevOps,1.0,1,1,0,云计算,培养特色直接出现“云计算”,3.120263536200091,3.120263536200091,16,否
首都经济贸易大学,CUEB-2024-107,2024级,管理工程学院,计算机科学与技术,计算机科学与技术,JN0110,Hadoop,Hadoop（开发框架）,工具软件与技术平台,大数据工程与数据仓库,0.8,1,1,0,hadoop,课程名称直接出现唯一技能别名“hadoop”,4.555348061489413,3.6442784491915305,14,否
首都经济贸易大学,CUEB-2024-107,2024级,管理工程学院,计算机科学与技术,计算机科学与技术,JN0125,PHP,PHP（编程语言）,工具软件与技术平台,网络通信与软件开发基础,0.8,1,1,0,php,课程名称直接出现唯一技能别名“php”,5.0661736852554045,4.052938948204324,8,是
首都经济贸易大学,CUEB-2024-107,2024级,管理工程学院,计算机科学与技术,计算机科学与技术,JN0145,数据挖掘,数据挖掘,工具软件与技术平台,人工智能与数据挖掘,0.8,1,1,0,数据挖掘,课程名称直接出现唯一技能别名“数据挖掘”,2.4271163556401456,1.9416930845121165,24,否
首都经济贸易大学,CUEB-2024-107,2024级,管理工程学院,计算机科学与技术,计算机科学与技术,JN0155,网络编程,网络编程,工具软件与技术平台,网络通信与软件开发基础,2.5,1,1,0,网络编程,核心课程直接出现“网络编程”,5.0661736852554045,12.66543421313851,3,是
首都经济贸易大学,CUEB-2024-107,2024级,管理工程学院,计算机科学与技术,计算机科学与技术,JN0174,人工智能技术,人工智能技术,具体专业技能,人工智能与数据挖掘,6.8,5,5,0,人工智能技术；人工智能,培养目标直接出现“人工智能技术”；毕业要求直接出现“人工智能”；核心课程直接出现“人工智能”；培养特色直接出现“人工智能”；课程名称直接出现唯一技能别名“人工智能”,1.312755710003897,8.9267388280265,6,是
首都经济贸易大学,CUEB-2024-107,2024级,管理工程学院,计算机科学与技术,计算机科学与技术,JN0211,数据结构与算法,数据结构与算法,方法、标准与流程,网络通信与软件开发基础,0.8,1,0,1,数据结构 / Data Structures,数据结构课程,2.79749014393704,2.237992115149632,22,否
首都经济贸易大学,CUEB-2024-107,2024级,管理工程学院,计算机科学与技术,计算机科学与技术,JN0222,面向对象编程,面向对象编程,方法、标准与流程,Web前端开发,3.3,2,2,0,面向对象程序设计,核心课程直接出现“面向对象程序设计”；课程名称直接出现唯一技能别名“面向对象程序设计”,3.2744142160273495,10.805566912890253,4,是
首都经济贸易大学,CUEB-2024-107,2024级,管理工程学院,计算机科学与技术,计算机科学与技术,JN0256,授课,授课,方法、标准与流程,表达沟通与通用办公协作,1.0,1,1,0,课堂教学,培养特色直接出现“课堂教学”,2.4759065198095778,2.4759065198095778,21,否
首都经济贸易大学,CUEB-2024-107,2024级,管理工程学院,计算机科学与技术,计算机科学与技术,JN0310,三维建模,三维建模,方法、标准与流程,机械设计与制造,0.8,1,1,0,三维建模,课程名称直接出现唯一技能别名“三维建模”,4.778491612803624,3.822793290242899,11,是
首都经济贸易大学,CUEB-2024-107,2024级,管理工程学院,计算机科学与技术,计算机科学与技术,JN0387,动画制作,动画制作,方法、标准与流程,视觉设计与数字内容制作,0.8,1,1,0,动画制作,课程名称直接出现唯一技能别名“动画制作”,4.778491612803624,3.822793290242899,12,是
首都经济贸易大学,CUEB-2024-107,2024级,管理工程学院,计算机科学与技术,计算机科学与技术,JN0397,数理统计,数理统计,工具软件与技术平台,人工智能与数据挖掘,3.3,2,2,0,数理统计,核心课程直接出现“数理统计”；课程名称直接出现唯一技能别名“数理统计”,1.2019413436636068,3.9664064340899023,9,是
首都经济贸易大学,CUEB-2024-107,2024级,管理工程学院,计算机科学与技术,计算机科学与技术,JN0403,推荐算法,推荐算法,方法、标准与流程,人工智能与数据挖掘,0.8,1,1,0,推荐系统,课程名称直接出现唯一技能别名“推荐系统”,4.778491612803624,3.822793290242899,13,否
首都经济贸易大学,CUEB-2024-107,2024级,管理工程学院,计算机科学与技术,计算机科学与技术,JN0557,Excel高级应用,Excel高级应用（电子表格高级应用）,工具软件与技术平台,财务会计与税务管理,0.8,1,1,0,excel高级应用,课程名称直接出现唯一技能别名“excel高级应用”,2.2729656758128876,1.8183725406503102,25,否
首都经济贸易大学,CUEB-2024-107,2024级,管理工程学院,计算机科学与技术,计算机科学与技术,JN0647,论文写作,论文写作,方法、标准与流程,表达沟通与通用办公协作,0.8,1,0,1,学术写作与专业前沿 / Academic Writing and Professional Frontiers,学术写作课程,1.4734380916943703,1.1787504733554963,28,否
首都经济贸易大学,CUEB-2024-107,2024级,管理工程学院,计算机科学与技术,计算机科学与技术,JN0686,数据库技术,数据库技术,专业知识与行业经验,Java后端开发与中间件,4.1,3,3,0,数据库原理；数据库,核心课程直接出现“数据库原理”；课程名称直接出现唯一技能别名“数据库”；课程名称直接出现唯一技能别名“数据库原理”,2.3361445774344194,9.578192767481118,5,是
首都经济贸易大学,CUEB-2024-107,2024级,管理工程学院,计算机科学与技术,计算机科学与技术,JN0687,操作系统,操作系统,专业知识与行业经验,网络通信与软件开发基础,3.3,2,2,0,操作系统,核心课程直接出现“操作系统”；课程名称直接出现唯一技能别名“操作系统”,3.9675613965872945,13.092952608738072,2,是
首都经济贸易大学,CUEB-2024-107,2024级,管理工程学院,计算机科学与技术,计算机科学与技术,JN0770,沟通能力,沟通能力,非技术性能力,组织协调与商业执行,1.5,1,1,0,沟通协调,毕业要求直接出现“沟通协调”,1.7953381214564925,2.693007182184739,19,否
首都经济贸易大学,CUEB-2024-107,2024级,管理工程学院,计算机科学与技术,计算机科学与技术,JN0771,团队合作,团队合作,非技术性能力,表达沟通与通用办公协作,1.5,1,1,0,协作意识,毕业要求直接出现“协作意识”,1.4111957828171493,2.116793674225724,23,否
首都经济贸易大学,CUEB-2024-107,2024级,管理工程学院,计算机科学与技术,计算机科学与技术,JN0773,组织协调,组织协调,非技术性能力,组织协调与商业执行,1.5,1,1,0,协调能力,毕业要求直接出现“协调能力”,2.83258146374831,4.248872195622465,7,是
首都经济贸易大学,CUEB-2024-107,2024级,管理工程学院,计算机科学与技术,计算机科学与技术,JN0779,书面表达,书面表达,非技术性能力,表达沟通与通用办公协作,0.8,1,0,1,应用写作 / Practical Writing,写作课程,1.0649195460993157,0.8519356368794526,29,否
首都经济贸易大学,CUEB-2024-107,2024级,管理工程学院,计算机科学与技术,计算机科学与技术,JN0780,诚信与职业道德,诚信与职业道德,非技术性能力,金融风控、投资与合规,2.5,2,2,0,职业道德,培养目标直接出现“职业道德”；毕业要求直接出现“职业道德”,1.0710357731167517,2.677589432791879,20,否
首都经济贸易大学,CUEB-2024-107,2024级,管理工程学院,计算机科学与技术,计算机科学与技术,JN0788,口头表达,口头表达,非技术性能力,表达沟通与通用办公协作,1.5,1,1,0,口头表达,毕业要求直接出现“口头表达”,1.9021060968821986,2.853159145323298,17,否
首都经济贸易大学,CUEB-2024-107,2024级,管理工程学院,计算机科学与技术,计算机科学与技术,JN0790,创新能力,创新能力,非技术性能力,视觉设计与数字内容制作,2.5,2,2,0,创新能力,毕业要求直接出现“创新能力”；培养特色直接出现“创新能力”,1.2895886507223624,3.223971626805906,15,否
首都经济贸易大学,CUEB-2024-108,2024级,财政税务学院,税收学（税务师）,税收学（税务师）,JN0002,预算,预算,职业职能与业务活动,财务会计与税务管理,0.8,1,1,0,预算,课程名称直接出现唯一技能别名“预算”,3.8622008809294686,3.089760704743575,5,是
首都经济贸易大学,CUEB-2024-108,2024级,财政税务学院,税收学（税务师）,税收学（税务师）,JN0025,英语,英语,语言能力,供应链与物流管理,2.3,2,2,0,英语,毕业要求直接出现“英语”；课程名称直接出现唯一技能别名“英语”,1.0,2.3,8,是
首都经济贸易大学,CUEB-2024-108,2024级,财政税务学院,税收学（税务师）,税收学（税务师）,JN0072,统计分析,统计分析,方法、标准与流程,人工智能与数据挖掘,1.6,2,0,2,统计学Statistics；计量经济学Econometrics,统计方法课程,1.1880522315029396,1.9008835704047033,11,是
首都经济贸易大学,CUEB-2024-108,2024级,财政税务学院,税收学（税务师）,税收学（税务师）,JN0109,会计核算,会计核算,方法、标准与流程,财务会计与税务管理,2.4000000000000004,3,0,3,会计学基础Accounting Fundamentals；财务会计学Financial Accounting；高级财务会计Advanced Financial Accounting,会计课程,1.2895886507223624,3.09501276173367,4,是
首都经济贸易大学,CUEB-2024-108,2024级,财政税务学院,税收学（税务师）,税收学（税务师）,JN0136,成本管理,成本管理,方法、标准与流程,财务会计与税务管理,0.8,1,1,0,成本管理,课程名称直接出现唯一技能别名“成本管理”,2.9867321435755683,2.3893857148604547,7,是
首都经济贸易大学,CUEB-2024-108,2024级,财政税务学院,税收学（税务师）,税收学（税务师）,JN0159,税务筹划,税务筹划,具体专业技能,财务会计与税务管理,1.0,1,1,0,税务筹划,培养目标直接出现“税务筹划”,3.392197251683733,3.392197251683733,3,是
首都经济贸易大学,CUEB-2024-108,2024级,财政税务学院,税收学（税务师）,税收学（税务师）,JN0174,人工智能技术,人工智能技术,具体专业技能,人工智能与数据挖掘,0.8,1,1,0,人工智能,课程名称直接出现唯一技能别名“人工智能”,1.312755710003897,1.0502045680031176,16,否
首都经济贸易大学,CUEB-2024-108,2024级,财政税务学院,税收学（税务师）,税收学（税务师）,JN0397,数理统计,数理统计,工具软件与技术平台,人工智能与数据挖掘,0.8,1,1,0,数理统计,课程名称直接出现唯一技能别名“数理统计”,1.2019413436636068,0.9615530749308855,17,否
首都经济贸易大学,CUEB-2024-108,2024级,财政税务学院,税收学（税务师）,税收学（税务师）,JN0647,论文写作,论文写作,方法、标准与流程,表达沟通与通用办公协作,0.8,1,1,0,论文写作,课程名称直接出现唯一技能别名“论文写作”,1.4734380916943703,1.1787504733554963,15,否
首都经济贸易大学,CUEB-2024-108,2024级,财政税务学院,税收学（税务师）,税收学（税务师）,JN0686,数据库技术,数据库技术,专业知识与行业经验,Java后端开发与中间件,0.8,1,1,0,数据库,课程名称直接出现唯一技能别名“数据库”,2.3361445774344194,1.8689156619475356,12,是
首都经济贸易大学,CUEB-2024-108,2024级,财政税务学院,税收学（税务师）,税收学（税务师）,JN0690,风险管理,风险管理,专业知识与行业经验,金融风控、投资与合规,0.8,1,1,0,风险管理,课程名称直接出现唯一技能别名“风险管理”,1.916290731874155,1.533032585499324,14,是
首都经济贸易大学,CUEB-2024-108,2024级,财政税务学院,税收学（税务师）,税收学（税务师）,JN0691,财务管理,财务管理,专业知识与行业经验,财务会计与税务管理,3.3,2,2,0,财务管理,核心课程直接出现“财务管理”；课程名称直接出现唯一技能别名“财务管理”,1.664976303593249,5.4944218018577216,1,是
首都经济贸易大学,CUEB-2024-108,2024级,财政税务学院,税收学（税务师）,税收学（税务师）,JN0743,CPA,注册会计师资格（CPA）,证书与资质,财务会计与税务管理,1.0,1,1,0,注册会计师,培养特色直接出现“注册会计师”,4.218875824868201,4.218875824868201,2,否
首都经济贸易大学,CUEB-2024-108,2024级,财政税务学院,税收学（税务师）,税收学（税务师）,JN0771,团队合作,团队合作,非技术性能力,表达沟通与通用办公协作,1.5,1,1,0,团队合作,毕业要求直接出现“团队合作”,1.4111957828171493,2.116793674225724,10,是
首都经济贸易大学,CUEB-2024-108,2024级,财政税务学院,税收学（税务师）,税收学（税务师）,JN0779,书面表达,书面表达,非技术性能力,表达沟通与通用办公协作,0.8,1,0,1,应用写作 / Practical Writing,写作课程,1.0649195460993157,0.8519356368794526,18,否
首都经济贸易大学,CUEB-2024-108,2024级,财政税务学院,税收学（税务师）,税收学（税务师）,JN0780,诚信与职业道德,诚信与职业道德,非技术性能力,金融风控、投资与合规,1.5,1,1,0,职业道德,毕业要求直接出现“职业道德”,1.0710357731167517,1.6065536596751275,13,否
首都经济贸易大学,CUEB-2024-108,2024级,财政税务学院,税收学（税务师）,税收学（税务师）,JN0785,分析判断,分析判断,非技术性能力,组织协调与商业执行,1.0,1,1,0,分析能力,培养目标直接出现“分析能力”,2.121734706088964,2.121734706088964,9,是
首都经济贸易大学,CUEB-2024-108,2024级,财政税务学院,税收学（税务师）,税收学（税务师）,JN0790,创新能力,创新能力,非技术性能力,视觉设计与数字内容制作,2.0,2,2,0,创新能力,培养目标直接出现“创新能力”；培养特色直接出现“创新能力”,1.2895886507223624,2.579177301444725,6,是
首都经济贸易大学,CUEB-2024-109,2024级,财政税务学院,财政学（实验班）,财政学（实验班）,JN0002,预算,预算,职业职能与业务活动,财务会计与税务管理,3.3,2,2,0,预算,核心课程直接出现“预算”；课程名称直接出现唯一技能别名“预算”,3.8622008809294686,12.745262907067245,1,是
首都经济贸易大学,CUEB-2024-109,2024级,财政税务学院,财政学（实验班）,财政学（实验班）,JN0024,Office办公软件,Office办公软件（办公套件）,工具软件与技术平台,表达沟通与通用办公协作,0.8,1,0,1,计算机应用  / Computer Application,通用计算机应用课程,2.037651588878423,1.6301212711027384,11,是
首都经济贸易大学,CUEB-2024-109,2024级,财政税务学院,财政学（实验班）,财政学（实验班）,JN0025,英语,英语,语言能力,供应链与物流管理,1.8,2,2,0,英语,培养特色直接出现“英语”；课程名称直接出现唯一技能别名“英语”,1.0,1.8,10,是
首都经济贸易大学,CUEB-2024-109,2024级,财政税务学院,财政学（实验班）,财政学（实验班）,JN0072,统计分析,统计分析,方法、标准与流程,人工智能与数据挖掘,1.6,2,0,2,统计学Statistics；计量经济学Econometrics,统计方法课程,1.1880522315029396,1.9008835704047033,8,是
首都经济贸易大学,CUEB-2024-109,2024级,财政税务学院,财政学（实验班）,财政学（实验班）,JN0109,会计核算,会计核算,方法、标准与流程,财务会计与税务管理,1.6,2,0,2,会计学基础Accounting Fundamentals；财务会计学Financial Accounting,会计课程,1.2895886507223624,2.06334184115578,6,是
首都经济贸易大学,CUEB-2024-109,2024级,财政税务学院,财政学（实验班）,财政学（实验班）,JN0136,成本管理,成本管理,方法、标准与流程,财务会计与税务管理,0.8,1,1,0,成本管理,课程名称直接出现唯一技能别名“成本管理”,2.9867321435755683,2.3893857148604547,4,是
首都经济贸易大学,CUEB-2024-109,2024级,财政税务学院,财政学（实验班）,财政学（实验班）,JN0256,授课,授课,方法、标准与流程,表达沟通与通用办公协作,1.0,1,1,0,授课,培养特色直接出现“授课”,2.4759065198095778,2.4759065198095778,3,是
首都经济贸易大学,CUEB-2024-109,2024级,财政税务学院,财政学（实验班）,财政学（实验班）,JN0397,数理统计,数理统计,工具软件与技术平台,人工智能与数据挖掘,0.8,1,1,0,数理统计,课程名称直接出现唯一技能别名“数理统计”,1.2019413436636068,0.9615530749308855,15,否
首都经济贸易大学,CUEB-2024-109,2024级,财政税务学院,财政学（实验班）,财政学（实验班）,JN0647,论文写作,论文写作,方法、标准与流程,表达沟通与通用办公协作,0.8,1,1,0,论文写作,课程名称直接出现唯一技能别名“论文写作”,1.4734380916943703,1.1787504733554963,14,否
首都经济贸易大学,CUEB-2024-109,2024级,财政税务学院,财政学（实验班）,财政学（实验班）,JN0686,数据库技术,数据库技术,专业知识与行业经验,Java后端开发与中间件,0.8,1,1,0,数据库,课程名称直接出现唯一技能别名“数据库”,2.3361445774344194,1.8689156619475356,9,是
首都经济贸易大学,CUEB-2024-109,2024级,财政税务学院,财政学（实验班）,财政学（实验班）,JN0690,风险管理,风险管理,专业知识与行业经验,金融风控、投资与合规,0.8,1,1,0,风险管理,课程名称直接出现唯一技能别名“风险管理”,1.916290731874155,1.533032585499324,13,否
首都经济贸易大学,CUEB-2024-109,2024级,财政税务学院,财政学（实验班）,财政学（实验班）,JN0691,财务管理,财务管理,专业知识与行业经验,财务会计与税务管理,4.3,3,3,0,财务管理,培养目标直接出现“财务管理”；核心课程直接出现“财务管理”；课程名称直接出现唯一技能别名“财务管理”,1.664976303593249,7.15939810545097,2,是
首都经济贸易大学,CUEB-2024-109,2024级,财政税务学院,财政学（实验班）,财政学（实验班）,JN0771,团队合作,团队合作,非技术性能力,表达沟通与通用办公协作,1.5,1,1,0,协作意识,毕业要求直接出现“协作意识”,1.4111957828171493,2.116793674225724,5,是
首都经济贸易大学,CUEB-2024-109,2024级,财政税务学院,财政学（实验班）,财政学（实验班）,JN0779,书面表达,书面表达,非技术性能力,表达沟通与通用办公协作,0.8,1,0,1,应用写作 / Practical Writing,写作课程,1.0649195460993157,0.8519356368794526,16,否
首都经济贸易大学,CUEB-2024-109,2024级,财政税务学院,财政学（实验班）,财政学（实验班）,JN0780,诚信与职业道德,诚信与职业道德,非技术性能力,金融风控、投资与合规,1.5,1,1,0,职业道德,毕业要求直接出现“职业道德”,1.0710357731167517,1.6065536596751275,12,是
首都经济贸易大学,CUEB-2024-109,2024级,财政税务学院,财政学（实验班）,财政学（实验班）,JN0790,创新能力,创新能力,非技术性能力,视觉设计与数字内容制作,1.5,1,1,0,创新能力,毕业要求直接出现“创新能力”,1.2895886507223624,1.9343829760835436,7,是
首都经济贸易大学,CUEB-2024-110,2024级,财政税务学院,资产评估（评估师）,资产评估（评估师）,JN0025,英语,英语,语言能力,供应链与物流管理,0.8,1,1,0,英语,课程名称直接出现唯一技能别名“英语”,1.0,0.8,17,否
首都经济贸易大学,CUEB-2024-110,2024级,财政税务学院,资产评估（评估师）,资产评估（评估师）,JN0072,统计分析,统计分析,方法、标准与流程,人工智能与数据挖掘,1.6,2,0,2,统计学 Statistics；计量经济学  /  Econometrics,统计方法课程,1.1880522315029396,1.9008835704047033,10,是
首都经济贸易大学,CUEB-2024-110,2024级,财政税务学院,资产评估（评估师）,资产评估（评估师）,JN0108,财务报表,财务报表,具体专业技能,财务会计与税务管理,4.1,3,3,0,财务报表；报表分析,核心课程直接出现“财务报表”；课程名称直接出现唯一技能别名“财务报表”；课程名称直接出现唯一技能别名“报表分析”,3.9675613965872945,16.267001726007905,1,是
首都经济贸易大学,CUEB-2024-110,2024级,财政税务学院,资产评估（评估师）,资产评估（评估师）,JN0109,会计核算,会计核算,方法、标准与流程,财务会计与税务管理,1.6,2,0,2,会计学基础 Essentials of Accounting；财务会计学 Financial Accounting,会计课程,1.2895886507223624,2.06334184115578,8,是
首都经济贸易大学,CUEB-2024-110,2024级,财政税务学院,资产评估（评估师）,资产评估（评估师）,JN0136,成本管理,成本管理,方法、标准与流程,财务会计与税务管理,0.8,1,1,0,成本管理,课程名称直接出现唯一技能别名“成本管理”,2.9867321435755683,2.3893857148604547,6,是
首都经济贸易大学,CUEB-2024-110,2024级,财政税务学院,资产评估（评估师）,资产评估（评估师）,JN0174,人工智能技术,人工智能技术,具体专业技能,人工智能与数据挖掘,0.8,1,1,0,人工智能,课程名称直接出现唯一技能别名“人工智能”,1.312755710003897,1.0502045680031176,14,否
首都经济贸易大学,CUEB-2024-110,2024级,财政税务学院,资产评估（评估师）,资产评估（评估师）,JN0258,法律法规知识,法律法规知识,方法、标准与流程,金融风控、投资与合规,0.8,1,0,1,经济法 Economic Law,法规课程,2.139434283188365,1.711547426550692,12,是
首都经济贸易大学,CUEB-2024-110,2024级,财政税务学院,资产评估（评估师）,资产评估（评估师）,JN0365,文献检索,文献检索,方法、标准与流程,医药研发与药事管理,1.5,1,1,0,文献检索,毕业要求直接出现“文献检索”,3.2744142160273495,4.9116213240410245,3,是
首都经济贸易大学,CUEB-2024-110,2024级,财政税务学院,资产评估（评估师）,资产评估（评估师）,JN0397,数理统计,数理统计,工具软件与技术平台,人工智能与数据挖掘,0.8,1,1,0,数理统计,课程名称直接出现唯一技能别名“数理统计”,1.2019413436636068,0.9615530749308855,15,否
首都经济贸易大学,CUEB-2024-110,2024级,财政税务学院,资产评估（评估师）,资产评估（评估师）,JN0686,数据库技术,数据库技术,专业知识与行业经验,Java后端开发与中间件,0.8,1,1,0,数据库,课程名称直接出现唯一技能别名“数据库”,2.3361445774344194,1.8689156619475356,11,是
首都经济贸易大学,CUEB-2024-110,2024级,财政税务学院,资产评估（评估师）,资产评估（评估师）,JN0690,风险管理,风险管理,专业知识与行业经验,金融风控、投资与合规,0.8,1,1,0,风险管理,课程名称直接出现唯一技能别名“风险管理”,1.916290731874155,1.533032585499324,13,是
首都经济贸易大学,CUEB-2024-110,2024级,财政税务学院,资产评估（评估师）,资产评估（评估师）,JN0691,财务管理,财务管理,专业知识与行业经验,财务会计与税务管理,3.3,2,2,0,财务管理,核心课程直接出现“财务管理”；课程名称直接出现唯一技能别名“财务管理”,1.664976303593249,5.4944218018577216,2,是
首都经济贸易大学,CUEB-2024-110,2024级,财政税务学院,资产评估（评估师）,资产评估（评估师）,JN0771,团队合作,团队合作,非技术性能力,表达沟通与通用办公协作,1.5,1,1,0,协作意识,毕业要求直接出现“协作意识”,1.4111957828171493,2.116793674225724,7,是
首都经济贸易大学,CUEB-2024-110,2024级,财政税务学院,资产评估（评估师）,资产评估（评估师）,JN0779,书面表达,书面表达,非技术性能力,表达沟通与通用办公协作,0.8,1,0,1,应用写作 / Practical Writing,写作课程,1.0649195460993157,0.8519356368794526,16,否
首都经济贸易大学,CUEB-2024-110,2024级,财政税务学院,资产评估（评估师）,资产评估（评估师）,JN0780,诚信与职业道德,诚信与职业道德,非技术性能力,金融风控、投资与合规,2.5,2,2,0,职业道德,毕业要求直接出现“职业道德”；培养特色直接出现“职业道德”,1.0710357731167517,2.677589432791879,5,是
首都经济贸易大学,CUEB-2024-110,2024级,财政税务学院,资产评估（评估师）,资产评估（评估师）,JN0788,口头表达,口头表达,非技术性能力,表达沟通与通用办公协作,1.5,1,1,0,口头表达,毕业要求直接出现“口头表达”,1.9021060968821986,2.853159145323298,4,是
首都经济贸易大学,CUEB-2024-110,2024级,财政税务学院,资产评估（评估师）,资产评估（评估师）,JN0790,创新能力,创新能力,非技术性能力,视觉设计与数字内容制作,1.5,1,1,0,创新能力,毕业要求直接出现“创新能力”,1.2895886507223624,1.9343829760835436,9,否
首都经济贸易大学,CUEB-2024-111,2024级,法学院,法学,ทจัง,JN0025,英语,英语,语言能力,供应链与物流管理,0.8,1,1,0,英语,课程名称直接出现唯一技能别名“英语”,1.0,0.8,15,否
首都经济贸易大学,CUEB-2024-111,2024级,法学院,法学,ทจัง,JN0029,Excel,Excel（办公软件与通用数字工具）,方法、标准与流程,表达沟通与通用办公协作,0.8,1,1,0,excel,课程名称直接出现唯一技能别名“excel”,2.1574527886910433,1.7259622309528346,9,是
首都经济贸易大学,CUEB-2024-111,2024级,法学院,法学,ทจัง,JN0109,会计核算,会计核算,方法、标准与流程,财务会计与税务管理,0.8,1,0,1,会计学 Accounting,会计课程,1.2895886507223624,1.03167092057789,13,否
首都经济贸易大学,CUEB-2024-111,2024级,法学院,法学,ทจัง,JN0174,人工智能技术,人工智能技术,具体专业技能,人工智能与数据挖掘,0.8,1,1,0,人工智能,课程名称直接出现唯一技能别名“人工智能”,1.312755710003897,1.0502045680031176,12,是
首都经济贸易大学,CUEB-2024-111,2024级,法学院,法学,ทจัง,JN0256,授课,授课,方法、标准与流程,表达沟通与通用办公协作,1.0,1,1,0,课堂教学,培养特色直接出现“课堂教学”,2.4759065198095778,2.4759065198095778,7,是
首都经济贸易大学,CUEB-2024-111,2024级,法学院,法学,ทจัง,JN0258,法律法规知识,法律法规知识,方法、标准与流程,金融风控、投资与合规,4.800000000000001,6,0,6,商法（总论与公司法）Commercial Law（General and Company Law）；经济法（总论与竞争法）Economic Law: General introduction & Competition Law；金融法 / Financial Law；国际经济法（双语） / International Economic Law（Bilingual）；海商法Maritime Law；国际商法（英语） / International Business Law（english）,法规课程,2.139434283188365,10.269284559304152,3,是
首都经济贸易大学,CUEB-2024-111,2024级,法学院,法学,ทจัง,JN0557,Excel高级应用,Excel高级应用（电子表格高级应用）,工具软件与技术平台,财务会计与税务管理,0.8,1,1,0,excel高级应用,课程名称直接出现唯一技能别名“excel高级应用”,2.2729656758128876,1.8183725406503102,8,是
首都经济贸易大学,CUEB-2024-111,2024级,法学院,法学,ทจัง,JN0647,论文写作,论文写作,方法、标准与流程,表达沟通与通用办公协作,0.8,1,1,0,论文写作,课程名称直接出现唯一技能别名“论文写作”,1.4734380916943703,1.1787504733554963,11,是
首都经济贸易大学,CUEB-2024-111,2024级,法学院,法学,ทจัง,JN0694,知识产权,知识产权,专业知识与行业经验,医药研发与药事管理,3.3,2,2,0,知识产权,核心课程直接出现“知识产权”；课程名称直接出现唯一技能别名“知识产权”,4.373026504695459,14.430987465495015,1,是
首都经济贸易大学,CUEB-2024-111,2024级,法学院,法学,ทจัง,JN0710,财税法规,财税法规,专业知识与行业经验,财务会计与税务管理,2.4000000000000004,3,0,3,国际税法（英语）International Tax Law（English)；财税法Finance and Tax Law；财税法经典案例评析Analysis of Tax Law Cases,税法课程,3.0292917579943643,7.270300219186476,4,是
首都经济贸易大学,CUEB-2024-111,2024级,法学院,法学,ทจัง,JN0716,诉讼,诉讼,专业知识与行业经验,金融风控、投资与合规,3.3,2,2,0,诉讼,核心课程直接出现“诉讼”；课程名称直接出现唯一技能别名“诉讼”,4.373026504695459,14.430987465495015,2,是
首都经济贸易大学,CUEB-2024-111,2024级,法学院,法学,ทจัง,JN0775,学习能力,学习能力,非技术性能力,表达沟通与通用办公协作,1.5,1,1,0,自主学习能力,毕业要求直接出现“自主学习能力”,1.7221347174331973,2.583202076149796,6,是
首都经济贸易大学,CUEB-2024-111,2024级,法学院,法学,ทจัง,JN0779,书面表达,书面表达,非技术性能力,表达沟通与通用办公协作,0.8,1,0,1,应用写作Practical Writing,写作课程,1.0649195460993157,0.8519356368794526,14,否
首都经济贸易大学,CUEB-2024-111,2024级,法学院,法学,ทจัง,JN0780,诚信与职业道德,诚信与职业道德,非技术性能力,金融风控、投资与合规,1.5,1,1,0,职业道德,毕业要求直接出现“职业道德”,1.0710357731167517,1.6065536596751275,10,是
首都经济贸易大学,CUEB-2024-111,2024级,法学院,法学,ทจัง,JN0790,创新能力,创新能力,非技术性能力,视觉设计与数字内容制作,2.5,2,2,0,创新意识；创新能力,毕业要求直接出现“创新意识”；培养特色直接出现“创新能力”,1.2895886507223624,3.223971626805906,5,是
首都经济贸易大学,CUEB-2024-112,2024级,法学院,法学（数字法学卓越班）专业学分制,24级卓越班培养方案,JN0025,英语,英语,语言能力,供应链与物流管理,0.8,1,1,0,英语,课程名称直接出现唯一技能别名“英语”,1.0,0.8,20,否
首都经济贸易大学,CUEB-2024-112,2024级,法学院,法学（数字法学卓越班）专业学分制,24级卓越班培养方案,JN0026,数据分析,数据分析,工具软件与技术平台,人工智能与数据挖掘,1.5,1,1,0,数据分析,毕业要求直接出现“数据分析”,1.5798184952529422,2.3697277428794132,12,是
首都经济贸易大学,CUEB-2024-112,2024级,法学院,法学（数字法学卓越班）专业学分制,24级卓越班培养方案,JN0029,Excel,Excel（办公软件与通用数字工具）,方法、标准与流程,表达沟通与通用办公协作,0.8,1,1,0,excel,课程名称直接出现唯一技能别名“excel”,2.1574527886910433,1.7259622309528346,15,否
首都经济贸易大学,CUEB-2024-112,2024级,法学院,法学（数字法学卓越班）专业学分制,24级卓越班培养方案,JN0041,Python,Python（编程语言）,工具软件与技术平台,云计算、系统运维与DevOps,3.3,2,2,0,Python；python,核心课程直接出现“Python”；课程名称直接出现唯一技能别名“python”,1.5108256237659907,4.985724558427769,7,是
首都经济贸易大学,CUEB-2024-112,2024级,法学院,法学（数字法学卓越班）专业学分制,24级卓越班培养方案,JN0109,会计核算,会计核算,方法、标准与流程,财务会计与税务管理,0.8,1,0,1,会计学 Accounting,会计课程,1.2895886507223624,1.03167092057789,18,否
首都经济贸易大学,CUEB-2024-112,2024级,法学院,法学（数字法学卓越班）专业学分制,24级卓越班培养方案,JN0174,人工智能技术,人工智能技术,具体专业技能,人工智能与数据挖掘,3.3,2,2,0,人工智能,核心课程直接出现“人工智能”；课程名称直接出现唯一技能别名“人工智能”,1.312755710003897,4.33209384301286,8,是
首都经济贸易大学,CUEB-2024-112,2024级,法学院,法学（数字法学卓越班）专业学分制,24级卓越班培养方案,JN0258,法律法规知识,法律法规知识,方法、标准与流程,金融风控、投资与合规,4.800000000000001,6,0,6,商法（总论与公司法）Commercial Law（General and Company Law）；经济法（总论与竞争法）Economic Law: General introduction & Competition Law；数字经济法治导论Introduction to the Rule of Law in the Digital Economy；国际经济法（双语） / International Economic Law（Bilingual）；海商法Maritime Law；金融法 / Financial Law,法规课程,2.139434283188365,10.269284559304152,5,是
首都经济贸易大学,CUEB-2024-112,2024级,法学院,法学（数字法学卓越班）专业学分制,24级卓越班培养方案,JN0279,自然语言处理,自然语言处理,方法、标准与流程,人工智能与数据挖掘,3.3,2,2,0,自然语言处理,核心课程直接出现“自然语言处理”；课程名称直接出现唯一技能别名“自然语言处理”,3.5257286443082556,11.634904526217243,4,是
首都经济贸易大学,CUEB-2024-112,2024级,法学院,法学（数字法学卓越班）专业学分制,24级卓越班培养方案,JN0557,Excel高级应用,Excel高级应用（电子表格高级应用）,工具软件与技术平台,财务会计与税务管理,0.8,1,1,0,excel高级应用,课程名称直接出现唯一技能别名“excel高级应用”,2.2729656758128876,1.8183725406503102,14,否
首都经济贸易大学,CUEB-2024-112,2024级,法学院,法学（数字法学卓越班）专业学分制,24级卓越班培养方案,JN0563,数据合规,数据合规,具体专业技能,网络运维与信息安全,4.1,3,3,0,个人信息保护；数据合规,核心课程直接出现“个人信息保护”；课程名称直接出现唯一技能别名“个人信息保护”；课程名称直接出现唯一技能别名“数据合规”,4.555348061489413,18.676927052106592,1,是
首都经济贸易大学,CUEB-2024-112,2024级,法学院,法学（数字法学卓越班）专业学分制,24级卓越班培养方案,JN0647,论文写作,论文写作,方法、标准与流程,表达沟通与通用办公协作,0.8,1,1,0,论文写作,课程名称直接出现唯一技能别名“论文写作”,1.4734380916943703,1.1787504733554963,17,否
首都经济贸易大学,CUEB-2024-112,2024级,法学院,法学（数字法学卓越班）专业学分制,24级卓越班培养方案,JN0694,知识产权,知识产权,专业知识与行业经验,医药研发与药事管理,3.3,2,2,0,知识产权,核心课程直接出现“知识产权”；课程名称直接出现唯一技能别名“知识产权”,4.373026504695459,14.430987465495015,2,是
首都经济贸易大学,CUEB-2024-112,2024级,法学院,法学（数字法学卓越班）专业学分制,24级卓越班培养方案,JN0710,财税法规,财税法规,专业知识与行业经验,财务会计与税务管理,2.4000000000000004,3,0,3,国际税法（英语）International Tax Law（English)；财税法Finance and Tax Law；财税法经典案例评析Analysis of Tax Law Cases,税法课程,3.0292917579943643,7.270300219186476,6,是
首都经济贸易大学,CUEB-2024-112,2024级,法学院,法学（数字法学卓越班）专业学分制,24级卓越班培养方案,JN0716,诉讼,诉讼,专业知识与行业经验,金融风控、投资与合规,3.3,2,2,0,诉讼,核心课程直接出现“诉讼”；课程名称直接出现唯一技能别名“诉讼”,4.373026504695459,14.430987465495015,3,是
首都经济贸易大学,CUEB-2024-112,2024级,法学院,法学（数字法学卓越班）专业学分制,24级卓越班培养方案,JN0770,沟通能力,沟通能力,非技术性能力,组织协调与商业执行,1.5,1,1,0,沟通能力,毕业要求直接出现“沟通能力”,1.7953381214564925,2.693007182184739,9,是
首都经济贸易大学,CUEB-2024-112,2024级,法学院,法学（数字法学卓越班）专业学分制,24级卓越班培养方案,JN0774,表达能力,表达能力,非技术性能力,表达沟通与通用办公协作,1.5,1,1,0,表达能力,毕业要求直接出现“表达能力”,1.7703368192510753,2.655505228876613,10,是
首都经济贸易大学,CUEB-2024-112,2024级,法学院,法学（数字法学卓越班）专业学分制,24级卓越班培养方案,JN0775,学习能力,学习能力,非技术性能力,表达沟通与通用办公协作,1.5,1,1,0,自主学习能力,毕业要求直接出现“自主学习能力”,1.7221347174331973,2.583202076149796,11,是
首都经济贸易大学,CUEB-2024-112,2024级,法学院,法学（数字法学卓越班）专业学分制,24级卓越班培养方案,JN0779,书面表达,书面表达,非技术性能力,表达沟通与通用办公协作,0.8,1,0,1,应用写作Practical Writing,写作课程,1.0649195460993157,0.8519356368794526,19,否
首都经济贸易大学,CUEB-2024-112,2024级,法学院,法学（数字法学卓越班）专业学分制,24级卓越班培养方案,JN0780,诚信与职业道德,诚信与职业道德,非技术性能力,金融风控、投资与合规,1.5,1,1,0,职业道德,毕业要求直接出现“职业道德”,1.0710357731167517,1.6065536596751275,16,否
首都经济贸易大学,CUEB-2024-112,2024级,法学院,法学（数字法学卓越班）专业学分制,24级卓越班培养方案,JN0790,创新能力,创新能力,非技术性能力,视觉设计与数字内容制作,1.5,1,1,0,创造性思维,毕业要求直接出现“创造性思维”,1.2895886507223624,1.9343829760835436,13,否
首都经济贸易大学,CUEB-2025-113,2025级,城市学院,城市管理（区域经济管理）,城市管理（区域经济管理）,JN0025,英语,英语,语言能力,供应链与物流管理,3.3,2,2,0,英语,核心课程直接出现“英语”；课程名称直接出现唯一技能别名“英语”,1.0,3.3,8,是
首都经济贸易大学,CUEB-2025-113,2025级,城市学院,城市管理（区域经济管理）,城市管理（区域经济管理）,JN0026,数据分析,数据分析,工具软件与技术平台,人工智能与数据挖掘,2.3,2,2,0,数据分析,毕业要求直接出现“数据分析”；课程名称直接出现唯一技能别名“数据分析”,1.5798184952529422,3.633582539081767,7,是
首都经济贸易大学,CUEB-2025-113,2025级,城市学院,城市管理（区域经济管理）,城市管理（区域经济管理）,JN0041,Python,Python（编程语言）,工具软件与技术平台,云计算、系统运维与DevOps,1.0,1,1,0,Python,培养目标直接出现“Python”,1.5108256237659907,1.5108256237659907,16,是
首都经济贸易大学,CUEB-2025-113,2025级,城市学院,城市管理（区域经济管理）,城市管理（区域经济管理）,JN0043,行政管理,行政管理,方法、标准与流程,人力资源与行政管理,1.0,1,1,0,行政管理,培养目标直接出现“行政管理”,4.555348061489413,4.555348061489413,5,是
首都经济贸易大学,CUEB-2025-113,2025级,城市学院,城市管理（区域经济管理）,城市管理（区域经济管理）,JN0072,统计分析,统计分析,方法、标准与流程,人工智能与数据挖掘,0.8,1,1,0,统计分析,课程名称直接出现唯一技能别名“统计分析”,1.1880522315029396,0.9504417852023517,18,是
首都经济贸易大学,CUEB-2025-113,2025级,城市学院,城市管理（区域经济管理）,城市管理（区域经济管理）,JN0174,人工智能技术,人工智能技术,具体专业技能,人工智能与数据挖掘,6.4,5,5,0,人工智能技术；AI应用；ai；人工智能；ai应用,毕业要求直接出现“人工智能技术”；核心课程直接出现“AI应用”；课程名称直接出现唯一技能别名“ai”；课程名称直接出现唯一技能别名“人工智能”；课程名称直接出现唯一技能别名“ai应用”,1.312755710003897,8.40163654402494,1,是
首都经济贸易大学,CUEB-2025-113,2025级,城市学院,城市管理（区域经济管理）,城市管理（区域经济管理）,JN0397,数理统计,数理统计,工具软件与技术平台,人工智能与数据挖掘,0.8,1,1,0,数理统计,课程名称直接出现唯一技能别名“数理统计”,1.2019413436636068,0.9615530749308855,17,是
首都经济贸易大学,CUEB-2025-113,2025级,城市学院,城市管理（区域经济管理）,城市管理（区域经济管理）,JN0416,ArcGIS,ArcGIS（明确工具知识流程与资格）,工具软件与技术平台,Web前端开发,1.0,1,1,0,ArcGIS,培养目标直接出现“ArcGIS”,5.0661736852554045,5.0661736852554045,4,是
首都经济贸易大学,CUEB-2025-113,2025级,城市学院,城市管理（区域经济管理）,城市管理（区域经济管理）,JN0430,知识图谱,知识图谱,方法、标准与流程,人工智能与数据挖掘,2.5,1,1,0,知识图谱,核心课程直接出现“知识图谱”,2.194494060371392,5.48623515092848,3,是
首都经济贸易大学,CUEB-2025-113,2025级,城市学院,城市管理（区域经济管理）,城市管理（区域经济管理）,JN0771,团队合作,团队合作,非技术性能力,表达沟通与通用办公协作,1.5,1,1,0,团队合作,毕业要求直接出现“团队合作”,1.4111957828171493,2.116793674225724,14,否
首都经济贸易大学,CUEB-2025-113,2025级,城市学院,城市管理（区域经济管理）,城市管理（区域经济管理）,JN0774,表达能力,表达能力,非技术性能力,表达沟通与通用办公协作,1.5,1,1,0,表达能力,毕业要求直接出现“表达能力”,1.7703368192510753,2.655505228876613,10,否
首都经济贸易大学,CUEB-2025-113,2025级,城市学院,城市管理（区域经济管理）,城市管理（区域经济管理）,JN0775,学习能力,学习能力,非技术性能力,表达沟通与通用办公协作,1.5,1,1,0,自主学习能力,毕业要求直接出现“自主学习能力”,1.7221347174331973,2.583202076149796,11,否
首都经济贸易大学,CUEB-2025-113,2025级,城市学院,城市管理（区域经济管理）,城市管理（区域经济管理）,JN0779,书面表达,书面表达,非技术性能力,表达沟通与通用办公协作,2.3,2,1,1,文字写作能力；应用写作 / Practical Writing,毕业要求直接出现“文字写作能力”；写作课程,1.0649195460993157,2.449314956028426,12,否
首都经济贸易大学,CUEB-2025-113,2025级,城市学院,城市管理（区域经济管理）,城市管理（区域经济管理）,JN0780,诚信与职业道德,诚信与职业道德,非技术性能力,金融风控、投资与合规,1.5,1,1,0,诚实守信,毕业要求直接出现“诚实守信”,1.0710357731167517,1.6065536596751275,15,否
首都经济贸易大学,CUEB-2025-113,2025级,城市学院,城市管理（区域经济管理）,城市管理（区域经济管理）,JN0781,问题解决,问题解决,非技术性能力,表达沟通与通用办公协作,1.0,1,1,0,解决问题,培养目标直接出现“解决问题”,2.314638372213455,2.314638372213455,13,否
首都经济贸易大学,CUEB-2025-113,2025级,城市学院,城市管理（区域经济管理）,城市管理（区域经济管理）,JN0790,创新能力,创新能力,非技术性能力,视觉设计与数字内容制作,2.5,2,2,0,创新能力,培养目标直接出现“创新能力”；毕业要求直接出现“创新能力”,1.2895886507223624,3.223971626805906,9,是
首都经济贸易大学,CUEB-2025-113,2025级,城市学院,城市管理（区域经济管理）,城市管理（区域经济管理）,JN0799,自我驱动,自我驱动,非技术性能力,表达沟通与通用办公协作,1.5,1,1,0,自驱力,毕业要求直接出现“自驱力”,4.778491612803624,7.1677374192054355,2,是
首都经济贸易大学,CUEB-2025-113,2025级,城市学院,城市管理（区域经济管理）,城市管理（区域经济管理）,JN0818,系统思维,系统思维,非技术性能力,表达沟通与通用办公协作,1.0,1,1,0,系统思维,培养目标直接出现“系统思维”,4.218875824868201,4.218875824868201,6,是
首都经济贸易大学,CUEB-2025-114,2025级,城市学院,城市管理（智慧国土）,城市管理（智慧国土）,JN0024,Office办公软件,Office办公软件（办公套件）,工具软件与技术平台,表达沟通与通用办公协作,1.5,1,1,0,办公软件操作,毕业要求直接出现“办公软件操作”,2.037651588878423,3.056477383317634,16,否
首都经济贸易大学,CUEB-2025-114,2025级,城市学院,城市管理（智慧国土）,城市管理（智慧国土）,JN0025,英语,英语,语言能力,供应链与物流管理,0.8,1,1,0,英语,课程名称直接出现唯一技能别名“英语”,1.0,0.8,24,否
首都经济贸易大学,CUEB-2025-114,2025级,城市学院,城市管理（智慧国土）,城市管理（智慧国土）,JN0026,数据分析,数据分析,工具软件与技术平台,人工智能与数据挖掘,4.8,3,3,0,数据分析,毕业要求直接出现“数据分析”；核心课程直接出现“数据分析”；课程名称直接出现唯一技能别名“数据分析”,1.5798184952529422,7.583128777214122,7,是
首都经济贸易大学,CUEB-2025-114,2025级,城市学院,城市管理（智慧国土）,城市管理（智慧国土）,JN0028,项目管理,项目管理,方法、标准与流程,表达沟通与通用办公协作,1.5,1,1,0,项目管理,毕业要求直接出现“项目管理”,2.7635885922613586,4.145382888392038,11,是
首都经济贸易大学,CUEB-2025-114,2025级,城市学院,城市管理（智慧国土）,城市管理（智慧国土）,JN0029,Excel,Excel（办公软件与通用数字工具）,方法、标准与流程,表达沟通与通用办公协作,1.5,1,1,0,Excel,毕业要求直接出现“Excel”,2.1574527886910433,3.236179183036565,15,否
首都经济贸易大学,CUEB-2025-114,2025级,城市学院,城市管理（智慧国土）,城市管理（智慧国土）,JN0033,PowerPoint,PowerPoint（办公软件与通用数字工具）,方法、标准与流程,表达沟通与通用办公协作,1.5,1,1,0,PPT,毕业要求直接出现“PPT”,5.0661736852554045,7.599260527883107,4,是
首都经济贸易大学,CUEB-2025-114,2025级,城市学院,城市管理（智慧国土）,城市管理（智慧国土）,JN0040,Word,Word（办公软件与通用数字工具）,方法、标准与流程,表达沟通与通用办公协作,1.5,1,1,0,Word,毕业要求直接出现“Word”,5.471638793363569,8.207458190045354,2,是
首都经济贸易大学,CUEB-2025-114,2025级,城市学院,城市管理（智慧国土）,城市管理（智慧国土）,JN0072,统计分析,统计分析,方法、标准与流程,人工智能与数据挖掘,1.5,1,1,0,统计分析,毕业要求直接出现“统计分析”,1.1880522315029396,1.7820783472544095,21,否
首都经济贸易大学,CUEB-2025-114,2025级,城市学院,城市管理（智慧国土）,城市管理（智慧国土）,JN0174,人工智能技术,人工智能技术,具体专业技能,人工智能与数据挖掘,6.4,5,5,0,人工智能技术；AI应用；ai；人工智能；ai应用,毕业要求直接出现“人工智能技术”；核心课程直接出现“AI应用”；课程名称直接出现唯一技能别名“ai”；课程名称直接出现唯一技能别名“人工智能”；课程名称直接出现唯一技能别名“ai应用”,1.312755710003897,8.40163654402494,1,是
首都经济贸易大学,CUEB-2025-114,2025级,城市学院,城市管理（智慧国土）,城市管理（智慧国土）,JN0335,SPSS,SPSS（办公软件与通用数字工具）,方法、标准与流程,人工智能与数据挖掘,1.5,1,1,0,SPSS,毕业要求直接出现“SPSS”,4.778491612803624,7.1677374192054355,8,是
首都经济贸易大学,CUEB-2025-114,2025级,城市学院,城市管理（智慧国土）,城市管理（智慧国土）,JN0397,数理统计,数理统计,工具软件与技术平台,人工智能与数据挖掘,0.8,1,1,0,数理统计,课程名称直接出现唯一技能别名“数理统计”,1.2019413436636068,0.9615530749308855,22,否
首都经济贸易大学,CUEB-2025-114,2025级,城市学院,城市管理（智慧国土）,城市管理（智慧国土）,JN0416,ArcGIS,ArcGIS（明确工具知识流程与资格）,工具软件与技术平台,Web前端开发,1.5,1,1,0,ArcGIS,毕业要求直接出现“ArcGIS”,5.0661736852554045,7.599260527883107,5,是
首都经济贸易大学,CUEB-2025-114,2025级,城市学院,城市管理（智慧国土）,城市管理（智慧国土）,JN0430,知识图谱,知识图谱,方法、标准与流程,人工智能与数据挖掘,2.5,1,1,0,知识图谱,核心课程直接出现“知识图谱”,2.194494060371392,5.48623515092848,9,是
首都经济贸易大学,CUEB-2025-114,2025级,城市学院,城市管理（智慧国土）,城市管理（智慧国土）,JN0438,访谈,访谈,方法、标准与流程,表达沟通与通用办公协作,1.5,1,1,0,访谈,毕业要求直接出现“访谈”,5.0661736852554045,7.599260527883107,6,是
首都经济贸易大学,CUEB-2025-114,2025级,城市学院,城市管理（智慧国土）,城市管理（智慧国土）,JN0770,沟通能力,沟通能力,非技术性能力,组织协调与商业执行,1.5,1,1,0,沟通协调,毕业要求直接出现“沟通协调”,1.7953381214564925,2.693007182184739,18,否
首都经济贸易大学,CUEB-2025-114,2025级,城市学院,城市管理（智慧国土）,城市管理（智慧国土）,JN0774,表达能力,表达能力,非技术性能力,表达沟通与通用办公协作,1.5,1,1,0,表达能力,毕业要求直接出现“表达能力”,1.7703368192510753,2.655505228876613,19,否
首都经济贸易大学,CUEB-2025-114,2025级,城市学院,城市管理（智慧国土）,城市管理（智慧国土）,JN0775,学习能力,学习能力,非技术性能力,表达沟通与通用办公协作,1.5,1,1,0,自主学习能力,毕业要求直接出现“自主学习能力”,1.7221347174331973,2.583202076149796,20,否
首都经济贸易大学,CUEB-2025-114,2025级,城市学院,城市管理（智慧国土）,城市管理（智慧国土）,JN0779,书面表达,书面表达,非技术性能力,表达沟通与通用办公协作,0.8,1,0,1,应用写作 / Practical Writing,写作课程,1.0649195460993157,0.8519356368794526,23,否
首都经济贸易大学,CUEB-2025-114,2025级,城市学院,城市管理（智慧国土）,城市管理（智慧国土）,JN0781,问题解决,问题解决,非技术性能力,表达沟通与通用办公协作,1.5,1,1,0,问题解决,毕业要求直接出现“问题解决”,2.314638372213455,3.4719575583201827,14,否
首都经济贸易大学,CUEB-2025-114,2025级,城市学院,城市管理（智慧国土）,城市管理（智慧国土）,JN0787,领导力,领导力,非技术性能力,组织协调与商业执行,1.5,1,1,0,领导能力,毕业要求直接出现“领导能力”,2.4035858582299516,3.6053787873449274,13,否
首都经济贸易大学,CUEB-2025-114,2025级,城市学院,城市管理（智慧国土）,城市管理（智慧国土）,JN0788,口头表达,口头表达,非技术性能力,表达沟通与通用办公协作,1.5,1,1,0,口头表达能力,毕业要求直接出现“口头表达能力”,1.9021060968821986,2.853159145323298,17,否
首都经济贸易大学,CUEB-2025-114,2025级,城市学院,城市管理（智慧国土）,城市管理（智慧国土）,JN0801,独立思考,独立思考,非技术性能力,表达沟通与通用办公协作,1.5,1,1,0,独立思考能力,毕业要求直接出现“独立思考能力”,3.2203469947570738,4.83052049213561,10,是
首都经济贸易大学,CUEB-2025-114,2025级,城市学院,城市管理（智慧国土）,城市管理（智慧国土）,JN0823,目标管理,目标管理,非技术性能力,组织协调与商业执行,1.5,1,1,0,目标管理,毕业要求直接出现“目标管理”,5.471638793363569,8.207458190045354,3,是
首都经济贸易大学,CUEB-2025-114,2025级,城市学院,城市管理（智慧国土）,城市管理（智慧国土）,JN0830,批判性思维,批判性思维,非技术性能力,表达沟通与通用办公协作,1.5,1,1,0,批判性思维,毕业要求直接出现“批判性思维”,2.638425449307353,3.9576381739610293,12,是
首都经济贸易大学,CUEB-2025-115,2025级,城市学院,城市管理（智慧治理）,城市管理（智慧治理）,JN0025,英语,英语,语言能力,供应链与物流管理,4.8,3,3,0,英语,毕业要求直接出现“英语”；核心课程直接出现“英语”；课程名称直接出现唯一技能别名“英语”,1.0,4.8,14,是
首都经济贸易大学,CUEB-2025-115,2025级,城市学院,城市管理（智慧治理）,城市管理（智慧治理）,JN0026,数据分析,数据分析,工具软件与技术平台,人工智能与数据挖掘,4.8,3,3,0,数据分析,毕业要求直接出现“数据分析”；核心课程直接出现“数据分析”；课程名称直接出现唯一技能别名“数据分析”,1.5798184952529422,7.583128777214122,7,是
首都经济贸易大学,CUEB-2025-115,2025级,城市学院,城市管理（智慧治理）,城市管理（智慧治理）,JN0028,项目管理,项目管理,方法、标准与流程,表达沟通与通用办公协作,2.5,2,2,0,项目管理,培养目标直接出现“项目管理”；毕业要求直接出现“项目管理”,2.7635885922613586,6.908971480653396,8,是
首都经济贸易大学,CUEB-2025-115,2025级,城市学院,城市管理（智慧治理）,城市管理（智慧治理）,JN0041,Python,Python（编程语言）,工具软件与技术平台,云计算、系统运维与DevOps,2.5,2,2,0,Python,培养目标直接出现“Python”；毕业要求直接出现“Python”,1.5108256237659907,3.7770640594149767,19,是
首都经济贸易大学,CUEB-2025-115,2025级,城市学院,城市管理（智慧治理）,城市管理（智慧治理）,JN0044,方案设计,方案设计,方法、标准与流程,嵌入式与电子硬件开发,2.5,2,2,0,方案设计,培养目标直接出现“方案设计”；毕业要求直接出现“方案设计”,4.373026504695459,10.932566261738648,1,是
首都经济贸易大学,CUEB-2025-115,2025级,城市学院,城市管理（智慧治理）,城市管理（智慧治理）,JN0157,公文写作,公文写作,方法、标准与流程,金融风控、投资与合规,0.8,1,1,0,公文写作,课程名称直接出现唯一技能别名“公文写作”,5.0661736852554045,4.052938948204324,15,是
首都经济贸易大学,CUEB-2025-115,2025级,城市学院,城市管理（智慧治理）,城市管理（智慧治理）,JN0174,人工智能技术,人工智能技术,具体专业技能,人工智能与数据挖掘,6.4,5,5,0,人工智能技术；AI应用；ai；人工智能；ai应用,毕业要求直接出现“人工智能技术”；核心课程直接出现“AI应用”；课程名称直接出现唯一技能别名“ai”；课程名称直接出现唯一技能别名“人工智能”；课程名称直接出现唯一技能别名“ai应用”,1.312755710003897,8.40163654402494,3,是
首都经济贸易大学,CUEB-2025-115,2025级,城市学院,城市管理（智慧治理）,城市管理（智慧治理）,JN0256,授课,授课,方法、标准与流程,表达沟通与通用办公协作,1.0,1,1,0,课堂教学,培养目标直接出现“课堂教学”,2.4759065198095778,2.4759065198095778,26,否
首都经济贸易大学,CUEB-2025-115,2025级,城市学院,城市管理（智慧治理）,城市管理（智慧治理）,JN0365,文献检索,文献检索,方法、标准与流程,医药研发与药事管理,1.5,1,1,0,文献检索,毕业要求直接出现“文献检索”,3.2744142160273495,4.9116213240410245,13,是
首都经济贸易大学,CUEB-2025-115,2025级,城市学院,城市管理（智慧治理）,城市管理（智慧治理）,JN0397,数理统计,数理统计,工具软件与技术平台,人工智能与数据挖掘,0.8,1,1,0,数理统计,课程名称直接出现唯一技能别名“数理统计”,1.2019413436636068,0.9615530749308855,31,否
首都经济贸易大学,CUEB-2025-115,2025级,城市学院,城市管理（智慧治理）,城市管理（智慧治理）,JN0430,知识图谱,知识图谱,方法、标准与流程,人工智能与数据挖掘,2.5,1,1,0,知识图谱,核心课程直接出现“知识图谱”,2.194494060371392,5.48623515092848,10,是
首都经济贸易大学,CUEB-2025-115,2025级,城市学院,城市管理（智慧治理）,城市管理（智慧治理）,JN0647,论文写作,论文写作,方法、标准与流程,表达沟通与通用办公协作,0.8,1,1,0,论文写作,课程名称直接出现唯一技能别名“论文写作”,1.4734380916943703,1.1787504733554963,30,否
首都经济贸易大学,CUEB-2025-115,2025级,城市学院,城市管理（智慧治理）,城市管理（智慧治理）,JN0653,Stata,Stata（办公软件与通用数字工具）,方法、标准与流程,人工智能与数据挖掘,0.8,1,1,0,stata,课程名称直接出现唯一技能别名“stata”,3.8622008809294686,3.089760704743575,21,否
首都经济贸易大学,CUEB-2025-115,2025级,城市学院,城市管理（智慧治理）,城市管理（智慧治理）,JN0770,沟通能力,沟通能力,非技术性能力,组织协调与商业执行,0.8,1,1,0,沟通,课程名称直接出现唯一技能别名“沟通”,1.7953381214564925,1.436270497165194,29,否
首都经济贸易大学,CUEB-2025-115,2025级,城市学院,城市管理（智慧治理）,城市管理（智慧治理）,JN0771,团队合作,团队合作,非技术性能力,表达沟通与通用办公协作,1.5,1,1,0,团队协作,毕业要求直接出现“团队协作”,1.4111957828171493,2.116793674225724,27,否
首都经济贸易大学,CUEB-2025-115,2025级,城市学院,城市管理（智慧治理）,城市管理（智慧治理）,JN0774,表达能力,表达能力,非技术性能力,表达沟通与通用办公协作,1.5,1,1,0,表达能力,毕业要求直接出现“表达能力”,1.7703368192510753,2.655505228876613,24,否
首都经济贸易大学,CUEB-2025-115,2025级,城市学院,城市管理（智慧治理）,城市管理（智慧治理）,JN0775,学习能力,学习能力,非技术性能力,表达沟通与通用办公协作,1.5,1,1,0,自主学习能力,毕业要求直接出现“自主学习能力”,1.7221347174331973,2.583202076149796,25,否
首都经济贸易大学,CUEB-2025-115,2025级,城市学院,城市管理（智慧治理）,城市管理（智慧治理）,JN0776,抗压能力,抗压能力,非技术性能力,组织协调与商业执行,1.5,1,1,0,抗压能力,毕业要求直接出现“抗压能力”,3.392197251683733,5.088295877525599,11,否
首都经济贸易大学,CUEB-2025-115,2025级,城市学院,城市管理（智慧治理）,城市管理（智慧治理）,JN0777,执行力,执行力,非技术性能力,组织协调与商业执行,1.0,1,1,0,执行力,培养目标直接出现“执行力”,5.0661736852554045,5.0661736852554045,12,否
首都经济贸易大学,CUEB-2025-115,2025级,城市学院,城市管理（智慧治理）,城市管理（智慧治理）,JN0778,吃苦耐劳,吃苦耐劳,非技术性能力,工业自动化与电气控制,1.5,1,1,0,吃苦精神,毕业要求直接出现“吃苦精神”,5.471638793363569,8.207458190045354,4,是
首都经济贸易大学,CUEB-2025-115,2025级,城市学院,城市管理（智慧治理）,城市管理（智慧治理）,JN0779,书面表达,书面表达,非技术性能力,表达沟通与通用办公协作,0.8,1,0,1,应用写作 / Practical Writing,写作课程,1.0649195460993157,0.8519356368794526,32,否
首都经济贸易大学,CUEB-2025-115,2025级,城市学院,城市管理（智慧治理）,城市管理（智慧治理）,JN0780,诚信与职业道德,诚信与职业道德,非技术性能力,金融风控、投资与合规,1.5,1,1,0,职业道德,毕业要求直接出现“职业道德”,1.0710357731167517,1.6065536596751275,28,否
首都经济贸易大学,CUEB-2025-115,2025级,城市学院,城市管理（智慧治理）,城市管理（智慧治理）,JN0786,管理能力,管理能力,非技术性能力,组织协调与商业执行,1.0,1,1,0,管理能力,培养目标直接出现“管理能力”,2.730798769438368,2.730798769438368,23,否
首都经济贸易大学,CUEB-2025-115,2025级,城市学院,城市管理（智慧治理）,城市管理（智慧治理）,JN0787,领导力,领导力,非技术性能力,组织协调与商业执行,2.5,2,2,0,领导力；领导能力,培养目标直接出现“领导力”；毕业要求直接出现“领导能力”,2.4035858582299516,6.0089646455748795,9,否
首都经济贸易大学,CUEB-2025-115,2025级,城市学院,城市管理（智慧治理）,城市管理（智慧治理）,JN0788,口头表达,口头表达,非技术性能力,表达沟通与通用办公协作,1.5,1,1,0,口头表达能力,毕业要求直接出现“口头表达能力”,1.9021060968821986,2.853159145323298,22,否
首都经济贸易大学,CUEB-2025-115,2025级,城市学院,城市管理（智慧治理）,城市管理（智慧治理）,JN0790,创新能力,创新能力,非技术性能力,视觉设计与数字内容制作,2.5,2,2,0,创新能力,培养目标直接出现“创新能力”；毕业要求直接出现“创新能力”,1.2895886507223624,3.223971626805906,20,否
首都经济贸易大学,CUEB-2025-115,2025级,城市学院,城市管理（智慧治理）,城市管理（智慧治理）,JN0795,实践动手能力,实践动手能力,非技术性能力,嵌入式与电子硬件开发,2.5,2,2,0,动手能力；实操能力,培养目标直接出现“动手能力”；毕业要求直接出现“实操能力”,4.218875824868201,10.547189562170502,2,是
首都经济贸易大学,CUEB-2025-115,2025级,城市学院,城市管理（智慧治理）,城市管理（智慧治理）,JN0798,适应能力,适应能力,非技术性能力,组织协调与商业执行,1.5,1,1,0,适应能力,毕业要求直接出现“适应能力”,2.5271998141971284,3.7907997212956923,18,否
首都经济贸易大学,CUEB-2025-115,2025级,城市学院,城市管理（智慧治理）,城市管理（智慧治理）,JN0803,公关能力,公关能力,非技术性能力,组织协调与商业执行,1.5,1,1,0,公关能力,毕业要求直接出现“公关能力”,5.471638793363569,8.207458190045354,5,是
首都经济贸易大学,CUEB-2025-115,2025级,城市学院,城市管理（智慧治理）,城市管理（智慧治理）,JN0811,战略思维,战略思维,非技术性能力,组织协调与商业执行,1.0,1,1,0,战略思维,培养目标直接出现“战略思维”,3.8622008809294686,3.8622008809294686,17,否
首都经济贸易大学,CUEB-2025-115,2025级,城市学院,城市管理（智慧治理）,城市管理（智慧治理）,JN0816,跨部门协作,跨部门协作,非技术性能力,表达沟通与通用办公协作,1.5,1,1,0,跨部门协作,毕业要求直接出现“跨部门协作”,5.0661736852554045,7.599260527883107,6,否
首都经济贸易大学,CUEB-2025-115,2025级,城市学院,城市管理（智慧治理）,城市管理（智慧治理）,JN0830,批判性思维,批判性思维,非技术性能力,表达沟通与通用办公协作,1.5,1,1,0,批判性思维,毕业要求直接出现“批判性思维”,2.638425449307353,3.9576381739610293,16,否
首都经济贸易大学,CUEB-2025-116,2025级,城市学院,行政管理（数字政府）,行政管理（数字政府）,JN0024,Office办公软件,Office办公软件（办公套件）,工具软件与技术平台,表达沟通与通用办公协作,1.5,1,1,0,办公软件,毕业要求直接出现“办公软件”,2.037651588878423,3.056477383317634,10,是
首都经济贸易大学,CUEB-2025-116,2025级,城市学院,行政管理（数字政府）,行政管理（数字政府）,JN0025,英语,英语,语言能力,供应链与物流管理,0.8,1,1,0,英语,课程名称直接出现唯一技能别名“英语”,1.0,0.8,22,否
首都经济贸易大学,CUEB-2025-116,2025级,城市学院,行政管理（数字政府）,行政管理（数字政府）,JN0026,数据分析,数据分析,工具软件与技术平台,人工智能与数据挖掘,2.3,2,2,0,数据分析,毕业要求直接出现“数据分析”；课程名称直接出现唯一技能别名“数据分析”,1.5798184952529422,3.633582539081767,8,是
首都经济贸易大学,CUEB-2025-116,2025级,城市学院,行政管理（数字政府）,行政管理（数字政府）,JN0043,行政管理,行政管理,方法、标准与流程,人力资源与行政管理,5.8,4,4,0,行政管理,培养目标直接出现“行政管理”；毕业要求直接出现“行政管理”；核心课程直接出现“行政管理”；课程名称直接出现唯一技能别名“行政管理”,4.555348061489413,26.421018756638595,1,是
首都经济贸易大学,CUEB-2025-116,2025级,城市学院,行政管理（数字政府）,行政管理（数字政府）,JN0072,统计分析,统计分析,方法、标准与流程,人工智能与数据挖掘,1.5,1,1,0,统计分析,毕业要求直接出现“统计分析”,1.1880522315029396,1.7820783472544095,17,是
首都经济贸易大学,CUEB-2025-116,2025级,城市学院,行政管理（数字政府）,行政管理（数字政府）,JN0157,公文写作,公文写作,方法、标准与流程,金融风控、投资与合规,0.8,1,1,0,公文写作,课程名称直接出现唯一技能别名“公文写作”,5.0661736852554045,4.052938948204324,7,是
首都经济贸易大学,CUEB-2025-116,2025级,城市学院,行政管理（数字政府）,行政管理（数字政府）,JN0174,人工智能技术,人工智能技术,具体专业技能,人工智能与数据挖掘,6.4,5,5,0,人工智能技术；AI应用；人工智能；ai；ai应用,毕业要求直接出现“人工智能技术”；核心课程直接出现“AI应用”；课程名称直接出现唯一技能别名“人工智能”；课程名称直接出现唯一技能别名“ai”；课程名称直接出现唯一技能别名“ai应用”,1.312755710003897,8.40163654402494,2,是
首都经济贸易大学,CUEB-2025-116,2025级,城市学院,行政管理（数字政府）,行政管理（数字政府）,JN0211,数据结构与算法,数据结构与算法,方法、标准与流程,网络通信与软件开发基础,0.8,1,1,0,数据结构与算法,课程名称直接出现唯一技能别名“数据结构与算法”,2.79749014393704,2.237992115149632,14,是
首都经济贸易大学,CUEB-2025-116,2025级,城市学院,行政管理（数字政府）,行政管理（数字政府）,JN0373,人力资源管理流程,人力资源管理流程,方法、标准与流程,人力资源与行政管理,0.8,1,0,1,公共部门人力资源管理（双语） Human Resource Management in Public Sector(Bilingual),人力资源课程,2.194494060371392,1.7555952482971138,18,否
首都经济贸易大学,CUEB-2025-116,2025级,城市学院,行政管理（数字政府）,行政管理（数字政府）,JN0397,数理统计,数理统计,工具软件与技术平台,人工智能与数据挖掘,0.8,1,1,0,数理统计,课程名称直接出现唯一技能别名“数理统计”,1.2019413436636068,0.9615530749308855,20,否
首都经济贸易大学,CUEB-2025-116,2025级,城市学院,行政管理（数字政府）,行政管理（数字政府）,JN0430,知识图谱,知识图谱,方法、标准与流程,人工智能与数据挖掘,2.5,1,1,0,知识图谱,核心课程直接出现“知识图谱”,2.194494060371392,5.48623515092848,4,是
首都经济贸易大学,CUEB-2025-116,2025级,城市学院,行政管理（数字政府）,行政管理（数字政府）,JN0647,论文写作,论文写作,方法、标准与流程,表达沟通与通用办公协作,0.8,1,1,0,论文写作,课程名称直接出现唯一技能别名“论文写作”,1.4734380916943703,1.1787504733554963,19,否
首都经济贸易大学,CUEB-2025-116,2025级,城市学院,行政管理（数字政府）,行政管理（数字政府）,JN0706,消防安全,消防安全,专业知识与行业经验,安全环保与职业健康,0.8,1,1,0,应急管理,课程名称直接出现唯一技能别名“应急管理”,4.218875824868201,3.375100659894561,9,是
首都经济贸易大学,CUEB-2025-116,2025级,城市学院,行政管理（数字政府）,行政管理（数字政府）,JN0770,沟通能力,沟通能力,非技术性能力,组织协调与商业执行,2.3,2,2,0,沟通协调；沟通,毕业要求直接出现“沟通协调”；课程名称直接出现唯一技能别名“沟通”,1.7953381214564925,4.129277679349933,6,是
首都经济贸易大学,CUEB-2025-116,2025级,城市学院,行政管理（数字政府）,行政管理（数字政府）,JN0771,团队合作,团队合作,非技术性能力,表达沟通与通用办公协作,1.5,1,1,0,团队合作,毕业要求直接出现“团队合作”,1.4111957828171493,2.116793674225724,15,否
首都经济贸易大学,CUEB-2025-116,2025级,城市学院,行政管理（数字政府）,行政管理（数字政府）,JN0774,表达能力,表达能力,非技术性能力,表达沟通与通用办公协作,1.5,1,1,0,表达能力,毕业要求直接出现“表达能力”,1.7703368192510753,2.655505228876613,12,否
首都经济贸易大学,CUEB-2025-116,2025级,城市学院,行政管理（数字政府）,行政管理（数字政府）,JN0775,学习能力,学习能力,非技术性能力,表达沟通与通用办公协作,1.5,1,1,0,自主学习能力,毕业要求直接出现“自主学习能力”,1.7221347174331973,2.583202076149796,13,否
首都经济贸易大学,CUEB-2025-116,2025级,城市学院,行政管理（数字政府）,行政管理（数字政府）,JN0779,书面表达,书面表达,非技术性能力,表达沟通与通用办公协作,0.8,1,0,1,应用写作 / Practical Writing,写作课程,1.0649195460993157,0.8519356368794526,21,否
首都经济贸易大学,CUEB-2025-116,2025级,城市学院,行政管理（数字政府）,行政管理（数字政府）,JN0787,领导力,领导力,非技术性能力,组织协调与商业执行,2.3,2,2,0,领导能力；领导力,毕业要求直接出现“领导能力”；课程名称直接出现唯一技能别名“领导力”,2.4035858582299516,5.5282474739288885,3,是
首都经济贸易大学,CUEB-2025-116,2025级,城市学院,行政管理（数字政府）,行政管理（数字政府）,JN0788,口头表达,口头表达,非技术性能力,表达沟通与通用办公协作,1.5,1,1,0,口头表达能力,毕业要求直接出现“口头表达能力”,1.9021060968821986,2.853159145323298,11,否
首都经济贸易大学,CUEB-2025-116,2025级,城市学院,行政管理（数字政府）,行政管理（数字政府）,JN0801,独立思考,独立思考,非技术性能力,表达沟通与通用办公协作,1.5,1,1,0,独立思考能力,毕业要求直接出现“独立思考能力”,3.2203469947570738,4.83052049213561,5,是
首都经济贸易大学,CUEB-2025-116,2025级,城市学院,行政管理（数字政府）,行政管理（数字政府）,JN0830,批判性思维,批判性思维,非技术性能力,表达沟通与通用办公协作,0.8,1,1,0,批判性思维,课程名称直接出现唯一技能别名“批判性思维”,2.638425449307353,2.1107403594458822,16,否
首都经济贸易大学,CUEB-2025-117,2025级,工商管理学院,供应链管理,供应链管理,JN0025,英语,英语,语言能力,供应链与物流管理,0.8,1,1,0,英语,课程名称直接出现唯一技能别名“英语”,1.0,0.8,31,否
首都经济贸易大学,CUEB-2025-117,2025级,工商管理学院,供应链管理,供应链管理,JN0026,数据分析,数据分析,工具软件与技术平台,人工智能与数据挖掘,5.8,4,4,0,数据分析,培养目标直接出现“数据分析”；毕业要求直接出现“数据分析”；核心课程直接出现“数据分析”；课程名称直接出现唯一技能别名“数据分析”,1.5798184952529422,9.162947272467065,5,是
首都经济贸易大学,CUEB-2025-117,2025级,工商管理学院,供应链管理,供应链管理,JN0028,项目管理,项目管理,方法、标准与流程,表达沟通与通用办公协作,3.3,2,1,1,项目管理；项目管理  / Project Management,核心课程直接出现“项目管理”；项目管理课程,2.7635885922613586,9.119842354462483,6,是
首都经济贸易大学,CUEB-2025-117,2025级,工商管理学院,供应链管理,供应链管理,JN0032,商务谈判,商务谈判,方法、标准与流程,组织协调与商业执行,0.8,1,1,0,商务谈判,课程名称直接出现唯一技能别名“商务谈判”,2.6990500711237875,2.15924005689903,25,否
首都经济贸易大学,CUEB-2025-117,2025级,工商管理学院,供应链管理,供应链管理,JN0035,质量管理,质量管理,方法、标准与流程,质量管理与持续改进,3.3,2,2,0,质量管理,核心课程直接出现“质量管理”；课程名称直接出现唯一技能别名“质量管理”,4.218875824868201,13.922290222065062,3,是
首都经济贸易大学,CUEB-2025-117,2025级,工商管理学院,供应链管理,供应链管理,JN0046,ERP,企业资源计划系统（ERP）,方法、标准与流程,供应链与物流管理,3.3,2,2,0,ERP；erp,核心课程直接出现“ERP”；课程名称直接出现唯一技能别名“erp”,2.8689491079191853,9.467532056133312,4,是
首都经济贸易大学,CUEB-2025-117,2025级,工商管理学院,供应链管理,供应链管理,JN0109,会计核算,会计核算,方法、标准与流程,财务会计与税务管理,0.8,1,0,1,会计学 Accounting,会计课程,1.2895886507223624,1.03167092057789,29,否
首都经济贸易大学,CUEB-2025-117,2025级,工商管理学院,供应链管理,供应链管理,JN0126,库存管理,库存管理,方法、标准与流程,供应链与物流管理,3.3,2,2,0,仓储管理,核心课程直接出现“仓储管理”；课程名称直接出现唯一技能别名“仓储管理”,5.0661736852554045,16.718373161342832,2,是
首都经济贸易大学,CUEB-2025-117,2025级,工商管理学院,供应链管理,供应链管理,JN0172,数据建模,数据建模,工具软件与技术平台,大数据工程与数据仓库,2.5,1,1,0,数据模型,核心课程直接出现“数据模型”,2.730798769438368,6.826996923595921,8,是
首都经济贸易大学,CUEB-2025-117,2025级,工商管理学院,供应链管理,供应链管理,JN0174,人工智能技术,人工智能技术,具体专业技能,人工智能与数据挖掘,6.6,5,5,0,人工智能；ai,培养目标直接出现“人工智能”；毕业要求直接出现“人工智能”；核心课程直接出现“人工智能”；课程名称直接出现唯一技能别名“人工智能”；课程名称直接出现唯一技能别名“ai”,1.312755710003897,8.66418768602572,7,是
首都经济贸易大学,CUEB-2025-117,2025级,工商管理学院,供应链管理,供应链管理,JN0185,供应链管理,供应链管理,方法、标准与流程,供应链与物流管理,9.0,8,4,4,供应链管理；国际物流与全球供应链 International Logistics and Global Supply Chain；供应链系统规划与设计 Supply Chain System Planning and Design；供应链金融 Supply Chain Finance；供应链风险管理 Supply Chain Risk Management,培养目标直接出现“供应链管理”；毕业要求直接出现“供应链管理”；核心课程直接出现“供应链管理”；课程名称直接出现唯一技能别名“供应链管理”；供应链课程,2.79749014393704,25.17741129543336,1,是
首都经济贸易大学,CUEB-2025-117,2025级,工商管理学院,供应链管理,供应链管理,JN0254,市场营销知识,市场营销知识,方法、标准与流程,组织协调与商业执行,0.8,1,0,1,市场营销学 Marketing,市场营销课程,2.4035858582299516,1.9228686865839615,26,否
首都经济贸易大学,CUEB-2025-117,2025级,工商管理学院,供应链管理,供应链管理,JN0373,人力资源管理流程,人力资源管理流程,方法、标准与流程,人力资源与行政管理,0.8,1,0,1,人力资源管理 Human Resource Mangagement,人力资源课程,2.194494060371392,1.7555952482971138,27,否
首都经济贸易大学,CUEB-2025-117,2025级,工商管理学院,供应链管理,供应链管理,JN0397,数理统计,数理统计,工具软件与技术平台,人工智能与数据挖掘,0.8,1,1,0,数理统计,课程名称直接出现唯一技能别名“数理统计”,1.2019413436636068,0.9615530749308855,30,否
首都经济贸易大学,CUEB-2025-117,2025级,工商管理学院,供应链管理,供应链管理,JN0430,知识图谱,知识图谱,方法、标准与流程,人工智能与数据挖掘,2.5,1,1,0,知识图谱,核心课程直接出现“知识图谱”,2.194494060371392,5.48623515092848,10,是
首都经济贸易大学,CUEB-2025-117,2025级,工商管理学院,供应链管理,供应链管理,JN0686,数据库技术,数据库技术,专业知识与行业经验,Java后端开发与中间件,1.5,1,1,0,数据库,毕业要求直接出现“数据库”,2.3361445774344194,3.504216866151629,18,否
首都经济贸易大学,CUEB-2025-117,2025级,工商管理学院,供应链管理,供应链管理,JN0690,风险管理,风险管理,专业知识与行业经验,金融风控、投资与合规,3.3,2,2,0,风险管理,核心课程直接出现“风险管理”；课程名称直接出现唯一技能别名“风险管理”,1.916290731874155,6.323759415184711,9,是
首都经济贸易大学,CUEB-2025-117,2025级,工商管理学院,供应链管理,供应链管理,JN0773,组织协调,组织协调,非技术性能力,组织协调与商业执行,1.5,1,1,0,组织能力,毕业要求直接出现“组织能力”,2.83258146374831,4.248872195622465,15,否
首都经济贸易大学,CUEB-2025-117,2025级,工商管理学院,供应链管理,供应链管理,JN0774,表达能力,表达能力,非技术性能力,表达沟通与通用办公协作,1.5,1,1,0,表达能力,毕业要求直接出现“表达能力”,1.7703368192510753,2.655505228876613,22,否
首都经济贸易大学,CUEB-2025-117,2025级,工商管理学院,供应链管理,供应链管理,JN0775,学习能力,学习能力,非技术性能力,表达沟通与通用办公协作,1.5,1,1,0,自主学习能力,毕业要求直接出现“自主学习能力”,1.7221347174331973,2.583202076149796,23,否
首都经济贸易大学,CUEB-2025-117,2025级,工商管理学院,供应链管理,供应链管理,JN0776,抗压能力,抗压能力,非技术性能力,组织协调与商业执行,1.5,1,1,0,抗压能力,毕业要求直接出现“抗压能力”,3.392197251683733,5.088295877525599,13,否
首都经济贸易大学,CUEB-2025-117,2025级,工商管理学院,供应链管理,供应链管理,JN0779,书面表达,书面表达,非技术性能力,表达沟通与通用办公协作,2.3,2,1,1,文字表达能力；应用写作 / Practical Writing,毕业要求直接出现“文字表达能力”；写作课程,1.0649195460993157,2.449314956028426,24,否
首都经济贸易大学,CUEB-2025-117,2025级,工商管理学院,供应链管理,供应链管理,JN0780,诚信与职业道德,诚信与职业道德,非技术性能力,金融风控、投资与合规,1.5,1,1,0,职业操守,毕业要求直接出现“职业操守”,1.0710357731167517,1.6065536596751275,28,否
首都经济贸易大学,CUEB-2025-117,2025级,工商管理学院,供应链管理,供应链管理,JN0781,问题解决,问题解决,非技术性能力,表达沟通与通用办公协作,1.5,1,1,0,解决问题,毕业要求直接出现“解决问题”,2.314638372213455,3.4719575583201827,19,否
首都经济贸易大学,CUEB-2025-117,2025级,工商管理学院,供应链管理,供应链管理,JN0784,逻辑思维,逻辑思维,非技术性能力,表达沟通与通用办公协作,1.5,1,1,0,逻辑思维,毕业要求直接出现“逻辑思维”,3.456735772821304,5.185103659231956,11,是
首都经济贸易大学,CUEB-2025-117,2025级,工商管理学院,供应链管理,供应链管理,JN0786,管理能力,管理能力,非技术性能力,组织协调与商业执行,1.0,1,1,0,管理能力,培养目标直接出现“管理能力”,2.730798769438368,2.730798769438368,21,否
首都经济贸易大学,CUEB-2025-117,2025级,工商管理学院,供应链管理,供应链管理,JN0790,创新能力,创新能力,非技术性能力,视觉设计与数字内容制作,2.5,2,2,0,创造性思维；创新能力,培养目标直接出现“创造性思维”；毕业要求直接出现“创新能力”,1.2895886507223624,3.223971626805906,20,否
首都经济贸易大学,CUEB-2025-117,2025级,工商管理学院,供应链管理,供应链管理,JN0793,人际交往,人际交往,非技术性能力,组织协调与商业执行,1.5,1,1,0,人际交往能力,毕业要求直接出现“人际交往能力”,3.456735772821304,5.185103659231956,12,是
首都经济贸易大学,CUEB-2025-117,2025级,工商管理学院,供应链管理,供应链管理,JN0798,适应能力,适应能力,非技术性能力,组织协调与商业执行,1.5,1,1,0,适应能力,毕业要求直接出现“适应能力”,2.5271998141971284,3.7907997212956923,17,否
首都经济贸易大学,CUEB-2025-117,2025级,工商管理学院,供应链管理,供应链管理,JN0801,独立思考,独立思考,非技术性能力,表达沟通与通用办公协作,1.5,1,1,0,独立思考,毕业要求直接出现“独立思考”,3.2203469947570738,4.83052049213561,14,否
首都经济贸易大学,CUEB-2025-117,2025级,工商管理学院,供应链管理,供应链管理,JN0830,批判性思维,批判性思维,非技术性能力,表达沟通与通用办公协作,1.5,1,1,0,批判性思维,毕业要求直接出现“批判性思维”,2.638425449307353,3.9576381739610293,16,否
首都经济贸易大学,CUEB-2025-118,2025级,工商管理学院,工商管理（ESG投资与管理）,工商管理（ESG投资与管理）,JN0025,英语,英语,语言能力,供应链与物流管理,0.8,1,1,0,英语,课程名称直接出现唯一技能别名“英语”,1.0,0.8,35,否
首都经济贸易大学,CUEB-2025-118,2025级,工商管理学院,工商管理（ESG投资与管理）,工商管理（ESG投资与管理）,JN0026,数据分析,数据分析,工具软件与技术平台,人工智能与数据挖掘,5.8,4,4,0,数据分析；数据分析能力,培养目标直接出现“数据分析”；毕业要求直接出现“数据分析能力”；核心课程直接出现“数据分析”；课程名称直接出现唯一技能别名“数据分析”,1.5798184952529422,9.162947272467065,4,是
首都经济贸易大学,CUEB-2025-118,2025级,工商管理学院,工商管理（ESG投资与管理）,工商管理（ESG投资与管理）,JN0029,Excel,Excel（办公软件与通用数字工具）,方法、标准与流程,表达沟通与通用办公协作,1.5,1,1,0,Excel,毕业要求直接出现“Excel”,2.1574527886910433,3.236179183036565,18,否
首都经济贸易大学,CUEB-2025-118,2025级,工商管理学院,工商管理（ESG投资与管理）,工商管理（ESG投资与管理）,JN0032,商务谈判,商务谈判,方法、标准与流程,组织协调与商业执行,0.8,1,1,0,商务谈判,课程名称直接出现唯一技能别名“商务谈判”,2.6990500711237875,2.15924005689903,27,否
首都经济贸易大学,CUEB-2025-118,2025级,工商管理学院,工商管理（ESG投资与管理）,工商管理（ESG投资与管理）,JN0041,Python,Python（编程语言）,工具软件与技术平台,云计算、系统运维与DevOps,1.5,1,1,0,Python,毕业要求直接出现“Python”,1.5108256237659907,2.266238435648986,26,否
首都经济贸易大学,CUEB-2025-118,2025级,工商管理学院,工商管理（ESG投资与管理）,工商管理（ESG投资与管理）,JN0044,方案设计,方案设计,方法、标准与流程,嵌入式与电子硬件开发,1.5,1,1,0,方案设计,毕业要求直接出现“方案设计”,4.373026504695459,6.559539757043188,8,是
首都经济贸易大学,CUEB-2025-118,2025级,工商管理学院,工商管理（ESG投资与管理）,工商管理（ESG投资与管理）,JN0046,ERP,企业资源计划系统（ERP）,方法、标准与流程,供应链与物流管理,0.8,1,1,0,erp,课程名称直接出现唯一技能别名“erp”,2.8689491079191853,2.2951592863353483,25,否
首都经济贸易大学,CUEB-2025-118,2025级,工商管理学院,工商管理（ESG投资与管理）,工商管理（ESG投资与管理）,JN0072,统计分析,统计分析,方法、标准与流程,人工智能与数据挖掘,0.8,1,0,1,统计学 / Statistics,统计方法课程,1.1880522315029396,0.9504417852023517,33,否
首都经济贸易大学,CUEB-2025-118,2025级,工商管理学院,工商管理（ESG投资与管理）,工商管理（ESG投资与管理）,JN0098,Axure,Axure（办公软件与通用数字工具）,方法、标准与流程,表达沟通与通用办公协作,1.5,1,1,0,原型设计,毕业要求直接出现“原型设计”,5.471638793363569,8.207458190045354,5,是
首都经济贸易大学,CUEB-2025-118,2025级,工商管理学院,工商管理（ESG投资与管理）,工商管理（ESG投资与管理）,JN0109,会计核算,会计核算,方法、标准与流程,财务会计与税务管理,0.8,1,0,1,会计学 Accounting,会计课程,1.2895886507223624,1.03167092057789,31,否
首都经济贸易大学,CUEB-2025-118,2025级,工商管理学院,工商管理（ESG投资与管理）,工商管理（ESG投资与管理）,JN0145,数据挖掘,数据挖掘,工具软件与技术平台,人工智能与数据挖掘,1.5,1,1,0,数据挖掘,毕业要求直接出现“数据挖掘”,2.4271163556401456,3.6406745334602184,16,否
首都经济贸易大学,CUEB-2025-118,2025级,工商管理学院,工商管理（ESG投资与管理）,工商管理（ESG投资与管理）,JN0174,人工智能技术,人工智能技术,具体专业技能,人工智能与数据挖掘,1.6,2,2,0,人工智能；ai,课程名称直接出现唯一技能别名“人工智能”；课程名称直接出现唯一技能别名“ai”,1.312755710003897,2.100409136006235,28,否
首都经济贸易大学,CUEB-2025-118,2025级,工商管理学院,工商管理（ESG投资与管理）,工商管理（ESG投资与管理）,JN0185,供应链管理,供应链管理,方法、标准与流程,供应链与物流管理,2.3,2,2,0,供应链管理,毕业要求直接出现“供应链管理”；课程名称直接出现唯一技能别名“供应链管理”,2.79749014393704,6.434227331055191,9,是
首都经济贸易大学,CUEB-2025-118,2025级,工商管理学院,工商管理（ESG投资与管理）,工商管理（ESG投资与管理）,JN0250,跨文化沟通,跨文化沟通,语言能力,供应链与物流管理,1.0,1,1,0,跨文化沟通,培养目标直接出现“跨文化沟通”,2.730798769438368,2.730798769438368,21,否
首都经济贸易大学,CUEB-2025-118,2025级,工商管理学院,工商管理（ESG投资与管理）,工商管理（ESG投资与管理）,JN0254,市场营销知识,市场营销知识,方法、标准与流程,组织协调与商业执行,0.8,1,0,1,市场营销学 Marketing,市场营销课程,2.4035858582299516,1.9228686865839615,29,否
首都经济贸易大学,CUEB-2025-118,2025级,工商管理学院,工商管理（ESG投资与管理）,工商管理（ESG投资与管理）,JN0282,合规管理,合规管理,具体专业技能,金融风控、投资与合规,1.0,1,1,0,合规管理,培养目标直接出现“合规管理”,5.0661736852554045,5.0661736852554045,14,否
首都经济贸易大学,CUEB-2025-118,2025级,工商管理学院,工商管理（ESG投资与管理）,工商管理（ESG投资与管理）,JN0397,数理统计,数理统计,工具软件与技术平台,人工智能与数据挖掘,0.8,1,1,0,数理统计,课程名称直接出现唯一技能别名“数理统计”,1.2019413436636068,0.9615530749308855,32,否
首都经济贸易大学,CUEB-2025-118,2025级,工商管理学院,工商管理（ESG投资与管理）,工商管理（ESG投资与管理）,JN0430,知识图谱,知识图谱,方法、标准与流程,人工智能与数据挖掘,2.5,1,1,0,知识图谱,核心课程直接出现“知识图谱”,2.194494060371392,5.48623515092848,11,是
首都经济贸易大学,CUEB-2025-118,2025级,工商管理学院,工商管理（ESG投资与管理）,工商管理（ESG投资与管理）,JN0629,碳管理,碳管理,具体专业技能,安全环保与职业健康,1.5,1,1,0,碳核算,毕业要求直接出现“碳核算”,5.0661736852554045,7.599260527883107,6,是
首都经济贸易大学,CUEB-2025-118,2025级,工商管理学院,工商管理（ESG投资与管理）,工商管理（ESG投资与管理）,JN0690,风险管理,风险管理,专业知识与行业经验,金融风控、投资与合规,5.8,4,4,0,风险管理,培养目标直接出现“风险管理”；毕业要求直接出现“风险管理”；核心课程直接出现“风险管理”；课程名称直接出现唯一技能别名“风险管理”,1.916290731874155,11.114486244870099,2,是
首都经济贸易大学,CUEB-2025-118,2025级,工商管理学院,工商管理（ESG投资与管理）,工商管理（ESG投资与管理）,JN0691,财务管理,财务管理,专业知识与行业经验,财务会计与税务管理,1.5,1,1,0,财务管理,毕业要求直接出现“财务管理”,1.664976303593249,2.4974644553898733,24,否
首都经济贸易大学,CUEB-2025-118,2025级,工商管理学院,工商管理（ESG投资与管理）,工商管理（ESG投资与管理）,JN0692,新能源,新能源,专业知识与行业经验,工业自动化与电气控制,1.0,1,1,0,新能源,培养目标直接出现“新能源”,5.471638793363569,5.471638793363569,12,是
首都经济贸易大学,CUEB-2025-118,2025级,工商管理学院,工商管理（ESG投资与管理）,工商管理（ESG投资与管理）,JN0701,会计准则,会计准则,专业知识与行业经验,财务会计与税务管理,1.5,1,1,0,会计准则,毕业要求直接出现“会计准则”,4.218875824868201,6.3283137373023015,10,是
首都经济贸易大学,CUEB-2025-118,2025级,工商管理学院,工商管理（ESG投资与管理）,工商管理（ESG投资与管理）,JN0730,公司治理,公司治理,专业知识与行业经验,金融风控、投资与合规,4.8,3,3,0,公司治理,毕业要求直接出现“公司治理”；核心课程直接出现“公司治理”；课程名称直接出现唯一技能别名“公司治理”,3.120263536200091,14.977264973760436,1,是
首都经济贸易大学,CUEB-2025-118,2025级,工商管理学院,工商管理（ESG投资与管理）,工商管理（ESG投资与管理）,JN0771,团队合作,团队合作,非技术性能力,表达沟通与通用办公协作,2.5,2,2,0,协作能力；协作意识,培养目标直接出现“协作能力”；毕业要求直接出现“协作意识”,1.4111957828171493,3.527989457042873,17,否
首都经济贸易大学,CUEB-2025-118,2025级,工商管理学院,工商管理（ESG投资与管理）,工商管理（ESG投资与管理）,JN0774,表达能力,表达能力,非技术性能力,表达沟通与通用办公协作,1.5,1,1,0,表达能力,毕业要求直接出现“表达能力”,1.7703368192510753,2.655505228876613,22,否
首都经济贸易大学,CUEB-2025-118,2025级,工商管理学院,工商管理（ESG投资与管理）,工商管理（ESG投资与管理）,JN0775,学习能力,学习能力,非技术性能力,表达沟通与通用办公协作,1.5,1,1,0,自主学习能力,毕业要求直接出现“自主学习能力”,1.7221347174331973,2.583202076149796,23,否
首都经济贸易大学,CUEB-2025-118,2025级,工商管理学院,工商管理（ESG投资与管理）,工商管理（ESG投资与管理）,JN0776,抗压能力,抗压能力,非技术性能力,组织协调与商业执行,1.5,1,1,0,压力管理能力,毕业要求直接出现“压力管理能力”,3.392197251683733,5.088295877525599,13,否
首都经济贸易大学,CUEB-2025-118,2025级,工商管理学院,工商管理（ESG投资与管理）,工商管理（ESG投资与管理）,JN0779,书面表达,书面表达,非技术性能力,表达沟通与通用办公协作,0.8,1,0,1,应用写作 / Practical Writing,写作课程,1.0649195460993157,0.8519356368794526,34,否
首都经济贸易大学,CUEB-2025-118,2025级,工商管理学院,工商管理（ESG投资与管理）,工商管理（ESG投资与管理）,JN0780,诚信与职业道德,诚信与职业道德,非技术性能力,金融风控、投资与合规,1.5,1,1,0,职业道德,毕业要求直接出现“职业道德”,1.0710357731167517,1.6065536596751275,30,否
首都经济贸易大学,CUEB-2025-118,2025级,工商管理学院,工商管理（ESG投资与管理）,工商管理（ESG投资与管理）,JN0785,分析判断,分析判断,非技术性能力,组织协调与商业执行,1.5,1,1,0,分析能力,毕业要求直接出现“分析能力”,2.121734706088964,3.1826020591334463,20,否
首都经济贸易大学,CUEB-2025-118,2025级,工商管理学院,工商管理（ESG投资与管理）,工商管理（ESG投资与管理）,JN0786,管理能力,管理能力,非技术性能力,组织协调与商业执行,1.5,1,1,0,管理能力,毕业要求直接出现“管理能力”,2.730798769438368,4.096198154157552,15,否
首都经济贸易大学,CUEB-2025-118,2025级,工商管理学院,工商管理（ESG投资与管理）,工商管理（ESG投资与管理）,JN0790,创新能力,创新能力,非技术性能力,视觉设计与数字内容制作,2.5,2,2,0,创新能力；创新意识,培养目标直接出现“创新能力”；毕业要求直接出现“创新意识”,1.2895886507223624,3.223971626805906,19,否
首都经济贸易大学,CUEB-2025-118,2025级,工商管理学院,工商管理（ESG投资与管理）,工商管理（ESG投资与管理）,JN0818,系统思维,系统思维,非技术性能力,表达沟通与通用办公协作,2.5,2,2,0,系统思维,培养目标直接出现“系统思维”；毕业要求直接出现“系统思维”,4.218875824868201,10.547189562170502,3,是
首都经济贸易大学,CUEB-2025-118,2025级,工商管理学院,工商管理（ESG投资与管理）,工商管理（ESG投资与管理）,JN0825,风险识别,风险识别,非技术性能力,金融风控、投资与合规,1.5,1,1,0,风险识别,毕业要求直接出现“风险识别”,5.0661736852554045,7.599260527883107,7,是
首都经济贸易大学,CUEB-2025-119,2025级,工商管理学院,工商管理（公司理财）,工商管理（公司理财）,JN0025,英语,英语,语言能力,供应链与物流管理,0.8,1,1,0,英语,课程名称直接出现唯一技能别名“英语”,1.0,0.8,30,否
首都经济贸易大学,CUEB-2025-119,2025级,工商管理学院,工商管理（公司理财）,工商管理（公司理财）,JN0026,数据分析,数据分析,工具软件与技术平台,人工智能与数据挖掘,4.8,3,3,0,数据分析,毕业要求直接出现“数据分析”；核心课程直接出现“数据分析”；课程名称直接出现唯一技能别名“数据分析”,1.5798184952529422,7.583128777214122,8,是
首都经济贸易大学,CUEB-2025-119,2025级,工商管理学院,工商管理（公司理财）,工商管理（公司理财）,JN0032,商务谈判,商务谈判,方法、标准与流程,组织协调与商业执行,3.3,2,2,0,商务谈判,核心课程直接出现“商务谈判”；课程名称直接出现唯一技能别名“商务谈判”,2.6990500711237875,8.906865234708498,4,是
首都经济贸易大学,CUEB-2025-119,2025级,工商管理学院,工商管理（公司理财）,工商管理（公司理财）,JN0046,ERP,企业资源计划系统（ERP）,方法、标准与流程,供应链与物流管理,3.3,2,2,0,ERP；erp,核心课程直接出现“ERP”；课程名称直接出现唯一技能别名“erp”,2.8689491079191853,9.467532056133312,3,是
首都经济贸易大学,CUEB-2025-119,2025级,工商管理学院,工商管理（公司理财）,工商管理（公司理财）,JN0072,统计分析,统计分析,方法、标准与流程,人工智能与数据挖掘,0.8,1,0,1,统计学 Statistics,统计方法课程,1.1880522315029396,0.9504417852023517,29,否
首都经济贸易大学,CUEB-2025-119,2025级,工商管理学院,工商管理（公司理财）,工商管理（公司理财）,JN0077,财务分析,财务分析,具体专业技能,财务会计与税务管理,2.5,2,2,0,财务分析,培养目标直接出现“财务分析”；毕业要求直接出现“财务分析”,3.120263536200091,7.800658840500228,7,是
首都经济贸易大学,CUEB-2025-119,2025级,工商管理学院,工商管理（公司理财）,工商管理（公司理财）,JN0109,会计核算,会计核算,方法、标准与流程,财务会计与税务管理,0.8,1,0,1,会计学 Accounting,会计课程,1.2895886507223624,1.03167092057789,27,否
首都经济贸易大学,CUEB-2025-119,2025级,工商管理学院,工商管理（公司理财）,工商管理（公司理财）,JN0174,人工智能技术,人工智能技术,具体专业技能,人工智能与数据挖掘,6.6,5,5,0,人工智能；ai,培养目标直接出现“人工智能”；毕业要求直接出现“人工智能”；核心课程直接出现“人工智能”；课程名称直接出现唯一技能别名“人工智能”；课程名称直接出现唯一技能别名“ai”,1.312755710003897,8.66418768602572,5,是
首都经济贸易大学,CUEB-2025-119,2025级,工商管理学院,工商管理（公司理财）,工商管理（公司理财）,JN0185,供应链管理,供应链管理,方法、标准与流程,供应链与物流管理,1.6,2,1,1,供应链管理；供应链金融 Ssupply Chain Finance,课程名称直接出现唯一技能别名“供应链管理”；供应链课程,2.79749014393704,4.475984230299264,12,是
首都经济贸易大学,CUEB-2025-119,2025级,工商管理学院,工商管理（公司理财）,工商管理（公司理财）,JN0250,跨文化沟通,跨文化沟通,语言能力,供应链与物流管理,1.0,1,1,0,跨文化沟通,培养目标直接出现“跨文化沟通”,2.730798769438368,2.730798769438368,15,否
首都经济贸易大学,CUEB-2025-119,2025级,工商管理学院,工商管理（公司理财）,工商管理（公司理财）,JN0254,市场营销知识,市场营销知识,方法、标准与流程,组织协调与商业执行,0.8,1,0,1,市场营销学 Marketing,市场营销课程,2.4035858582299516,1.9228686865839615,23,否
首都经济贸易大学,CUEB-2025-119,2025级,工商管理学院,工商管理（公司理财）,工商管理（公司理财）,JN0258,法律法规知识,法律法规知识,方法、标准与流程,金融风控、投资与合规,0.8,1,0,1,商法学 Commercial Law,法规课程,2.139434283188365,1.711547426550692,25,否
首都经济贸易大学,CUEB-2025-119,2025级,工商管理学院,工商管理（公司理财）,工商管理（公司理财）,JN0373,人力资源管理流程,人力资源管理流程,方法、标准与流程,人力资源与行政管理,0.8,1,0,1,数智人力资源管理 Digital Human Resource Managemen,人力资源课程,2.194494060371392,1.7555952482971138,24,否
首都经济贸易大学,CUEB-2025-119,2025级,工商管理学院,工商管理（公司理财）,工商管理（公司理财）,JN0397,数理统计,数理统计,工具软件与技术平台,人工智能与数据挖掘,0.8,1,1,0,数理统计,课程名称直接出现唯一技能别名“数理统计”,1.2019413436636068,0.9615530749308855,28,否
首都经济贸易大学,CUEB-2025-119,2025级,工商管理学院,工商管理（公司理财）,工商管理（公司理财）,JN0430,知识图谱,知识图谱,方法、标准与流程,人工智能与数据挖掘,2.5,1,1,0,知识图谱,核心课程直接出现“知识图谱”,2.194494060371392,5.48623515092848,10,是
首都经济贸易大学,CUEB-2025-119,2025级,工商管理学院,工商管理（公司理财）,工商管理（公司理财）,JN0690,风险管理,风险管理,专业知识与行业经验,金融风控、投资与合规,3.3,2,2,0,风险管理,核心课程直接出现“风险管理”；课程名称直接出现唯一技能别名“风险管理”,1.916290731874155,6.323759415184711,9,是
首都经济贸易大学,CUEB-2025-119,2025级,工商管理学院,工商管理（公司理财）,工商管理（公司理财）,JN0691,财务管理,财务管理,专业知识与行业经验,财务会计与税务管理,2.5,2,2,0,财务管理,培养目标直接出现“财务管理”；毕业要求直接出现“财务管理”,1.664976303593249,4.162440758983123,13,是
首都经济贸易大学,CUEB-2025-119,2025级,工商管理学院,工商管理（公司理财）,工商管理（公司理财）,JN0730,公司治理,公司治理,专业知识与行业经验,金融风控、投资与合规,3.3,2,2,0,公司治理,核心课程直接出现“公司治理”；课程名称直接出现唯一技能别名“公司治理”,3.120263536200091,10.2968696694603,2,是
首都经济贸易大学,CUEB-2025-119,2025级,工商管理学院,工商管理（公司理财）,工商管理（公司理财）,JN0763,FRM,FRM（证书资质）,证书与资质,金融风控、投资与合规,4.1,3,3,0,金融风险管理师；frm,核心课程直接出现“金融风险管理师”；课程名称直接出现唯一技能别名“frm”；课程名称直接出现唯一技能别名“金融风险管理师”,3.120263536200091,12.793080498420371,1,否
首都经济贸易大学,CUEB-2025-119,2025级,工商管理学院,工商管理（公司理财）,工商管理（公司理财）,JN0770,沟通能力,沟通能力,非技术性能力,组织协调与商业执行,1.8,2,2,0,沟通能力；沟通,培养目标直接出现“沟通能力”；课程名称直接出现唯一技能别名“沟通”,1.7953381214564925,3.231608618621687,14,否
首都经济贸易大学,CUEB-2025-119,2025级,工商管理学院,工商管理（公司理财）,工商管理（公司理财）,JN0771,团队合作,团队合作,非技术性能力,表达沟通与通用办公协作,1.5,1,1,0,团队协作,毕业要求直接出现“团队协作”,1.4111957828171493,2.116793674225724,21,否
首都经济贸易大学,CUEB-2025-119,2025级,工商管理学院,工商管理（公司理财）,工商管理（公司理财）,JN0772,责任心,责任心,非技术性能力,表达沟通与通用办公协作,1.5,1,1,0,责任意识,毕业要求直接出现“责任意识”,3.456735772821304,5.185103659231956,11,是
首都经济贸易大学,CUEB-2025-119,2025级,工商管理学院,工商管理（公司理财）,工商管理（公司理财）,JN0774,表达能力,表达能力,非技术性能力,表达沟通与通用办公协作,1.5,1,1,0,表达能力,毕业要求直接出现“表达能力”,1.7703368192510753,2.655505228876613,17,否
首都经济贸易大学,CUEB-2025-119,2025级,工商管理学院,工商管理（公司理财）,工商管理（公司理财）,JN0775,学习能力,学习能力,非技术性能力,表达沟通与通用办公协作,1.5,1,1,0,自主学习能力,毕业要求直接出现“自主学习能力”,1.7221347174331973,2.583202076149796,18,否
首都经济贸易大学,CUEB-2025-119,2025级,工商管理学院,工商管理（公司理财）,工商管理（公司理财）,JN0779,书面表达,书面表达,非技术性能力,表达沟通与通用办公协作,2.3,2,1,1,书面表达；应用写作 / Practical Writing,毕业要求直接出现“书面表达”；写作课程,1.0649195460993157,2.449314956028426,19,否
首都经济贸易大学,CUEB-2025-119,2025级,工商管理学院,工商管理（公司理财）,工商管理（公司理财）,JN0780,诚信与职业道德,诚信与职业道德,非技术性能力,金融风控、投资与合规,1.5,1,1,0,职业道德,毕业要求直接出现“职业道德”,1.0710357731167517,1.6065536596751275,26,否
首都经济贸易大学,CUEB-2025-119,2025级,工商管理学院,工商管理（公司理财）,工商管理（公司理财）,JN0785,分析判断,分析判断,非技术性能力,组织协调与商业执行,1.0,1,1,0,分析能力,培养目标直接出现“分析能力”,2.121734706088964,2.121734706088964,20,否
首都经济贸易大学,CUEB-2025-119,2025级,工商管理学院,工商管理（公司理财）,工商管理（公司理财）,JN0786,管理能力,管理能力,非技术性能力,组织协调与商业执行,1.0,1,1,0,管理能力,培养目标直接出现“管理能力”,2.730798769438368,2.730798769438368,16,否
首都经济贸易大学,CUEB-2025-119,2025级,工商管理学院,工商管理（公司理财）,工商管理（公司理财）,JN0787,领导力,领导力,非技术性能力,组织协调与商业执行,3.3,2,2,0,团队管理,核心课程直接出现“团队管理”；课程名称直接出现唯一技能别名“团队管理”,2.4035858582299516,7.93183333215884,6,是
首都经济贸易大学,CUEB-2025-119,2025级,工商管理学院,工商管理（公司理财）,工商管理（公司理财）,JN0790,创新能力,创新能力,非技术性能力,视觉设计与数字内容制作,1.5,1,1,0,创新能力,毕业要求直接出现“创新能力”,1.2895886507223624,1.9343829760835436,22,否
首都经济贸易大学,CUEB-2025-120,2025级,工商管理学院,工商管理（国际商务）,工商管理（国际商务）,JN0025,英语,英语,语言能力,供应链与物流管理,0.8,1,1,0,英语,课程名称直接出现唯一技能别名“英语”,1.0,0.8,27,否
首都经济贸易大学,CUEB-2025-120,2025级,工商管理学院,工商管理（国际商务）,工商管理（国际商务）,JN0026,数据分析,数据分析,工具软件与技术平台,人工智能与数据挖掘,4.8,3,3,0,数据分析能力；数据分析,毕业要求直接出现“数据分析能力”；核心课程直接出现“数据分析”；课程名称直接出现唯一技能别名“数据分析”,1.5798184952529422,7.583128777214122,6,是
首都经济贸易大学,CUEB-2025-120,2025级,工商管理学院,工商管理（国际商务）,工商管理（国际商务）,JN0032,商务谈判,商务谈判,方法、标准与流程,组织协调与商业执行,5.8,4,4,0,商务谈判,培养目标直接出现“商务谈判”；毕业要求直接出现“商务谈判”；核心课程直接出现“商务谈判”；课程名称直接出现唯一技能别名“商务谈判”,2.6990500711237875,15.654490412517967,2,是
首都经济贸易大学,CUEB-2025-120,2025级,工商管理学院,工商管理（国际商务）,工商管理（国际商务）,JN0046,ERP,企业资源计划系统（ERP）,方法、标准与流程,供应链与物流管理,0.8,1,1,0,erp,课程名称直接出现唯一技能别名“erp”,2.8689491079191853,2.2951592863353483,18,是
首都经济贸易大学,CUEB-2025-120,2025级,工商管理学院,工商管理（国际商务）,工商管理（国际商务）,JN0072,统计分析,统计分析,方法、标准与流程,人工智能与数据挖掘,0.8,1,0,1,统计学 Statistics,统计方法课程,1.1880522315029396,0.9504417852023517,26,否
首都经济贸易大学,CUEB-2025-120,2025级,工商管理学院,工商管理（国际商务）,工商管理（国际商务）,JN0074,国际贸易,国际贸易,方法、标准与流程,供应链与物流管理,5.8,4,4,0,国际贸易,培养目标直接出现“国际贸易”；毕业要求直接出现“国际贸易”；核心课程直接出现“国际贸易”；课程名称直接出现唯一技能别名“国际贸易”,3.120263536200091,18.097528509960526,1,是
首都经济贸易大学,CUEB-2025-120,2025级,工商管理学院,工商管理（国际商务）,工商管理（国际商务）,JN0099,CRM,客户关系管理系统（CRM）,方法、标准与流程,供应链与物流管理,3.3,2,2,0,客户关系管理,核心课程直接出现“客户关系管理”；课程名称直接出现唯一技能别名“客户关系管理”,3.6798793241355137,12.143601769647194,3,是
首都经济贸易大学,CUEB-2025-120,2025级,工商管理学院,工商管理（国际商务）,工商管理（国际商务）,JN0109,会计核算,会计核算,方法、标准与流程,财务会计与税务管理,0.8,1,0,1,会计学 Accounting,会计课程,1.2895886507223624,1.03167092057789,24,否
首都经济贸易大学,CUEB-2025-120,2025级,工商管理学院,工商管理（国际商务）,工商管理（国际商务）,JN0174,人工智能技术,人工智能技术,具体专业技能,人工智能与数据挖掘,6.6,5,5,0,人工智能；ai,培养目标直接出现“人工智能”；毕业要求直接出现“人工智能”；核心课程直接出现“人工智能”；课程名称直接出现唯一技能别名“人工智能”；课程名称直接出现唯一技能别名“ai”,1.312755710003897,8.66418768602572,5,是
首都经济贸易大学,CUEB-2025-120,2025级,工商管理学院,工商管理（国际商务）,工商管理（国际商务）,JN0185,供应链管理,供应链管理,方法、标准与流程,供应链与物流管理,0.8,1,1,0,供应链管理,课程名称直接出现唯一技能别名“供应链管理”,2.79749014393704,2.237992115149632,19,是
首都经济贸易大学,CUEB-2025-120,2025级,工商管理学院,工商管理（国际商务）,工商管理（国际商务）,JN0250,跨文化沟通,跨文化沟通,语言能力,供应链与物流管理,2.5,2,2,0,跨文化沟通,培养目标直接出现“跨文化沟通”；毕业要求直接出现“跨文化沟通”,2.730798769438368,6.826996923595921,7,是
首都经济贸易大学,CUEB-2025-120,2025级,工商管理学院,工商管理（国际商务）,工商管理（国际商务）,JN0254,市场营销知识,市场营销知识,方法、标准与流程,组织协调与商业执行,0.8,1,0,1,市场营销学 Marketing,市场营销课程,2.4035858582299516,1.9228686865839615,20,否
首都经济贸易大学,CUEB-2025-120,2025级,工商管理学院,工商管理（国际商务）,工商管理（国际商务）,JN0258,法律法规知识,法律法规知识,方法、标准与流程,金融风控、投资与合规,0.8,1,0,1,国际商法 Law of International Business,法规课程,2.139434283188365,1.711547426550692,23,否
首都经济贸易大学,CUEB-2025-120,2025级,工商管理学院,工商管理（国际商务）,工商管理（国际商务）,JN0373,人力资源管理流程,人力资源管理流程,方法、标准与流程,人力资源与行政管理,0.8,1,0,1,人力资源管理 Human Resource Management,人力资源课程,2.194494060371392,1.7555952482971138,22,否
首都经济贸易大学,CUEB-2025-120,2025级,工商管理学院,工商管理（国际商务）,工商管理（国际商务）,JN0397,数理统计,数理统计,工具软件与技术平台,人工智能与数据挖掘,0.8,1,1,0,数理统计,课程名称直接出现唯一技能别名“数理统计”,1.2019413436636068,0.9615530749308855,25,否
首都经济贸易大学,CUEB-2025-120,2025级,工商管理学院,工商管理（国际商务）,工商管理（国际商务）,JN0538,AI工具应用,人工智能工具应用（AI工具应用）,具体专业技能,人工智能与数据挖掘,1.5,1,1,0,AI工具,毕业要求直接出现“AI工具”,3.6798793241355137,5.519818986203271,8,是
首都经济贸易大学,CUEB-2025-120,2025级,工商管理学院,工商管理（国际商务）,工商管理（国际商务）,JN0770,沟通能力,沟通能力,非技术性能力,组织协调与商业执行,1.0,1,1,0,沟通能力,培养目标直接出现“沟通能力”,1.7953381214564925,1.7953381214564925,21,否
首都经济贸易大学,CUEB-2025-120,2025级,工商管理学院,工商管理（国际商务）,工商管理（国际商务）,JN0771,团队合作,团队合作,非技术性能力,表达沟通与通用办公协作,2.5,2,2,0,协作能力；团队合作,培养目标直接出现“协作能力”；毕业要求直接出现“团队合作”,1.4111957828171493,3.527989457042873,10,是
首都经济贸易大学,CUEB-2025-120,2025级,工商管理学院,工商管理（国际商务）,工商管理（国际商务）,JN0774,表达能力,表达能力,非技术性能力,表达沟通与通用办公协作,1.5,1,1,0,表达能力,毕业要求直接出现“表达能力”,1.7703368192510753,2.655505228876613,15,否
首都经济贸易大学,CUEB-2025-120,2025级,工商管理学院,工商管理（国际商务）,工商管理（国际商务）,JN0775,学习能力,学习能力,非技术性能力,表达沟通与通用办公协作,1.5,1,1,0,自主学习能力,毕业要求直接出现“自主学习能力”,1.7221347174331973,2.583202076149796,16,否
首都经济贸易大学,CUEB-2025-120,2025级,工商管理学院,工商管理（国际商务）,工商管理（国际商务）,JN0779,书面表达,书面表达,非技术性能力,表达沟通与通用办公协作,2.3,2,1,1,文字表达能力；应用写作 / Practical Writing,毕业要求直接出现“文字表达能力”；写作课程,1.0649195460993157,2.449314956028426,17,否
首都经济贸易大学,CUEB-2025-120,2025级,工商管理学院,工商管理（国际商务）,工商管理（国际商务）,JN0780,诚信与职业道德,诚信与职业道德,非技术性能力,金融风控、投资与合规,2.5,2,2,0,职业道德,培养目标直接出现“职业道德”；毕业要求直接出现“职业道德”,1.0710357731167517,2.677589432791879,14,否
首都经济贸易大学,CUEB-2025-120,2025级,工商管理学院,工商管理（国际商务）,工商管理（国际商务）,JN0785,分析判断,分析判断,非技术性能力,组织协调与商业执行,1.5,1,1,0,分析能力,毕业要求直接出现“分析能力”,2.121734706088964,3.1826020591334463,12,否
首都经济贸易大学,CUEB-2025-120,2025级,工商管理学院,工商管理（国际商务）,工商管理（国际商务）,JN0788,口头表达,口头表达,非技术性能力,表达沟通与通用办公协作,1.5,1,1,0,口头表达,毕业要求直接出现“口头表达”,1.9021060968821986,2.853159145323298,13,否
首都经济贸易大学,CUEB-2025-120,2025级,工商管理学院,工商管理（国际商务）,工商管理（国际商务）,JN0790,创新能力,创新能力,非技术性能力,视觉设计与数字内容制作,2.5,2,2,0,创新能力；创新意识,培养目标直接出现“创新能力”；毕业要求直接出现“创新意识”,1.2895886507223624,3.223971626805906,11,否
首都经济贸易大学,CUEB-2025-120,2025级,工商管理学院,工商管理（国际商务）,工商管理（国际商务）,JN0800,决策能力,决策能力,非技术性能力,组织协调与商业执行,2.5,2,2,0,决策能力,培养目标直接出现“决策能力”；毕业要求直接出现“决策能力”,3.9675613965872945,9.918903491468235,4,是
首都经济贸易大学,CUEB-2025-120,2025级,工商管理学院,工商管理（国际商务）,工商管理（国际商务）,JN0811,战略思维,战略思维,非技术性能力,组织协调与商业执行,1.0,1,1,0,战略眼光,培养目标直接出现“战略眼光”,3.8622008809294686,3.8622008809294686,9,是
首都经济贸易大学,CUEB-2025-121,2025级,工商管理学院,工商管理（数智管理实验班）,工商管理（数智管理实验班）,JN0025,英语,英语,语言能力,供应链与物流管理,0.8,1,1,0,英语,课程名称直接出现唯一技能别名“英语”,1.0,0.8,27,否
首都经济贸易大学,CUEB-2025-121,2025级,工商管理学院,工商管理（数智管理实验班）,工商管理（数智管理实验班）,JN0026,数据分析,数据分析,工具软件与技术平台,人工智能与数据挖掘,5.6,4,3,1,数据分析；数据科学导论,毕业要求直接出现“数据分析”；核心课程直接出现“数据分析”；课程名称直接出现唯一技能别名“数据分析”；数据分析课程,1.5798184952529422,8.846983573416475,3,是
首都经济贸易大学,CUEB-2025-121,2025级,工商管理学院,工商管理（数智管理实验班）,工商管理（数智管理实验班）,JN0028,项目管理,项目管理,方法、标准与流程,表达沟通与通用办公协作,1.5,1,1,0,项目管理,毕业要求直接出现“项目管理”,2.7635885922613586,4.145382888392038,10,是
首都经济贸易大学,CUEB-2025-121,2025级,工商管理学院,工商管理（数智管理实验班）,工商管理（数智管理实验班）,JN0032,商务谈判,商务谈判,方法、标准与流程,组织协调与商业执行,0.8,1,1,0,商务谈判,课程名称直接出现唯一技能别名“商务谈判”,2.6990500711237875,2.15924005689903,16,是
首都经济贸易大学,CUEB-2025-121,2025级,工商管理学院,工商管理（数智管理实验班）,工商管理（数智管理实验班）,JN0072,统计分析,统计分析,方法、标准与流程,人工智能与数据挖掘,0.8,1,0,1,统计学 Statistics,统计方法课程,1.1880522315029396,0.9504417852023517,26,否
首都经济贸易大学,CUEB-2025-121,2025级,工商管理学院,工商管理（数智管理实验班）,工商管理（数智管理实验班）,JN0076,数据处理,数据处理,具体专业技能,大数据工程与数据仓库,0.8,1,0,1,大数据预处理,数据处理课程,2.5812670354674037,2.065013628373923,18,是
首都经济贸易大学,CUEB-2025-121,2025级,工商管理学院,工商管理（数智管理实验班）,工商管理（数智管理实验班）,JN0109,会计核算,会计核算,方法、标准与流程,财务会计与税务管理,0.8,1,0,1,会计学 Accounting,会计课程,1.2895886507223624,1.03167092057789,24,否
首都经济贸易大学,CUEB-2025-121,2025级,工商管理学院,工商管理（数智管理实验班）,工商管理（数智管理实验班）,JN0145,数据挖掘,数据挖掘,工具软件与技术平台,人工智能与数据挖掘,1.5,1,1,0,数据挖掘,毕业要求直接出现“数据挖掘”,2.4271163556401456,3.6406745334602184,11,是
首都经济贸易大学,CUEB-2025-121,2025级,工商管理学院,工商管理（数智管理实验班）,工商管理（数智管理实验班）,JN0174,人工智能技术,人工智能技术,具体专业技能,人工智能与数据挖掘,4.1,4,4,0,人工智能；ai,培养目标直接出现“人工智能”；毕业要求直接出现“人工智能”；课程名称直接出现唯一技能别名“人工智能”；课程名称直接出现唯一技能别名“ai”,1.312755710003897,5.382298411015976,8,是
首都经济贸易大学,CUEB-2025-121,2025级,工商管理学院,工商管理（数智管理实验班）,工商管理（数智管理实验班）,JN0250,跨文化沟通,跨文化沟通,语言能力,供应链与物流管理,2.5,2,2,0,跨文化沟通,培养目标直接出现“跨文化沟通”；毕业要求直接出现“跨文化沟通”,2.730798769438368,6.826996923595921,4,是
首都经济贸易大学,CUEB-2025-121,2025级,工商管理学院,工商管理（数智管理实验班）,工商管理（数智管理实验班）,JN0254,市场营销知识,市场营销知识,方法、标准与流程,组织协调与商业执行,0.8,1,0,1,市场营销学 Marketing,市场营销课程,2.4035858582299516,1.9228686865839615,20,否
首都经济贸易大学,CUEB-2025-121,2025级,工商管理学院,工商管理（数智管理实验班）,工商管理（数智管理实验班）,JN0258,法律法规知识,法律法规知识,方法、标准与流程,金融风控、投资与合规,0.8,1,0,1,商法学 Commercial Law,法规课程,2.139434283188365,1.711547426550692,22,否
首都经济贸易大学,CUEB-2025-121,2025级,工商管理学院,工商管理（数智管理实验班）,工商管理（数智管理实验班）,JN0373,人力资源管理流程,人力资源管理流程,方法、标准与流程,人力资源与行政管理,0.8,1,0,1,数智人力资源管理 Digital Human Resource Managemen,人力资源课程,2.194494060371392,1.7555952482971138,21,否
首都经济贸易大学,CUEB-2025-121,2025级,工商管理学院,工商管理（数智管理实验班）,工商管理（数智管理实验班）,JN0397,数理统计,数理统计,工具软件与技术平台,人工智能与数据挖掘,0.8,1,1,0,数理统计,课程名称直接出现唯一技能别名“数理统计”,1.2019413436636068,0.9615530749308855,25,否
首都经济贸易大学,CUEB-2025-121,2025级,工商管理学院,工商管理（数智管理实验班）,工商管理（数智管理实验班）,JN0430,知识图谱,知识图谱,方法、标准与流程,人工智能与数据挖掘,2.5,1,1,0,知识图谱,核心课程直接出现“知识图谱”,2.194494060371392,5.48623515092848,7,是
首都经济贸易大学,CUEB-2025-121,2025级,工商管理学院,工商管理（数智管理实验班）,工商管理（数智管理实验班）,JN0730,公司治理,公司治理,专业知识与行业经验,金融风控、投资与合规,3.3,2,2,0,公司治理,核心课程直接出现“公司治理”；课程名称直接出现唯一技能别名“公司治理”,3.120263536200091,10.2968696694603,1,是
首都经济贸易大学,CUEB-2025-121,2025级,工商管理学院,工商管理（数智管理实验班）,工商管理（数智管理实验班）,JN0770,沟通能力,沟通能力,非技术性能力,组织协调与商业执行,3.3,3,3,0,沟通能力；沟通,培养目标直接出现“沟通能力”；毕业要求直接出现“沟通能力”；课程名称直接出现唯一技能别名“沟通”,1.7953381214564925,5.924615800806425,6,是
首都经济贸易大学,CUEB-2025-121,2025级,工商管理学院,工商管理（数智管理实验班）,工商管理（数智管理实验班）,JN0771,团队合作,团队合作,非技术性能力,表达沟通与通用办公协作,1.5,1,1,0,团队合作,毕业要求直接出现“团队合作”,1.4111957828171493,2.116793674225724,17,否
首都经济贸易大学,CUEB-2025-121,2025级,工商管理学院,工商管理（数智管理实验班）,工商管理（数智管理实验班）,JN0774,表达能力,表达能力,非技术性能力,表达沟通与通用办公协作,1.5,1,1,0,表达能力,毕业要求直接出现“表达能力”,1.7703368192510753,2.655505228876613,13,否
首都经济贸易大学,CUEB-2025-121,2025级,工商管理学院,工商管理（数智管理实验班）,工商管理（数智管理实验班）,JN0775,学习能力,学习能力,非技术性能力,表达沟通与通用办公协作,1.5,1,1,0,自主学习能力,毕业要求直接出现“自主学习能力”,1.7221347174331973,2.583202076149796,14,否
首都经济贸易大学,CUEB-2025-121,2025级,工商管理学院,工商管理（数智管理实验班）,工商管理（数智管理实验班）,JN0776,抗压能力,抗压能力,非技术性能力,组织协调与商业执行,1.5,1,1,0,抗压能力,毕业要求直接出现“抗压能力”,3.392197251683733,5.088295877525599,9,否
首都经济贸易大学,CUEB-2025-121,2025级,工商管理学院,工商管理（数智管理实验班）,工商管理（数智管理实验班）,JN0779,书面表达,书面表达,非技术性能力,表达沟通与通用办公协作,2.3,2,1,1,书面表达；应用写作 / Practical Writing,毕业要求直接出现“书面表达”；写作课程,1.0649195460993157,2.449314956028426,15,否
首都经济贸易大学,CUEB-2025-121,2025级,工商管理学院,工商管理（数智管理实验班）,工商管理（数智管理实验班）,JN0780,诚信与职业道德,诚信与职业道德,非技术性能力,金融风控、投资与合规,1.5,1,1,0,职业操守,毕业要求直接出现“职业操守”,1.0710357731167517,1.6065536596751275,23,否
首都经济贸易大学,CUEB-2025-121,2025级,工商管理学院,工商管理（数智管理实验班）,工商管理（数智管理实验班）,JN0783,主动性,主动性,非技术性能力,表达沟通与通用办公协作,1.5,1,1,0,积极主动,毕业要求直接出现“积极主动”,4.218875824868201,6.3283137373023015,5,是
首都经济贸易大学,CUEB-2025-121,2025级,工商管理学院,工商管理（数智管理实验班）,工商管理（数智管理实验班）,JN0787,领导力,领导力,非技术性能力,组织协调与商业执行,4.1,3,3,0,团队管理；领导力,核心课程直接出现“团队管理”；课程名称直接出现唯一技能别名“团队管理”；课程名称直接出现唯一技能别名“领导力”,2.4035858582299516,9.8547020187428,2,是
首都经济贸易大学,CUEB-2025-121,2025级,工商管理学院,工商管理（数智管理实验班）,工商管理（数智管理实验班）,JN0790,创新能力,创新能力,非技术性能力,视觉设计与数字内容制作,1.5,1,1,0,创新能力,毕业要求直接出现“创新能力”,1.2895886507223624,1.9343829760835436,19,否
首都经济贸易大学,CUEB-2025-121,2025级,工商管理学院,工商管理（数智管理实验班）,工商管理（数智管理实验班）,JN0801,独立思考,独立思考,非技术性能力,表达沟通与通用办公协作,1.0,1,1,0,独立思考,培养目标直接出现“独立思考”,3.2203469947570738,3.2203469947570738,12,否
首都经济贸易大学,CUEB-2025-122,2025级,工商管理学院,工商管理（数科与大数据双学位）,工商管理（数科与大数据双学位）,JN0025,英语,英语,语言能力,供应链与物流管理,0.8,1,1,0,英语,课程名称直接出现唯一技能别名“英语”,1.0,0.8,37,否
首都经济贸易大学,CUEB-2025-122,2025级,工商管理学院,工商管理（数科与大数据双学位）,工商管理（数科与大数据双学位）,JN0026,数据分析,数据分析,工具软件与技术平台,人工智能与数据挖掘,6.6,5,4,1,数据分析；统计与数据科学导论,培养目标直接出现“数据分析”；毕业要求直接出现“数据分析”；核心课程直接出现“数据分析”；课程名称直接出现唯一技能别名“数据分析”；数据分析课程,1.5798184952529422,10.426802068669417,6,是
首都经济贸易大学,CUEB-2025-122,2025级,工商管理学院,工商管理（数科与大数据双学位）,工商管理（数科与大数据双学位）,JN0028,项目管理,项目管理,方法、标准与流程,表达沟通与通用办公协作,1.5,1,1,0,项目管理,毕业要求直接出现“项目管理”,2.7635885922613586,4.145382888392038,18,否
首都经济贸易大学,CUEB-2025-122,2025级,工商管理学院,工商管理（数科与大数据双学位）,工商管理（数科与大数据双学位）,JN0031,Linux,Linux（运维云与安全）,工具软件与技术平台,云计算、系统运维与DevOps,1.6,2,2,0,linux；linux系统,课程名称直接出现唯一技能别名“linux”；课程名称直接出现唯一技能别名“linux系统”,4.218875824868201,6.750201319789122,12,是
首都经济贸易大学,CUEB-2025-122,2025级,工商管理学院,工商管理（数科与大数据双学位）,工商管理（数科与大数据双学位）,JN0032,商务谈判,商务谈判,方法、标准与流程,组织协调与商业执行,0.8,1,1,0,商务谈判,课程名称直接出现唯一技能别名“商务谈判”,2.6990500711237875,2.15924005689903,30,否
首都经济贸易大学,CUEB-2025-122,2025级,工商管理学院,工商管理（数科与大数据双学位）,工商管理（数科与大数据双学位）,JN0038,SQL,结构化查询语言（SQL）,工具软件与技术平台,Java后端开发与中间件,3.3,2,2,0,SQL；sql,核心课程直接出现“SQL”；课程名称直接出现唯一技能别名“sql”,4.373026504695459,14.430987465495015,1,是
首都经济贸易大学,CUEB-2025-122,2025级,工商管理学院,工商管理（数科与大数据双学位）,工商管理（数科与大数据双学位）,JN0041,Python,Python（编程语言）,工具软件与技术平台,云计算、系统运维与DevOps,4.8,3,3,0,Python；python,毕业要求直接出现“Python”；核心课程直接出现“Python”；课程名称直接出现唯一技能别名“python”,1.5108256237659907,7.251962994076755,10,是
首都经济贸易大学,CUEB-2025-122,2025级,工商管理学院,工商管理（数科与大数据双学位）,工商管理（数科与大数据双学位）,JN0058,市场分析,市场分析,方法、标准与流程,组织协调与商业执行,1.0,1,1,0,市场分析,培养目标直接出现“市场分析”,3.7668907011251433,3.7668907011251433,19,否
首都经济贸易大学,CUEB-2025-122,2025级,工商管理学院,工商管理（数科与大数据双学位）,工商管理（数科与大数据双学位）,JN0072,统计分析,统计分析,方法、标准与流程,人工智能与数据挖掘,2.4000000000000004,3,0,3,时间序列分析 Time Series Analysis；统计学 Statistics；应用回归分析,统计方法课程,1.1880522315029396,2.8513253556070555,23,否
首都经济贸易大学,CUEB-2025-122,2025级,工商管理学院,工商管理（数科与大数据双学位）,工商管理（数科与大数据双学位）,JN0076,数据处理,数据处理,具体专业技能,大数据工程与数据仓库,0.8,1,0,1,大数据预处理,数据处理课程,2.5812670354674037,2.065013628373923,31,否
首都经济贸易大学,CUEB-2025-122,2025级,工商管理学院,工商管理（数科与大数据双学位）,工商管理（数科与大数据双学位）,JN0104,C语言,C语言（编程语言）,工具软件与技术平台,嵌入式与电子硬件开发,0.8,1,1,0,c语言,课程名称直接出现唯一技能别名“c语言”,3.169053700369523,2.535242960295619,27,否
首都经济贸易大学,CUEB-2025-122,2025级,工商管理学院,工商管理（数科与大数据双学位）,工商管理（数科与大数据双学位）,JN0109,会计核算,会计核算,方法、标准与流程,财务会计与税务管理,0.8,1,0,1,会计学 Accounting,会计课程,1.2895886507223624,1.03167092057789,35,否
首都经济贸易大学,CUEB-2025-122,2025级,工商管理学院,工商管理（数科与大数据双学位）,工商管理（数科与大数据双学位）,JN0143,机器学习,机器学习,方法、标准与流程,人工智能与数据挖掘,4.8,3,3,0,机器学习,毕业要求直接出现“机器学习”；核心课程直接出现“机器学习”；课程名称直接出现唯一技能别名“机器学习”,2.3361445774344194,11.213493971685212,5,是
首都经济贸易大学,CUEB-2025-122,2025级,工商管理学院,工商管理（数科与大数据双学位）,工商管理（数科与大数据双学位）,JN0145,数据挖掘,数据挖掘,工具软件与技术平台,人工智能与数据挖掘,1.5,1,1,0,数据挖掘,毕业要求直接出现“数据挖掘”,2.4271163556401456,3.6406745334602184,20,否
首都经济贸易大学,CUEB-2025-122,2025级,工商管理学院,工商管理（数科与大数据双学位）,工商管理（数科与大数据双学位）,JN0174,人工智能技术,人工智能技术,具体专业技能,人工智能与数据挖掘,4.1,4,4,0,人工智能；ai,培养目标直接出现“人工智能”；毕业要求直接出现“人工智能”；课程名称直接出现唯一技能别名“人工智能”；课程名称直接出现唯一技能别名“ai”,1.312755710003897,5.382298411015976,16,否
首都经济贸易大学,CUEB-2025-122,2025级,工商管理学院,工商管理（数科与大数据双学位）,工商管理（数科与大数据双学位）,JN0197,深度学习,深度学习,方法、标准与流程,人工智能与数据挖掘,3.3,2,2,0,深度学习,核心课程直接出现“深度学习”；课程名称直接出现唯一技能别名“深度学习”,3.5257286443082556,11.634904526217243,4,是
首都经济贸易大学,CUEB-2025-122,2025级,工商管理学院,工商管理（数科与大数据双学位）,工商管理（数科与大数据双学位）,JN0211,数据结构与算法,数据结构与算法,方法、标准与流程,网络通信与软件开发基础,0.8,1,1,0,数据结构与算法,课程名称直接出现唯一技能别名“数据结构与算法”,2.79749014393704,2.237992115149632,29,否
首都经济贸易大学,CUEB-2025-122,2025级,工商管理学院,工商管理（数科与大数据双学位）,工商管理（数科与大数据双学位）,JN0250,跨文化沟通,跨文化沟通,语言能力,供应链与物流管理,2.5,2,2,0,跨文化沟通,培养目标直接出现“跨文化沟通”；毕业要求直接出现“跨文化沟通”,2.730798769438368,6.826996923595921,11,是
首都经济贸易大学,CUEB-2025-122,2025级,工商管理学院,工商管理（数科与大数据双学位）,工商管理（数科与大数据双学位）,JN0254,市场营销知识,市场营销知识,方法、标准与流程,组织协调与商业执行,0.8,1,0,1,市场营销学 Marketing,市场营销课程,2.4035858582299516,1.9228686865839615,32,否
首都经济贸易大学,CUEB-2025-122,2025级,工商管理学院,工商管理（数科与大数据双学位）,工商管理（数科与大数据双学位）,JN0373,人力资源管理流程,人力资源管理流程,方法、标准与流程,人力资源与行政管理,0.8,1,0,1,数智人力资源管理 Digital Human Resource Managemen,人力资源课程,2.194494060371392,1.7555952482971138,33,否
首都经济贸易大学,CUEB-2025-122,2025级,工商管理学院,工商管理（数科与大数据双学位）,工商管理（数科与大数据双学位）,JN0397,数理统计,数理统计,工具软件与技术平台,人工智能与数据挖掘,0.8,1,1,0,数理统计,课程名称直接出现唯一技能别名“数理统计”,1.2019413436636068,0.9615530749308855,36,否
首都经济贸易大学,CUEB-2025-122,2025级,工商管理学院,工商管理（数科与大数据双学位）,工商管理（数科与大数据双学位）,JN0413,算法建模,算法建模,方法、标准与流程,人工智能与数据挖掘,0.8,1,0,1,数据结构与算法分析 Data Structures and Algorithms,算法课程,3.331572629867298,2.6652581038938385,24,否
首都经济贸易大学,CUEB-2025-122,2025级,工商管理学院,工商管理（数科与大数据双学位）,工商管理（数科与大数据双学位）,JN0424,大语言模型,大语言模型,具体专业技能,人工智能与数据挖掘,3.3,2,2,0,大语言模型,核心课程直接出现“大语言模型”；课程名称直接出现唯一技能别名“大语言模型”,3.6798793241355137,12.143601769647194,3,是
首都经济贸易大学,CUEB-2025-122,2025级,工商管理学院,工商管理（数科与大数据双学位）,工商管理（数科与大数据双学位）,JN0430,知识图谱,知识图谱,方法、标准与流程,人工智能与数据挖掘,2.5,1,1,0,知识图谱,核心课程直接出现“知识图谱”,2.194494060371392,5.48623515092848,15,否
首都经济贸易大学,CUEB-2025-122,2025级,工商管理学院,工商管理（数科与大数据双学位）,工商管理（数科与大数据双学位）,JN0584,时间序列,时间序列,方法、标准与流程,人工智能与数据挖掘,3.3,2,2,0,时间序列,核心课程直接出现“时间序列”；课程名称直接出现唯一技能别名“时间序列”,2.8689491079191853,9.467532056133312,9,是
首都经济贸易大学,CUEB-2025-122,2025级,工商管理学院,工商管理（数科与大数据双学位）,工商管理（数科与大数据双学位）,JN0686,数据库技术,数据库技术,专业知识与行业经验,Java后端开发与中间件,5.6,4,4,0,数据库原理；数据库,毕业要求直接出现“数据库原理”；核心课程直接出现“数据库原理”；课程名称直接出现唯一技能别名“数据库”；课程名称直接出现唯一技能别名“数据库原理”,2.3361445774344194,13.082409633632748,2,是
首都经济贸易大学,CUEB-2025-122,2025级,工商管理学院,工商管理（数科与大数据双学位）,工商管理（数科与大数据双学位）,JN0730,公司治理,公司治理,专业知识与行业经验,金融风控、投资与合规,3.3,2,2,0,公司治理,核心课程直接出现“公司治理”；课程名称直接出现唯一技能别名“公司治理”,3.120263536200091,10.2968696694603,7,是
首都经济贸易大学,CUEB-2025-122,2025级,工商管理学院,工商管理（数科与大数据双学位）,工商管理（数科与大数据双学位）,JN0770,沟通能力,沟通能力,非技术性能力,组织协调与商业执行,3.3,3,3,0,沟通能力；沟通,培养目标直接出现“沟通能力”；毕业要求直接出现“沟通能力”；课程名称直接出现唯一技能别名“沟通”,1.7953381214564925,5.924615800806425,14,否
首都经济贸易大学,CUEB-2025-122,2025级,工商管理学院,工商管理（数科与大数据双学位）,工商管理（数科与大数据双学位）,JN0771,团队合作,团队合作,非技术性能力,表达沟通与通用办公协作,2.5,2,2,0,团队合作,培养目标直接出现“团队合作”；毕业要求直接出现“团队合作”,1.4111957828171493,3.527989457042873,21,否
首都经济贸易大学,CUEB-2025-122,2025级,工商管理学院,工商管理（数科与大数据双学位）,工商管理（数科与大数据双学位）,JN0774,表达能力,表达能力,非技术性能力,表达沟通与通用办公协作,1.5,1,1,0,表达能力,毕业要求直接出现“表达能力”,1.7703368192510753,2.655505228876613,25,否
首都经济贸易大学,CUEB-2025-122,2025级,工商管理学院,工商管理（数科与大数据双学位）,工商管理（数科与大数据双学位）,JN0775,学习能力,学习能力,非技术性能力,表达沟通与通用办公协作,1.5,1,1,0,自主学习能力,毕业要求直接出现“自主学习能力”,1.7221347174331973,2.583202076149796,26,否
首都经济贸易大学,CUEB-2025-122,2025级,工商管理学院,工商管理（数科与大数据双学位）,工商管理（数科与大数据双学位）,JN0776,抗压能力,抗压能力,非技术性能力,组织协调与商业执行,1.5,1,1,0,抗压能力,毕业要求直接出现“抗压能力”,3.392197251683733,5.088295877525599,17,否
首都经济贸易大学,CUEB-2025-122,2025级,工商管理学院,工商管理（数科与大数据双学位）,工商管理（数科与大数据双学位）,JN0779,书面表达,书面表达,非技术性能力,表达沟通与通用办公协作,2.3,2,1,1,书面表达；应用写作 / Practical Writing,毕业要求直接出现“书面表达”；写作课程,1.0649195460993157,2.449314956028426,28,否
首都经济贸易大学,CUEB-2025-122,2025级,工商管理学院,工商管理（数科与大数据双学位）,工商管理（数科与大数据双学位）,JN0780,诚信与职业道德,诚信与职业道德,非技术性能力,金融风控、投资与合规,1.5,1,1,0,职业操守,毕业要求直接出现“职业操守”,1.0710357731167517,1.6065536596751275,34,否
首都经济贸易大学,CUEB-2025-122,2025级,工商管理学院,工商管理（数科与大数据双学位）,工商管理（数科与大数据双学位）,JN0783,主动性,主动性,非技术性能力,表达沟通与通用办公协作,1.5,1,1,0,积极主动,毕业要求直接出现“积极主动”,4.218875824868201,6.3283137373023015,13,否
首都经济贸易大学,CUEB-2025-122,2025级,工商管理学院,工商管理（数科与大数据双学位）,工商管理（数科与大数据双学位）,JN0787,领导力,领导力,非技术性能力,组织协调与商业执行,4.1,3,3,0,团队管理；领导力,核心课程直接出现“团队管理”；课程名称直接出现唯一技能别名“团队管理”；课程名称直接出现唯一技能别名“领导力”,2.4035858582299516,9.8547020187428,8,是
首都经济贸易大学,CUEB-2025-122,2025级,工商管理学院,工商管理（数科与大数据双学位）,工商管理（数科与大数据双学位）,JN0790,创新能力,创新能力,非技术性能力,视觉设计与数字内容制作,2.5,2,2,0,创新能力,培养目标直接出现“创新能力”；毕业要求直接出现“创新能力”,1.2895886507223624,3.223971626805906,22,否
首都经济贸易大学,CUEB-2025-123,2025级,工商管理学院,市场营销（国际数智营销）,市场营销（国际数智营销）,JN0005,客户管理,客户管理,职业职能与业务活动,组织协调与商业执行,1.0,1,1,0,客户管理,培养目标直接出现“客户管理”,5.471638793363569,5.471638793363569,13,否
首都经济贸易大学,CUEB-2025-123,2025级,工商管理学院,市场营销（国际数智营销）,市场营销（国际数智营销）,JN0025,英语,英语,语言能力,供应链与物流管理,3.3,2,2,0,英语,核心课程直接出现“英语”；课程名称直接出现唯一技能别名“英语”,1.0,3.3,24,否
首都经济贸易大学,CUEB-2025-123,2025级,工商管理学院,市场营销（国际数智营销）,市场营销（国际数智营销）,JN0026,数据分析,数据分析,工具软件与技术平台,人工智能与数据挖掘,4.8,3,3,0,数据分析,毕业要求直接出现“数据分析”；核心课程直接出现“数据分析”；课程名称直接出现唯一技能别名“数据分析”,1.5798184952529422,7.583128777214122,8,是
首都经济贸易大学,CUEB-2025-123,2025级,工商管理学院,市场营销（国际数智营销）,市场营销（国际数智营销）,JN0032,商务谈判,商务谈判,方法、标准与流程,组织协调与商业执行,3.3,2,2,0,商务谈判,核心课程直接出现“商务谈判”；课程名称直接出现唯一技能别名“商务谈判”,2.6990500711237875,8.906865234708498,5,是
首都经济贸易大学,CUEB-2025-123,2025级,工商管理学院,市场营销（国际数智营销）,市场营销（国际数智营销）,JN0033,PowerPoint,PowerPoint（办公软件与通用数字工具）,方法、标准与流程,表达沟通与通用办公协作,1.5,1,1,0,PPT,毕业要求直接出现“PPT”,5.0661736852554045,7.599260527883107,6,是
首都经济贸易大学,CUEB-2025-123,2025级,工商管理学院,市场营销（国际数智营销）,市场营销（国际数智营销）,JN0041,Python,Python（编程语言）,工具软件与技术平台,云计算、系统运维与DevOps,1.5,1,1,0,Python,毕业要求直接出现“Python”,1.5108256237659907,2.266238435648986,27,否
首都经济贸易大学,CUEB-2025-123,2025级,工商管理学院,市场营销（国际数智营销）,市场营销（国际数智营销）,JN0046,ERP,企业资源计划系统（ERP）,方法、标准与流程,供应链与物流管理,0.8,1,1,0,erp,课程名称直接出现唯一技能别名“erp”,2.8689491079191853,2.2951592863353483,26,否
首都经济贸易大学,CUEB-2025-123,2025级,工商管理学院,市场营销（国际数智营销）,市场营销（国际数智营销）,JN0065,网络安全,网络安全,工具软件与技术平台,网络运维与信息安全,1.5,1,1,0,网络安全,毕业要求直接出现“网络安全”,3.8622008809294686,5.793301321394203,10,是
首都经济贸易大学,CUEB-2025-123,2025级,工商管理学院,市场营销（国际数智营销）,市场营销（国际数智营销）,JN0072,统计分析,统计分析,方法、标准与流程,人工智能与数据挖掘,0.8,1,0,1,统计学 Statistics,统计方法课程,1.1880522315029396,0.9504417852023517,32,否
首都经济贸易大学,CUEB-2025-123,2025级,工商管理学院,市场营销（国际数智营销）,市场营销（国际数智营销）,JN0099,CRM,客户关系管理系统（CRM）,方法、标准与流程,供应链与物流管理,3.3,2,2,0,客户关系管理,核心课程直接出现“客户关系管理”；课程名称直接出现唯一技能别名“客户关系管理”,3.6798793241355137,12.143601769647194,3,是
首都经济贸易大学,CUEB-2025-123,2025级,工商管理学院,市场营销（国际数智营销）,市场营销（国际数智营销）,JN0109,会计核算,会计核算,方法、标准与流程,财务会计与税务管理,0.8,1,0,1,会计学 Accounting,会计课程,1.2895886507223624,1.03167092057789,30,否
首都经济贸易大学,CUEB-2025-123,2025级,工商管理学院,市场营销（国际数智营销）,市场营销（国际数智营销）,JN0145,数据挖掘,数据挖掘,工具软件与技术平台,人工智能与数据挖掘,1.8,2,2,0,数据挖掘,培养目标直接出现“数据挖掘”；课程名称直接出现唯一技能别名“数据挖掘”,2.4271163556401456,4.368809440152262,20,否
首都经济贸易大学,CUEB-2025-123,2025级,工商管理学院,市场营销（国际数智营销）,市场营销（国际数智营销）,JN0174,人工智能技术,人工智能技术,具体专业技能,人工智能与数据挖掘,3.1,3,3,0,AI技术；人工智能；ai,毕业要求直接出现“AI技术”；课程名称直接出现唯一技能别名“人工智能”；课程名称直接出现唯一技能别名“ai”,1.312755710003897,4.069542701012081,22,否
首都经济贸易大学,CUEB-2025-123,2025级,工商管理学院,市场营销（国际数智营销）,市场营销（国际数智营销）,JN0185,供应链管理,供应链管理,方法、标准与流程,供应链与物流管理,0.8,1,1,0,供应链管理,课程名称直接出现唯一技能别名“供应链管理”,2.79749014393704,2.237992115149632,28,否
首都经济贸易大学,CUEB-2025-123,2025级,工商管理学院,市场营销（国际数智营销）,市场营销（国际数智营销）,JN0214,品牌策划,品牌策划,方法、标准与流程,视觉设计与数字内容制作,4.8,3,3,0,品牌管理,毕业要求直接出现“品牌管理”；核心课程直接出现“品牌管理”；课程名称直接出现唯一技能别名“品牌管理”,3.5257286443082556,16.923497492679626,1,是
首都经济贸易大学,CUEB-2025-123,2025级,工商管理学院,市场营销（国际数智营销）,市场营销（国际数智营销）,JN0250,跨文化沟通,跨文化沟通,语言能力,供应链与物流管理,1.5,1,1,0,跨文化沟通,毕业要求直接出现“跨文化沟通”,2.730798769438368,4.096198154157552,21,否
首都经济贸易大学,CUEB-2025-123,2025级,工商管理学院,市场营销（国际数智营销）,市场营销（国际数智营销）,JN0254,市场营销知识,市场营销知识,方法、标准与流程,组织协调与商业执行,2.3,2,1,1,营销知识；市场营销学（英语）,毕业要求直接出现“营销知识”；市场营销课程,2.4035858582299516,5.5282474739288885,11,是
首都经济贸易大学,CUEB-2025-123,2025级,工商管理学院,市场营销（国际数智营销）,市场营销（国际数智营销）,JN0278,计算机视觉,计算机视觉,方法、标准与流程,人工智能与数据挖掘,1.5,1,1,0,计算机视觉,毕业要求直接出现“计算机视觉”,4.555348061489413,6.83302209223412,9,是
首都经济贸易大学,CUEB-2025-123,2025级,工商管理学院,市场营销（国际数智营销）,市场营销（国际数智营销）,JN0279,自然语言处理,自然语言处理,方法、标准与流程,人工智能与数据挖掘,1.5,1,1,0,自然语言处理,毕业要求直接出现“自然语言处理”,3.5257286443082556,5.288592966462383,14,否
首都经济贸易大学,CUEB-2025-123,2025级,工商管理学院,市场营销（国际数智营销）,市场营销（国际数智营销）,JN0311,营销能力,营销能力,工具软件与技术平台,组织协调与商业执行,1.0,1,1,0,营销能力,培养目标直接出现“营销能力”,4.555348061489413,4.555348061489413,19,否
首都经济贸易大学,CUEB-2025-123,2025级,工商管理学院,市场营销（国际数智营销）,市场营销（国际数智营销）,JN0365,文献检索,文献检索,方法、标准与流程,医药研发与药事管理,1.5,1,1,0,文献检索,毕业要求直接出现“文献检索”,3.2744142160273495,4.9116213240410245,16,否
首都经济贸易大学,CUEB-2025-123,2025级,工商管理学院,市场营销（国际数智营销）,市场营销（国际数智营销）,JN0373,人力资源管理流程,人力资源管理流程,方法、标准与流程,人力资源与行政管理,0.8,1,0,1,人力资源管理 Human Resource Management,人力资源课程,2.194494060371392,1.7555952482971138,29,否
首都经济贸易大学,CUEB-2025-123,2025级,工商管理学院,市场营销（国际数智营销）,市场营销（国际数智营销）,JN0397,数理统计,数理统计,工具软件与技术平台,人工智能与数据挖掘,0.8,1,1,0,数理统计,课程名称直接出现唯一技能别名“数理统计”,1.2019413436636068,0.9615530749308855,31,否
首都经济贸易大学,CUEB-2025-123,2025级,工商管理学院,市场营销（国际数智营销）,市场营销（国际数智营销）,JN0430,知识图谱,知识图谱,方法、标准与流程,人工智能与数据挖掘,2.5,1,1,0,知识图谱,核心课程直接出现“知识图谱”,2.194494060371392,5.48623515092848,12,是
首都经济贸易大学,CUEB-2025-123,2025级,工商管理学院,市场营销（国际数智营销）,市场营销（国际数智营销）,JN0538,AI工具应用,人工智能工具应用（AI工具应用）,具体专业技能,人工智能与数据挖掘,2.5,2,2,0,ChatGPT,培养目标直接出现“ChatGPT”；毕业要求直接出现“ChatGPT”,3.6798793241355137,9.199698310338784,4,是
首都经济贸易大学,CUEB-2025-123,2025级,工商管理学院,市场营销（国际数智营销）,市场营销（国际数智营销）,JN0540,预测模型,预测模型,方法、标准与流程,人工智能与数据挖掘,1.5,1,1,0,预测模型,毕业要求直接出现“预测模型”,3.169053700369523,4.753580550554284,18,否
首都经济贸易大学,CUEB-2025-123,2025级,工商管理学院,市场营销（国际数智营销）,市场营销（国际数智营销）,JN0586,生成式人工智能,生成式人工智能,具体专业技能,人工智能与数据挖掘,1.0,1,1,0,生成式AI,培养目标直接出现“生成式AI”,4.778491612803624,4.778491612803624,17,否
首都经济贸易大学,CUEB-2025-123,2025级,工商管理学院,市场营销（国际数智营销）,市场营销（国际数智营销）,JN0771,团队合作,团队合作,非技术性能力,表达沟通与通用办公协作,2.5,2,2,0,团队协作；协作意识,培养目标直接出现“团队协作”；毕业要求直接出现“协作意识”,1.4111957828171493,3.527989457042873,23,否
首都经济贸易大学,CUEB-2025-123,2025级,工商管理学院,市场营销（国际数智营销）,市场营销（国际数智营销）,JN0775,学习能力,学习能力,非技术性能力,表达沟通与通用办公协作,1.5,1,1,0,自主学习能力,毕业要求直接出现“自主学习能力”,1.7221347174331973,2.583202076149796,25,否
首都经济贸易大学,CUEB-2025-123,2025级,工商管理学院,市场营销（国际数智营销）,市场营销（国际数智营销）,JN0776,抗压能力,抗压能力,非技术性能力,组织协调与商业执行,1.5,1,1,0,抗压能力,毕业要求直接出现“抗压能力”,3.392197251683733,5.088295877525599,15,否
首都经济贸易大学,CUEB-2025-123,2025级,工商管理学院,市场营销（国际数智营销）,市场营销（国际数智营销）,JN0777,执行力,执行力,非技术性能力,组织协调与商业执行,2.5,2,2,0,执行能力,培养目标直接出现“执行能力”；毕业要求直接出现“执行能力”,5.0661736852554045,12.66543421313851,2,是
首都经济贸易大学,CUEB-2025-123,2025级,工商管理学院,市场营销（国际数智营销）,市场营销（国际数智营销）,JN0779,书面表达,书面表达,非技术性能力,表达沟通与通用办公协作,0.8,1,0,1,应用写作 / Practical Writing,写作课程,1.0649195460993157,0.8519356368794526,33,否
首都经济贸易大学,CUEB-2025-123,2025级,工商管理学院,市场营销（国际数智营销）,市场营销（国际数智营销）,JN0816,跨部门协作,跨部门协作,非技术性能力,表达沟通与通用办公协作,1.5,1,1,0,跨部门协作,毕业要求直接出现“跨部门协作”,5.0661736852554045,7.599260527883107,7,是
首都经济贸易大学,CUEB-2025-124,2025级,工商管理学院,电子商务（商务智能与大数据分析）,电子商务（商务智能与大数据分析）,JN0025,英语,英语,语言能力,供应链与物流管理,0.8,1,1,0,英语,课程名称直接出现唯一技能别名“英语”,1.0,0.8,33,否
首都经济贸易大学,CUEB-2025-124,2025级,工商管理学院,电子商务（商务智能与大数据分析）,电子商务（商务智能与大数据分析）,JN0026,数据分析,数据分析,工具软件与技术平台,人工智能与数据挖掘,5.8,4,4,0,数据分析,培养目标直接出现“数据分析”；毕业要求直接出现“数据分析”；核心课程直接出现“数据分析”；课程名称直接出现唯一技能别名“数据分析”,1.5798184952529422,9.162947272467065,7,是
首都经济贸易大学,CUEB-2025-124,2025级,工商管理学院,电子商务（商务智能与大数据分析）,电子商务（商务智能与大数据分析）,JN0028,项目管理,项目管理,方法、标准与流程,表达沟通与通用办公协作,1.0,1,1,0,项目管理,培养目标直接出现“项目管理”,2.7635885922613586,2.7635885922613586,21,否
首都经济贸易大学,CUEB-2025-124,2025级,工商管理学院,电子商务（商务智能与大数据分析）,电子商务（商务智能与大数据分析）,JN0032,商务谈判,商务谈判,方法、标准与流程,组织协调与商业执行,0.8,1,1,0,商务谈判,课程名称直接出现唯一技能别名“商务谈判”,2.6990500711237875,2.15924005689903,26,否
首都经济贸易大学,CUEB-2025-124,2025级,工商管理学院,电子商务（商务智能与大数据分析）,电子商务（商务智能与大数据分析）,JN0041,Python,Python（编程语言）,工具软件与技术平台,云计算、系统运维与DevOps,3.3,2,2,0,Python；python,核心课程直接出现“Python”；课程名称直接出现唯一技能别名“python”,1.5108256237659907,4.985724558427769,13,否
首都经济贸易大学,CUEB-2025-124,2025级,工商管理学院,电子商务（商务智能与大数据分析）,电子商务（商务智能与大数据分析）,JN0046,ERP,企业资源计划系统（ERP）,方法、标准与流程,供应链与物流管理,4.8,3,3,0,ERP；erp,毕业要求直接出现“ERP”；核心课程直接出现“ERP”；课程名称直接出现唯一技能别名“erp”,2.8689491079191853,13.77095571801209,2,是
首都经济贸易大学,CUEB-2025-124,2025级,工商管理学院,电子商务（商务智能与大数据分析）,电子商务（商务智能与大数据分析）,JN0049,营销策划,营销策划,方法、标准与流程,视觉设计与数字内容制作,1.0,1,1,0,营销策划,培养目标直接出现“营销策划”,4.555348061489413,4.555348061489413,16,否
首都经济贸易大学,CUEB-2025-124,2025级,工商管理学院,电子商务（商务智能与大数据分析）,电子商务（商务智能与大数据分析）,JN0072,统计分析,统计分析,方法、标准与流程,人工智能与数据挖掘,4.1,3,2,1,统计分析；统计学 Statistics,核心课程直接出现“统计分析”；课程名称直接出现唯一技能别名“统计分析”；统计方法课程,1.1880522315029396,4.871014149162052,14,否
首都经济贸易大学,CUEB-2025-124,2025级,工商管理学院,电子商务（商务智能与大数据分析）,电子商务（商务智能与大数据分析）,JN0074,国际贸易,国际贸易,方法、标准与流程,供应链与物流管理,1.5,1,1,0,国际贸易,毕业要求直接出现“国际贸易”,3.120263536200091,4.680395304300136,15,否
首都经济贸易大学,CUEB-2025-124,2025级,工商管理学院,电子商务（商务智能与大数据分析）,电子商务（商务智能与大数据分析）,JN0091,云计算,云计算,工具软件与技术平台,云计算、系统运维与DevOps,3.3,2,2,0,云计算,核心课程直接出现“云计算”；课程名称直接出现唯一技能别名“云计算”,3.120263536200091,10.2968696694603,6,是
首都经济贸易大学,CUEB-2025-124,2025级,工商管理学院,电子商务（商务智能与大数据分析）,电子商务（商务智能与大数据分析）,JN0099,CRM,客户关系管理系统（CRM）,方法、标准与流程,供应链与物流管理,3.3,2,2,0,客户关系管理,核心课程直接出现“客户关系管理”；课程名称直接出现唯一技能别名“客户关系管理”,3.6798793241355137,12.143601769647194,3,是
首都经济贸易大学,CUEB-2025-124,2025级,工商管理学院,电子商务（商务智能与大数据分析）,电子商务（商务智能与大数据分析）,JN0109,会计核算,会计核算,方法、标准与流程,财务会计与税务管理,0.8,1,0,1,会计学 Accounting,会计课程,1.2895886507223624,1.03167092057789,31,否
首都经济贸易大学,CUEB-2025-124,2025级,工商管理学院,电子商务（商务智能与大数据分析）,电子商务（商务智能与大数据分析）,JN0133,新媒体运营,新媒体运营,方法、标准与流程,视觉设计与数字内容制作,3.3,2,2,0,新媒体运营,核心课程直接出现“新媒体运营”；课程名称直接出现唯一技能别名“新媒体运营”,5.0661736852554045,16.718373161342832,1,是
首都经济贸易大学,CUEB-2025-124,2025级,工商管理学院,电子商务（商务智能与大数据分析）,电子商务（商务智能与大数据分析）,JN0145,数据挖掘,数据挖掘,工具软件与技术平台,人工智能与数据挖掘,1.0,1,1,0,数据挖掘,培养目标直接出现“数据挖掘”,2.4271163556401456,2.4271163556401456,25,否
首都经济贸易大学,CUEB-2025-124,2025级,工商管理学院,电子商务（商务智能与大数据分析）,电子商务（商务智能与大数据分析）,JN0172,数据建模,数据建模,工具软件与技术平台,大数据工程与数据仓库,3.3,2,2,0,数据建模,核心课程直接出现“数据建模”；课程名称直接出现唯一技能别名“数据建模”,2.730798769438368,9.011635939146615,8,是
首都经济贸易大学,CUEB-2025-124,2025级,工商管理学院,电子商务（商务智能与大数据分析）,电子商务（商务智能与大数据分析）,JN0174,人工智能技术,人工智能技术,具体专业技能,人工智能与数据挖掘,6.6,5,5,0,人工智能；ai,培养目标直接出现“人工智能”；毕业要求直接出现“人工智能”；核心课程直接出现“人工智能”；课程名称直接出现唯一技能别名“人工智能”；课程名称直接出现唯一技能别名“ai”,1.312755710003897,8.66418768602572,9,是
首都经济贸易大学,CUEB-2025-124,2025级,工商管理学院,电子商务（商务智能与大数据分析）,电子商务（商务智能与大数据分析）,JN0185,供应链管理,供应链管理,方法、标准与流程,供应链与物流管理,4.1,3,2,1,供应链管理；供应链金融Supply chain finance,核心课程直接出现“供应链管理”；课程名称直接出现唯一技能别名“供应链管理”；供应链课程,2.79749014393704,11.469709590141862,5,是
首都经济贸易大学,CUEB-2025-124,2025级,工商管理学院,电子商务（商务智能与大数据分析）,电子商务（商务智能与大数据分析）,JN0254,市场营销知识,市场营销知识,方法、标准与流程,组织协调与商业执行,0.8,1,0,1,市场营销学 Marketing,市场营销课程,2.4035858582299516,1.9228686865839615,28,否
首都经济贸易大学,CUEB-2025-124,2025级,工商管理学院,电子商务（商务智能与大数据分析）,电子商务（商务智能与大数据分析）,JN0373,人力资源管理流程,人力资源管理流程,方法、标准与流程,人力资源与行政管理,0.8,1,0,1,人力资源管理 Human Resource Management,人力资源课程,2.194494060371392,1.7555952482971138,29,否
首都经济贸易大学,CUEB-2025-124,2025级,工商管理学院,电子商务（商务智能与大数据分析）,电子商务（商务智能与大数据分析）,JN0397,数理统计,数理统计,工具软件与技术平台,人工智能与数据挖掘,0.8,1,1,0,数理统计,课程名称直接出现唯一技能别名“数理统计”,1.2019413436636068,0.9615530749308855,32,否
首都经济贸易大学,CUEB-2025-124,2025级,工商管理学院,电子商务（商务智能与大数据分析）,电子商务（商务智能与大数据分析）,JN0424,大语言模型,大语言模型,具体专业技能,人工智能与数据挖掘,3.3,2,2,0,大语言模型,核心课程直接出现“大语言模型”；课程名称直接出现唯一技能别名“大语言模型”,3.6798793241355137,12.143601769647194,4,是
首都经济贸易大学,CUEB-2025-124,2025级,工商管理学院,电子商务（商务智能与大数据分析）,电子商务（商务智能与大数据分析）,JN0430,知识图谱,知识图谱,方法、标准与流程,人工智能与数据挖掘,2.5,1,1,0,知识图谱,核心课程直接出现“知识图谱”,2.194494060371392,5.48623515092848,11,是
首都经济贸易大学,CUEB-2025-124,2025级,工商管理学院,电子商务（商务智能与大数据分析）,电子商务（商务智能与大数据分析）,JN0771,团队合作,团队合作,非技术性能力,表达沟通与通用办公协作,1.0,1,1,0,团队协作,培养目标直接出现“团队协作”,1.4111957828171493,1.4111957828171493,30,否
首都经济贸易大学,CUEB-2025-124,2025级,工商管理学院,电子商务（商务智能与大数据分析）,电子商务（商务智能与大数据分析）,JN0772,责任心,责任心,非技术性能力,表达沟通与通用办公协作,1.5,1,1,0,责任意识,毕业要求直接出现“责任意识”,3.456735772821304,5.185103659231956,12,是
首都经济贸易大学,CUEB-2025-124,2025级,工商管理学院,电子商务（商务智能与大数据分析）,电子商务（商务智能与大数据分析）,JN0774,表达能力,表达能力,非技术性能力,表达沟通与通用办公协作,1.5,1,1,0,表达能力,毕业要求直接出现“表达能力”,1.7703368192510753,2.655505228876613,23,否
首都经济贸易大学,CUEB-2025-124,2025级,工商管理学院,电子商务（商务智能与大数据分析）,电子商务（商务智能与大数据分析）,JN0775,学习能力,学习能力,非技术性能力,表达沟通与通用办公协作,2.5,2,2,0,自主学习能力,培养目标直接出现“自主学习能力”；毕业要求直接出现“自主学习能力”,1.7221347174331973,4.305336793582994,17,否
首都经济贸易大学,CUEB-2025-124,2025级,工商管理学院,电子商务（商务智能与大数据分析）,电子商务（商务智能与大数据分析）,JN0776,抗压能力,抗压能力,非技术性能力,组织协调与商业执行,1.0,1,1,0,抗压能力,培养目标直接出现“抗压能力”,3.392197251683733,3.392197251683733,19,否
首都经济贸易大学,CUEB-2025-124,2025级,工商管理学院,电子商务（商务智能与大数据分析）,电子商务（商务智能与大数据分析）,JN0779,书面表达,书面表达,非技术性能力,表达沟通与通用办公协作,2.3,2,1,1,文字表达能力；应用写作 / Practical Writing,毕业要求直接出现“文字表达能力”；写作课程,1.0649195460993157,2.449314956028426,24,否
首都经济贸易大学,CUEB-2025-124,2025级,工商管理学院,电子商务（商务智能与大数据分析）,电子商务（商务智能与大数据分析）,JN0780,诚信与职业道德,诚信与职业道德,非技术性能力,金融风控、投资与合规,2.5,2,2,0,职业道德；敬业精神,培养目标直接出现“职业道德”；毕业要求直接出现“敬业精神”,1.0710357731167517,2.677589432791879,22,否
首都经济贸易大学,CUEB-2025-124,2025级,工商管理学院,电子商务（商务智能与大数据分析）,电子商务（商务智能与大数据分析）,JN0784,逻辑思维,逻辑思维,非技术性能力,表达沟通与通用办公协作,1.0,1,1,0,逻辑思维,培养目标直接出现“逻辑思维”,3.456735772821304,3.456735772821304,18,否
首都经济贸易大学,CUEB-2025-124,2025级,工商管理学院,电子商务（商务智能与大数据分析）,电子商务（商务智能与大数据分析）,JN0788,口头表达,口头表达,非技术性能力,表达沟通与通用办公协作,1.5,1,1,0,口头表达,毕业要求直接出现“口头表达”,1.9021060968821986,2.853159145323298,20,否
首都经济贸易大学,CUEB-2025-124,2025级,工商管理学院,电子商务（商务智能与大数据分析）,电子商务（商务智能与大数据分析）,JN0790,创新能力,创新能力,非技术性能力,视觉设计与数字内容制作,1.5,1,1,0,创新能力,毕业要求直接出现“创新能力”,1.2895886507223624,1.9343829760835436,27,否
首都经济贸易大学,CUEB-2025-124,2025级,工商管理学院,电子商务（商务智能与大数据分析）,电子商务（商务智能与大数据分析）,JN0799,自我驱动,自我驱动,非技术性能力,表达沟通与通用办公协作,1.5,1,1,0,自我驱动,毕业要求直接出现“自我驱动”,4.778491612803624,7.1677374192054355,10,是
首都经济贸易大学,CUEB-2025-125,2025级,工商管理学院,电子商务（数科与大数据双学位）,电子商务（数科与大数据双学位）,JN0025,英语,英语,语言能力,供应链与物流管理,0.8,1,1,0,英语,课程名称直接出现唯一技能别名“英语”,1.0,0.8,42,否
首都经济贸易大学,CUEB-2025-125,2025级,工商管理学院,电子商务（数科与大数据双学位）,电子商务（数科与大数据双学位）,JN0026,数据分析,数据分析,工具软件与技术平台,人工智能与数据挖掘,6.6,5,4,1,数据分析；统计与数据科学导论,培养目标直接出现“数据分析”；毕业要求直接出现“数据分析”；核心课程直接出现“数据分析”；数据分析课程；课程名称直接出现唯一技能别名“数据分析”,1.5798184952529422,10.426802068669417,10,是
首都经济贸易大学,CUEB-2025-125,2025级,工商管理学院,电子商务（数科与大数据双学位）,电子商务（数科与大数据双学位）,JN0028,项目管理,项目管理,方法、标准与流程,表达沟通与通用办公协作,1.0,1,1,0,项目管理,培养目标直接出现“项目管理”,2.7635885922613586,2.7635885922613586,28,否
首都经济贸易大学,CUEB-2025-125,2025级,工商管理学院,电子商务（数科与大数据双学位）,电子商务（数科与大数据双学位）,JN0031,Linux,Linux（运维云与安全）,工具软件与技术平台,云计算、系统运维与DevOps,4.1,3,3,0,Linux系统；linux；linux系统,核心课程直接出现“Linux系统”；课程名称直接出现唯一技能别名“linux”；课程名称直接出现唯一技能别名“linux系统”,4.218875824868201,17.297390881959622,1,是
首都经济贸易大学,CUEB-2025-125,2025级,工商管理学院,电子商务（数科与大数据双学位）,电子商务（数科与大数据双学位）,JN0032,商务谈判,商务谈判,方法、标准与流程,组织协调与商业执行,0.8,1,1,0,商务谈判,课程名称直接出现唯一技能别名“商务谈判”,2.6990500711237875,2.15924005689903,34,否
首都经济贸易大学,CUEB-2025-125,2025级,工商管理学院,电子商务（数科与大数据双学位）,电子商务（数科与大数据双学位）,JN0038,SQL,结构化查询语言（SQL）,工具软件与技术平台,Java后端开发与中间件,3.3,2,2,0,SQL；sql,核心课程直接出现“SQL”；课程名称直接出现唯一技能别名“sql”,4.373026504695459,14.430987465495015,3,是
首都经济贸易大学,CUEB-2025-125,2025级,工商管理学院,电子商务（数科与大数据双学位）,电子商务（数科与大数据双学位）,JN0041,Python,Python（编程语言）,工具软件与技术平台,云计算、系统运维与DevOps,3.3,2,2,0,Python；python,核心课程直接出现“Python”；课程名称直接出现唯一技能别名“python”,1.5108256237659907,4.985724558427769,20,否
首都经济贸易大学,CUEB-2025-125,2025级,工商管理学院,电子商务（数科与大数据双学位）,电子商务（数科与大数据双学位）,JN0046,ERP,企业资源计划系统（ERP）,方法、标准与流程,供应链与物流管理,4.8,3,3,0,ERP；erp,毕业要求直接出现“ERP”；核心课程直接出现“ERP”；课程名称直接出现唯一技能别名“erp”,2.8689491079191853,13.77095571801209,4,是
首都经济贸易大学,CUEB-2025-125,2025级,工商管理学院,电子商务（数科与大数据双学位）,电子商务（数科与大数据双学位）,JN0049,营销策划,营销策划,方法、标准与流程,视觉设计与数字内容制作,1.0,1,1,0,营销策划,培养目标直接出现“营销策划”,4.555348061489413,4.555348061489413,23,否
首都经济贸易大学,CUEB-2025-125,2025级,工商管理学院,电子商务（数科与大数据双学位）,电子商务（数科与大数据双学位）,JN0072,统计分析,统计分析,方法、标准与流程,人工智能与数据挖掘,4.1,3,2,1,统计分析；应用回归分析,核心课程直接出现“统计分析”；课程名称直接出现唯一技能别名“统计分析”；统计方法课程,1.1880522315029396,4.871014149162052,21,否
首都经济贸易大学,CUEB-2025-125,2025级,工商管理学院,电子商务（数科与大数据双学位）,电子商务（数科与大数据双学位）,JN0074,国际贸易,国际贸易,方法、标准与流程,供应链与物流管理,1.5,1,1,0,国际贸易,毕业要求直接出现“国际贸易”,3.120263536200091,4.680395304300136,22,否
首都经济贸易大学,CUEB-2025-125,2025级,工商管理学院,电子商务（数科与大数据双学位）,电子商务（数科与大数据双学位）,JN0076,数据处理,数据处理,具体专业技能,大数据工程与数据仓库,0.8,1,0,1,大数据预处理 Big Data Preprocessing,数据处理课程,2.5812670354674037,2.065013628373923,35,否
首都经济贸易大学,CUEB-2025-125,2025级,工商管理学院,电子商务（数科与大数据双学位）,电子商务（数科与大数据双学位）,JN0091,云计算,云计算,工具软件与技术平台,云计算、系统运维与DevOps,3.3,2,2,0,云计算,核心课程直接出现“云计算”；课程名称直接出现唯一技能别名“云计算”,3.120263536200091,10.2968696694603,11,是
首都经济贸易大学,CUEB-2025-125,2025级,工商管理学院,电子商务（数科与大数据双学位）,电子商务（数科与大数据双学位）,JN0099,CRM,客户关系管理系统（CRM）,方法、标准与流程,供应链与物流管理,3.3,2,2,0,客户关系管理,核心课程直接出现“客户关系管理”；课程名称直接出现唯一技能别名“客户关系管理”,3.6798793241355137,12.143601769647194,5,是
首都经济贸易大学,CUEB-2025-125,2025级,工商管理学院,电子商务（数科与大数据双学位）,电子商务（数科与大数据双学位）,JN0104,C语言,C语言（编程语言）,工具软件与技术平台,嵌入式与电子硬件开发,3.3,2,2,0,C语言；c语言,核心课程直接出现“C语言”；课程名称直接出现唯一技能别名“c语言”,3.169053700369523,10.457877211219426,9,是
首都经济贸易大学,CUEB-2025-125,2025级,工商管理学院,电子商务（数科与大数据双学位）,电子商务（数科与大数据双学位）,JN0109,会计核算,会计核算,方法、标准与流程,财务会计与税务管理,0.8,1,0,1,会计学 Accounting,会计课程,1.2895886507223624,1.03167092057789,40,否
首都经济贸易大学,CUEB-2025-125,2025级,工商管理学院,电子商务（数科与大数据双学位）,电子商务（数科与大数据双学位）,JN0133,新媒体运营,新媒体运营,方法、标准与流程,视觉设计与数字内容制作,3.3,2,2,0,新媒体运营,核心课程直接出现“新媒体运营”；课程名称直接出现唯一技能别名“新媒体运营”,5.0661736852554045,16.718373161342832,2,是
首都经济贸易大学,CUEB-2025-125,2025级,工商管理学院,电子商务（数科与大数据双学位）,电子商务（数科与大数据双学位）,JN0143,机器学习,机器学习,方法、标准与流程,人工智能与数据挖掘,3.3,2,2,0,机器学习,核心课程直接出现“机器学习”；课程名称直接出现唯一技能别名“机器学习”,2.3361445774344194,7.709277105533584,16,否
首都经济贸易大学,CUEB-2025-125,2025级,工商管理学院,电子商务（数科与大数据双学位）,电子商务（数科与大数据双学位）,JN0145,数据挖掘,数据挖掘,工具软件与技术平台,人工智能与数据挖掘,1.0,1,1,0,数据挖掘,培养目标直接出现“数据挖掘”,2.4271163556401456,2.4271163556401456,33,否
首都经济贸易大学,CUEB-2025-125,2025级,工商管理学院,电子商务（数科与大数据双学位）,电子商务（数科与大数据双学位）,JN0172,数据建模,数据建模,工具软件与技术平台,大数据工程与数据仓库,3.3,2,2,0,数据建模,核心课程直接出现“数据建模”；课程名称直接出现唯一技能别名“数据建模”,2.730798769438368,9.011635939146615,14,否
首都经济贸易大学,CUEB-2025-125,2025级,工商管理学院,电子商务（数科与大数据双学位）,电子商务（数科与大数据双学位）,JN0174,人工智能技术,人工智能技术,具体专业技能,人工智能与数据挖掘,6.6,5,5,0,人工智能；ai,培养目标直接出现“人工智能”；毕业要求直接出现“人工智能”；核心课程直接出现“人工智能”；课程名称直接出现唯一技能别名“人工智能”；课程名称直接出现唯一技能别名“ai”,1.312755710003897,8.66418768602572,15,否
首都经济贸易大学,CUEB-2025-125,2025级,工商管理学院,电子商务（数科与大数据双学位）,电子商务（数科与大数据双学位）,JN0185,供应链管理,供应链管理,方法、标准与流程,供应链与物流管理,4.1,3,2,1,供应链管理；供应链金融Supply chain finance,核心课程直接出现“供应链管理”；课程名称直接出现唯一技能别名“供应链管理”；供应链课程,2.79749014393704,11.469709590141862,8,是
首都经济贸易大学,CUEB-2025-125,2025级,工商管理学院,电子商务（数科与大数据双学位）,电子商务（数科与大数据双学位）,JN0197,深度学习,深度学习,方法、标准与流程,人工智能与数据挖掘,3.3,2,2,0,深度学习,核心课程直接出现“深度学习”；课程名称直接出现唯一技能别名“深度学习”,3.5257286443082556,11.634904526217243,7,是
首都经济贸易大学,CUEB-2025-125,2025级,工商管理学院,电子商务（数科与大数据双学位）,电子商务（数科与大数据双学位）,JN0211,数据结构与算法,数据结构与算法,方法、标准与流程,网络通信与软件开发基础,3.3,2,2,0,数据结构与算法,核心课程直接出现“数据结构与算法”；课程名称直接出现唯一技能别名“数据结构与算法”,2.79749014393704,9.231717474992232,13,否
首都经济贸易大学,CUEB-2025-125,2025级,工商管理学院,电子商务（数科与大数据双学位）,电子商务（数科与大数据双学位）,JN0254,市场营销知识,市场营销知识,方法、标准与流程,组织协调与商业执行,0.8,1,0,1,市场营销学 Marketing,市场营销课程,2.4035858582299516,1.9228686865839615,37,否
首都经济贸易大学,CUEB-2025-125,2025级,工商管理学院,电子商务（数科与大数据双学位）,电子商务（数科与大数据双学位）,JN0373,人力资源管理流程,人力资源管理流程,方法、标准与流程,人力资源与行政管理,0.8,1,0,1,数智人力资源管理 Digital Human Resource Managemen,人力资源课程,2.194494060371392,1.7555952482971138,38,否
首都经济贸易大学,CUEB-2025-125,2025级,工商管理学院,电子商务（数科与大数据双学位）,电子商务（数科与大数据双学位）,JN0397,数理统计,数理统计,工具软件与技术平台,人工智能与数据挖掘,0.8,1,1,0,数理统计,课程名称直接出现唯一技能别名“数理统计”,1.2019413436636068,0.9615530749308855,41,否
首都经济贸易大学,CUEB-2025-125,2025级,工商管理学院,电子商务（数科与大数据双学位）,电子商务（数科与大数据双学位）,JN0413,算法建模,算法建模,方法、标准与流程,人工智能与数据挖掘,0.8,1,0,1,数据结构与算法分析,算法课程,3.331572629867298,2.6652581038938385,30,否
首都经济贸易大学,CUEB-2025-125,2025级,工商管理学院,电子商务（数科与大数据双学位）,电子商务（数科与大数据双学位）,JN0424,大语言模型,大语言模型,具体专业技能,人工智能与数据挖掘,3.3,2,2,0,大语言模型,核心课程直接出现“大语言模型”；课程名称直接出现唯一技能别名“大语言模型”,3.6798793241355137,12.143601769647194,6,是
首都经济贸易大学,CUEB-2025-125,2025级,工商管理学院,电子商务（数科与大数据双学位）,电子商务（数科与大数据双学位）,JN0430,知识图谱,知识图谱,方法、标准与流程,人工智能与数据挖掘,2.5,1,1,0,知识图谱,核心课程直接出现“知识图谱”,2.194494060371392,5.48623515092848,18,否
首都经济贸易大学,CUEB-2025-125,2025级,工商管理学院,电子商务（数科与大数据双学位）,电子商务（数科与大数据双学位）,JN0686,数据库技术,数据库技术,专业知识与行业经验,Java后端开发与中间件,4.1,3,3,0,数据库原理；数据库,核心课程直接出现“数据库原理”；课程名称直接出现唯一技能别名“数据库”；课程名称直接出现唯一技能别名“数据库原理”,2.3361445774344194,9.578192767481118,12,是
首都经济贸易大学,CUEB-2025-125,2025级,工商管理学院,电子商务（数科与大数据双学位）,电子商务（数科与大数据双学位）,JN0771,团队合作,团队合作,非技术性能力,表达沟通与通用办公协作,1.0,1,1,0,团队协作,培养目标直接出现“团队协作”,1.4111957828171493,1.4111957828171493,39,否
首都经济贸易大学,CUEB-2025-125,2025级,工商管理学院,电子商务（数科与大数据双学位）,电子商务（数科与大数据双学位）,JN0772,责任心,责任心,非技术性能力,表达沟通与通用办公协作,1.5,1,1,0,责任意识,毕业要求直接出现“责任意识”,3.456735772821304,5.185103659231956,19,否
首都经济贸易大学,CUEB-2025-125,2025级,工商管理学院,电子商务（数科与大数据双学位）,电子商务（数科与大数据双学位）,JN0774,表达能力,表达能力,非技术性能力,表达沟通与通用办公协作,1.5,1,1,0,表达能力,毕业要求直接出现“表达能力”,1.7703368192510753,2.655505228876613,31,否
首都经济贸易大学,CUEB-2025-125,2025级,工商管理学院,电子商务（数科与大数据双学位）,电子商务（数科与大数据双学位）,JN0775,学习能力,学习能力,非技术性能力,表达沟通与通用办公协作,2.5,2,2,0,自主学习能力,培养目标直接出现“自主学习能力”；毕业要求直接出现“自主学习能力”,1.7221347174331973,4.305336793582994,24,否
首都经济贸易大学,CUEB-2025-125,2025级,工商管理学院,电子商务（数科与大数据双学位）,电子商务（数科与大数据双学位）,JN0776,抗压能力,抗压能力,非技术性能力,组织协调与商业执行,1.0,1,1,0,抗压能力,培养目标直接出现“抗压能力”,3.392197251683733,3.392197251683733,26,否
首都经济贸易大学,CUEB-2025-125,2025级,工商管理学院,电子商务（数科与大数据双学位）,电子商务（数科与大数据双学位）,JN0779,书面表达,书面表达,非技术性能力,表达沟通与通用办公协作,2.3,2,1,1,文字表达能力；应用写作 / Practical Writing,毕业要求直接出现“文字表达能力”；写作课程,1.0649195460993157,2.449314956028426,32,否
首都经济贸易大学,CUEB-2025-125,2025级,工商管理学院,电子商务（数科与大数据双学位）,电子商务（数科与大数据双学位）,JN0780,诚信与职业道德,诚信与职业道德,非技术性能力,金融风控、投资与合规,2.5,2,2,0,职业道德；敬业精神,培养目标直接出现“职业道德”；毕业要求直接出现“敬业精神”,1.0710357731167517,2.677589432791879,29,否
首都经济贸易大学,CUEB-2025-125,2025级,工商管理学院,电子商务（数科与大数据双学位）,电子商务（数科与大数据双学位）,JN0784,逻辑思维,逻辑思维,非技术性能力,表达沟通与通用办公协作,1.0,1,1,0,逻辑思维,培养目标直接出现“逻辑思维”,3.456735772821304,3.456735772821304,25,否
首都经济贸易大学,CUEB-2025-125,2025级,工商管理学院,电子商务（数科与大数据双学位）,电子商务（数科与大数据双学位）,JN0788,口头表达,口头表达,非技术性能力,表达沟通与通用办公协作,1.5,1,1,0,口头表达,毕业要求直接出现“口头表达”,1.9021060968821986,2.853159145323298,27,否
首都经济贸易大学,CUEB-2025-125,2025级,工商管理学院,电子商务（数科与大数据双学位）,电子商务（数科与大数据双学位）,JN0790,创新能力,创新能力,非技术性能力,视觉设计与数字内容制作,1.5,1,1,0,创新能力,毕业要求直接出现“创新能力”,1.2895886507223624,1.9343829760835436,36,否
首都经济贸易大学,CUEB-2025-125,2025级,工商管理学院,电子商务（数科与大数据双学位）,电子商务（数科与大数据双学位）,JN0799,自我驱动,自我驱动,非技术性能力,表达沟通与通用办公协作,1.5,1,1,0,自我驱动,毕业要求直接出现“自我驱动”,4.778491612803624,7.1677374192054355,17,否
首都经济贸易大学,CUEB-2025-126,2025级,经济学院,国际经济与贸易,国际经济与贸易,JN0025,英语,英语,语言能力,供应链与物流管理,3.3,2,2,0,英语,核心课程直接出现“英语”；课程名称直接出现唯一技能别名“英语”,1.0,3.3,7,是
首都经济贸易大学,CUEB-2025-126,2025级,经济学院,国际经济与贸易,国际经济与贸易,JN0032,商务谈判,商务谈判,方法、标准与流程,组织协调与商业执行,3.3,2,2,0,商务谈判,核心课程直接出现“商务谈判”；课程名称直接出现唯一技能别名“商务谈判”,2.6990500711237875,8.906865234708498,2,是
首都经济贸易大学,CUEB-2025-126,2025级,经济学院,国际经济与贸易,国际经济与贸易,JN0058,市场分析,市场分析,方法、标准与流程,组织协调与商业执行,1.0,1,1,0,市场分析,培养目标直接出现“市场分析”,3.7668907011251433,3.7668907011251433,6,是
首都经济贸易大学,CUEB-2025-126,2025级,经济学院,国际经济与贸易,国际经济与贸易,JN0072,统计分析,统计分析,方法、标准与流程,人工智能与数据挖掘,2.4000000000000004,3,0,3,计量经济学；统计学；计量经济学实验,统计方法课程,1.1880522315029396,2.8513253556070555,9,是
首都经济贸易大学,CUEB-2025-126,2025级,经济学院,国际经济与贸易,国际经济与贸易,JN0074,国际贸易,国际贸易,方法、标准与流程,供应链与物流管理,6.6,5,5,0,国际贸易；外贸,培养目标直接出现“国际贸易”；毕业要求直接出现“国际贸易”；核心课程直接出现“国际贸易”；课程名称直接出现唯一技能别名“国际贸易”；课程名称直接出现唯一技能别名“外贸”,3.120263536200091,20.5937393389206,1,是
首都经济贸易大学,CUEB-2025-126,2025级,经济学院,国际经济与贸易,国际经济与贸易,JN0109,会计核算,会计核算,方法、标准与流程,财务会计与税务管理,0.8,1,0,1,会计学,会计课程,1.2895886507223624,1.03167092057789,20,否
首都经济贸易大学,CUEB-2025-126,2025级,经济学院,国际经济与贸易,国际经济与贸易,JN0141,商务英语,商务英语,语言能力,供应链与物流管理,0.8,1,1,0,商务英语,课程名称直接出现唯一技能别名“商务英语”,3.2203469947570738,2.576277595805659,13,否
首都经济贸易大学,CUEB-2025-126,2025级,经济学院,国际经济与贸易,国际经济与贸易,JN0174,人工智能技术,人工智能技术,具体专业技能,人工智能与数据挖掘,4.1,4,4,0,人工智能；ai,培养目标直接出现“人工智能”；毕业要求直接出现“人工智能”；课程名称直接出现唯一技能别名“人工智能”；课程名称直接出现唯一技能别名“ai”,1.312755710003897,5.382298411015976,5,是
首都经济贸易大学,CUEB-2025-126,2025级,经济学院,国际经济与贸易,国际经济与贸易,JN0185,供应链管理,供应链管理,方法、标准与流程,供应链与物流管理,2.5,2,2,0,供应链管理,培养目标直接出现“供应链管理”；毕业要求直接出现“供应链管理”,2.79749014393704,6.9937253598426,3,是
首都经济贸易大学,CUEB-2025-126,2025级,经济学院,国际经济与贸易,国际经济与贸易,JN0250,跨文化沟通,跨文化沟通,语言能力,供应链与物流管理,1.0,1,1,0,跨文化沟通,培养目标直接出现“跨文化沟通”,2.730798769438368,2.730798769438368,10,是
首都经济贸易大学,CUEB-2025-126,2025级,经济学院,国际经济与贸易,国际经济与贸易,JN0258,法律法规知识,法律法规知识,方法、标准与流程,金融风控、投资与合规,0.8,1,0,1,国际商法（双语）,法规课程,2.139434283188365,1.711547426550692,16,否
首都经济贸易大学,CUEB-2025-126,2025级,经济学院,国际经济与贸易,国际经济与贸易,JN0397,数理统计,数理统计,工具软件与技术平台,人工智能与数据挖掘,0.8,1,1,0,数理统计,课程名称直接出现唯一技能别名“数理统计”,1.2019413436636068,0.9615530749308855,21,否
首都经济贸易大学,CUEB-2025-126,2025级,经济学院,国际经济与贸易,国际经济与贸易,JN0430,知识图谱,知识图谱,方法、标准与流程,人工智能与数据挖掘,2.5,1,1,0,知识图谱,核心课程直接出现“知识图谱”,2.194494060371392,5.48623515092848,4,是
首都经济贸易大学,CUEB-2025-126,2025级,经济学院,国际经济与贸易,国际经济与贸易,JN0647,论文写作,论文写作,方法、标准与流程,表达沟通与通用办公协作,0.8,1,0,1,经济学学术写作与专业前沿,学术写作课程,1.4734380916943703,1.1787504733554963,19,否
首都经济贸易大学,CUEB-2025-126,2025级,经济学院,国际经济与贸易,国际经济与贸易,JN0690,风险管理,风险管理,专业知识与行业经验,金融风控、投资与合规,1.0,1,1,0,风险管理,培养目标直接出现“风险管理”,1.916290731874155,1.916290731874155,15,否
首都经济贸易大学,CUEB-2025-126,2025级,经济学院,国际经济与贸易,国际经济与贸易,JN0691,财务管理,财务管理,专业知识与行业经验,财务会计与税务管理,0.8,1,1,0,财务管理,课程名称直接出现唯一技能别名“财务管理”,1.664976303593249,1.3319810428745993,18,否
首都经济贸易大学,CUEB-2025-126,2025级,经济学院,国际经济与贸易,国际经济与贸易,JN0771,团队合作,团队合作,非技术性能力,表达沟通与通用办公协作,1.5,1,1,0,协作能力,毕业要求直接出现“协作能力”,1.4111957828171493,2.116793674225724,14,否
首都经济贸易大学,CUEB-2025-126,2025级,经济学院,国际经济与贸易,国际经济与贸易,JN0774,表达能力,表达能力,非技术性能力,表达沟通与通用办公协作,1.5,1,1,0,表达能力,毕业要求直接出现“表达能力”,1.7703368192510753,2.655505228876613,11,是
首都经济贸易大学,CUEB-2025-126,2025级,经济学院,国际经济与贸易,国际经济与贸易,JN0775,学习能力,学习能力,非技术性能力,表达沟通与通用办公协作,1.5,1,1,0,自主学习能力,毕业要求直接出现“自主学习能力”,1.7221347174331973,2.583202076149796,12,是
首都经济贸易大学,CUEB-2025-126,2025级,经济学院,国际经济与贸易,国际经济与贸易,JN0779,书面表达,书面表达,非技术性能力,表达沟通与通用办公协作,0.8,1,0,1,应用写作,写作课程,1.0649195460993157,0.8519356368794526,22,否
首都经济贸易大学,CUEB-2025-126,2025级,经济学院,国际经济与贸易,国际经济与贸易,JN0780,诚信与职业道德,诚信与职业道德,非技术性能力,金融风控、投资与合规,1.5,1,1,0,职业道德,毕业要求直接出现“职业道德”,1.0710357731167517,1.6065536596751275,17,否
首都经济贸易大学,CUEB-2025-126,2025级,经济学院,国际经济与贸易,国际经济与贸易,JN0790,创新能力,创新能力,非技术性能力,视觉设计与数字内容制作,2.5,2,2,0,创新能力,培养目标直接出现“创新能力”；毕业要求直接出现“创新能力”,1.2895886507223624,3.223971626805906,8,是
首都经济贸易大学,CUEB-2025-127,2025级,经济学院,国际经济与贸易（国际班）,国际经济与贸易（国际班）,JN0025,英语,英语,语言能力,供应链与物流管理,3.3,2,2,0,英语,核心课程直接出现“英语”；课程名称直接出现唯一技能别名“英语”,1.0,3.3,8,是
首都经济贸易大学,CUEB-2025-127,2025级,经济学院,国际经济与贸易（国际班）,国际经济与贸易（国际班）,JN0032,商务谈判,商务谈判,方法、标准与流程,组织协调与商业执行,3.3,2,2,0,商务谈判,核心课程直接出现“商务谈判”；课程名称直接出现唯一技能别名“商务谈判”,2.6990500711237875,8.906865234708498,2,是
首都经济贸易大学,CUEB-2025-127,2025级,经济学院,国际经济与贸易（国际班）,国际经济与贸易（国际班）,JN0058,市场分析,市场分析,方法、标准与流程,组织协调与商业执行,1.0,1,1,0,市场分析,培养目标直接出现“市场分析”,3.7668907011251433,3.7668907011251433,7,是
首都经济贸易大学,CUEB-2025-127,2025级,经济学院,国际经济与贸易（国际班）,国际经济与贸易（国际班）,JN0072,统计分析,统计分析,方法、标准与流程,人工智能与数据挖掘,2.4000000000000004,3,0,3,计量经济学；统计学；计量经济学实验,统计方法课程,1.1880522315029396,2.8513253556070555,10,是
首都经济贸易大学,CUEB-2025-127,2025级,经济学院,国际经济与贸易（国际班）,国际经济与贸易（国际班）,JN0074,国际贸易,国际贸易,方法、标准与流程,供应链与物流管理,5.8,4,4,0,国际贸易,培养目标直接出现“国际贸易”；毕业要求直接出现“国际贸易”；核心课程直接出现“国际贸易”；课程名称直接出现唯一技能别名“国际贸易”,3.120263536200091,18.097528509960526,1,是
首都经济贸易大学,CUEB-2025-127,2025级,经济学院,国际经济与贸易（国际班）,国际经济与贸易（国际班）,JN0109,会计核算,会计核算,方法、标准与流程,财务会计与税务管理,0.8,1,0,1,会计学,会计课程,1.2895886507223624,1.03167092057789,20,否
首都经济贸易大学,CUEB-2025-127,2025级,经济学院,国际经济与贸易（国际班）,国际经济与贸易（国际班）,JN0141,商务英语,商务英语,语言能力,供应链与物流管理,0.8,1,1,0,商务英语,课程名称直接出现唯一技能别名“商务英语”,3.2203469947570738,2.576277595805659,13,否
首都经济贸易大学,CUEB-2025-127,2025级,经济学院,国际经济与贸易（国际班）,国际经济与贸易（国际班）,JN0174,人工智能技术,人工智能技术,具体专业技能,人工智能与数据挖掘,4.1,4,4,0,人工智能；ai,培养目标直接出现“人工智能”；毕业要求直接出现“人工智能”；课程名称直接出现唯一技能别名“人工智能”；课程名称直接出现唯一技能别名“ai”,1.312755710003897,5.382298411015976,5,是
首都经济贸易大学,CUEB-2025-127,2025级,经济学院,国际经济与贸易（国际班）,国际经济与贸易（国际班）,JN0185,供应链管理,供应链管理,方法、标准与流程,供应链与物流管理,2.5,2,2,0,供应链管理,培养目标直接出现“供应链管理”；毕业要求直接出现“供应链管理”,2.79749014393704,6.9937253598426,3,是
首都经济贸易大学,CUEB-2025-127,2025级,经济学院,国际经济与贸易（国际班）,国际经济与贸易（国际班）,JN0250,跨文化沟通,跨文化沟通,语言能力,供应链与物流管理,1.8,2,1,1,跨文化沟通；跨文化交流（英语）,培养目标直接出现“跨文化沟通”；跨文化沟通课程,2.730798769438368,4.915437784989063,6,是
首都经济贸易大学,CUEB-2025-127,2025级,经济学院,国际经济与贸易（国际班）,国际经济与贸易（国际班）,JN0258,法律法规知识,法律法规知识,方法、标准与流程,金融风控、投资与合规,0.8,1,0,1,国际商法（双语）,法规课程,2.139434283188365,1.711547426550692,16,否
首都经济贸易大学,CUEB-2025-127,2025级,经济学院,国际经济与贸易（国际班）,国际经济与贸易（国际班）,JN0397,数理统计,数理统计,工具软件与技术平台,人工智能与数据挖掘,0.8,1,1,0,数理统计,课程名称直接出现唯一技能别名“数理统计”,1.2019413436636068,0.9615530749308855,21,否
首都经济贸易大学,CUEB-2025-127,2025级,经济学院,国际经济与贸易（国际班）,国际经济与贸易（国际班）,JN0430,知识图谱,知识图谱,方法、标准与流程,人工智能与数据挖掘,2.5,1,1,0,知识图谱,核心课程直接出现“知识图谱”,2.194494060371392,5.48623515092848,4,是
首都经济贸易大学,CUEB-2025-127,2025级,经济学院,国际经济与贸易（国际班）,国际经济与贸易（国际班）,JN0647,论文写作,论文写作,方法、标准与流程,表达沟通与通用办公协作,0.8,1,0,1,经济学学术写作与专业前沿,学术写作课程,1.4734380916943703,1.1787504733554963,19,否
首都经济贸易大学,CUEB-2025-127,2025级,经济学院,国际经济与贸易（国际班）,国际经济与贸易（国际班）,JN0690,风险管理,风险管理,专业知识与行业经验,金融风控、投资与合规,1.0,1,1,0,风险管理,培养目标直接出现“风险管理”,1.916290731874155,1.916290731874155,15,否
首都经济贸易大学,CUEB-2025-127,2025级,经济学院,国际经济与贸易（国际班）,国际经济与贸易（国际班）,JN0691,财务管理,财务管理,专业知识与行业经验,财务会计与税务管理,0.8,1,1,0,财务管理,课程名称直接出现唯一技能别名“财务管理”,1.664976303593249,1.3319810428745993,18,否
首都经济贸易大学,CUEB-2025-127,2025级,经济学院,国际经济与贸易（国际班）,国际经济与贸易（国际班）,JN0771,团队合作,团队合作,非技术性能力,表达沟通与通用办公协作,1.5,1,1,0,协作能力,毕业要求直接出现“协作能力”,1.4111957828171493,2.116793674225724,14,否
首都经济贸易大学,CUEB-2025-127,2025级,经济学院,国际经济与贸易（国际班）,国际经济与贸易（国际班）,JN0774,表达能力,表达能力,非技术性能力,表达沟通与通用办公协作,1.5,1,1,0,表达能力,毕业要求直接出现“表达能力”,1.7703368192510753,2.655505228876613,11,是
首都经济贸易大学,CUEB-2025-127,2025级,经济学院,国际经济与贸易（国际班）,国际经济与贸易（国际班）,JN0775,学习能力,学习能力,非技术性能力,表达沟通与通用办公协作,1.5,1,1,0,自主学习能力,毕业要求直接出现“自主学习能力”,1.7221347174331973,2.583202076149796,12,是
首都经济贸易大学,CUEB-2025-127,2025级,经济学院,国际经济与贸易（国际班）,国际经济与贸易（国际班）,JN0779,书面表达,书面表达,非技术性能力,表达沟通与通用办公协作,0.8,1,0,1,应用写作,写作课程,1.0649195460993157,0.8519356368794526,22,否
首都经济贸易大学,CUEB-2025-127,2025级,经济学院,国际经济与贸易（国际班）,国际经济与贸易（国际班）,JN0780,诚信与职业道德,诚信与职业道德,非技术性能力,金融风控、投资与合规,1.5,1,1,0,职业道德,毕业要求直接出现“职业道德”,1.0710357731167517,1.6065536596751275,17,否
首都经济贸易大学,CUEB-2025-127,2025级,经济学院,国际经济与贸易（国际班）,国际经济与贸易（国际班）,JN0790,创新能力,创新能力,非技术性能力,视觉设计与数字内容制作,2.5,2,2,0,创新能力,培养目标直接出现“创新能力”；毕业要求直接出现“创新能力”,1.2895886507223624,3.223971626805906,9,是
首都经济贸易大学,CUEB-2025-128,2025级,经济学院,数字经济,数字经济,JN0025,英语,英语,语言能力,供应链与物流管理,0.8,1,1,0,英语,课程名称直接出现唯一技能别名“英语”,1.0,0.8,21,否
首都经济贸易大学,CUEB-2025-128,2025级,经济学院,数字经济,数字经济,JN0026,数据分析,数据分析,工具软件与技术平台,人工智能与数据挖掘,6.6,5,4,1,数据分析；数据科学导论,培养目标直接出现“数据分析”；毕业要求直接出现“数据分析”；核心课程直接出现“数据分析”；数据分析课程；课程名称直接出现唯一技能别名“数据分析”,1.5798184952529422,10.426802068669417,1,是
首都经济贸易大学,CUEB-2025-128,2025级,经济学院,数字经济,数字经济,JN0041,Python,Python（编程语言）,工具软件与技术平台,云计算、系统运维与DevOps,3.3,2,2,0,Python；python,核心课程直接出现“Python”；课程名称直接出现唯一技能别名“python”,1.5108256237659907,4.985724558427769,6,是
首都经济贸易大学,CUEB-2025-128,2025级,经济学院,数字经济,数字经济,JN0072,统计分析,统计分析,方法、标准与流程,人工智能与数据挖掘,2.4000000000000004,3,0,3,计量经济学；统计学；计量经济学实验,统计方法课程,1.1880522315029396,2.8513253556070555,9,是
首都经济贸易大学,CUEB-2025-128,2025级,经济学院,数字经济,数字经济,JN0076,数据处理,数据处理,具体专业技能,大数据工程与数据仓库,0.8,1,0,1,大数据预处理,数据处理课程,2.5812670354674037,2.065013628373923,14,是
首都经济贸易大学,CUEB-2025-128,2025级,经济学院,数字经济,数字经济,JN0109,会计核算,会计核算,方法、标准与流程,财务会计与税务管理,0.8,1,0,1,会计学,会计课程,1.2895886507223624,1.03167092057789,18,否
首都经济贸易大学,CUEB-2025-128,2025级,经济学院,数字经济,数字经济,JN0143,机器学习,机器学习,方法、标准与流程,人工智能与数据挖掘,3.3,2,2,0,机器学习,核心课程直接出现“机器学习”；课程名称直接出现唯一技能别名“机器学习”,2.3361445774344194,7.709277105533584,4,是
首都经济贸易大学,CUEB-2025-128,2025级,经济学院,数字经济,数字经济,JN0145,数据挖掘,数据挖掘,工具软件与技术平台,人工智能与数据挖掘,3.3,2,2,0,数据挖掘,核心课程直接出现“数据挖掘”；课程名称直接出现唯一技能别名“数据挖掘”,2.4271163556401456,8.00948397361248,3,是
首都经济贸易大学,CUEB-2025-128,2025级,经济学院,数字经济,数字经济,JN0174,人工智能技术,人工智能技术,具体专业技能,人工智能与数据挖掘,6.6,5,5,0,人工智能；ai,培养目标直接出现“人工智能”；毕业要求直接出现“人工智能”；核心课程直接出现“人工智能”；课程名称直接出现唯一技能别名“人工智能”；课程名称直接出现唯一技能别名“ai”,1.312755710003897,8.66418768602572,2,是
首都经济贸易大学,CUEB-2025-128,2025级,经济学院,数字经济,数字经济,JN0258,法律法规知识,法律法规知识,方法、标准与流程,金融风控、投资与合规,0.8,1,0,1,经济法,法规课程,2.139434283188365,1.711547426550692,15,否
首都经济贸易大学,CUEB-2025-128,2025级,经济学院,数字经济,数字经济,JN0397,数理统计,数理统计,工具软件与技术平台,人工智能与数据挖掘,0.8,1,1,0,数理统计,课程名称直接出现唯一技能别名“数理统计”,1.2019413436636068,0.9615530749308855,19,否
首都经济贸易大学,CUEB-2025-128,2025级,经济学院,数字经济,数字经济,JN0430,知识图谱,知识图谱,方法、标准与流程,人工智能与数据挖掘,2.5,1,1,0,知识图谱,核心课程直接出现“知识图谱”,2.194494060371392,5.48623515092848,5,是
首都经济贸易大学,CUEB-2025-128,2025级,经济学院,数字经济,数字经济,JN0540,预测模型,预测模型,方法、标准与流程,人工智能与数据挖掘,0.8,1,0,1,经济预测,预测方法课程,3.169053700369523,2.535242960295619,12,是
首都经济贸易大学,CUEB-2025-128,2025级,经济学院,数字经济,数字经济,JN0647,论文写作,论文写作,方法、标准与流程,表达沟通与通用办公协作,0.8,1,0,1,经济学学术写作与专业前沿,学术写作课程,1.4734380916943703,1.1787504733554963,17,否
首都经济贸易大学,CUEB-2025-128,2025级,经济学院,数字经济,数字经济,JN0771,团队合作,团队合作,非技术性能力,表达沟通与通用办公协作,1.5,1,1,0,协作意识,毕业要求直接出现“协作意识”,1.4111957828171493,2.116793674225724,13,否
首都经济贸易大学,CUEB-2025-128,2025级,经济学院,数字经济,数字经济,JN0774,表达能力,表达能力,非技术性能力,表达沟通与通用办公协作,1.5,1,1,0,表达能力,毕业要求直接出现“表达能力”,1.7703368192510753,2.655505228876613,10,是
首都经济贸易大学,CUEB-2025-128,2025级,经济学院,数字经济,数字经济,JN0775,学习能力,学习能力,非技术性能力,表达沟通与通用办公协作,1.5,1,1,0,自主学习能力,毕业要求直接出现“自主学习能力”,1.7221347174331973,2.583202076149796,11,否
首都经济贸易大学,CUEB-2025-128,2025级,经济学院,数字经济,数字经济,JN0779,书面表达,书面表达,非技术性能力,表达沟通与通用办公协作,0.8,1,0,1,应用写作,写作课程,1.0649195460993157,0.8519356368794526,20,否
首都经济贸易大学,CUEB-2025-128,2025级,经济学院,数字经济,数字经济,JN0780,诚信与职业道德,诚信与职业道德,非技术性能力,金融风控、投资与合规,1.5,1,1,0,职业道德,毕业要求直接出现“职业道德”,1.0710357731167517,1.6065536596751275,16,否
首都经济贸易大学,CUEB-2025-128,2025级,经济学院,数字经济,数字经济,JN0790,创新能力,创新能力,非技术性能力,视觉设计与数字内容制作,2.5,2,2,0,创新意识；创新能力,培养目标直接出现“创新意识”；毕业要求直接出现“创新能力”,1.2895886507223624,3.223971626805906,8,是
首都经济贸易大学,CUEB-2025-128,2025级,经济学院,数字经济,数字经济,JN0811,战略思维,战略思维,非技术性能力,组织协调与商业执行,1.0,1,1,0,战略思维,培养目标直接出现“战略思维”,3.8622008809294686,3.8622008809294686,7,是
首都经济贸易大学,CUEB-2025-129,2025级,经济学院,经济学,经济学,JN0025,英语,英语,语言能力,供应链与物流管理,2.3,2,2,0,英语,毕业要求直接出现“英语”；课程名称直接出现唯一技能别名“英语”,1.0,2.3,17,否
首都经济贸易大学,CUEB-2025-129,2025级,经济学院,经济学,经济学,JN0026,数据分析,数据分析,工具软件与技术平台,人工智能与数据挖掘,2.5,2,2,0,数据分析,培养目标直接出现“数据分析”；毕业要求直接出现“数据分析”,1.5798184952529422,3.9495462381323554,10,是
首都经济贸易大学,CUEB-2025-129,2025级,经济学院,经济学,经济学,JN0072,统计分析,统计分析,方法、标准与流程,人工智能与数据挖掘,2.4000000000000004,3,0,3,计量经济学；统计学；计量经济学实验,统计方法课程,1.1880522315029396,2.8513253556070555,13,是
首都经济贸易大学,CUEB-2025-129,2025级,经济学院,经济学,经济学,JN0076,数据处理,数据处理,具体专业技能,大数据工程与数据仓库,1.5,1,1,0,数据处理,毕业要求直接出现“数据处理”,2.5812670354674037,3.8719005532011055,11,是
首都经济贸易大学,CUEB-2025-129,2025级,经济学院,经济学,经济学,JN0109,会计核算,会计核算,方法、标准与流程,财务会计与税务管理,0.8,1,0,1,会计学,会计课程,1.2895886507223624,1.03167092057789,23,否
首都经济贸易大学,CUEB-2025-129,2025级,经济学院,经济学,经济学,JN0154,计算机操作,计算机操作,方法、标准与流程,表达沟通与通用办公协作,1.5,1,1,0,计算机操作,毕业要求直接出现“计算机操作”,4.778491612803624,7.1677374192054355,2,是
首都经济贸易大学,CUEB-2025-129,2025级,经济学院,经济学,经济学,JN0174,人工智能技术,人工智能技术,具体专业技能,人工智能与数据挖掘,5.6,4,4,0,人工智能；ai,毕业要求直接出现“人工智能”；核心课程直接出现“人工智能”；课程名称直接出现唯一技能别名“人工智能”；课程名称直接出现唯一技能别名“ai”,1.312755710003897,7.351431976021822,1,是
首都经济贸易大学,CUEB-2025-129,2025级,经济学院,经济学,经济学,JN0258,法律法规知识,法律法规知识,方法、标准与流程,金融风控、投资与合规,0.8,1,0,1,经济法,法规课程,2.139434283188365,1.711547426550692,20,否
首都经济贸易大学,CUEB-2025-129,2025级,经济学院,经济学,经济学,JN0397,数理统计,数理统计,工具软件与技术平台,人工智能与数据挖掘,4.8,3,3,0,数理统计,毕业要求直接出现“数理统计”；核心课程直接出现“数理统计”；课程名称直接出现唯一技能别名“数理统计”,1.2019413436636068,5.769318449585312,4,是
首都经济贸易大学,CUEB-2025-129,2025级,经济学院,经济学,经济学,JN0430,知识图谱,知识图谱,方法、标准与流程,人工智能与数据挖掘,2.5,1,1,0,知识图谱,核心课程直接出现“知识图谱”,2.194494060371392,5.48623515092848,6,是
首都经济贸易大学,CUEB-2025-129,2025级,经济学院,经济学,经济学,JN0540,预测模型,预测模型,方法、标准与流程,人工智能与数据挖掘,0.8,1,0,1,经济预测,预测方法课程,3.169053700369523,2.535242960295619,16,是
首都经济贸易大学,CUEB-2025-129,2025级,经济学院,经济学,经济学,JN0647,论文写作,论文写作,方法、标准与流程,表达沟通与通用办公协作,0.8,1,0,1,经济学学术写作与专业前沿,学术写作课程,1.4734380916943703,1.1787504733554963,22,否
首都经济贸易大学,CUEB-2025-129,2025级,经济学院,经济学,经济学,JN0691,财务管理,财务管理,专业知识与行业经验,财务会计与税务管理,3.3,2,2,0,财务管理,核心课程直接出现“财务管理”；课程名称直接出现唯一技能别名“财务管理”,1.664976303593249,5.4944218018577216,5,是
首都经济贸易大学,CUEB-2025-129,2025级,经济学院,经济学,经济学,JN0771,团队合作,团队合作,非技术性能力,表达沟通与通用办公协作,1.5,1,1,0,协作意识,毕业要求直接出现“协作意识”,1.4111957828171493,2.116793674225724,18,否
首都经济贸易大学,CUEB-2025-129,2025级,经济学院,经济学,经济学,JN0774,表达能力,表达能力,非技术性能力,表达沟通与通用办公协作,1.5,1,1,0,表达能力,毕业要求直接出现“表达能力”,1.7703368192510753,2.655505228876613,14,否
首都经济贸易大学,CUEB-2025-129,2025级,经济学院,经济学,经济学,JN0775,学习能力,学习能力,非技术性能力,表达沟通与通用办公协作,1.5,1,1,0,自主学习能力,毕业要求直接出现“自主学习能力”,1.7221347174331973,2.583202076149796,15,否
首都经济贸易大学,CUEB-2025-129,2025级,经济学院,经济学,经济学,JN0779,书面表达,书面表达,非技术性能力,表达沟通与通用办公协作,0.8,1,0,1,应用写作,写作课程,1.0649195460993157,0.8519356368794526,24,否
首都经济贸易大学,CUEB-2025-129,2025级,经济学院,经济学,经济学,JN0780,诚信与职业道德,诚信与职业道德,非技术性能力,金融风控、投资与合规,1.5,1,1,0,职业道德,毕业要求直接出现“职业道德”,1.0710357731167517,1.6065536596751275,21,否
首都经济贸易大学,CUEB-2025-129,2025级,经济学院,经济学,经济学,JN0781,问题解决,问题解决,非技术性能力,表达沟通与通用办公协作,2.5,2,2,0,解决问题,培养目标直接出现“解决问题”；毕业要求直接出现“解决问题”,2.314638372213455,5.786595930533638,3,是
首都经济贸易大学,CUEB-2025-129,2025级,经济学院,经济学,经济学,JN0784,逻辑思维,逻辑思维,非技术性能力,表达沟通与通用办公协作,1.5,1,1,0,逻辑思维,毕业要求直接出现“逻辑思维”,3.456735772821304,5.185103659231956,7,是
首都经济贸易大学,CUEB-2025-129,2025级,经济学院,经济学,经济学,JN0790,创新能力,创新能力,非技术性能力,视觉设计与数字内容制作,1.5,1,1,0,创新能力,毕业要求直接出现“创新能力”,1.2895886507223624,1.9343829760835436,19,否
首都经济贸易大学,CUEB-2025-129,2025级,经济学院,经济学,经济学,JN0801,独立思考,独立思考,非技术性能力,表达沟通与通用办公协作,1.5,1,1,0,独立思考能力,毕业要求直接出现“独立思考能力”,3.2203469947570738,4.83052049213561,8,是
首都经济贸易大学,CUEB-2025-129,2025级,经济学院,经济学,经济学,JN0811,战略思维,战略思维,非技术性能力,组织协调与商业执行,1.0,1,1,0,战略思维,培养目标直接出现“战略思维”,3.8622008809294686,3.8622008809294686,12,否
首都经济贸易大学,CUEB-2025-129,2025级,经济学院,经济学,经济学,JN0830,批判性思维,批判性思维,非技术性能力,表达沟通与通用办公协作,1.5,1,1,0,批判性思维,毕业要求直接出现“批判性思维”,2.638425449307353,3.9576381739610293,9,否
首都经济贸易大学,CUEB-2025-130,2025级,经济学院,经济学（实验班）,经济学（实验班）,JN0025,英语,英语,语言能力,供应链与物流管理,0.8,1,1,0,英语,课程名称直接出现唯一技能别名“英语”,1.0,0.8,20,否
首都经济贸易大学,CUEB-2025-130,2025级,经济学院,经济学（实验班）,经济学（实验班）,JN0026,数据分析,数据分析,工具软件与技术平台,人工智能与数据挖掘,3.3,2,2,0,数据分析,核心课程直接出现“数据分析”；课程名称直接出现唯一技能别名“数据分析”,1.5798184952529422,5.213401034334709,7,是
首都经济贸易大学,CUEB-2025-130,2025级,经济学院,经济学（实验班）,经济学（实验班）,JN0041,Python,Python（编程语言）,工具软件与技术平台,云计算、系统运维与DevOps,4.8,3,3,0,Python；python,毕业要求直接出现“Python”；核心课程直接出现“Python”；课程名称直接出现唯一技能别名“python”,1.5108256237659907,7.251962994076755,3,是
首都经济贸易大学,CUEB-2025-130,2025级,经济学院,经济学（实验班）,经济学（实验班）,JN0072,统计分析,统计分析,方法、标准与流程,人工智能与数据挖掘,3.2,4,0,4,计量经济学；中级计量经济学；统计学；计量经济学实验,统计方法课程,1.1880522315029396,3.8017671408094067,8,是
首都经济贸易大学,CUEB-2025-130,2025级,经济学院,经济学（实验班）,经济学（实验班）,JN0109,会计核算,会计核算,方法、标准与流程,财务会计与税务管理,0.8,1,0,1,会计学,会计课程,1.2895886507223624,1.03167092057789,18,否
首都经济贸易大学,CUEB-2025-130,2025级,经济学院,经济学（实验班）,经济学（实验班）,JN0143,机器学习,机器学习,方法、标准与流程,人工智能与数据挖掘,3.3,2,2,0,机器学习,核心课程直接出现“机器学习”；课程名称直接出现唯一技能别名“机器学习”,2.3361445774344194,7.709277105533584,1,是
首都经济贸易大学,CUEB-2025-130,2025级,经济学院,经济学（实验班）,经济学（实验班）,JN0174,人工智能技术,人工智能技术,具体专业技能,人工智能与数据挖掘,5.6,4,4,0,人工智能技术；人工智能；ai,毕业要求直接出现“人工智能技术”；核心课程直接出现“人工智能”；课程名称直接出现唯一技能别名“人工智能”；课程名称直接出现唯一技能别名“ai”,1.312755710003897,7.351431976021822,2,是
首都经济贸易大学,CUEB-2025-130,2025级,经济学院,经济学（实验班）,经济学（实验班）,JN0258,法律法规知识,法律法规知识,方法、标准与流程,金融风控、投资与合规,0.8,1,0,1,经济法,法规课程,2.139434283188365,1.711547426550692,15,是
首都经济贸易大学,CUEB-2025-130,2025级,经济学院,经济学（实验班）,经济学（实验班）,JN0397,数理统计,数理统计,工具软件与技术平台,人工智能与数据挖掘,4.8,3,3,0,数理统计,毕业要求直接出现“数理统计”；核心课程直接出现“数理统计”；课程名称直接出现唯一技能别名“数理统计”,1.2019413436636068,5.769318449585312,5,是
首都经济贸易大学,CUEB-2025-130,2025级,经济学院,经济学（实验班）,经济学（实验班）,JN0430,知识图谱,知识图谱,方法、标准与流程,人工智能与数据挖掘,2.5,1,1,0,知识图谱,核心课程直接出现“知识图谱”,2.194494060371392,5.48623515092848,6,是
首都经济贸易大学,CUEB-2025-130,2025级,经济学院,经济学（实验班）,经济学（实验班）,JN0540,预测模型,预测模型,方法、标准与流程,人工智能与数据挖掘,0.8,1,0,1,经济预测,预测方法课程,3.169053700369523,2.535242960295619,13,是
首都经济贸易大学,CUEB-2025-130,2025级,经济学院,经济学（实验班）,经济学（实验班）,JN0647,论文写作,论文写作,方法、标准与流程,表达沟通与通用办公协作,0.8,1,0,1,经济学学术写作与专业前沿,学术写作课程,1.4734380916943703,1.1787504733554963,17,否
首都经济贸易大学,CUEB-2025-130,2025级,经济学院,经济学（实验班）,经济学（实验班）,JN0774,表达能力,表达能力,非技术性能力,表达沟通与通用办公协作,1.5,1,1,0,表达能力,毕业要求直接出现“表达能力”,1.7703368192510753,2.655505228876613,11,否
首都经济贸易大学,CUEB-2025-130,2025级,经济学院,经济学（实验班）,经济学（实验班）,JN0775,学习能力,学习能力,非技术性能力,表达沟通与通用办公协作,1.5,1,1,0,自主学习能力,毕业要求直接出现“自主学习能力”,1.7221347174331973,2.583202076149796,12,否
首都经济贸易大学,CUEB-2025-130,2025级,经济学院,经济学（实验班）,经济学（实验班）,JN0779,书面表达,书面表达,非技术性能力,表达沟通与通用办公协作,0.8,1,0,1,应用写作,写作课程,1.0649195460993157,0.8519356368794526,19,否
首都经济贸易大学,CUEB-2025-130,2025级,经济学院,经济学（实验班）,经济学（实验班）,JN0780,诚信与职业道德,诚信与职业道德,非技术性能力,金融风控、投资与合规,1.5,1,1,0,职业道德,毕业要求直接出现“职业道德”,1.0710357731167517,1.6065536596751275,16,否
首都经济贸易大学,CUEB-2025-130,2025级,经济学院,经济学（实验班）,经济学（实验班）,JN0781,问题解决,问题解决,非技术性能力,表达沟通与通用办公协作,1.5,1,1,0,问题解决,毕业要求直接出现“问题解决”,2.314638372213455,3.4719575583201827,9,是
首都经济贸易大学,CUEB-2025-130,2025级,经济学院,经济学（实验班）,经济学（实验班）,JN0788,口头表达,口头表达,非技术性能力,表达沟通与通用办公协作,1.5,1,1,0,口头表达,毕业要求直接出现“口头表达”,1.9021060968821986,2.853159145323298,10,是
首都经济贸易大学,CUEB-2025-130,2025级,经济学院,经济学（实验班）,经济学（实验班）,JN0790,创新能力,创新能力,非技术性能力,视觉设计与数字内容制作,1.5,1,1,0,创新能力,毕业要求直接出现“创新能力”,1.2895886507223624,1.9343829760835436,14,否
首都经济贸易大学,CUEB-2025-130,2025级,经济学院,经济学（实验班）,经济学（实验班）,JN0795,实践动手能力,实践动手能力,非技术性能力,嵌入式与电子硬件开发,1.5,1,1,0,动手能力,毕业要求直接出现“动手能力”,4.218875824868201,6.3283137373023015,4,是
首都经济贸易大学,CUEB-2025-131,2025级,经济学院,贸易经济,贸易经济,JN0009,物流管理,物流管理,职业职能与业务活动,供应链与物流管理,2.5,1,1,0,物流管理,核心课程直接出现“物流管理”,4.778491612803624,11.94622903200906,2,是
首都经济贸易大学,CUEB-2025-131,2025级,经济学院,贸易经济,贸易经济,JN0025,英语,英语,语言能力,供应链与物流管理,4.8,3,3,0,英语,毕业要求直接出现“英语”；核心课程直接出现“英语”；课程名称直接出现唯一技能别名“英语”,1.0,4.8,13,否
首都经济贸易大学,CUEB-2025-131,2025级,经济学院,贸易经济,贸易经济,JN0026,数据分析,数据分析,工具软件与技术平台,人工智能与数据挖掘,2.3,2,1,1,数据分析；数据科学导论 / Introduction to Data Science,毕业要求直接出现“数据分析”；数据分析课程,1.5798184952529422,3.633582539081767,17,否
首都经济贸易大学,CUEB-2025-131,2025级,经济学院,贸易经济,贸易经济,JN0032,商务谈判,商务谈判,方法、标准与流程,组织协调与商业执行,4.8,3,3,0,商务谈判,毕业要求直接出现“商务谈判”；核心课程直接出现“商务谈判”；课程名称直接出现唯一技能别名“商务谈判”,2.6990500711237875,12.95544034139418,1,是
首都经济贸易大学,CUEB-2025-131,2025级,经济学院,贸易经济,贸易经济,JN0072,统计分析,统计分析,方法、标准与流程,人工智能与数据挖掘,3.1,3,1,2,统计分析；计量经济学 Econometrics；统计学 Statistics,毕业要求直接出现“统计分析”；统计方法课程,1.1880522315029396,3.682961917659113,16,否
首都经济贸易大学,CUEB-2025-131,2025级,经济学院,贸易经济,贸易经济,JN0074,国际贸易,国际贸易,方法、标准与流程,供应链与物流管理,3.3,2,2,0,国际贸易,核心课程直接出现“国际贸易”；课程名称直接出现唯一技能别名“国际贸易”,3.120263536200091,10.2968696694603,3,是
首都经济贸易大学,CUEB-2025-131,2025级,经济学院,贸易经济,贸易经济,JN0109,会计核算,会计核算,方法、标准与流程,财务会计与税务管理,0.8,1,0,1,会计学 Accounting,会计课程,1.2895886507223624,1.03167092057789,30,否
首都经济贸易大学,CUEB-2025-131,2025级,经济学院,贸易经济,贸易经济,JN0141,商务英语,商务英语,语言能力,供应链与物流管理,0.8,1,1,0,商务英语,课程名称直接出现唯一技能别名“商务英语”,3.2203469947570738,2.576277595805659,24,否
首都经济贸易大学,CUEB-2025-131,2025级,经济学院,贸易经济,贸易经济,JN0154,计算机操作,计算机操作,方法、标准与流程,表达沟通与通用办公协作,1.5,1,1,0,计算机基础知识,毕业要求直接出现“计算机基础知识”,4.778491612803624,7.1677374192054355,7,是
首都经济贸易大学,CUEB-2025-131,2025级,经济学院,贸易经济,贸易经济,JN0174,人工智能技术,人工智能技术,具体专业技能,人工智能与数据挖掘,4.1,4,4,0,人工智能；ai,培养目标直接出现“人工智能”；毕业要求直接出现“人工智能”；课程名称直接出现唯一技能别名“人工智能”；课程名称直接出现唯一技能别名“ai”,1.312755710003897,5.382298411015976,11,是
首都经济贸易大学,CUEB-2025-131,2025级,经济学院,贸易经济,贸易经济,JN0214,品牌策划,品牌策划,方法、标准与流程,视觉设计与数字内容制作,1.5,1,1,0,品牌管理,毕业要求直接出现“品牌管理”,3.5257286443082556,5.288592966462383,12,是
首都经济贸易大学,CUEB-2025-131,2025级,经济学院,贸易经济,贸易经济,JN0238,数据统计分析,数据统计分析,工具软件与技术平台,表达沟通与通用办公协作,1.5,1,1,0,数据统计分析,毕业要求直接出现“数据统计分析”,5.0661736852554045,7.599260527883107,6,是
首都经济贸易大学,CUEB-2025-131,2025级,经济学院,贸易经济,贸易经济,JN0250,跨文化沟通,跨文化沟通,语言能力,供应链与物流管理,1.0,1,1,0,跨文化沟通,培养目标直接出现“跨文化沟通”,2.730798769438368,2.730798769438368,21,否
首都经济贸易大学,CUEB-2025-131,2025级,经济学院,贸易经济,贸易经济,JN0262,投研,投研,具体专业技能,金融风控、投资与合规,1.5,1,1,0,行业研究,毕业要求直接出现“行业研究”,5.471638793363569,8.207458190045354,5,是
首都经济贸易大学,CUEB-2025-131,2025级,经济学院,贸易经济,贸易经济,JN0397,数理统计,数理统计,工具软件与技术平台,人工智能与数据挖掘,0.8,1,1,0,数理统计,课程名称直接出现唯一技能别名“数理统计”,1.2019413436636068,0.9615530749308855,31,否
首都经济贸易大学,CUEB-2025-131,2025级,经济学院,贸易经济,贸易经济,JN0430,知识图谱,知识图谱,方法、标准与流程,人工智能与数据挖掘,2.5,1,1,0,知识图谱,核心课程直接出现“知识图谱”,2.194494060371392,5.48623515092848,10,是
首都经济贸易大学,CUEB-2025-131,2025级,经济学院,贸易经济,贸易经济,JN0538,AI工具应用,人工智能工具应用（AI工具应用）,具体专业技能,人工智能与数据挖掘,1.5,1,1,0,人工智能工具,毕业要求直接出现“人工智能工具”,3.6798793241355137,5.519818986203271,9,是
首都经济贸易大学,CUEB-2025-131,2025级,经济学院,贸易经济,贸易经济,JN0647,论文写作,论文写作,方法、标准与流程,表达沟通与通用办公协作,0.8,1,0,1,经济学学术写作与专业前沿 / Academic Writing & / Research Frontier in Economics,学术写作课程,1.4734380916943703,1.1787504733554963,29,否
首都经济贸易大学,CUEB-2025-131,2025级,经济学院,贸易经济,贸易经济,JN0686,数据库技术,数据库技术,专业知识与行业经验,Java后端开发与中间件,1.5,1,1,0,数据库,毕业要求直接出现“数据库”,2.3361445774344194,3.504216866151629,18,否
首都经济贸易大学,CUEB-2025-131,2025级,经济学院,贸易经济,贸易经济,JN0770,沟通能力,沟通能力,非技术性能力,组织协调与商业执行,1.0,1,1,0,沟通能力,培养目标直接出现“沟通能力”,1.7953381214564925,1.7953381214564925,28,否
首都经济贸易大学,CUEB-2025-131,2025级,经济学院,贸易经济,贸易经济,JN0771,团队合作,团队合作,非技术性能力,表达沟通与通用办公协作,1.5,1,1,0,协作能力,毕业要求直接出现“协作能力”,1.4111957828171493,2.116793674225724,26,否
首都经济贸易大学,CUEB-2025-131,2025级,经济学院,贸易经济,贸易经济,JN0772,责任心,责任心,非技术性能力,表达沟通与通用办公协作,2.5,2,2,0,责任意识；认真负责,培养目标直接出现“责任意识”；毕业要求直接出现“认真负责”,3.456735772821304,8.64183943205326,4,是
首都经济贸易大学,CUEB-2025-131,2025级,经济学院,贸易经济,贸易经济,JN0773,组织协调,组织协调,非技术性能力,组织协调与商业执行,1.5,1,1,0,协调能力,毕业要求直接出现“协调能力”,2.83258146374831,4.248872195622465,15,否
首都经济贸易大学,CUEB-2025-131,2025级,经济学院,贸易经济,贸易经济,JN0774,表达能力,表达能力,非技术性能力,表达沟通与通用办公协作,1.5,1,1,0,表达能力,毕业要求直接出现“表达能力”,1.7703368192510753,2.655505228876613,23,否
首都经济贸易大学,CUEB-2025-131,2025级,经济学院,贸易经济,贸易经济,JN0775,学习能力,学习能力,非技术性能力,表达沟通与通用办公协作,2.5,2,2,0,自主学习能力,培养目标直接出现“自主学习能力”；毕业要求直接出现“自主学习能力”,1.7221347174331973,4.305336793582994,14,否
首都经济贸易大学,CUEB-2025-131,2025级,经济学院,贸易经济,贸易经济,JN0779,书面表达,书面表达,非技术性能力,表达沟通与通用办公协作,2.3,2,1,1,书面表达能力；应用写作 / Practical Writing,毕业要求直接出现“书面表达能力”；写作课程,1.0649195460993157,2.449314956028426,25,否
首都经济贸易大学,CUEB-2025-131,2025级,经济学院,贸易经济,贸易经济,JN0780,诚信与职业道德,诚信与职业道德,非技术性能力,金融风控、投资与合规,2.5,2,2,0,职业道德；敬业精神,培养目标直接出现“职业道德”；毕业要求直接出现“敬业精神”,1.0710357731167517,2.677589432791879,22,否
首都经济贸易大学,CUEB-2025-131,2025级,经济学院,贸易经济,贸易经济,JN0781,问题解决,问题解决,非技术性能力,表达沟通与通用办公协作,1.5,1,1,0,解决问题,毕业要求直接出现“解决问题”,2.314638372213455,3.4719575583201827,19,否
首都经济贸易大学,CUEB-2025-131,2025级,经济学院,贸易经济,贸易经济,JN0788,口头表达,口头表达,非技术性能力,表达沟通与通用办公协作,1.5,1,1,0,口头表达能力,毕业要求直接出现“口头表达能力”,1.9021060968821986,2.853159145323298,20,否
首都经济贸易大学,CUEB-2025-131,2025级,经济学院,贸易经济,贸易经济,JN0790,创新能力,创新能力,非技术性能力,视觉设计与数字内容制作,1.5,1,1,0,创新能力,毕业要求直接出现“创新能力”,1.2895886507223624,1.9343829760835436,27,否
首都经济贸易大学,CUEB-2025-131,2025级,经济学院,贸易经济,贸易经济,JN0792,细致严谨,细致严谨,非技术性能力,表达沟通与通用办公协作,1.5,1,1,0,严谨细致,毕业要求直接出现“严谨细致”,4.778491612803624,7.1677374192054355,8,是
首都经济贸易大学,CUEB-2025-132,2025级,会计学院,会计学,会计学专业,JN0012,资金管理,资金管理,职业职能与业务活动,财务会计与税务管理,2.5,1,1,0,资金管理,核心课程直接出现“资金管理”,5.471638793363569,13.679096983408922,4,是
首都经济贸易大学,CUEB-2025-132,2025级,会计学院,会计学,会计学专业,JN0025,英语,英语,语言能力,供应链与物流管理,3.3,3,3,0,英语,培养目标直接出现“英语”；毕业要求直接出现“英语”；课程名称直接出现唯一技能别名“英语”,1.0,3.3,23,否
首都经济贸易大学,CUEB-2025-132,2025级,会计学院,会计学,会计学专业,JN0026,数据分析,数据分析,工具软件与技术平台,人工智能与数据挖掘,3.5,2,2,0,数据分析,培养目标直接出现“数据分析”；核心课程直接出现“数据分析”,1.5798184952529422,5.5293647333852975,12,是
首都经济贸易大学,CUEB-2025-132,2025级,会计学院,会计学,会计学专业,JN0041,Python,Python（编程语言）,工具软件与技术平台,云计算、系统运维与DevOps,0.8,1,1,0,python,课程名称直接出现唯一技能别名“python”,1.5108256237659907,1.2086604990127927,35,否
首都经济贸易大学,CUEB-2025-132,2025级,会计学院,会计学,会计学专业,JN0060,成本控制,成本控制,方法、标准与流程,建筑施工与工程造价,5.0,3,3,0,成本控制,培养目标直接出现“成本控制”；毕业要求直接出现“成本控制”；核心课程直接出现“成本控制”,5.471638793363569,27.358193966817844,1,是
首都经济贸易大学,CUEB-2025-132,2025级,会计学院,会计学,会计学专业,JN0072,统计分析,统计分析,方法、标准与流程,人工智能与数据挖掘,0.8,1,0,1,统计学 / Statistics,统计方法课程,1.1880522315029396,0.9504417852023517,38,否
首都经济贸易大学,CUEB-2025-132,2025级,会计学院,会计学,会计学专业,JN0076,数据处理,数据处理,具体专业技能,大数据工程与数据仓库,1.0,1,1,0,数据处理,培养目标直接出现“数据处理”,2.5812670354674037,2.5812670354674037,26,否
首都经济贸易大学,CUEB-2025-132,2025级,会计学院,会计学,会计学专业,JN0077,财务分析,财务分析,具体专业技能,财务会计与税务管理,4.8,3,3,0,财务分析,毕业要求直接出现“财务分析”；核心课程直接出现“财务分析”；课程名称直接出现唯一技能别名“财务分析”,3.120263536200091,14.977264973760436,3,是
首都经济贸易大学,CUEB-2025-132,2025级,会计学院,会计学,会计学专业,JN0081,财务软件应用,财务软件应用,方法、标准与流程,财务会计与税务管理,1.6,2,0,2,会计信息系统 / Accounting Information System；RPA与智能会计 / RPA & Intelligent Accounting,会计信息化课程,3.392197251683733,5.427515602693973,14,否
首都经济贸易大学,CUEB-2025-132,2025级,会计学院,会计学,会计学专业,JN0091,云计算,云计算,工具软件与技术平台,云计算、系统运维与DevOps,1.5,1,1,0,云计算,毕业要求直接出现“云计算”,3.120263536200091,4.680395304300136,16,否
首都经济贸易大学,CUEB-2025-132,2025级,会计学院,会计学,会计学专业,JN0108,财务报表,财务报表,具体专业技能,财务会计与税务管理,5.0,3,3,0,财务报表,培养目标直接出现“财务报表”；毕业要求直接出现“财务报表”；核心课程直接出现“财务报表”,3.9675613965872945,19.83780698293647,2,是
首都经济贸易大学,CUEB-2025-132,2025级,会计学院,会计学,会计学专业,JN0109,会计核算,会计核算,方法、标准与流程,财务会计与税务管理,8.1,8,1,7,会计核算；会计学基础 / Fundamental Accounting；中级财务会计（上） / Intermediate Financial Accounting；中级财务会计（下） / Intermediate Financial Accounting；会计信息系统 / Accounting Information System；高级财务会计 / Advanced Financial Accounting；RPA与智能会计 / RPA & Intelligent Accounting；现代会计学（英语） / Modern Accounting (English),核心课程直接出现“会计核算”；会计课程；会计信息化课程,1.2895886507223624,10.445668070851134,6,是
首都经济贸易大学,CUEB-2025-132,2025级,会计学院,会计学,会计学专业,JN0136,成本管理,成本管理,方法、标准与流程,财务会计与税务管理,3.3,2,2,0,成本管理,核心课程直接出现“成本管理”；课程名称直接出现唯一技能别名“成本管理”,2.9867321435755683,9.856216073799375,8,是
首都经济贸易大学,CUEB-2025-132,2025级,会计学院,会计学,会计学专业,JN0159,税务筹划,税务筹划,具体专业技能,财务会计与税务管理,0.8,1,0,1,税务会计与纳税筹划 / Tax Accounting and Tax Planning,税务筹划课程,3.392197251683733,2.7137578013469863,24,否
首都经济贸易大学,CUEB-2025-132,2025级,会计学院,会计学,会计学专业,JN0174,人工智能技术,人工智能技术,具体专业技能,人工智能与数据挖掘,3.3,2,2,0,人工智能,核心课程直接出现“人工智能”；课程名称直接出现唯一技能别名“人工智能”,1.312755710003897,4.33209384301286,17,否
首都经济贸易大学,CUEB-2025-132,2025级,会计学院,会计学,会计学专业,JN0251,BI,BI（数据库与数据工程）,工具软件与技术平台,大数据工程与数据仓库,3.3,2,2,0,商业智能,核心课程直接出现“商业智能”；课程名称直接出现唯一技能别名“商业智能”,3.392197251683733,11.194250930556318,5,是
首都经济贸易大学,CUEB-2025-132,2025级,会计学院,会计学,会计学专业,JN0254,市场营销知识,市场营销知识,方法、标准与流程,组织协调与商业执行,0.8,1,0,1,市场营销学 / Marketing,市场营销课程,2.4035858582299516,1.9228686865839615,31,否
首都经济贸易大学,CUEB-2025-132,2025级,会计学院,会计学,会计学专业,JN0258,法律法规知识,法律法规知识,方法、标准与流程,金融风控、投资与合规,0.8,1,0,1,商法学 / Science of Business Law,法规课程,2.139434283188365,1.711547426550692,33,否
首都经济贸易大学,CUEB-2025-132,2025级,会计学院,会计学,会计学专业,JN0397,数理统计,数理统计,工具软件与技术平台,人工智能与数据挖掘,0.8,1,1,0,数理统计,课程名称直接出现唯一技能别名“数理统计”,1.2019413436636068,0.9615530749308855,37,否
首都经济贸易大学,CUEB-2025-132,2025级,会计学院,会计学,会计学专业,JN0430,知识图谱,知识图谱,方法、标准与流程,人工智能与数据挖掘,2.5,1,1,0,知识图谱,核心课程直接出现“知识图谱”,2.194494060371392,5.48623515092848,13,否
首都经济贸易大学,CUEB-2025-132,2025级,会计学院,会计学,会计学专业,JN0647,论文写作,论文写作,方法、标准与流程,表达沟通与通用办公协作,0.8,1,0,1,学术写作与专业前沿 Academic Writing and Professional Frontier,学术写作课程,1.4734380916943703,1.1787504733554963,36,否
首都经济贸易大学,CUEB-2025-132,2025级,会计学院,会计学,会计学专业,JN0690,风险管理,风险管理,专业知识与行业经验,金融风控、投资与合规,0.8,1,1,0,风险管理,课程名称直接出现唯一技能别名“风险管理”,1.916290731874155,1.533032585499324,34,否
首都经济贸易大学,CUEB-2025-132,2025级,会计学院,会计学,会计学专业,JN0691,财务管理,财务管理,专业知识与行业经验,财务会计与税务管理,4.8,3,3,0,财务管理,毕业要求直接出现“财务管理”；核心课程直接出现“财务管理”；课程名称直接出现唯一技能别名“财务管理”,1.664976303593249,7.991886257247595,9,是
首都经济贸易大学,CUEB-2025-132,2025级,会计学院,会计学,会计学专业,JN0701,会计准则,会计准则,专业知识与行业经验,财务会计与税务管理,1.0,1,1,0,会计准则,培养目标直接出现“会计准则”,4.218875824868201,4.218875824868201,19,否
首都经济贸易大学,CUEB-2025-132,2025级,会计学院,会计学,会计学专业,JN0710,财税法规,财税法规,专业知识与行业经验,财务会计与税务管理,0.8,1,0,1,税法 / Tax Law,税法课程,3.0292917579943643,2.4234334063954917,28,否
首都经济贸易大学,CUEB-2025-132,2025级,会计学院,会计学,会计学专业,JN0770,沟通能力,沟通能力,非技术性能力,组织协调与商业执行,1.0,1,1,0,沟通能力,培养目标直接出现“沟通能力”,1.7953381214564925,1.7953381214564925,32,否
首都经济贸易大学,CUEB-2025-132,2025级,会计学院,会计学,会计学专业,JN0771,团队合作,团队合作,非技术性能力,表达沟通与通用办公协作,2.5,2,2,0,团队协作；团队合作,培养目标直接出现“团队协作”；毕业要求直接出现“团队合作”,1.4111957828171493,3.527989457042873,22,否
首都经济贸易大学,CUEB-2025-132,2025级,会计学院,会计学,会计学专业,JN0774,表达能力,表达能力,非技术性能力,表达沟通与通用办公协作,1.5,1,1,0,表达能力,毕业要求直接出现“表达能力”,1.7703368192510753,2.655505228876613,25,否
首都经济贸易大学,CUEB-2025-132,2025级,会计学院,会计学,会计学专业,JN0775,学习能力,学习能力,非技术性能力,表达沟通与通用办公协作,2.5,2,2,0,持续学习能力；自主学习能力,培养目标直接出现“持续学习能力”；毕业要求直接出现“自主学习能力”,1.7221347174331973,4.305336793582994,18,否
首都经济贸易大学,CUEB-2025-132,2025级,会计学院,会计学,会计学专业,JN0779,书面表达,书面表达,非技术性能力,表达沟通与通用办公协作,2.3,2,1,1,书面表达能力；应用写作 / Practical Writing,毕业要求直接出现“书面表达能力”；写作课程,1.0649195460993157,2.449314956028426,27,否
首都经济贸易大学,CUEB-2025-132,2025级,会计学院,会计学,会计学专业,JN0780,诚信与职业道德,诚信与职业道德,非技术性能力,金融风控、投资与合规,5.8,4,4,0,职业道德；敬业精神,培养目标直接出现“职业道德”；毕业要求直接出现“敬业精神”；核心课程直接出现“职业道德”；课程名称直接出现唯一技能别名“职业道德”,1.0710357731167517,6.2120074840771595,11,是
首都经济贸易大学,CUEB-2025-132,2025级,会计学院,会计学,会计学专业,JN0781,问题解决,问题解决,非技术性能力,表达沟通与通用办公协作,1.0,1,1,0,解决问题,培养目标直接出现“解决问题”,2.314638372213455,2.314638372213455,29,否
首都经济贸易大学,CUEB-2025-132,2025级,会计学院,会计学,会计学专业,JN0785,分析判断,分析判断,非技术性能力,组织协调与商业执行,1.0,1,1,0,分析能力,培养目标直接出现“分析能力”,2.121734706088964,2.121734706088964,30,否
首都经济贸易大学,CUEB-2025-132,2025级,会计学院,会计学,会计学专业,JN0787,领导力,领导力,非技术性能力,组织协调与商业执行,1.5,1,1,0,领导能力,毕业要求直接出现“领导能力”,2.4035858582299516,3.6053787873449274,21,否
首都经济贸易大学,CUEB-2025-132,2025级,会计学院,会计学,会计学专业,JN0790,创新能力,创新能力,非技术性能力,视觉设计与数字内容制作,5.0,3,3,0,创新思维；创新意识；创新能力,培养目标直接出现“创新思维”；毕业要求直接出现“创新意识”；核心课程直接出现“创新能力”,1.2895886507223624,6.447943253611812,10,是
首都经济贸易大学,CUEB-2025-132,2025级,会计学院,会计学,会计学专业,JN0800,决策能力,决策能力,非技术性能力,组织协调与商业执行,2.5,1,1,0,决策能力,核心课程直接出现“决策能力”,3.9675613965872945,9.918903491468235,7,是
首都经济贸易大学,CUEB-2025-132,2025级,会计学院,会计学,会计学专业,JN0806,审美能力,审美能力,非技术性能力,视觉设计与数字内容制作,1.0,1,1,0,审美能力,培养目标直接出现“审美能力”,4.778491612803624,4.778491612803624,15,否
首都经济贸易大学,CUEB-2025-132,2025级,会计学院,会计学,会计学专业,JN0830,批判性思维,批判性思维,非技术性能力,表达沟通与通用办公协作,1.5,1,1,0,批判性思维,毕业要求直接出现“批判性思维”,2.638425449307353,3.9576381739610293,20,否
首都经济贸易大学,CUEB-2025-133,2025级,会计学院,会计学（数智化国际会计）,会计学（数智化国际会计）专业,JN0025,英语,英语,语言能力,供应链与物流管理,3.3,2,2,0,英语,核心课程直接出现“英语”；课程名称直接出现唯一技能别名“英语”,1.0,3.3,24,否
首都经济贸易大学,CUEB-2025-133,2025级,会计学院,会计学（数智化国际会计）,会计学（数智化国际会计）专业,JN0026,数据分析,数据分析,工具软件与技术平台,人工智能与数据挖掘,5.0,3,3,0,数据分析,培养目标直接出现“数据分析”；毕业要求直接出现“数据分析”；核心课程直接出现“数据分析”,1.5798184952529422,7.899092476264711,6,是
首都经济贸易大学,CUEB-2025-133,2025级,会计学院,会计学（数智化国际会计）,会计学（数智化国际会计）专业,JN0029,Excel,Excel（办公软件与通用数字工具）,方法、标准与流程,表达沟通与通用办公协作,1.5,1,1,0,Excel,毕业要求直接出现“Excel”,2.1574527886910433,3.236179183036565,25,否
首都经济贸易大学,CUEB-2025-133,2025级,会计学院,会计学（数智化国际会计）,会计学（数智化国际会计）专业,JN0032,商务谈判,商务谈判,方法、标准与流程,组织协调与商业执行,1.5,1,1,0,商务谈判,毕业要求直接出现“商务谈判”,2.6990500711237875,4.048575106685681,16,否
首都经济贸易大学,CUEB-2025-133,2025级,会计学院,会计学（数智化国际会计）,会计学（数智化国际会计）专业,JN0041,Python,Python（编程语言）,工具软件与技术平台,云计算、系统运维与DevOps,2.3,2,2,0,Python；python,毕业要求直接出现“Python”；课程名称直接出现唯一技能别名“python”,1.5108256237659907,3.4748989346617782,22,否
首都经济贸易大学,CUEB-2025-133,2025级,会计学院,会计学（数智化国际会计）,会计学（数智化国际会计）专业,JN0072,统计分析,统计分析,方法、标准与流程,人工智能与数据挖掘,1.6,2,0,2,统计学 / Statistics；计量经济学Econometrics,统计方法课程,1.1880522315029396,1.9008835704047033,36,否
首都经济贸易大学,CUEB-2025-133,2025级,会计学院,会计学（数智化国际会计）,会计学（数智化国际会计）专业,JN0076,数据处理,数据处理,具体专业技能,大数据工程与数据仓库,1.5,1,1,0,数据处理,毕业要求直接出现“数据处理”,2.5812670354674037,3.8719005532011055,18,否
首都经济贸易大学,CUEB-2025-133,2025级,会计学院,会计学（数智化国际会计）,会计学（数智化国际会计）专业,JN0077,财务分析,财务分析,具体专业技能,财务会计与税务管理,2.3,2,2,0,财务分析,毕业要求直接出现“财务分析”；课程名称直接出现唯一技能别名“财务分析”,3.120263536200091,7.176606133260209,8,是
首都经济贸易大学,CUEB-2025-133,2025级,会计学院,会计学（数智化国际会计）,会计学（数智化国际会计）专业,JN0081,财务软件应用,财务软件应用,方法、标准与流程,财务会计与税务管理,2.6,3,1,2,财务软件；会计信息系统 / Accounting Information System；RPA与智能会计  / RPA & Intelligent Accounting,培养目标直接出现“财务软件”；会计信息化课程,3.392197251683733,8.819712854377705,5,是
首都经济贸易大学,CUEB-2025-133,2025级,会计学院,会计学（数智化国际会计）,会计学（数智化国际会计）专业,JN0091,云计算,云计算,工具软件与技术平台,云计算、系统运维与DevOps,1.0,1,1,0,云计算,培养目标直接出现“云计算”,3.120263536200091,3.120263536200091,26,否
首都经济贸易大学,CUEB-2025-133,2025级,会计学院,会计学（数智化国际会计）,会计学（数智化国际会计）专业,JN0109,会计核算,会计核算,方法、标准与流程,财务会计与税务管理,8.1,8,1,7,会计核算；会计学基础 / Fundamental Accounting；中级财务会计（上） / Intermediate Financial Accounting；中级财务会计（下） / Intermediate Financial Accounting；会计信息系统 / Accounting Information System；RPA与智能会计  / RPA & Intelligent Accounting；高级财务会计 / Advanced Financial Accounting；现代会计学（英语） / Modern Accounting (English),核心课程直接出现“会计核算”；会计课程；会计信息化课程,1.2895886507223624,10.445668070851134,2,是
首都经济贸易大学,CUEB-2025-133,2025级,会计学院,会计学（数智化国际会计）,会计学（数智化国际会计）专业,JN0136,成本管理,成本管理,方法、标准与流程,财务会计与税务管理,0.8,1,1,0,成本管理,课程名称直接出现唯一技能别名“成本管理”,2.9867321435755683,2.3893857148604547,33,否
首都经济贸易大学,CUEB-2025-133,2025级,会计学院,会计学（数智化国际会计）,会计学（数智化国际会计）专业,JN0143,机器学习,机器学习,方法、标准与流程,人工智能与数据挖掘,1.5,1,1,0,机器学习,毕业要求直接出现“机器学习”,2.3361445774344194,3.504216866151629,20,否
首都经济贸易大学,CUEB-2025-133,2025级,会计学院,会计学（数智化国际会计）,会计学（数智化国际会计）专业,JN0145,数据挖掘,数据挖掘,工具软件与技术平台,人工智能与数据挖掘,1.5,1,1,0,数据挖掘,毕业要求直接出现“数据挖掘”,2.4271163556401456,3.6406745334602184,19,否
首都经济贸易大学,CUEB-2025-133,2025级,会计学院,会计学（数智化国际会计）,会计学（数智化国际会计）专业,JN0159,税务筹划,税务筹划,具体专业技能,财务会计与税务管理,0.8,1,0,1,税务会计与纳税筹划 / Tax Accounting and Tax Planning,税务筹划课程,3.392197251683733,2.7137578013469863,28,否
首都经济贸易大学,CUEB-2025-133,2025级,会计学院,会计学（数智化国际会计）,会计学（数智化国际会计）专业,JN0174,人工智能技术,人工智能技术,具体专业技能,人工智能与数据挖掘,5.8,4,4,0,人工智能,培养目标直接出现“人工智能”；毕业要求直接出现“人工智能”；核心课程直接出现“人工智能”；课程名称直接出现唯一技能别名“人工智能”,1.312755710003897,7.613983118022602,7,是
首都经济贸易大学,CUEB-2025-133,2025级,会计学院,会计学（数智化国际会计）,会计学（数智化国际会计）专业,JN0251,BI,BI（数据库与数据工程）,工具软件与技术平台,大数据工程与数据仓库,5.8,4,4,0,商业智能,培养目标直接出现“商业智能”；毕业要求直接出现“商业智能”；核心课程直接出现“商业智能”；课程名称直接出现唯一技能别名“商业智能”,3.392197251683733,19.67474405976565,1,是
首都经济贸易大学,CUEB-2025-133,2025级,会计学院,会计学（数智化国际会计）,会计学（数智化国际会计）专业,JN0254,市场营销知识,市场营销知识,方法、标准与流程,组织协调与商业执行,0.8,1,0,1,市场营销学 / Marketing,市场营销课程,2.4035858582299516,1.9228686865839615,35,否
首都经济贸易大学,CUEB-2025-133,2025级,会计学院,会计学（数智化国际会计）,会计学（数智化国际会计）专业,JN0258,法律法规知识,法律法规知识,方法、标准与流程,金融风控、投资与合规,3.3,2,1,1,法律知识；商法学 / Science of Business Law,核心课程直接出现“法律知识”；法规课程,2.139434283188365,7.060133134521603,11,是
首都经济贸易大学,CUEB-2025-133,2025级,会计学院,会计学（数智化国际会计）,会计学（数智化国际会计）专业,JN0397,数理统计,数理统计,工具软件与技术平台,人工智能与数据挖掘,3.3,2,2,0,数理统计,核心课程直接出现“数理统计”；课程名称直接出现唯一技能别名“数理统计”,1.2019413436636068,3.9664064340899023,17,否
首都经济贸易大学,CUEB-2025-133,2025级,会计学院,会计学（数智化国际会计）,会计学（数智化国际会计）专业,JN0430,知识图谱,知识图谱,方法、标准与流程,人工智能与数据挖掘,2.5,1,1,0,知识图谱,核心课程直接出现“知识图谱”,2.194494060371392,5.48623515092848,13,否
首都经济贸易大学,CUEB-2025-133,2025级,会计学院,会计学（数智化国际会计）,会计学（数智化国际会计）专业,JN0538,AI工具应用,人工智能工具应用（AI工具应用）,具体专业技能,人工智能与数据挖掘,2.5,2,2,0,DeepSeek；AI工具,培养目标直接出现“DeepSeek”；毕业要求直接出现“AI工具”,3.6798793241355137,9.199698310338784,4,是
首都经济贸易大学,CUEB-2025-133,2025级,会计学院,会计学（数智化国际会计）,会计学（数智化国际会计）专业,JN0575,Power BI,Power BI（数据库与数据工程）,工具软件与技术平台,大数据工程与数据仓库,1.5,1,1,0,Power BI,毕业要求直接出现“Power BI”,4.778491612803624,7.1677374192054355,9,是
首都经济贸易大学,CUEB-2025-133,2025级,会计学院,会计学（数智化国际会计）,会计学（数智化国际会计）专业,JN0647,论文写作,论文写作,方法、标准与流程,表达沟通与通用办公协作,0.8,1,0,1,学术写作与专业前沿 Academic Writing and Professional Frontier,学术写作课程,1.4734380916943703,1.1787504733554963,38,否
首都经济贸易大学,CUEB-2025-133,2025级,会计学院,会计学（数智化国际会计）,会计学（数智化国际会计）专业,JN0686,数据库技术,数据库技术,专业知识与行业经验,Java后端开发与中间件,1.5,1,1,0,数据库,毕业要求直接出现“数据库”,2.3361445774344194,3.504216866151629,21,否
首都经济贸易大学,CUEB-2025-133,2025级,会计学院,会计学（数智化国际会计）,会计学（数智化国际会计）专业,JN0690,风险管理,风险管理,专业知识与行业经验,金融风控、投资与合规,0.8,1,1,0,风险管理,课程名称直接出现唯一技能别名“风险管理”,1.916290731874155,1.533032585499324,37,否
首都经济贸易大学,CUEB-2025-133,2025级,会计学院,会计学（数智化国际会计）,会计学（数智化国际会计）专业,JN0691,财务管理,财务管理,专业知识与行业经验,财务会计与税务管理,1.8,2,2,0,财务管理,培养目标直接出现“财务管理”；课程名称直接出现唯一技能别名“财务管理”,1.664976303593249,2.9969573464678483,27,否
首都经济贸易大学,CUEB-2025-133,2025级,会计学院,会计学（数智化国际会计）,会计学（数智化国际会计）专业,JN0710,财税法规,财税法规,专业知识与行业经验,财务会计与税务管理,0.8,1,0,1,税法 / Tax Law,税法课程,3.0292917579943643,2.4234334063954917,32,否
首都经济贸易大学,CUEB-2025-133,2025级,会计学院,会计学（数智化国际会计）,会计学（数智化国际会计）专业,JN0730,公司治理,公司治理,专业知识与行业经验,金融风控、投资与合规,3.3,2,2,0,公司治理,核心课程直接出现“公司治理”；课程名称直接出现唯一技能别名“公司治理”,3.120263536200091,10.2968696694603,3,是
首都经济贸易大学,CUEB-2025-133,2025级,会计学院,会计学（数智化国际会计）,会计学（数智化国际会计）专业,JN0772,责任心,责任心,非技术性能力,表达沟通与通用办公协作,1.5,1,1,0,责任心,毕业要求直接出现“责任心”,3.456735772821304,5.185103659231956,14,否
首都经济贸易大学,CUEB-2025-133,2025级,会计学院,会计学（数智化国际会计）,会计学（数智化国际会计）专业,JN0774,表达能力,表达能力,非技术性能力,表达沟通与通用办公协作,1.5,1,1,0,表达能力,毕业要求直接出现“表达能力”,1.7703368192510753,2.655505228876613,29,否
首都经济贸易大学,CUEB-2025-133,2025级,会计学院,会计学（数智化国际会计）,会计学（数智化国际会计）专业,JN0775,学习能力,学习能力,非技术性能力,表达沟通与通用办公协作,4.0,2,2,0,自主学习能力；学习能力,毕业要求直接出现“自主学习能力”；核心课程直接出现“学习能力”,1.7221347174331973,6.888538869732789,12,是
首都经济贸易大学,CUEB-2025-133,2025级,会计学院,会计学（数智化国际会计）,会计学（数智化国际会计）专业,JN0779,书面表达,书面表达,非技术性能力,表达沟通与通用办公协作,2.3,2,1,1,书面表达；应用写作 / Practical Writing,毕业要求直接出现“书面表达”；写作课程,1.0649195460993157,2.449314956028426,31,否
首都经济贸易大学,CUEB-2025-133,2025级,会计学院,会计学（数智化国际会计）,会计学（数智化国际会计）专业,JN0780,诚信与职业道德,诚信与职业道德,非技术性能力,金融风控、投资与合规,4.8,3,3,0,敬业精神；职业道德,毕业要求直接出现“敬业精神”；核心课程直接出现“职业道德”；课程名称直接出现唯一技能别名“职业道德”,1.0710357731167517,5.140971710960408,15,否
首都经济贸易大学,CUEB-2025-133,2025级,会计学院,会计学（数智化国际会计）,会计学（数智化国际会计）专业,JN0781,问题解决,问题解决,非技术性能力,表达沟通与通用办公协作,1.5,1,1,0,问题解决,毕业要求直接出现“问题解决”,2.314638372213455,3.4719575583201827,23,否
首都经济贸易大学,CUEB-2025-133,2025级,会计学院,会计学（数智化国际会计）,会计学（数智化国际会计）专业,JN0790,创新能力,创新能力,非技术性能力,视觉设计与数字内容制作,1.5,1,1,0,创新能力,毕业要求直接出现“创新能力”,1.2895886507223624,1.9343829760835436,34,否
首都经济贸易大学,CUEB-2025-133,2025级,会计学院,会计学（数智化国际会计）,会计学（数智化国际会计）专业,JN0792,细致严谨,细致严谨,非技术性能力,表达沟通与通用办公协作,1.5,1,1,0,严谨细致,毕业要求直接出现“严谨细致”,4.778491612803624,7.1677374192054355,10,是
首都经济贸易大学,CUEB-2025-133,2025级,会计学院,会计学（数智化国际会计）,会计学（数智化国际会计）专业,JN0798,适应能力,适应能力,非技术性能力,组织协调与商业执行,1.0,1,1,0,适应能力,培养目标直接出现“适应能力”,2.5271998141971284,2.5271998141971284,30,否
首都经济贸易大学,CUEB-2025-134,2025级,会计学院,注册会计师专门化,注册会计师专门化,JN0025,英语,英语,语言能力,供应链与物流管理,4.3,3,3,0,英语,培养目标直接出现“英语”；核心课程直接出现“英语”；课程名称直接出现唯一技能别名“英语”,1.0,4.3,19,否
首都经济贸易大学,CUEB-2025-134,2025级,会计学院,注册会计师专门化,注册会计师专门化,JN0026,数据分析,数据分析,工具软件与技术平台,人工智能与数据挖掘,3.5,2,2,0,数据分析,培养目标直接出现“数据分析”；核心课程直接出现“数据分析”,1.5798184952529422,5.5293647333852975,14,否
首都经济贸易大学,CUEB-2025-134,2025级,会计学院,注册会计师专门化,注册会计师专门化,JN0041,Python,Python（编程语言）,工具软件与技术平台,云计算、系统运维与DevOps,0.8,1,1,0,python,课程名称直接出现唯一技能别名“python”,1.5108256237659907,1.2086604990127927,36,否
首都经济贸易大学,CUEB-2025-134,2025级,会计学院,注册会计师专门化,注册会计师专门化,JN0072,统计分析,统计分析,方法、标准与流程,人工智能与数据挖掘,1.6,2,0,2,统计学 / Statistics；计量经济学Econometrics,统计方法课程,1.1880522315029396,1.9008835704047033,35,否
首都经济贸易大学,CUEB-2025-134,2025级,会计学院,注册会计师专门化,注册会计师专门化,JN0076,数据处理,数据处理,具体专业技能,大数据工程与数据仓库,1.0,1,1,0,数据处理,培养目标直接出现“数据处理”,2.5812670354674037,2.5812670354674037,29,否
首都经济贸易大学,CUEB-2025-134,2025级,会计学院,注册会计师专门化,注册会计师专门化,JN0077,财务分析,财务分析,具体专业技能,财务会计与税务管理,0.8,1,1,0,财务分析,课程名称直接出现唯一技能别名“财务分析”,3.120263536200091,2.496210828960073,30,否
首都经济贸易大学,CUEB-2025-134,2025级,会计学院,注册会计师专门化,注册会计师专门化,JN0081,财务软件应用,财务软件应用,方法、标准与流程,财务会计与税务管理,2.6,3,1,2,财务软件；会计信息系统 / Accounting Information System；RPA与智能会计 RPA & Intelligent Accounting,培养目标直接出现“财务软件”；会计信息化课程,3.392197251683733,8.819712854377705,6,是
首都经济贸易大学,CUEB-2025-134,2025级,会计学院,注册会计师专门化,注册会计师专门化,JN0091,云计算,云计算,工具软件与技术平台,云计算、系统运维与DevOps,1.5,1,1,0,云计算,毕业要求直接出现“云计算”,3.120263536200091,4.680395304300136,17,否
首都经济贸易大学,CUEB-2025-134,2025级,会计学院,注册会计师专门化,注册会计师专门化,JN0108,财务报表,财务报表,具体专业技能,财务会计与税务管理,2.5,1,1,0,财务报表,核心课程直接出现“财务报表”,3.9675613965872945,9.918903491468235,5,是
首都经济贸易大学,CUEB-2025-134,2025级,会计学院,注册会计师专门化,注册会计师专门化,JN0109,会计核算,会计核算,方法、标准与流程,财务会计与税务管理,8.1,8,1,7,会计核算；会计学基础 / Fundamental Accounting；中级财务会计（上） / Intermediate Financial Accounting；中级财务会计（下） / Intermediate Financial Accounting；高级财务会计 / Advanced Financial Accounting；会计信息系统 / Accounting Information System；现代会计学（英语） / Modern Accounting (English)；RPA与智能会计 RPA & Intelligent Accounting,核心课程直接出现“会计核算”；会计课程；会计信息化课程,1.2895886507223624,10.445668070851134,4,是
首都经济贸易大学,CUEB-2025-134,2025级,会计学院,注册会计师专门化,注册会计师专门化,JN0136,成本管理,成本管理,方法、标准与流程,财务会计与税务管理,0.8,1,1,0,成本管理,课程名称直接出现唯一技能别名“成本管理”,2.9867321435755683,2.3893857148604547,32,否
首都经济贸易大学,CUEB-2025-134,2025级,会计学院,注册会计师专门化,注册会计师专门化,JN0159,税务筹划,税务筹划,具体专业技能,财务会计与税务管理,0.8,1,0,1,税务会计与纳税筹划 / Tax Accounting and Tax Planning,税务筹划课程,3.392197251683733,2.7137578013469863,26,否
首都经济贸易大学,CUEB-2025-134,2025级,会计学院,注册会计师专门化,注册会计师专门化,JN0174,人工智能技术,人工智能技术,具体专业技能,人工智能与数据挖掘,5.8,4,4,0,人工智能,培养目标直接出现“人工智能”；毕业要求直接出现“人工智能”；核心课程直接出现“人工智能”；课程名称直接出现唯一技能别名“人工智能”,1.312755710003897,7.613983118022602,9,是
首都经济贸易大学,CUEB-2025-134,2025级,会计学院,注册会计师专门化,注册会计师专门化,JN0211,数据结构与算法,数据结构与算法,方法、标准与流程,网络通信与软件开发基础,0.8,1,0,1,数据结构 Data Structure,数据结构课程,2.79749014393704,2.237992115149632,33,否
首都经济贸易大学,CUEB-2025-134,2025级,会计学院,注册会计师专门化,注册会计师专门化,JN0251,BI,BI（数据库与数据工程）,工具软件与技术平台,大数据工程与数据仓库,0.8,1,1,0,商业智能,课程名称直接出现唯一技能别名“商业智能”,3.392197251683733,2.7137578013469863,27,否
首都经济贸易大学,CUEB-2025-134,2025级,会计学院,注册会计师专门化,注册会计师专门化,JN0258,法律法规知识,法律法规知识,方法、标准与流程,金融风控、投资与合规,3.3,2,1,1,法律知识；商法学 / Science of Business Law,核心课程直接出现“法律知识”；法规课程,2.139434283188365,7.060133134521603,11,是
首都经济贸易大学,CUEB-2025-134,2025级,会计学院,注册会计师专门化,注册会计师专门化,JN0397,数理统计,数理统计,工具软件与技术平台,人工智能与数据挖掘,3.3,2,2,0,数理统计,核心课程直接出现“数理统计”；课程名称直接出现唯一技能别名“数理统计”,1.2019413436636068,3.9664064340899023,22,否
首都经济贸易大学,CUEB-2025-134,2025级,会计学院,注册会计师专门化,注册会计师专门化,JN0409,数据清洗,数据清洗,工具软件与技术平台,人工智能与数据挖掘,2.5,1,1,0,数据清洗,核心课程直接出现“数据清洗”,4.778491612803624,11.94622903200906,2,是
首都经济贸易大学,CUEB-2025-134,2025级,会计学院,注册会计师专门化,注册会计师专门化,JN0430,知识图谱,知识图谱,方法、标准与流程,人工智能与数据挖掘,2.5,1,1,0,知识图谱,核心课程直接出现“知识图谱”,2.194494060371392,5.48623515092848,15,否
首都经济贸易大学,CUEB-2025-134,2025级,会计学院,注册会计师专门化,注册会计师专门化,JN0647,论文写作,论文写作,方法、标准与流程,表达沟通与通用办公协作,0.8,1,0,1,学术写作与专业前沿 Academic Writing and Professional Frontier,学术写作课程,1.4734380916943703,1.1787504733554963,37,否
首都经济贸易大学,CUEB-2025-134,2025级,会计学院,注册会计师专门化,注册会计师专门化,JN0690,风险管理,风险管理,专业知识与行业经验,金融风控、投资与合规,3.3,2,2,0,风险管理,核心课程直接出现“风险管理”；课程名称直接出现唯一技能别名“风险管理”,1.916290731874155,6.323759415184711,12,是
首都经济贸易大学,CUEB-2025-134,2025级,会计学院,注册会计师专门化,注册会计师专门化,JN0691,财务管理,财务管理,专业知识与行业经验,财务会计与税务管理,4.3,3,3,0,财务管理,培养目标直接出现“财务管理”；核心课程直接出现“财务管理”；课程名称直接出现唯一技能别名“财务管理”,1.664976303593249,7.15939810545097,10,是
首都经济贸易大学,CUEB-2025-134,2025级,会计学院,注册会计师专门化,注册会计师专门化,JN0700,内部控制,内部控制,专业知识与行业经验,财务会计与税务管理,0.8,1,1,0,内部控制,课程名称直接出现唯一技能别名“内部控制”,4.778491612803624,3.822793290242899,23,否
首都经济贸易大学,CUEB-2025-134,2025级,会计学院,注册会计师专门化,注册会计师专门化,JN0701,会计准则,会计准则,专业知识与行业经验,财务会计与税务管理,1.0,1,1,0,会计准则,培养目标直接出现“会计准则”,4.218875824868201,4.218875824868201,21,否
首都经济贸易大学,CUEB-2025-134,2025级,会计学院,注册会计师专门化,注册会计师专门化,JN0710,财税法规,财税法规,专业知识与行业经验,财务会计与税务管理,0.8,1,0,1,税法 / Tax Law,税法课程,3.0292917579943643,2.4234334063954917,31,否
首都经济贸易大学,CUEB-2025-134,2025级,会计学院,注册会计师专门化,注册会计师专门化,JN0727,审计底稿,审计底稿,专业知识与行业经验,财务会计与税务管理,4.0,2,2,0,审计程序,毕业要求直接出现“审计程序”；核心课程直接出现“审计程序”,5.471638793363569,21.886555173454276,1,是
首都经济贸易大学,CUEB-2025-134,2025级,会计学院,注册会计师专门化,注册会计师专门化,JN0730,公司治理,公司治理,专业知识与行业经验,金融风控、投资与合规,2.5,1,1,0,公司治理,核心课程直接出现“公司治理”,3.120263536200091,7.800658840500228,8,是
首都经济贸易大学,CUEB-2025-134,2025级,会计学院,注册会计师专门化,注册会计师专门化,JN0770,沟通能力,沟通能力,非技术性能力,组织协调与商业执行,1.5,1,1,0,沟通能力,毕业要求直接出现“沟通能力”,1.7953381214564925,2.693007182184739,28,否
首都经济贸易大学,CUEB-2025-134,2025级,会计学院,注册会计师专门化,注册会计师专门化,JN0771,团队合作,团队合作,非技术性能力,表达沟通与通用办公协作,1.5,1,1,0,协作能力,毕业要求直接出现“协作能力”,1.4111957828171493,2.116793674225724,34,否
首都经济贸易大学,CUEB-2025-134,2025级,会计学院,注册会计师专门化,注册会计师专门化,JN0773,组织协调,组织协调,非技术性能力,组织协调与商业执行,1.5,1,1,0,组织协调能力,毕业要求直接出现“组织协调能力”,2.83258146374831,4.248872195622465,20,否
首都经济贸易大学,CUEB-2025-134,2025级,会计学院,注册会计师专门化,注册会计师专门化,JN0775,学习能力,学习能力,非技术性能力,表达沟通与通用办公协作,2.5,1,1,0,学习能力,核心课程直接出现“学习能力”,1.7221347174331973,4.305336793582994,18,否
首都经济贸易大学,CUEB-2025-134,2025级,会计学院,注册会计师专门化,注册会计师专门化,JN0779,书面表达,书面表达,非技术性能力,表达沟通与通用办公协作,0.8,1,0,1,应用写作 / Practical Writing,写作课程,1.0649195460993157,0.8519356368794526,38,否
首都经济贸易大学,CUEB-2025-134,2025级,会计学院,注册会计师专门化,注册会计师专门化,JN0780,诚信与职业道德,诚信与职业道德,非技术性能力,金融风控、投资与合规,5.8,4,4,0,职业道德,培养目标直接出现“职业道德”；毕业要求直接出现“职业道德”；核心课程直接出现“职业道德”；课程名称直接出现唯一技能别名“职业道德”,1.0710357731167517,6.2120074840771595,13,否
首都经济贸易大学,CUEB-2025-134,2025级,会计学院,注册会计师专门化,注册会计师专门化,JN0781,问题解决,问题解决,非技术性能力,表达沟通与通用办公协作,1.5,1,1,0,解决问题,毕业要求直接出现“解决问题”,2.314638372213455,3.4719575583201827,24,否
首都经济贸易大学,CUEB-2025-134,2025级,会计学院,注册会计师专门化,注册会计师专门化,JN0785,分析判断,分析判断,非技术性能力,组织协调与商业执行,2.5,2,2,0,判断能力,培养目标直接出现“判断能力”；毕业要求直接出现“判断能力”,2.121734706088964,5.304336765222411,16,否
首都经济贸易大学,CUEB-2025-134,2025级,会计学院,注册会计师专门化,注册会计师专门化,JN0790,创新能力,创新能力,非技术性能力,视觉设计与数字内容制作,2.5,2,2,0,创新意识；创新能力,培养目标直接出现“创新意识”；毕业要求直接出现“创新能力”,1.2895886507223624,3.223971626805906,25,否
首都经济贸易大学,CUEB-2025-134,2025级,会计学院,注册会计师专门化,注册会计师专门化,JN0806,审美能力,审美能力,非技术性能力,视觉设计与数字内容制作,2.5,2,2,0,审美能力,培养目标直接出现“审美能力”；毕业要求直接出现“审美能力”,4.778491612803624,11.94622903200906,3,是
首都经济贸易大学,CUEB-2025-134,2025级,会计学院,注册会计师专门化,注册会计师专门化,JN0819,同理心,同理心,非技术性能力,表达沟通与通用办公协作,1.5,1,1,0,共情能力,毕业要求直接出现“共情能力”,5.471638793363569,8.207458190045354,7,是
首都经济贸易大学,CUEB-2025-135,2025级,会计学院,财务管理-数据科学与大数据技术双学士学位（报教务处20251028）,财务管理-数据科学与大数据技术双学士学位（报教务处20251028）,JN0002,预算,预算,职业职能与业务活动,财务会计与税务管理,2.5,2,2,0,预算,培养目标直接出现“预算”；毕业要求直接出现“预算”,3.8622008809294686,9.655502202323671,10,是
首都经济贸易大学,CUEB-2025-135,2025级,会计学院,财务管理-数据科学与大数据技术双学士学位（报教务处20251028）,财务管理-数据科学与大数据技术双学士学位（报教务处20251028）,JN0025,英语,英语,语言能力,供应链与物流管理,3.3,2,2,0,英语,核心课程直接出现“英语”；课程名称直接出现唯一技能别名“英语”,1.0,3.3,40,否
首都经济贸易大学,CUEB-2025-135,2025级,会计学院,财务管理-数据科学与大数据技术双学士学位（报教务处20251028）,财务管理-数据科学与大数据技术双学士学位（报教务处20251028）,JN0026,数据分析,数据分析,工具软件与技术平台,人工智能与数据挖掘,5.6,4,3,1,数据分析；统计与数据科学导论 / Introduction to Statistics and Data Science,毕业要求直接出现“数据分析”；核心课程直接出现“数据分析”；数据分析课程；课程名称直接出现唯一技能别名“数据分析”,1.5798184952529422,8.846983573416475,13,否
首都经济贸易大学,CUEB-2025-135,2025级,会计学院,财务管理-数据科学与大数据技术双学士学位（报教务处20251028）,财务管理-数据科学与大数据技术双学士学位（报教务处20251028）,JN0029,Excel,Excel（办公软件与通用数字工具）,方法、标准与流程,表达沟通与通用办公协作,1.5,1,1,0,Excel,毕业要求直接出现“Excel”,2.1574527886910433,3.236179183036565,41,否
首都经济贸易大学,CUEB-2025-135,2025级,会计学院,财务管理-数据科学与大数据技术双学士学位（报教务处20251028）,财务管理-数据科学与大数据技术双学士学位（报教务处20251028）,JN0031,Linux,Linux（运维云与安全）,工具软件与技术平台,云计算、系统运维与DevOps,4.1,3,3,0,Linux系统；linux；linux系统,核心课程直接出现“Linux系统”；课程名称直接出现唯一技能别名“linux”；课程名称直接出现唯一技能别名“linux系统”,4.218875824868201,17.297390881959622,3,是
首都经济贸易大学,CUEB-2025-135,2025级,会计学院,财务管理-数据科学与大数据技术双学士学位（报教务处20251028）,财务管理-数据科学与大数据技术双学士学位（报教务处20251028）,JN0032,商务谈判,商务谈判,方法、标准与流程,组织协调与商业执行,1.5,1,1,0,商务谈判,毕业要求直接出现“商务谈判”,2.6990500711237875,4.048575106685681,36,否
首都经济贸易大学,CUEB-2025-135,2025级,会计学院,财务管理-数据科学与大数据技术双学士学位（报教务处20251028）,财务管理-数据科学与大数据技术双学士学位（报教务处20251028）,JN0038,SQL,结构化查询语言（SQL）,工具软件与技术平台,Java后端开发与中间件,4.8,3,3,0,SQL；sql,毕业要求直接出现“SQL”；核心课程直接出现“SQL”；课程名称直接出现唯一技能别名“sql”,4.373026504695459,20.9905272225382,1,是
首都经济贸易大学,CUEB-2025-135,2025级,会计学院,财务管理-数据科学与大数据技术双学士学位（报教务处20251028）,财务管理-数据科学与大数据技术双学士学位（报教务处20251028）,JN0041,Python,Python（编程语言）,工具软件与技术平台,云计算、系统运维与DevOps,4.8,3,3,0,Python；python,毕业要求直接出现“Python”；核心课程直接出现“Python”；课程名称直接出现唯一技能别名“python”,1.5108256237659907,7.251962994076755,22,否
首都经济贸易大学,CUEB-2025-135,2025级,会计学院,财务管理-数据科学与大数据技术双学士学位（报教务处20251028）,财务管理-数据科学与大数据技术双学士学位（报教务处20251028）,JN0046,ERP,企业资源计划系统（ERP）,方法、标准与流程,供应链与物流管理,1.5,1,1,0,ERP,毕业要求直接出现“ERP”,2.8689491079191853,4.303423661878778,34,否
首都经济贸易大学,CUEB-2025-135,2025级,会计学院,财务管理-数据科学与大数据技术双学士学位（报教务处20251028）,财务管理-数据科学与大数据技术双学士学位（报教务处20251028）,JN0072,统计分析,统计分析,方法、标准与流程,人工智能与数据挖掘,5.7,6,2,4,统计分析；统计学 / Statistics；应用回归分析 / Applied Regression Analysis；时间序列分析 / Time Series Analysis；计量经济学Econometrics,培养目标直接出现“统计分析”；毕业要求直接出现“统计分析”；统计方法课程,1.1880522315029396,6.771897719566756,28,否
首都经济贸易大学,CUEB-2025-135,2025级,会计学院,财务管理-数据科学与大数据技术双学士学位（报教务处20251028）,财务管理-数据科学与大数据技术双学士学位（报教务处20251028）,JN0076,数据处理,数据处理,具体专业技能,大数据工程与数据仓库,4.0,2,2,0,数据处理,毕业要求直接出现“数据处理”；核心课程直接出现“数据处理”,2.5812670354674037,10.325068141869615,7,是
首都经济贸易大学,CUEB-2025-135,2025级,会计学院,财务管理-数据科学与大数据技术双学士学位（报教务处20251028）,财务管理-数据科学与大数据技术双学士学位（报教务处20251028）,JN0077,财务分析,财务分析,具体专业技能,财务会计与税务管理,5.8,4,4,0,财务分析,培养目标直接出现“财务分析”；毕业要求直接出现“财务分析”；核心课程直接出现“财务分析”；课程名称直接出现唯一技能别名“财务分析”,3.120263536200091,18.097528509960526,2,是
首都经济贸易大学,CUEB-2025-135,2025级,会计学院,财务管理-数据科学与大数据技术双学士学位（报教务处20251028）,财务管理-数据科学与大数据技术双学士学位（报教务处20251028）,JN0081,财务软件应用,财务软件应用,方法、标准与流程,财务会计与税务管理,3.1,3,1,2,财务软件；会计信息系统 / Accounting Information System；RPA与智能会计  / RPA & Intelligent Accounting,毕业要求直接出现“财务软件”；会计信息化课程,3.392197251683733,10.515811480219572,5,是
首都经济贸易大学,CUEB-2025-135,2025级,会计学院,财务管理-数据科学与大数据技术双学士学位（报教务处20251028）,财务管理-数据科学与大数据技术双学士学位（报教务处20251028）,JN0104,C语言,C语言（编程语言）,工具软件与技术平台,嵌入式与电子硬件开发,3.3,2,2,0,C语言；c语言,核心课程直接出现“C语言”；课程名称直接出现唯一技能别名“c语言”,3.169053700369523,10.457877211219426,6,是
首都经济贸易大学,CUEB-2025-135,2025级,会计学院,财务管理-数据科学与大数据技术双学士学位（报教务处20251028）,财务管理-数据科学与大数据技术双学士学位（报教务处20251028）,JN0109,会计核算,会计核算,方法、标准与流程,财务会计与税务管理,3.2,4,0,4,会计学  / Accounting；会计信息系统 / Accounting Information System；高级财务会计  / Advanced Financial Accounting；RPA与智能会计  / RPA & Intelligent Accounting,会计课程；会计信息化课程,1.2895886507223624,4.12668368231156,35,否
首都经济贸易大学,CUEB-2025-135,2025级,会计学院,财务管理-数据科学与大数据技术双学士学位（报教务处20251028）,财务管理-数据科学与大数据技术双学士学位（报教务处20251028）,JN0136,成本管理,成本管理,方法、标准与流程,财务会计与税务管理,3.3,2,2,0,成本管理,核心课程直接出现“成本管理”；课程名称直接出现唯一技能别名“成本管理”,2.9867321435755683,9.856216073799375,8,是
首都经济贸易大学,CUEB-2025-135,2025级,会计学院,财务管理-数据科学与大数据技术双学士学位（报教务处20251028）,财务管理-数据科学与大数据技术双学士学位（报教务处20251028）,JN0143,机器学习,机器学习,方法、标准与流程,人工智能与数据挖掘,3.3,2,2,0,机器学习,核心课程直接出现“机器学习”；课程名称直接出现唯一技能别名“机器学习”,2.3361445774344194,7.709277105533584,20,否
首都经济贸易大学,CUEB-2025-135,2025级,会计学院,财务管理-数据科学与大数据技术双学士学位（报教务处20251028）,财务管理-数据科学与大数据技术双学士学位（报教务处20251028）,JN0145,数据挖掘,数据挖掘,工具软件与技术平台,人工智能与数据挖掘,3.3,2,2,0,数据挖掘,核心课程直接出现“数据挖掘”；课程名称直接出现唯一技能别名“数据挖掘”,2.4271163556401456,8.00948397361248,18,否
首都经济贸易大学,CUEB-2025-135,2025级,会计学院,财务管理-数据科学与大数据技术双学士学位（报教务处20251028）,财务管理-数据科学与大数据技术双学士学位（报教务处20251028）,JN0174,人工智能技术,人工智能技术,具体专业技能,人工智能与数据挖掘,3.3,2,2,0,人工智能,核心课程直接出现“人工智能”；课程名称直接出现唯一技能别名“人工智能”,1.312755710003897,4.33209384301286,33,否
首都经济贸易大学,CUEB-2025-135,2025级,会计学院,财务管理-数据科学与大数据技术双学士学位（报教务处20251028）,财务管理-数据科学与大数据技术双学士学位（报教务处20251028）,JN0197,深度学习,深度学习,方法、标准与流程,人工智能与数据挖掘,0.8,1,1,0,深度学习,课程名称直接出现唯一技能别名“深度学习”,3.5257286443082556,2.8205829154466047,44,否
首都经济贸易大学,CUEB-2025-135,2025级,会计学院,财务管理-数据科学与大数据技术双学士学位（报教务处20251028）,财务管理-数据科学与大数据技术双学士学位（报教务处20251028）,JN0211,数据结构与算法,数据结构与算法,方法、标准与流程,网络通信与软件开发基础,0.8,1,1,0,数据结构与算法,课程名称直接出现唯一技能别名“数据结构与算法”,2.79749014393704,2.237992115149632,52,否
首都经济贸易大学,CUEB-2025-135,2025级,会计学院,财务管理-数据科学与大数据技术双学士学位（报教务处20251028）,财务管理-数据科学与大数据技术双学士学位（报教务处20251028）,JN0233,R语言,R语言（编程语言）,工具软件与技术平台,人工智能与数据挖掘,1.5,1,1,0,R语言,毕业要求直接出现“R语言”,5.0661736852554045,7.599260527883107,21,否
首都经济贸易大学,CUEB-2025-135,2025级,会计学院,财务管理-数据科学与大数据技术双学士学位（报教务处20251028）,财务管理-数据科学与大数据技术双学士学位（报教务处20251028）,JN0250,跨文化沟通,跨文化沟通,语言能力,供应链与物流管理,1.0,1,1,0,跨文化沟通,培养目标直接出现“跨文化沟通”,2.730798769438368,2.730798769438368,45,否
首都经济贸易大学,CUEB-2025-135,2025级,会计学院,财务管理-数据科学与大数据技术双学士学位（报教务处20251028）,财务管理-数据科学与大数据技术双学士学位（报教务处20251028）,JN0254,市场营销知识,市场营销知识,方法、标准与流程,组织协调与商业执行,0.8,1,0,1,市场营销学  / Marketing,市场营销课程,2.4035858582299516,1.9228686865839615,53,否
首都经济贸易大学,CUEB-2025-135,2025级,会计学院,财务管理-数据科学与大数据技术双学士学位（报教务处20251028）,财务管理-数据科学与大数据技术双学士学位（报教务处20251028）,JN0258,法律法规知识,法律法规知识,方法、标准与流程,金融风控、投资与合规,3.3,2,1,1,法律知识；商法学 / Science of Business Law,核心课程直接出现“法律知识”；法规课程,2.139434283188365,7.060133134521603,25,否
首都经济贸易大学,CUEB-2025-135,2025级,会计学院,财务管理-数据科学与大数据技术双学士学位（报教务处20251028）,财务管理-数据科学与大数据技术双学士学位（报教务处20251028）,JN0397,数理统计,数理统计,工具软件与技术平台,人工智能与数据挖掘,3.3,2,2,0,数理统计,核心课程直接出现“数理统计”；课程名称直接出现唯一技能别名“数理统计”,1.2019413436636068,3.9664064340899023,37,否
首都经济贸易大学,CUEB-2025-135,2025级,会计学院,财务管理-数据科学与大数据技术双学士学位（报教务处20251028）,财务管理-数据科学与大数据技术双学士学位（报教务处20251028）,JN0413,算法建模,算法建模,方法、标准与流程,人工智能与数据挖掘,0.8,1,0,1,数据结构与算法分析 Data Structures and Algorithms,算法课程,3.331572629867298,2.6652581038938385,46,否
首都经济贸易大学,CUEB-2025-135,2025级,会计学院,财务管理-数据科学与大数据技术双学士学位（报教务处20251028）,财务管理-数据科学与大数据技术双学士学位（报教务处20251028）,JN0424,大语言模型,大语言模型,具体专业技能,人工智能与数据挖掘,0.8,1,1,0,大语言模型,课程名称直接出现唯一技能别名“大语言模型”,3.6798793241355137,2.943903459308411,43,否
首都经济贸易大学,CUEB-2025-135,2025级,会计学院,财务管理-数据科学与大数据技术双学士学位（报教务处20251028）,财务管理-数据科学与大数据技术双学士学位（报教务处20251028）,JN0430,知识图谱,知识图谱,方法、标准与流程,人工智能与数据挖掘,2.5,1,1,0,知识图谱,核心课程直接出现“知识图谱”,2.194494060371392,5.48623515092848,31,否
首都经济贸易大学,CUEB-2025-135,2025级,会计学院,财务管理-数据科学与大数据技术双学士学位（报教务处20251028）,财务管理-数据科学与大数据技术双学士学位（报教务处20251028）,JN0431,Tableau,Tableau（数据库与数据工程）,工具软件与技术平台,大数据工程与数据仓库,1.5,1,1,0,Tableau,毕业要求直接出现“Tableau”,5.471638793363569,8.207458190045354,14,否
首都经济贸易大学,CUEB-2025-135,2025级,会计学院,财务管理-数据科学与大数据技术双学士学位（报教务处20251028）,财务管理-数据科学与大数据技术双学士学位（报教务处20251028）,JN0538,AI工具应用,人工智能工具应用（AI工具应用）,具体专业技能,人工智能与数据挖掘,1.0,1,1,0,AI工具,培养目标直接出现“AI工具”,3.6798793241355137,3.6798793241355137,38,否
首都经济贸易大学,CUEB-2025-135,2025级,会计学院,财务管理-数据科学与大数据技术双学士学位（报教务处20251028）,财务管理-数据科学与大数据技术双学士学位（报教务处20251028）,JN0540,预测模型,预测模型,方法、标准与流程,人工智能与数据挖掘,0.8,1,0,1,统计预测与决策 / ‌Statistical Prediction and Decision,预测方法课程,3.169053700369523,2.535242960295619,48,否
首都经济贸易大学,CUEB-2025-135,2025级,会计学院,财务管理-数据科学与大数据技术双学士学位（报教务处20251028）,财务管理-数据科学与大数据技术双学士学位（报教务处20251028）,JN0547,pandas,pandas（Python数据科学库）,工具软件与技术平台,人工智能与数据挖掘,1.5,1,1,0,pandas,毕业要求直接出现“pandas”,5.471638793363569,8.207458190045354,15,否
首都经济贸易大学,CUEB-2025-135,2025级,会计学院,财务管理-数据科学与大数据技术双学士学位（报教务处20251028）,财务管理-数据科学与大数据技术双学士学位（报教务处20251028）,JN0559,NumPy,NumPy（Python数据科学库）,工具软件与技术平台,人工智能与数据挖掘,1.5,1,1,0,NumPy,毕业要求直接出现“NumPy”,5.471638793363569,8.207458190045354,16,否
首都经济贸易大学,CUEB-2025-135,2025级,会计学院,财务管理-数据科学与大数据技术双学士学位（报教务处20251028）,财务管理-数据科学与大数据技术双学士学位（报教务处20251028）,JN0565,Scikit-learn,Scikit-learn（开发框架）,工具软件与技术平台,人工智能与数据挖掘,1.5,1,1,0,Scikit-learn,毕业要求直接出现“Scikit-learn”,5.471638793363569,8.207458190045354,17,否
首都经济贸易大学,CUEB-2025-135,2025级,会计学院,财务管理-数据科学与大数据技术双学士学位（报教务处20251028）,财务管理-数据科学与大数据技术双学士学位（报教务处20251028）,JN0575,Power BI,Power BI（数据库与数据工程）,工具软件与技术平台,大数据工程与数据仓库,1.5,1,1,0,Power BI,毕业要求直接出现“Power BI”,4.778491612803624,7.1677374192054355,23,否
首都经济贸易大学,CUEB-2025-135,2025级,会计学院,财务管理-数据科学与大数据技术双学士学位（报教务处20251028）,财务管理-数据科学与大数据技术双学士学位（报教务处20251028）,JN0584,时间序列,时间序列,方法、标准与流程,人工智能与数据挖掘,0.8,1,1,0,时间序列,课程名称直接出现唯一技能别名“时间序列”,2.8689491079191853,2.2951592863353483,51,否
首都经济贸易大学,CUEB-2025-135,2025级,会计学院,财务管理-数据科学与大数据技术双学士学位（报教务处20251028）,财务管理-数据科学与大数据技术双学士学位（报教务处20251028）,JN0647,论文写作,论文写作,方法、标准与流程,表达沟通与通用办公协作,0.8,1,0,1,学术写作与专业前沿 Academic Writing and Professional Frontier,学术写作课程,1.4734380916943703,1.1787504733554963,55,否
首都经济贸易大学,CUEB-2025-135,2025级,会计学院,财务管理-数据科学与大数据技术双学士学位（报教务处20251028）,财务管理-数据科学与大数据技术双学士学位（报教务处20251028）,JN0653,Stata,Stata（办公软件与通用数字工具）,方法、标准与流程,人工智能与数据挖掘,1.5,1,1,0,Stata,毕业要求直接出现“Stata”,3.8622008809294686,5.793301321394203,30,否
首都经济贸易大学,CUEB-2025-135,2025级,会计学院,财务管理-数据科学与大数据技术双学士学位（报教务处20251028）,财务管理-数据科学与大数据技术双学士学位（报教务处20251028）,JN0686,数据库技术,数据库技术,专业知识与行业经验,Java后端开发与中间件,4.1,3,3,0,数据库原理；数据库,核心课程直接出现“数据库原理”；课程名称直接出现唯一技能别名“数据库”；课程名称直接出现唯一技能别名“数据库原理”,2.3361445774344194,9.578192767481118,11,是
首都经济贸易大学,CUEB-2025-135,2025级,会计学院,财务管理-数据科学与大数据技术双学士学位（报教务处20251028）,财务管理-数据科学与大数据技术双学士学位（报教务处20251028）,JN0690,风险管理,风险管理,专业知识与行业经验,金融风控、投资与合规,4.8,3,3,0,风险管理,毕业要求直接出现“风险管理”；核心课程直接出现“风险管理”；课程名称直接出现唯一技能别名“风险管理”,1.916290731874155,9.198195512995945,12,是
首都经济贸易大学,CUEB-2025-135,2025级,会计学院,财务管理-数据科学与大数据技术双学士学位（报教务处20251028）,财务管理-数据科学与大数据技术双学士学位（报教务处20251028）,JN0691,财务管理,财务管理,专业知识与行业经验,财务会计与税务管理,5.8,4,4,0,财务管理,培养目标直接出现“财务管理”；毕业要求直接出现“财务管理”；核心课程直接出现“财务管理”；课程名称直接出现唯一技能别名“财务管理”,1.664976303593249,9.656862560840844,9,是
首都经济贸易大学,CUEB-2025-135,2025级,会计学院,财务管理-数据科学与大数据技术双学士学位（报教务处20251028）,财务管理-数据科学与大数据技术双学士学位（报教务处20251028）,JN0698,预算管理,预算管理,专业知识与行业经验,财务会计与税务管理,2.5,2,2,0,预算管理,培养目标直接出现“预算管理”；毕业要求直接出现“预算管理”,4.778491612803624,11.94622903200906,4,是
首都经济贸易大学,CUEB-2025-135,2025级,会计学院,财务管理-数据科学与大数据技术双学士学位（报教务处20251028）,财务管理-数据科学与大数据技术双学士学位（报教务处20251028）,JN0710,财税法规,财税法规,专业知识与行业经验,财务会计与税务管理,0.8,1,0,1,税法 / Tax Law,税法课程,3.0292917579943643,2.4234334063954917,50,否
首都经济贸易大学,CUEB-2025-135,2025级,会计学院,财务管理-数据科学与大数据技术双学士学位（报教务处20251028）,财务管理-数据科学与大数据技术双学士学位（报教务处20251028）,JN0730,公司治理,公司治理,专业知识与行业经验,金融风控、投资与合规,2.5,1,1,0,公司治理,核心课程直接出现“公司治理”,3.120263536200091,7.800658840500228,19,否
首都经济贸易大学,CUEB-2025-135,2025级,会计学院,财务管理-数据科学与大数据技术双学士学位（报教务处20251028）,财务管理-数据科学与大数据技术双学士学位（报教务处20251028）,JN0770,沟通能力,沟通能力,非技术性能力,组织协调与商业执行,1.0,1,1,0,沟通能力,培养目标直接出现“沟通能力”,1.7953381214564925,1.7953381214564925,54,否
首都经济贸易大学,CUEB-2025-135,2025级,会计学院,财务管理-数据科学与大数据技术双学士学位（报教务处20251028）,财务管理-数据科学与大数据技术双学士学位（报教务处20251028）,JN0772,责任心,责任心,非技术性能力,表达沟通与通用办公协作,1.5,1,1,0,责任心,毕业要求直接出现“责任心”,3.456735772821304,5.185103659231956,32,否
首都经济贸易大学,CUEB-2025-135,2025级,会计学院,财务管理-数据科学与大数据技术双学士学位（报教务处20251028）,财务管理-数据科学与大数据技术双学士学位（报教务处20251028）,JN0774,表达能力,表达能力,非技术性能力,表达沟通与通用办公协作,1.5,1,1,0,表达能力,毕业要求直接出现“表达能力”,1.7703368192510753,2.655505228876613,47,否
首都经济贸易大学,CUEB-2025-135,2025级,会计学院,财务管理-数据科学与大数据技术双学士学位（报教务处20251028）,财务管理-数据科学与大数据技术双学士学位（报教务处20251028）,JN0775,学习能力,学习能力,非技术性能力,表达沟通与通用办公协作,4.0,2,2,0,自主学习能力；学习能力,毕业要求直接出现“自主学习能力”；核心课程直接出现“学习能力”,1.7221347174331973,6.888538869732789,26,否
首都经济贸易大学,CUEB-2025-135,2025级,会计学院,财务管理-数据科学与大数据技术双学士学位（报教务处20251028）,财务管理-数据科学与大数据技术双学士学位（报教务处20251028）,JN0779,书面表达,书面表达,非技术性能力,表达沟通与通用办公协作,2.3,2,1,1,书面表达；应用写作  / Practical Writing,毕业要求直接出现“书面表达”；写作课程,1.0649195460993157,2.449314956028426,49,否
首都经济贸易大学,CUEB-2025-135,2025级,会计学院,财务管理-数据科学与大数据技术双学士学位（报教务处20251028）,财务管理-数据科学与大数据技术双学士学位（报教务处20251028）,JN0780,诚信与职业道德,诚信与职业道德,非技术性能力,金融风控、投资与合规,5.8,4,4,0,职业操守；敬业精神；职业道德,培养目标直接出现“职业操守”；毕业要求直接出现“敬业精神”；核心课程直接出现“职业道德”；课程名称直接出现唯一技能别名“职业道德”,1.0710357731167517,6.2120074840771595,29,否
首都经济贸易大学,CUEB-2025-135,2025级,会计学院,财务管理-数据科学与大数据技术双学士学位（报教务处20251028）,财务管理-数据科学与大数据技术双学士学位（报教务处20251028）,JN0781,问题解决,问题解决,非技术性能力,表达沟通与通用办公协作,1.5,1,1,0,问题解决,毕业要求直接出现“问题解决”,2.314638372213455,3.4719575583201827,39,否
首都经济贸易大学,CUEB-2025-135,2025级,会计学院,财务管理-数据科学与大数据技术双学士学位（报教务处20251028）,财务管理-数据科学与大数据技术双学士学位（报教务处20251028）,JN0786,管理能力,管理能力,非技术性能力,组织协调与商业执行,2.5,1,1,0,管理能力,核心课程直接出现“管理能力”,2.730798769438368,6.826996923595921,27,否
首都经济贸易大学,CUEB-2025-135,2025级,会计学院,财务管理-数据科学与大数据技术双学士学位（报教务处20251028）,财务管理-数据科学与大数据技术双学士学位（报教务处20251028）,JN0790,创新能力,创新能力,非技术性能力,视觉设计与数字内容制作,2.5,2,2,0,创新思维；创新能力,培养目标直接出现“创新思维”；毕业要求直接出现“创新能力”,1.2895886507223624,3.223971626805906,42,否
首都经济贸易大学,CUEB-2025-135,2025级,会计学院,财务管理-数据科学与大数据技术双学士学位（报教务处20251028）,财务管理-数据科学与大数据技术双学士学位（报教务处20251028）,JN0792,细致严谨,细致严谨,非技术性能力,表达沟通与通用办公协作,1.5,1,1,0,严谨细致,毕业要求直接出现“严谨细致”,4.778491612803624,7.1677374192054355,24,否
首都经济贸易大学,CUEB-2025-136,2025级,劳动经济学院,人力资源管理,人力资源管理专业,JN0024,Office办公软件,Office办公软件（办公套件）,工具软件与技术平台,表达沟通与通用办公协作,1.5,1,1,0,办公软件,毕业要求直接出现“办公软件”,2.037651588878423,3.056477383317634,18,否
首都经济贸易大学,CUEB-2025-136,2025级,劳动经济学院,人力资源管理,人力资源管理专业,JN0025,英语,英语,语言能力,供应链与物流管理,0.8,1,1,0,英语,课程名称直接出现唯一技能别名“英语”,1.0,0.8,32,否
首都经济贸易大学,CUEB-2025-136,2025级,劳动经济学院,人力资源管理,人力资源管理专业,JN0026,数据分析,数据分析,工具软件与技术平台,人工智能与数据挖掘,5.8,4,4,0,数据分析,培养目标直接出现“数据分析”；毕业要求直接出现“数据分析”；核心课程直接出现“数据分析”；课程名称直接出现唯一技能别名“数据分析”,1.5798184952529422,9.162947272467065,7,是
首都经济贸易大学,CUEB-2025-136,2025级,劳动经济学院,人力资源管理,人力资源管理专业,JN0061,薪酬绩效,薪酬绩效,方法、标准与流程,人力资源与行政管理,0.8,1,0,1,薪酬管理 / Compensation Management,薪酬课程,4.373026504695459,3.4984212037563673,13,否
首都经济贸易大学,CUEB-2025-136,2025级,劳动经济学院,人力资源管理,人力资源管理专业,JN0063,招聘,招聘,方法、标准与流程,人力资源与行政管理,3.3,2,2,0,招聘,核心课程直接出现“招聘”；课程名称直接出现唯一技能别名“招聘”,3.456735772821304,11.407228050310302,4,是
首都经济贸易大学,CUEB-2025-136,2025级,劳动经济学院,人力资源管理,人力资源管理专业,JN0072,统计分析,统计分析,方法、标准与流程,人工智能与数据挖掘,1.5,1,1,0,统计分析,毕业要求直接出现“统计分析”,1.1880522315029396,1.7820783472544095,28,否
首都经济贸易大学,CUEB-2025-136,2025级,劳动经济学院,人力资源管理,人力资源管理专业,JN0087,员工关系,员工关系,方法、标准与流程,人力资源与行政管理,0.8,1,1,0,劳动关系,课程名称直接出现唯一技能别名“劳动关系”,3.2744142160273495,2.61953137282188,24,否
首都经济贸易大学,CUEB-2025-136,2025级,劳动经济学院,人力资源管理,人力资源管理专业,JN0109,会计核算,会计核算,方法、标准与流程,财务会计与税务管理,0.8,1,0,1,会计学 / Accounting,会计课程,1.2895886507223624,1.03167092057789,30,否
首都经济贸易大学,CUEB-2025-136,2025级,劳动经济学院,人力资源管理,人力资源管理专业,JN0131,绩效管理,绩效管理,方法、标准与流程,人力资源与行政管理,3.3,2,2,0,绩效管理,核心课程直接出现“绩效管理”；课程名称直接出现唯一技能别名“绩效管理”,3.8622008809294686,12.745262907067245,1,是
首都经济贸易大学,CUEB-2025-136,2025级,劳动经济学院,人力资源管理,人力资源管理专业,JN0174,人工智能技术,人工智能技术,具体专业技能,人工智能与数据挖掘,4.1,4,4,0,人工智能；ai,培养目标直接出现“人工智能”；毕业要求直接出现“人工智能”；课程名称直接出现唯一技能别名“人工智能”；课程名称直接出现唯一技能别名“ai”,1.312755710003897,5.382298411015976,12,是
首都经济贸易大学,CUEB-2025-136,2025级,劳动经济学院,人力资源管理,人力资源管理专业,JN0214,品牌策划,品牌策划,方法、标准与流程,视觉设计与数字内容制作,3.3,2,2,0,品牌管理,核心课程直接出现“品牌管理”；课程名称直接出现唯一技能别名“品牌管理”,3.5257286443082556,11.634904526217243,3,是
首都经济贸易大学,CUEB-2025-136,2025级,劳动经济学院,人力资源管理,人力资源管理专业,JN0250,跨文化沟通,跨文化沟通,语言能力,供应链与物流管理,1.0,1,1,0,跨文化沟通,培养目标直接出现“跨文化沟通”,2.730798769438368,2.730798769438368,19,否
首都经济贸易大学,CUEB-2025-136,2025级,劳动经济学院,人力资源管理,人力资源管理专业,JN0251,BI,BI（数据库与数据工程）,工具软件与技术平台,大数据工程与数据仓库,3.3,2,2,0,商业智能,核心课程直接出现“商业智能”；课程名称直接出现唯一技能别名“商业智能”,3.392197251683733,11.194250930556318,5,是
首都经济贸易大学,CUEB-2025-136,2025级,劳动经济学院,人力资源管理,人力资源管理专业,JN0373,人力资源管理流程,人力资源管理流程,方法、标准与流程,人力资源与行政管理,3.2,4,0,4,人力资源管理导论Introduction of Human Resource Management；人力资源管理沙盘演练HRM Sand Table Simulation；公共部门人力资源管理 Public Sector Human Resource Management；人力资源管理学科前沿 / The Frontier of Human Resources Management,人力资源课程,2.194494060371392,7.022380993188455,9,是
首都经济贸易大学,CUEB-2025-136,2025级,劳动经济学院,人力资源管理,人力资源管理专业,JN0397,数理统计,数理统计,工具软件与技术平台,人工智能与数据挖掘,0.8,1,1,0,数理统计,课程名称直接出现唯一技能别名“数理统计”,1.2019413436636068,0.9615530749308855,31,否
首都经济贸易大学,CUEB-2025-136,2025级,劳动经济学院,人力资源管理,人力资源管理专业,JN0430,知识图谱,知识图谱,方法、标准与流程,人工智能与数据挖掘,2.5,1,1,0,知识图谱,核心课程直接出现“知识图谱”,2.194494060371392,5.48623515092848,11,是
首都经济贸易大学,CUEB-2025-136,2025级,劳动经济学院,人力资源管理,人力资源管理专业,JN0653,Stata,Stata（办公软件与通用数字工具）,方法、标准与流程,人工智能与数据挖掘,3.3,2,2,0,Stata；stata,核心课程直接出现“Stata”；课程名称直接出现唯一技能别名“stata”,3.8622008809294686,12.745262907067245,2,是
首都经济贸易大学,CUEB-2025-136,2025级,劳动经济学院,人力资源管理,人力资源管理专业,JN0695,劳动法,劳动法,专业知识与行业经验,人力资源与行政管理,2.5,1,1,0,劳动法,核心课程直接出现“劳动法”,3.2744142160273495,8.186035540068374,8,是
首都经济贸易大学,CUEB-2025-136,2025级,劳动经济学院,人力资源管理,人力资源管理专业,JN0730,公司治理,公司治理,专业知识与行业经验,金融风控、投资与合规,3.3,2,2,0,公司治理,核心课程直接出现“公司治理”；课程名称直接出现唯一技能别名“公司治理”,3.120263536200091,10.2968696694603,6,是
首都经济贸易大学,CUEB-2025-136,2025级,劳动经济学院,人力资源管理,人力资源管理专业,JN0770,沟通能力,沟通能力,非技术性能力,组织协调与商业执行,1.0,1,1,0,沟通能力,培养目标直接出现“沟通能力”,1.7953381214564925,1.7953381214564925,27,否
首都经济贸易大学,CUEB-2025-136,2025级,劳动经济学院,人力资源管理,人力资源管理专业,JN0771,团队合作,团队合作,非技术性能力,表达沟通与通用办公协作,1.0,1,1,0,团队合作,培养目标直接出现“团队合作”,1.4111957828171493,1.4111957828171493,29,否
首都经济贸易大学,CUEB-2025-136,2025级,劳动经济学院,人力资源管理,人力资源管理专业,JN0774,表达能力,表达能力,非技术性能力,表达沟通与通用办公协作,1.5,1,1,0,表达能力,毕业要求直接出现“表达能力”,1.7703368192510753,2.655505228876613,22,否
首都经济贸易大学,CUEB-2025-136,2025级,劳动经济学院,人力资源管理,人力资源管理专业,JN0775,学习能力,学习能力,非技术性能力,表达沟通与通用办公协作,1.5,1,1,0,自主学习能力,毕业要求直接出现“自主学习能力”,1.7221347174331973,2.583202076149796,25,否
首都经济贸易大学,CUEB-2025-136,2025级,劳动经济学院,人力资源管理,人力资源管理专业,JN0779,书面表达,书面表达,非技术性能力,表达沟通与通用办公协作,2.3,2,1,1,写作能力；应用写作 / Practical Writing,毕业要求直接出现“写作能力”；写作课程,1.0649195460993157,2.449314956028426,26,否
首都经济贸易大学,CUEB-2025-136,2025级,劳动经济学院,人力资源管理,人力资源管理专业,JN0780,诚信与职业道德,诚信与职业道德,非技术性能力,金融风控、投资与合规,2.5,2,2,0,职业道德,培养目标直接出现“职业道德”；毕业要求直接出现“职业道德”,1.0710357731167517,2.677589432791879,21,否
首都经济贸易大学,CUEB-2025-136,2025级,劳动经济学院,人力资源管理,人力资源管理专业,JN0781,问题解决,问题解决,非技术性能力,表达沟通与通用办公协作,1.5,1,1,0,问题解决,毕业要求直接出现“问题解决”,2.314638372213455,3.4719575583201827,14,否
首都经济贸易大学,CUEB-2025-136,2025级,劳动经济学院,人力资源管理,人力资源管理专业,JN0786,管理能力,管理能力,非技术性能力,组织协调与商业执行,1.0,1,1,0,管理能力,培养目标直接出现“管理能力”,2.730798769438368,2.730798769438368,20,否
首都经济贸易大学,CUEB-2025-136,2025级,劳动经济学院,人力资源管理,人力资源管理专业,JN0787,领导力,领导力,非技术性能力,组织协调与商业执行,2.5,2,2,0,领导力,培养目标直接出现“领导力”；毕业要求直接出现“领导力”,2.4035858582299516,6.0089646455748795,10,是
首都经济贸易大学,CUEB-2025-136,2025级,劳动经济学院,人力资源管理,人力资源管理专业,JN0790,创新能力,创新能力,非技术性能力,视觉设计与数字内容制作,2.5,2,2,0,创新能力,培养目标直接出现“创新能力”；毕业要求直接出现“创新能力”,1.2895886507223624,3.223971626805906,16,否
首都经济贸易大学,CUEB-2025-136,2025级,劳动经济学院,人力资源管理,人力资源管理专业,JN0793,人际交往,人际交往,非技术性能力,组织协调与商业执行,1.0,1,1,0,人际沟通能力,培养目标直接出现“人际沟通能力”,3.456735772821304,3.456735772821304,15,否
首都经济贸易大学,CUEB-2025-136,2025级,劳动经济学院,人力资源管理,人力资源管理专业,JN0820,团队建设,团队建设,非技术性能力,组织协调与商业执行,0.8,1,1,0,团队建设,课程名称直接出现唯一技能别名“团队建设”,3.9675613965872945,3.1740491172698357,17,否
首都经济贸易大学,CUEB-2025-136,2025级,劳动经济学院,人力资源管理,人力资源管理专业,JN0830,批判性思维,批判性思维,非技术性能力,表达沟通与通用办公协作,1.0,1,1,0,批判性思维,培养目标直接出现“批判性思维”,2.638425449307353,2.638425449307353,23,否
首都经济贸易大学,CUEB-2025-137,2025级,劳动经济学院,人力资源管理（实验班）,人力资源管理（实验班）,JN0024,Office办公软件,Office办公软件（办公套件）,工具软件与技术平台,表达沟通与通用办公协作,1.5,1,1,0,办公软件,毕业要求直接出现“办公软件”,2.037651588878423,3.056477383317634,19,否
首都经济贸易大学,CUEB-2025-137,2025级,劳动经济学院,人力资源管理（实验班）,人力资源管理（实验班）,JN0025,英语,英语,语言能力,供应链与物流管理,0.8,1,1,0,英语,课程名称直接出现唯一技能别名“英语”,1.0,0.8,33,否
首都经济贸易大学,CUEB-2025-137,2025级,劳动经济学院,人力资源管理（实验班）,人力资源管理（实验班）,JN0026,数据分析,数据分析,工具软件与技术平台,人工智能与数据挖掘,5.8,4,4,0,数据分析,培养目标直接出现“数据分析”；毕业要求直接出现“数据分析”；核心课程直接出现“数据分析”；课程名称直接出现唯一技能别名“数据分析”,1.5798184952529422,9.162947272467065,8,是
首都经济贸易大学,CUEB-2025-137,2025级,劳动经济学院,人力资源管理（实验班）,人力资源管理（实验班）,JN0061,薪酬绩效,薪酬绩效,方法、标准与流程,人力资源与行政管理,0.8,1,0,1,薪酬管理 / Compensation Management,薪酬课程,4.373026504695459,3.4984212037563673,14,否
首都经济贸易大学,CUEB-2025-137,2025级,劳动经济学院,人力资源管理（实验班）,人力资源管理（实验班）,JN0063,招聘,招聘,方法、标准与流程,人力资源与行政管理,3.3,2,2,0,招聘,核心课程直接出现“招聘”；课程名称直接出现唯一技能别名“招聘”,3.456735772821304,11.407228050310302,4,是
首都经济贸易大学,CUEB-2025-137,2025级,劳动经济学院,人力资源管理（实验班）,人力资源管理（实验班）,JN0072,统计分析,统计分析,方法、标准与流程,人工智能与数据挖掘,1.5,1,1,0,统计分析,毕业要求直接出现“统计分析”,1.1880522315029396,1.7820783472544095,29,否
首都经济贸易大学,CUEB-2025-137,2025级,劳动经济学院,人力资源管理（实验班）,人力资源管理（实验班）,JN0087,员工关系,员工关系,方法、标准与流程,人力资源与行政管理,0.8,1,1,0,劳动关系,课程名称直接出现唯一技能别名“劳动关系”,3.2744142160273495,2.61953137282188,25,否
首都经济贸易大学,CUEB-2025-137,2025级,劳动经济学院,人力资源管理（实验班）,人力资源管理（实验班）,JN0109,会计核算,会计核算,方法、标准与流程,财务会计与税务管理,0.8,1,0,1,会计学 / Accounting,会计课程,1.2895886507223624,1.03167092057789,31,否
首都经济贸易大学,CUEB-2025-137,2025级,劳动经济学院,人力资源管理（实验班）,人力资源管理（实验班）,JN0131,绩效管理,绩效管理,方法、标准与流程,人力资源与行政管理,3.3,2,2,0,绩效管理,核心课程直接出现“绩效管理”；课程名称直接出现唯一技能别名“绩效管理”,3.8622008809294686,12.745262907067245,1,是
首都经济贸易大学,CUEB-2025-137,2025级,劳动经济学院,人力资源管理（实验班）,人力资源管理（实验班）,JN0174,人工智能技术,人工智能技术,具体专业技能,人工智能与数据挖掘,4.1,4,4,0,人工智能；ai,培养目标直接出现“人工智能”；毕业要求直接出现“人工智能”；课程名称直接出现唯一技能别名“人工智能”；课程名称直接出现唯一技能别名“ai”,1.312755710003897,5.382298411015976,11,是
首都经济贸易大学,CUEB-2025-137,2025级,劳动经济学院,人力资源管理（实验班）,人力资源管理（实验班）,JN0214,品牌策划,品牌策划,方法、标准与流程,视觉设计与数字内容制作,3.3,2,2,0,品牌管理,核心课程直接出现“品牌管理”；课程名称直接出现唯一技能别名“品牌管理”,3.5257286443082556,11.634904526217243,3,是
首都经济贸易大学,CUEB-2025-137,2025级,劳动经济学院,人力资源管理（实验班）,人力资源管理（实验班）,JN0250,跨文化沟通,跨文化沟通,语言能力,供应链与物流管理,1.0,1,1,0,跨文化沟通,培养目标直接出现“跨文化沟通”,2.730798769438368,2.730798769438368,20,否
首都经济贸易大学,CUEB-2025-137,2025级,劳动经济学院,人力资源管理（实验班）,人力资源管理（实验班）,JN0251,BI,BI（数据库与数据工程）,工具软件与技术平台,大数据工程与数据仓库,3.3,2,2,0,商业智能,核心课程直接出现“商业智能”；课程名称直接出现唯一技能别名“商业智能”,3.392197251683733,11.194250930556318,5,是
首都经济贸易大学,CUEB-2025-137,2025级,劳动经济学院,人力资源管理（实验班）,人力资源管理（实验班）,JN0373,人力资源管理流程,人力资源管理流程,方法、标准与流程,人力资源与行政管理,2.4000000000000004,3,0,3,人力资源管理沙盘演练 / HRM Sand Table Simulation；公共部门人力资源管理  / Public Sector Human Resource Management；人力资源管理学科前沿 / The Frontier of Human Resources Management,人力资源课程,2.194494060371392,5.266785744891342,12,是
首都经济贸易大学,CUEB-2025-137,2025级,劳动经济学院,人力资源管理（实验班）,人力资源管理（实验班）,JN0397,数理统计,数理统计,工具软件与技术平台,人工智能与数据挖掘,0.8,1,1,0,数理统计,课程名称直接出现唯一技能别名“数理统计”,1.2019413436636068,0.9615530749308855,32,否
首都经济贸易大学,CUEB-2025-137,2025级,劳动经济学院,人力资源管理（实验班）,人力资源管理（实验班）,JN0430,知识图谱,知识图谱,方法、标准与流程,人工智能与数据挖掘,2.5,1,1,0,知识图谱,核心课程直接出现“知识图谱”,2.194494060371392,5.48623515092848,10,是
首都经济贸易大学,CUEB-2025-137,2025级,劳动经济学院,人力资源管理（实验班）,人力资源管理（实验班）,JN0653,Stata,Stata（办公软件与通用数字工具）,方法、标准与流程,人工智能与数据挖掘,3.3,2,2,0,Stata；stata,核心课程直接出现“Stata”；课程名称直接出现唯一技能别名“stata”,3.8622008809294686,12.745262907067245,2,是
首都经济贸易大学,CUEB-2025-137,2025级,劳动经济学院,人力资源管理（实验班）,人力资源管理（实验班）,JN0695,劳动法,劳动法,专业知识与行业经验,人力资源与行政管理,3.3,2,2,0,劳动法,核心课程直接出现“劳动法”；课程名称直接出现唯一技能别名“劳动法”,3.2744142160273495,10.805566912890253,6,是
首都经济贸易大学,CUEB-2025-137,2025级,劳动经济学院,人力资源管理（实验班）,人力资源管理（实验班）,JN0730,公司治理,公司治理,专业知识与行业经验,金融风控、投资与合规,3.3,2,2,0,公司治理,核心课程直接出现“公司治理”；课程名称直接出现唯一技能别名“公司治理”,3.120263536200091,10.2968696694603,7,是
首都经济贸易大学,CUEB-2025-137,2025级,劳动经济学院,人力资源管理（实验班）,人力资源管理（实验班）,JN0770,沟通能力,沟通能力,非技术性能力,组织协调与商业执行,1.0,1,1,0,沟通能力,培养目标直接出现“沟通能力”,1.7953381214564925,1.7953381214564925,28,否
首都经济贸易大学,CUEB-2025-137,2025级,劳动经济学院,人力资源管理（实验班）,人力资源管理（实验班）,JN0771,团队合作,团队合作,非技术性能力,表达沟通与通用办公协作,1.0,1,1,0,团队合作,培养目标直接出现“团队合作”,1.4111957828171493,1.4111957828171493,30,否
首都经济贸易大学,CUEB-2025-137,2025级,劳动经济学院,人力资源管理（实验班）,人力资源管理（实验班）,JN0774,表达能力,表达能力,非技术性能力,表达沟通与通用办公协作,1.5,1,1,0,表达能力,毕业要求直接出现“表达能力”,1.7703368192510753,2.655505228876613,23,否
首都经济贸易大学,CUEB-2025-137,2025级,劳动经济学院,人力资源管理（实验班）,人力资源管理（实验班）,JN0775,学习能力,学习能力,非技术性能力,表达沟通与通用办公协作,1.5,1,1,0,自主学习能力,毕业要求直接出现“自主学习能力”,1.7221347174331973,2.583202076149796,26,否
首都经济贸易大学,CUEB-2025-137,2025级,劳动经济学院,人力资源管理（实验班）,人力资源管理（实验班）,JN0776,抗压能力,抗压能力,非技术性能力,组织协调与商业执行,1.5,1,1,0,抗压能力,毕业要求直接出现“抗压能力”,3.392197251683733,5.088295877525599,13,否
首都经济贸易大学,CUEB-2025-137,2025级,劳动经济学院,人力资源管理（实验班）,人力资源管理（实验班）,JN0779,书面表达,书面表达,非技术性能力,表达沟通与通用办公协作,2.3,2,1,1,写作能力；应用写作 / Practical Writing,毕业要求直接出现“写作能力”；写作课程,1.0649195460993157,2.449314956028426,27,否
首都经济贸易大学,CUEB-2025-137,2025级,劳动经济学院,人力资源管理（实验班）,人力资源管理（实验班）,JN0780,诚信与职业道德,诚信与职业道德,非技术性能力,金融风控、投资与合规,2.5,2,2,0,职业道德,培养目标直接出现“职业道德”；毕业要求直接出现“职业道德”,1.0710357731167517,2.677589432791879,22,否
首都经济贸易大学,CUEB-2025-137,2025级,劳动经济学院,人力资源管理（实验班）,人力资源管理（实验班）,JN0781,问题解决,问题解决,非技术性能力,表达沟通与通用办公协作,1.5,1,1,0,问题解决,毕业要求直接出现“问题解决”,2.314638372213455,3.4719575583201827,15,否
首都经济贸易大学,CUEB-2025-137,2025级,劳动经济学院,人力资源管理（实验班）,人力资源管理（实验班）,JN0786,管理能力,管理能力,非技术性能力,组织协调与商业执行,1.0,1,1,0,管理能力,培养目标直接出现“管理能力”,2.730798769438368,2.730798769438368,21,否
首都经济贸易大学,CUEB-2025-137,2025级,劳动经济学院,人力资源管理（实验班）,人力资源管理（实验班）,JN0787,领导力,领导力,非技术性能力,组织协调与商业执行,2.5,2,2,0,领导力,培养目标直接出现“领导力”；毕业要求直接出现“领导力”,2.4035858582299516,6.0089646455748795,9,是
首都经济贸易大学,CUEB-2025-137,2025级,劳动经济学院,人力资源管理（实验班）,人力资源管理（实验班）,JN0790,创新能力,创新能力,非技术性能力,视觉设计与数字内容制作,2.5,2,2,0,创新能力,培养目标直接出现“创新能力”；毕业要求直接出现“创新能力”,1.2895886507223624,3.223971626805906,17,否
首都经济贸易大学,CUEB-2025-137,2025级,劳动经济学院,人力资源管理（实验班）,人力资源管理（实验班）,JN0793,人际交往,人际交往,非技术性能力,组织协调与商业执行,1.0,1,1,0,人际沟通能力,培养目标直接出现“人际沟通能力”,3.456735772821304,3.456735772821304,16,否
首都经济贸易大学,CUEB-2025-137,2025级,劳动经济学院,人力资源管理（实验班）,人力资源管理（实验班）,JN0820,团队建设,团队建设,非技术性能力,组织协调与商业执行,0.8,1,1,0,团队建设,课程名称直接出现唯一技能别名“团队建设”,3.9675613965872945,3.1740491172698357,18,否
首都经济贸易大学,CUEB-2025-137,2025级,劳动经济学院,人力资源管理（实验班）,人力资源管理（实验班）,JN0830,批判性思维,批判性思维,非技术性能力,表达沟通与通用办公协作,1.0,1,1,0,批判性思维,培养目标直接出现“批判性思维”,2.638425449307353,2.638425449307353,24,否
首都经济贸易大学,CUEB-2025-138,2025级,劳动经济学院,劳动与社会保障,劳动与社会保障专业,JN0025,英语,英语,语言能力,供应链与物流管理,0.8,1,1,0,英语,课程名称直接出现唯一技能别名“英语”,1.0,0.8,25,否
首都经济贸易大学,CUEB-2025-138,2025级,劳动经济学院,劳动与社会保障,劳动与社会保障专业,JN0026,数据分析,数据分析,工具软件与技术平台,人工智能与数据挖掘,2.5,2,2,0,数据分析,培养目标直接出现“数据分析”；毕业要求直接出现“数据分析”,1.5798184952529422,3.9495462381323554,9,是
首都经济贸易大学,CUEB-2025-138,2025级,劳动经济学院,劳动与社会保障,劳动与社会保障专业,JN0041,Python,Python（编程语言）,工具软件与技术平台,云计算、系统运维与DevOps,1.0,1,1,0,Python,培养目标直接出现“Python”,1.5108256237659907,1.5108256237659907,22,否
首都经济贸易大学,CUEB-2025-138,2025级,劳动经济学院,劳动与社会保障,劳动与社会保障专业,JN0044,方案设计,方案设计,方法、标准与流程,嵌入式与电子硬件开发,1.0,1,1,0,方案设计,培养目标直接出现“方案设计”,4.373026504695459,4.373026504695459,7,是
首都经济贸易大学,CUEB-2025-138,2025级,劳动经济学院,劳动与社会保障,劳动与社会保障专业,JN0063,招聘,招聘,方法、标准与流程,人力资源与行政管理,3.3,2,2,0,招聘,核心课程直接出现“招聘”；课程名称直接出现唯一技能别名“招聘”,3.456735772821304,11.407228050310302,2,是
首都经济贸易大学,CUEB-2025-138,2025级,劳动经济学院,劳动与社会保障,劳动与社会保障专业,JN0072,统计分析,统计分析,方法、标准与流程,人工智能与数据挖掘,1.5,1,1,0,统计分析,毕业要求直接出现“统计分析”,1.1880522315029396,1.7820783472544095,21,否
首都经济贸易大学,CUEB-2025-138,2025级,劳动经济学院,劳动与社会保障,劳动与社会保障专业,JN0087,员工关系,员工关系,方法、标准与流程,人力资源与行政管理,1.0,1,1,0,劳动关系,培养目标直接出现“劳动关系”,3.2744142160273495,3.2744142160273495,13,否
首都经济贸易大学,CUEB-2025-138,2025级,劳动经济学院,劳动与社会保障,劳动与社会保障专业,JN0109,会计核算,会计核算,方法、标准与流程,财务会计与税务管理,0.8,1,0,1,会计学 / Accounting,会计课程,1.2895886507223624,1.03167092057789,23,否
首都经济贸易大学,CUEB-2025-138,2025级,劳动经济学院,劳动与社会保障,劳动与社会保障专业,JN0174,人工智能技术,人工智能技术,具体专业技能,人工智能与数据挖掘,2.6,3,3,0,人工智能；ai,培养目标直接出现“人工智能”；课程名称直接出现唯一技能别名“人工智能”；课程名称直接出现唯一技能别名“ai”,1.312755710003897,3.4131648460101323,12,是
首都经济贸易大学,CUEB-2025-138,2025级,劳动经济学院,劳动与社会保障,劳动与社会保障专业,JN0233,R语言,R语言（编程语言）,工具软件与技术平台,人工智能与数据挖掘,1.0,1,1,0,R语言,培养目标直接出现“R语言”,5.0661736852554045,5.0661736852554045,6,是
首都经济贸易大学,CUEB-2025-138,2025级,劳动经济学院,劳动与社会保障,劳动与社会保障专业,JN0250,跨文化沟通,跨文化沟通,语言能力,供应链与物流管理,1.0,1,1,0,跨文化沟通,培养目标直接出现“跨文化沟通”,2.730798769438368,2.730798769438368,15,否
首都经济贸易大学,CUEB-2025-138,2025级,劳动经济学院,劳动与社会保障,劳动与社会保障专业,JN0373,人力资源管理流程,人力资源管理流程,方法、标准与流程,人力资源与行政管理,1.6,2,0,2,人力资源管理 / Human Resource Management；公共部门人力资源管理（双语）  / Human Resources Management in the Public Sector（Bilingual）,人力资源课程,2.194494060371392,3.5111904965942276,10,是
首都经济贸易大学,CUEB-2025-138,2025级,劳动经济学院,劳动与社会保障,劳动与社会保障专业,JN0397,数理统计,数理统计,工具软件与技术平台,人工智能与数据挖掘,0.8,1,1,0,数理统计,课程名称直接出现唯一技能别名“数理统计”,1.2019413436636068,0.9615530749308855,24,否
首都经济贸易大学,CUEB-2025-138,2025级,劳动经济学院,劳动与社会保障,劳动与社会保障专业,JN0430,知识图谱,知识图谱,方法、标准与流程,人工智能与数据挖掘,2.5,1,1,0,知识图谱,核心课程直接出现“知识图谱”,2.194494060371392,5.48623515092848,4,是
首都经济贸易大学,CUEB-2025-138,2025级,劳动经济学院,劳动与社会保障,劳动与社会保障专业,JN0524,精算,精算,具体专业技能,金融风控、投资与合规,1.0,1,1,0,精算,培养目标直接出现“精算”,4.218875824868201,4.218875824868201,8,是
首都经济贸易大学,CUEB-2025-138,2025级,劳动经济学院,劳动与社会保障,劳动与社会保障专业,JN0690,风险管理,风险管理,专业知识与行业经验,金融风控、投资与合规,3.3,2,2,0,风险管理,核心课程直接出现“风险管理”；课程名称直接出现唯一技能别名“风险管理”,1.916290731874155,6.323759415184711,3,是
首都经济贸易大学,CUEB-2025-138,2025级,劳动经济学院,劳动与社会保障,劳动与社会保障专业,JN0695,劳动法,劳动法,专业知识与行业经验,人力资源与行政管理,5.8,4,4,0,劳动法,培养目标直接出现“劳动法”；毕业要求直接出现“劳动法”；核心课程直接出现“劳动法”；课程名称直接出现唯一技能别名“劳动法”,3.2744142160273495,18.991602452958627,1,是
首都经济贸易大学,CUEB-2025-138,2025级,劳动经济学院,劳动与社会保障,劳动与社会保障专业,JN0770,沟通能力,沟通能力,非技术性能力,组织协调与商业执行,1.0,1,1,0,沟通能力,培养目标直接出现“沟通能力”,1.7953381214564925,1.7953381214564925,20,否
首都经济贸易大学,CUEB-2025-138,2025级,劳动经济学院,劳动与社会保障,劳动与社会保障专业,JN0774,表达能力,表达能力,非技术性能力,表达沟通与通用办公协作,1.5,1,1,0,表达能力,毕业要求直接出现“表达能力”,1.7703368192510753,2.655505228876613,17,否
首都经济贸易大学,CUEB-2025-138,2025级,劳动经济学院,劳动与社会保障,劳动与社会保障专业,JN0775,学习能力,学习能力,非技术性能力,表达沟通与通用办公协作,1.5,1,1,0,自主学习能力,毕业要求直接出现“自主学习能力”,1.7221347174331973,2.583202076149796,18,否
首都经济贸易大学,CUEB-2025-138,2025级,劳动经济学院,劳动与社会保障,劳动与社会保障专业,JN0776,抗压能力,抗压能力,非技术性能力,组织协调与商业执行,1.5,1,1,0,抗压能力,毕业要求直接出现“抗压能力”,3.392197251683733,5.088295877525599,5,是
首都经济贸易大学,CUEB-2025-138,2025级,劳动经济学院,劳动与社会保障,劳动与社会保障专业,JN0779,书面表达,书面表达,非技术性能力,表达沟通与通用办公协作,2.3,2,1,1,写作能力；应用写作 / Practical Writing,毕业要求直接出现“写作能力”；写作课程,1.0649195460993157,2.449314956028426,19,否
首都经济贸易大学,CUEB-2025-138,2025级,劳动经济学院,劳动与社会保障,劳动与社会保障专业,JN0780,诚信与职业道德,诚信与职业道德,非技术性能力,金融风控、投资与合规,2.5,2,2,0,职业道德,培养目标直接出现“职业道德”；毕业要求直接出现“职业道德”,1.0710357731167517,2.677589432791879,16,否
首都经济贸易大学,CUEB-2025-138,2025级,劳动经济学院,劳动与社会保障,劳动与社会保障专业,JN0781,问题解决,问题解决,非技术性能力,表达沟通与通用办公协作,1.5,1,1,0,问题解决,毕业要求直接出现“问题解决”,2.314638372213455,3.4719575583201827,11,是
首都经济贸易大学,CUEB-2025-138,2025级,劳动经济学院,劳动与社会保障,劳动与社会保障专业,JN0790,创新能力,创新能力,非技术性能力,视觉设计与数字内容制作,2.5,2,2,0,创新能力,培养目标直接出现“创新能力”；毕业要求直接出现“创新能力”,1.2895886507223624,3.223971626805906,14,否
首都经济贸易大学,CUEB-2025-139,2025级,劳动经济学院,劳动关系,劳动关系专业,JN0025,英语,英语,语言能力,供应链与物流管理,2.3,2,2,0,英语,毕业要求直接出现“英语”；课程名称直接出现唯一技能别名“英语”,1.0,2.3,17,是
首都经济贸易大学,CUEB-2025-139,2025级,劳动经济学院,劳动关系,劳动关系专业,JN0026,数据分析,数据分析,工具软件与技术平台,人工智能与数据挖掘,4.8,3,3,0,数据分析,毕业要求直接出现“数据分析”；核心课程直接出现“数据分析”；课程名称直接出现唯一技能别名“数据分析”,1.5798184952529422,7.583128777214122,5,是
首都经济贸易大学,CUEB-2025-139,2025级,劳动经济学院,劳动关系,劳动关系专业,JN0058,市场分析,市场分析,方法、标准与流程,组织协调与商业执行,2.5,1,1,0,市场分析,核心课程直接出现“市场分析”,3.7668907011251433,9.417226752812859,4,是
首都经济贸易大学,CUEB-2025-139,2025级,劳动经济学院,劳动关系,劳动关系专业,JN0063,招聘,招聘,方法、标准与流程,人力资源与行政管理,0.8,1,1,0,招聘,课程名称直接出现唯一技能别名“招聘”,3.456735772821304,2.7653886182570435,12,是
首都经济贸易大学,CUEB-2025-139,2025级,劳动经济学院,劳动关系,劳动关系专业,JN0087,员工关系,员工关系,方法、标准与流程,人力资源与行政管理,6.6,5,5,0,劳动关系；员工关系,培养目标直接出现“劳动关系”；毕业要求直接出现“劳动关系”；核心课程直接出现“员工关系”；课程名称直接出现唯一技能别名“劳动关系”；课程名称直接出现唯一技能别名“员工关系”,3.2744142160273495,21.611133825780506,1,是
首都经济贸易大学,CUEB-2025-139,2025级,劳动经济学院,劳动关系,劳动关系专业,JN0109,会计核算,会计核算,方法、标准与流程,财务会计与税务管理,0.8,1,0,1,会计学 / Accounting,会计课程,1.2895886507223624,1.03167092057789,21,否
首都经济贸易大学,CUEB-2025-139,2025级,劳动经济学院,劳动关系,劳动关系专业,JN0131,绩效管理,绩效管理,方法、标准与流程,人力资源与行政管理,2.5,1,1,0,绩效管理,核心课程直接出现“绩效管理”,3.8622008809294686,9.655502202323671,3,是
首都经济贸易大学,CUEB-2025-139,2025级,劳动经济学院,劳动关系,劳动关系专业,JN0174,人工智能技术,人工智能技术,具体专业技能,人工智能与数据挖掘,1.6,2,2,0,人工智能；ai,课程名称直接出现唯一技能别名“人工智能”；课程名称直接出现唯一技能别名“ai”,1.312755710003897,2.100409136006235,18,是
首都经济贸易大学,CUEB-2025-139,2025级,劳动经济学院,劳动关系,劳动关系专业,JN0373,人力资源管理流程,人力资源管理流程,方法、标准与流程,人力资源与行政管理,0.8,1,0,1,人力资源管理 Human Resource Management,人力资源课程,2.194494060371392,1.7555952482971138,19,否
首都经济贸易大学,CUEB-2025-139,2025级,劳动经济学院,劳动关系,劳动关系专业,JN0397,数理统计,数理统计,工具软件与技术平台,人工智能与数据挖掘,0.8,1,1,0,数理统计,课程名称直接出现唯一技能别名“数理统计”,1.2019413436636068,0.9615530749308855,22,否
首都经济贸易大学,CUEB-2025-139,2025级,劳动经济学院,劳动关系,劳动关系专业,JN0430,知识图谱,知识图谱,方法、标准与流程,人工智能与数据挖掘,2.5,1,1,0,知识图谱,核心课程直接出现“知识图谱”,2.194494060371392,5.48623515092848,6,是
首都经济贸易大学,CUEB-2025-139,2025级,劳动经济学院,劳动关系,劳动关系专业,JN0695,劳动法,劳动法,专业知识与行业经验,人力资源与行政管理,5.1,4,4,0,劳动法；劳动争议,培养目标直接出现“劳动法”；核心课程直接出现“劳动争议”；课程名称直接出现唯一技能别名“劳动法”；课程名称直接出现唯一技能别名“劳动争议”,3.2744142160273495,16.69951250173948,2,是
首都经济贸易大学,CUEB-2025-139,2025级,劳动经济学院,劳动关系,劳动关系专业,JN0770,沟通能力,沟通能力,非技术性能力,组织协调与商业执行,1.8,2,2,0,沟通能力；沟通,培养目标直接出现“沟通能力”；课程名称直接出现唯一技能别名“沟通”,1.7953381214564925,3.231608618621687,10,否
首都经济贸易大学,CUEB-2025-139,2025级,劳动经济学院,劳动关系,劳动关系专业,JN0771,团队合作,团队合作,非技术性能力,表达沟通与通用办公协作,1.0,1,1,0,协作能力,培养目标直接出现“协作能力”,1.4111957828171493,1.4111957828171493,20,否
首都经济贸易大学,CUEB-2025-139,2025级,劳动经济学院,劳动关系,劳动关系专业,JN0772,责任心,责任心,非技术性能力,表达沟通与通用办公协作,1.5,1,1,0,责任心,毕业要求直接出现“责任心”,3.456735772821304,5.185103659231956,7,是
首都经济贸易大学,CUEB-2025-139,2025级,劳动经济学院,劳动关系,劳动关系专业,JN0774,表达能力,表达能力,非技术性能力,表达沟通与通用办公协作,1.5,1,1,0,表达能力,毕业要求直接出现“表达能力”,1.7703368192510753,2.655505228876613,14,否
首都经济贸易大学,CUEB-2025-139,2025级,劳动经济学院,劳动关系,劳动关系专业,JN0775,学习能力,学习能力,非技术性能力,表达沟通与通用办公协作,1.5,1,1,0,自主学习能力,毕业要求直接出现“自主学习能力”,1.7221347174331973,2.583202076149796,15,否
首都经济贸易大学,CUEB-2025-139,2025级,劳动经济学院,劳动关系,劳动关系专业,JN0779,书面表达,书面表达,非技术性能力,表达沟通与通用办公协作,2.3,2,1,1,书面表达能力；应用写作 / Practical Writing,毕业要求直接出现“书面表达能力”；写作课程,1.0649195460993157,2.449314956028426,16,否
首都经济贸易大学,CUEB-2025-139,2025级,劳动经济学院,劳动关系,劳动关系专业,JN0780,诚信与职业道德,诚信与职业道德,非技术性能力,金融风控、投资与合规,2.5,2,2,0,职业道德；职业操守,培养目标直接出现“职业道德”；毕业要求直接出现“职业操守”,1.0710357731167517,2.677589432791879,13,否
首都经济贸易大学,CUEB-2025-139,2025级,劳动经济学院,劳动关系,劳动关系专业,JN0790,创新能力,创新能力,非技术性能力,视觉设计与数字内容制作,2.5,2,2,0,创新意识；创新能力,培养目标直接出现“创新意识”；毕业要求直接出现“创新能力”,1.2895886507223624,3.223971626805906,11,否
首都经济贸易大学,CUEB-2025-139,2025级,劳动经济学院,劳动关系,劳动关系专业,JN0806,审美能力,审美能力,非技术性能力,视觉设计与数字内容制作,1.0,1,1,0,审美素养,培养目标直接出现“审美素养”,4.778491612803624,4.778491612803624,8,是
首都经济贸易大学,CUEB-2025-139,2025级,劳动经济学院,劳动关系,劳动关系专业,JN0830,批判性思维,批判性思维,非技术性能力,表达沟通与通用办公协作,1.5,1,1,0,批判性思维,毕业要求直接出现“批判性思维”,2.638425449307353,3.9576381739610293,9,是
首都经济贸易大学,CUEB-2025-140,2025级,劳动经济学院,劳动经济学,劳动经济学专业,JN0025,英语,英语,语言能力,供应链与物流管理,0.8,1,1,0,英语,课程名称直接出现唯一技能别名“英语”,1.0,0.8,20,否
首都经济贸易大学,CUEB-2025-140,2025级,劳动经济学院,劳动经济学,劳动经济学专业,JN0026,数据分析,数据分析,工具软件与技术平台,人工智能与数据挖掘,3.3,2,2,0,数据分析,核心课程直接出现“数据分析”；课程名称直接出现唯一技能别名“数据分析”,1.5798184952529422,5.213401034334709,4,是
首都经济贸易大学,CUEB-2025-140,2025级,劳动经济学院,劳动经济学,劳动经济学专业,JN0041,Python,Python（编程语言）,工具软件与技术平台,云计算、系统运维与DevOps,0.8,1,1,0,python,课程名称直接出现唯一技能别名“python”,1.5108256237659907,1.2086604990127927,16,是
首都经济贸易大学,CUEB-2025-140,2025级,劳动经济学院,劳动经济学,劳动经济学专业,JN0063,招聘,招聘,方法、标准与流程,人力资源与行政管理,0.8,1,1,0,招聘,课程名称直接出现唯一技能别名“招聘”,3.456735772821304,2.7653886182570435,8,是
首都经济贸易大学,CUEB-2025-140,2025级,劳动经济学院,劳动经济学,劳动经济学专业,JN0072,统计分析,统计分析,方法、标准与流程,人工智能与数据挖掘,0.8,1,0,1,数据分析与计量经济学编程  / Data Analysis and Econometrics Programming,统计方法课程,1.1880522315029396,0.9504417852023517,19,否
首都经济贸易大学,CUEB-2025-140,2025级,劳动经济学院,劳动经济学,劳动经济学专业,JN0076,数据处理,数据处理,具体专业技能,大数据工程与数据仓库,1.5,1,1,0,数据处理,毕业要求直接出现“数据处理”,2.5812670354674037,3.8719005532011055,6,是
首都经济贸易大学,CUEB-2025-140,2025级,劳动经济学院,劳动经济学,劳动经济学专业,JN0087,员工关系,员工关系,方法、标准与流程,人力资源与行政管理,4.8,3,3,0,劳动关系,毕业要求直接出现“劳动关系”；核心课程直接出现“劳动关系”；课程名称直接出现唯一技能别名“劳动关系”,3.2744142160273495,15.717188236931277,1,是
首都经济贸易大学,CUEB-2025-140,2025级,劳动经济学院,劳动经济学,劳动经济学专业,JN0109,会计核算,会计核算,方法、标准与流程,财务会计与税务管理,0.8,1,0,1,会计学 / Accounting,会计课程,1.2895886507223624,1.03167092057789,17,否
首都经济贸易大学,CUEB-2025-140,2025级,劳动经济学院,劳动经济学,劳动经济学专业,JN0143,机器学习,机器学习,方法、标准与流程,人工智能与数据挖掘,0.8,1,1,0,机器学习,课程名称直接出现唯一技能别名“机器学习”,2.3361445774344194,1.8689156619475356,13,是
首都经济贸易大学,CUEB-2025-140,2025级,劳动经济学院,劳动经济学,劳动经济学专业,JN0174,人工智能技术,人工智能技术,具体专业技能,人工智能与数据挖掘,1.6,2,2,0,人工智能；ai,课程名称直接出现唯一技能别名“人工智能”；课程名称直接出现唯一技能别名“ai”,1.312755710003897,2.100409136006235,12,是
首都经济贸易大学,CUEB-2025-140,2025级,劳动经济学院,劳动经济学,劳动经济学专业,JN0373,人力资源管理流程,人力资源管理流程,方法、标准与流程,人力资源与行政管理,0.8,1,0,1,人力资源管理 Human Resource Management,人力资源课程,2.194494060371392,1.7555952482971138,14,是
首都经济贸易大学,CUEB-2025-140,2025级,劳动经济学院,劳动经济学,劳动经济学专业,JN0397,数理统计,数理统计,工具软件与技术平台,人工智能与数据挖掘,0.8,1,1,0,数理统计,课程名称直接出现唯一技能别名“数理统计”,1.2019413436636068,0.9615530749308855,18,否
首都经济贸易大学,CUEB-2025-140,2025级,劳动经济学院,劳动经济学,劳动经济学专业,JN0695,劳动法,劳动法,专业知识与行业经验,人力资源与行政管理,3.3,2,2,0,劳动法,核心课程直接出现“劳动法”；课程名称直接出现唯一技能别名“劳动法”,3.2744142160273495,10.805566912890253,2,是
首都经济贸易大学,CUEB-2025-140,2025级,劳动经济学院,劳动经济学,劳动经济学专业,JN0774,表达能力,表达能力,非技术性能力,表达沟通与通用办公协作,1.5,1,1,0,表达能力,毕业要求直接出现“表达能力”,1.7703368192510753,2.655505228876613,9,否
首都经济贸易大学,CUEB-2025-140,2025级,劳动经济学院,劳动经济学,劳动经济学专业,JN0775,学习能力,学习能力,非技术性能力,表达沟通与通用办公协作,1.5,1,1,0,学习能力,毕业要求直接出现“学习能力”,1.7221347174331973,2.583202076149796,10,否
首都经济贸易大学,CUEB-2025-140,2025级,劳动经济学院,劳动经济学,劳动经济学专业,JN0779,书面表达,书面表达,非技术性能力,表达沟通与通用办公协作,2.3,2,1,1,写作能力；应用写作 / Practical Writing,毕业要求直接出现“写作能力”；写作课程,1.0649195460993157,2.449314956028426,11,否
首都经济贸易大学,CUEB-2025-140,2025级,劳动经济学院,劳动经济学,劳动经济学专业,JN0780,诚信与职业道德,诚信与职业道德,非技术性能力,金融风控、投资与合规,1.5,1,1,0,职业道德,毕业要求直接出现“职业道德”,1.0710357731167517,1.6065536596751275,15,否
首都经济贸易大学,CUEB-2025-140,2025级,劳动经济学院,劳动经济学,劳动经济学专业,JN0785,分析判断,分析判断,非技术性能力,组织协调与商业执行,2.5,2,2,0,分析能力,培养目标直接出现“分析能力”；毕业要求直接出现“分析能力”,2.121734706088964,5.304336765222411,3,是
首都经济贸易大学,CUEB-2025-140,2025级,劳动经济学院,劳动经济学,劳动经济学专业,JN0788,口头表达,口头表达,非技术性能力,表达沟通与通用办公协作,1.5,1,1,0,语言表达能力,毕业要求直接出现“语言表达能力”,1.9021060968821986,2.853159145323298,7,是
首都经济贸易大学,CUEB-2025-140,2025级,劳动经济学院,劳动经济学,劳动经济学专业,JN0830,批判性思维,批判性思维,非技术性能力,表达沟通与通用办公协作,1.5,1,1,0,批判性思维,毕业要求直接出现“批判性思维”,2.638425449307353,3.9576381739610293,5,是
首都经济贸易大学,CUEB-2025-141,2025级,劳动经济学院,社会工作,社会工作专业,JN0025,英语,英语,语言能力,供应链与物流管理,0.8,1,1,0,英语,课程名称直接出现唯一技能别名“英语”,1.0,0.8,24,否
首都经济贸易大学,CUEB-2025-141,2025级,劳动经济学院,社会工作,社会工作专业,JN0026,数据分析,数据分析,工具软件与技术平台,人工智能与数据挖掘,1.0,1,1,0,数据分析,培养目标直接出现“数据分析”,1.5798184952529422,1.5798184952529422,21,否
首都经济贸易大学,CUEB-2025-141,2025级,劳动经济学院,社会工作,社会工作专业,JN0028,项目管理,项目管理,方法、标准与流程,表达沟通与通用办公协作,2.3,2,1,1,项目管理；社会项目管理  / Social Project Management,毕业要求直接出现“项目管理”；项目管理课程,2.7635885922613586,6.356253762201124,4,是
首都经济贸易大学,CUEB-2025-141,2025级,劳动经济学院,社会工作,社会工作专业,JN0076,数据处理,数据处理,具体专业技能,大数据工程与数据仓库,1.5,1,1,0,数据处理,毕业要求直接出现“数据处理”,2.5812670354674037,3.8719005532011055,12,是
首都经济贸易大学,CUEB-2025-141,2025级,劳动经济学院,社会工作,社会工作专业,JN0087,员工关系,员工关系,方法、标准与流程,人力资源与行政管理,0.8,1,1,0,劳动关系,课程名称直接出现唯一技能别名“劳动关系”,3.2744142160273495,2.61953137282188,17,否
首都经济贸易大学,CUEB-2025-141,2025级,劳动经济学院,社会工作,社会工作专业,JN0109,会计核算,会计核算,方法、标准与流程,财务会计与税务管理,0.8,1,0,1,会计学 / Accounting,会计课程,1.2895886507223624,1.03167092057789,22,否
首都经济贸易大学,CUEB-2025-141,2025级,劳动经济学院,社会工作,社会工作专业,JN0154,计算机操作,计算机操作,方法、标准与流程,表达沟通与通用办公协作,1.5,1,1,0,计算机操作,毕业要求直接出现“计算机操作”,4.778491612803624,7.1677374192054355,3,是
首都经济贸易大学,CUEB-2025-141,2025级,劳动经济学院,社会工作,社会工作专业,JN0174,人工智能技术,人工智能技术,具体专业技能,人工智能与数据挖掘,3.1,3,3,0,人工智能；ai,毕业要求直接出现“人工智能”；课程名称直接出现唯一技能别名“人工智能”；课程名称直接出现唯一技能别名“ai”,1.312755710003897,4.069542701012081,11,是
首都经济贸易大学,CUEB-2025-141,2025级,劳动经济学院,社会工作,社会工作专业,JN0250,跨文化沟通,跨文化沟通,语言能力,供应链与物流管理,1.0,1,1,0,跨文化沟通,培养目标直接出现“跨文化沟通”,2.730798769438368,2.730798769438368,15,是
首都经济贸易大学,CUEB-2025-141,2025级,劳动经济学院,社会工作,社会工作专业,JN0365,文献检索,文献检索,方法、标准与流程,医药研发与药事管理,1.5,1,1,0,文献检索,毕业要求直接出现“文献检索”,3.2744142160273495,4.9116213240410245,8,是
首都经济贸易大学,CUEB-2025-141,2025级,劳动经济学院,社会工作,社会工作专业,JN0373,人力资源管理流程,人力资源管理流程,方法、标准与流程,人力资源与行政管理,0.8,1,0,1,人力资源管理Human Resource Management,人力资源课程,2.194494060371392,1.7555952482971138,19,否
首都经济贸易大学,CUEB-2025-141,2025级,劳动经济学院,社会工作,社会工作专业,JN0430,知识图谱,知识图谱,方法、标准与流程,人工智能与数据挖掘,2.5,1,1,0,知识图谱,核心课程直接出现“知识图谱”,2.194494060371392,5.48623515092848,7,是
首都经济贸易大学,CUEB-2025-141,2025级,劳动经济学院,社会工作,社会工作专业,JN0438,访谈,访谈,方法、标准与流程,表达沟通与通用办公协作,1.5,1,1,0,访谈,毕业要求直接出现“访谈”,5.0661736852554045,7.599260527883107,2,是
首都经济贸易大学,CUEB-2025-141,2025级,劳动经济学院,社会工作,社会工作专业,JN0538,AI工具应用,人工智能工具应用（AI工具应用）,具体专业技能,人工智能与数据挖掘,1.5,1,1,0,AI工具,毕业要求直接出现“AI工具”,3.6798793241355137,5.519818986203271,6,是
首都经济贸易大学,CUEB-2025-141,2025级,劳动经济学院,社会工作,社会工作专业,JN0770,沟通能力,沟通能力,非技术性能力,组织协调与商业执行,2.5,2,2,0,沟通能力；沟通协调,培养目标直接出现“沟通能力”；毕业要求直接出现“沟通协调”,1.7953381214564925,4.488345303641231,9,是
首都经济贸易大学,CUEB-2025-141,2025级,劳动经济学院,社会工作,社会工作专业,JN0773,组织协调,组织协调,非技术性能力,组织协调与商业执行,1.5,1,1,0,协调能力,毕业要求直接出现“协调能力”,2.83258146374831,4.248872195622465,10,否
首都经济贸易大学,CUEB-2025-141,2025级,劳动经济学院,社会工作,社会工作专业,JN0774,表达能力,表达能力,非技术性能力,表达沟通与通用办公协作,1.5,1,1,0,表达能力,毕业要求直接出现“表达能力”,1.7703368192510753,2.655505228876613,16,否
首都经济贸易大学,CUEB-2025-141,2025级,劳动经济学院,社会工作,社会工作专业,JN0775,学习能力,学习能力,非技术性能力,表达沟通与通用办公协作,1.5,1,1,0,自主学习能力,毕业要求直接出现“自主学习能力”,1.7221347174331973,2.583202076149796,18,否
首都经济贸易大学,CUEB-2025-141,2025级,劳动经济学院,社会工作,社会工作专业,JN0779,书面表达,书面表达,非技术性能力,表达沟通与通用办公协作,0.8,1,0,1,应用写作 / Practical Writing,写作课程,1.0649195460993157,0.8519356368794526,23,否
首都经济贸易大学,CUEB-2025-141,2025级,劳动经济学院,社会工作,社会工作专业,JN0780,诚信与职业道德,诚信与职业道德,非技术性能力,金融风控、投资与合规,1.5,1,1,0,职业道德,毕业要求直接出现“职业道德”,1.0710357731167517,1.6065536596751275,20,否
首都经济贸易大学,CUEB-2025-141,2025级,劳动经济学院,社会工作,社会工作专业,JN0781,问题解决,问题解决,非技术性能力,表达沟通与通用办公协作,2.5,1,1,0,问题解决,核心课程直接出现“问题解决”,2.314638372213455,5.786595930533638,5,是
首都经济贸易大学,CUEB-2025-141,2025级,劳动经济学院,社会工作,社会工作专业,JN0788,口头表达,口头表达,非技术性能力,表达沟通与通用办公协作,1.5,1,1,0,口头表达,毕业要求直接出现“口头表达”,1.9021060968821986,2.853159145323298,14,否
首都经济贸易大学,CUEB-2025-141,2025级,劳动经济学院,社会工作,社会工作专业,JN0790,创新能力,创新能力,非技术性能力,视觉设计与数字内容制作,2.5,2,2,0,创新思维；创新能力,培养目标直接出现“创新思维”；毕业要求直接出现“创新能力”,1.2895886507223624,3.223971626805906,13,否
首都经济贸易大学,CUEB-2025-141,2025级,劳动经济学院,社会工作,社会工作专业,JN0807,资源整合,资源整合,非技术性能力,组织协调与商业执行,2.5,1,1,0,资源整合,核心课程直接出现“资源整合”,5.471638793363569,13.679096983408922,1,是
首都经济贸易大学,CUEB-2025-142,2025级,文化与传播学院,传播学专业学分制,传播学25年培养方案,JN0025,英语,英语,语言能力,供应链与物流管理,0.8,1,1,0,英语,课程名称直接出现唯一技能别名“英语”,1.0,0.8,15,是
首都经济贸易大学,CUEB-2025-142,2025级,文化与传播学院,传播学专业学分制,传播学25年培养方案,JN0174,人工智能技术,人工智能技术,具体专业技能,人工智能与数据挖掘,1.6,2,2,0,人工智能；ai,课程名称直接出现唯一技能别名“人工智能”；课程名称直接出现唯一技能别名“ai”,1.312755710003897,2.100409136006235,11,是
首都经济贸易大学,CUEB-2025-142,2025级,文化与传播学院,传播学专业学分制,传播学25年培养方案,JN0254,市场营销知识,市场营销知识,方法、标准与流程,组织协调与商业执行,0.8,1,0,1,市场营销学 / The Marketing,市场营销课程,2.4035858582299516,1.9228686865839615,12,是
首都经济贸易大学,CUEB-2025-142,2025级,文化与传播学院,传播学专业学分制,传播学25年培养方案,JN0283,摄影,摄影,方法、标准与流程,视觉设计与数字内容制作,1.0,1,1,0,摄影,培养目标直接出现“摄影”,4.218875824868201,4.218875824868201,5,是
首都经济贸易大学,CUEB-2025-142,2025级,文化与传播学院,传播学专业学分制,传播学25年培养方案,JN0647,论文写作,论文写作,方法、标准与流程,表达沟通与通用办公协作,0.8,1,1,0,论文写作,课程名称直接出现唯一技能别名“论文写作”,1.4734380916943703,1.1787504733554963,14,是
首都经济贸易大学,CUEB-2025-142,2025级,文化与传播学院,传播学专业学分制,传播学25年培养方案,JN0770,沟通能力,沟通能力,非技术性能力,组织协调与商业执行,2.5,2,2,0,沟通能力,培养目标直接出现“沟通能力”；毕业要求直接出现“沟通能力”,1.7953381214564925,4.488345303641231,4,否
首都经济贸易大学,CUEB-2025-142,2025级,文化与传播学院,传播学专业学分制,传播学25年培养方案,JN0771,团队合作,团队合作,非技术性能力,表达沟通与通用办公协作,2.5,2,2,0,团队合作,培养目标直接出现“团队合作”；毕业要求直接出现“团队合作”,1.4111957828171493,3.527989457042873,6,否
首都经济贸易大学,CUEB-2025-142,2025级,文化与传播学院,传播学专业学分制,传播学25年培养方案,JN0773,组织协调,组织协调,非技术性能力,组织协调与商业执行,2.5,2,2,0,组织能力,培养目标直接出现“组织能力”；毕业要求直接出现“组织能力”,2.83258146374831,7.0814536593707755,1,是
首都经济贸易大学,CUEB-2025-142,2025级,文化与传播学院,传播学专业学分制,传播学25年培养方案,JN0774,表达能力,表达能力,非技术性能力,表达沟通与通用办公协作,1.5,1,1,0,表达能力,毕业要求直接出现“表达能力”,1.7703368192510753,2.655505228876613,9,否
首都经济贸易大学,CUEB-2025-142,2025级,文化与传播学院,传播学专业学分制,传播学25年培养方案,JN0775,学习能力,学习能力,非技术性能力,表达沟通与通用办公协作,1.5,1,1,0,自主学习能力,毕业要求直接出现“自主学习能力”,1.7221347174331973,2.583202076149796,10,否
首都经济贸易大学,CUEB-2025-142,2025级,文化与传播学院,传播学专业学分制,传播学25年培养方案,JN0780,诚信与职业道德,诚信与职业道德,非技术性能力,金融风控、投资与合规,1.5,1,1,0,职业道德,毕业要求直接出现“职业道德”,1.0710357731167517,1.6065536596751275,13,否
首都经济贸易大学,CUEB-2025-142,2025级,文化与传播学院,传播学专业学分制,传播学25年培养方案,JN0790,创新能力,创新能力,非技术性能力,视觉设计与数字内容制作,2.5,2,2,0,创新能力,培养目标直接出现“创新能力”；毕业要求直接出现“创新能力”,1.2895886507223624,3.223971626805906,7,否
首都经济贸易大学,CUEB-2025-142,2025级,文化与传播学院,传播学专业学分制,传播学25年培养方案,JN0801,独立思考,独立思考,非技术性能力,表达沟通与通用办公协作,1.5,1,1,0,独立思考能力,毕业要求直接出现“独立思考能力”,3.2203469947570738,4.83052049213561,3,是
首都经济贸易大学,CUEB-2025-142,2025级,文化与传播学院,传播学专业学分制,传播学25年培养方案,JN0804,演讲呈现,演讲呈现,非技术性能力,表达沟通与通用办公协作,0.8,1,0,1,演讲与修辞 / Speech and Rhetoric,展示表达课程,3.6798793241355137,2.943903459308411,8,否
首都经济贸易大学,CUEB-2025-142,2025级,文化与传播学院,传播学专业学分制,传播学25年培养方案,JN0805,商业意识,商业意识,非技术性能力,组织协调与商业执行,1.0,1,1,0,市场意识,培养目标直接出现“市场意识”,5.471638793363569,5.471638793363569,2,是
首都经济贸易大学,CUEB-2025-143,2025级,文化与传播学院,2025级培养方案模板,广告学25年培养方案,JN0025,英语,英语,语言能力,供应链与物流管理,0.8,1,1,0,英语,课程名称直接出现唯一技能别名“英语”,1.0,0.8,24,否
首都经济贸易大学,CUEB-2025-143,2025级,文化与传播学院,2025级培养方案模板,广告学25年培养方案,JN0026,数据分析,数据分析,工具软件与技术平台,人工智能与数据挖掘,3.3,3,3,0,数据分析,培养目标直接出现“数据分析”；毕业要求直接出现“数据分析”；课程名称直接出现唯一技能别名“数据分析”,1.5798184952529422,5.213401034334709,6,是
首都经济贸易大学,CUEB-2025-143,2025级,文化与传播学院,2025级培养方案模板,广告学25年培养方案,JN0045,市场调研,市场调研,方法、标准与流程,组织协调与商业执行,1.5,1,1,0,市场调研,毕业要求直接出现“市场调研”,4.373026504695459,6.559539757043188,3,是
首都经济贸易大学,CUEB-2025-143,2025级,文化与传播学院,2025级培养方案模板,广告学25年培养方案,JN0174,人工智能技术,人工智能技术,具体专业技能,人工智能与数据挖掘,4.9,5,5,0,人工智能；人工智能技术；ai；ai技术,培养目标直接出现“人工智能”；毕业要求直接出现“人工智能技术”；课程名称直接出现唯一技能别名“人工智能”；课程名称直接出现唯一技能别名“ai”；课程名称直接出现唯一技能别名“ai技术”,1.312755710003897,6.4325029790190955,4,是
首都经济贸易大学,CUEB-2025-143,2025级,文化与传播学院,2025级培养方案模板,广告学25年培养方案,JN0214,品牌策划,品牌策划,方法、标准与流程,视觉设计与数字内容制作,0.8,1,0,1,品牌战略管理 / Strategic Brand Management,品牌课程,3.5257286443082556,2.8205829154466047,16,否
首都经济贸易大学,CUEB-2025-143,2025级,文化与传播学院,2025级培养方案模板,广告学25年培养方案,JN0250,跨文化沟通,跨文化沟通,语言能力,供应链与物流管理,1.5,1,1,0,跨文化沟通,毕业要求直接出现“跨文化沟通”,2.730798769438368,4.096198154157552,10,是
首都经济贸易大学,CUEB-2025-143,2025级,文化与传播学院,2025级培养方案模板,广告学25年培养方案,JN0254,市场营销知识,市场营销知识,方法、标准与流程,组织协调与商业执行,0.8,1,0,1,市场营销学 / The Marketing,市场营销课程,2.4035858582299516,1.9228686865839615,21,否
首都经济贸易大学,CUEB-2025-143,2025级,文化与传播学院,2025级培养方案模板,广告学25年培养方案,JN0258,法律法规知识,法律法规知识,方法、标准与流程,金融风控、投资与合规,0.8,1,0,1,商法学 / Commercial Jurisprudence,法规课程,2.139434283188365,1.711547426550692,22,否
首都经济贸易大学,CUEB-2025-143,2025级,文化与传播学院,2025级培养方案模板,广告学25年培养方案,JN0283,摄影,摄影,方法、标准与流程,视觉设计与数字内容制作,0.8,1,1,0,摄影,课程名称直接出现唯一技能别名“摄影”,4.218875824868201,3.375100659894561,12,是
首都经济贸易大学,CUEB-2025-143,2025级,文化与传播学院,2025级培养方案模板,广告学25年培养方案,JN0311,营销能力,营销能力,工具软件与技术平台,组织协调与商业执行,1.5,1,1,0,营销能力,毕业要求直接出现“营销能力”,4.555348061489413,6.83302209223412,2,是
首都经济贸易大学,CUEB-2025-143,2025级,文化与传播学院,2025级培养方案模板,广告学25年培养方案,JN0365,文献检索,文献检索,方法、标准与流程,医药研发与药事管理,1.5,1,1,0,文献检索,毕业要求直接出现“文献检索”,3.2744142160273495,4.9116213240410245,8,是
首都经济贸易大学,CUEB-2025-143,2025级,文化与传播学院,2025级培养方案模板,广告学25年培养方案,JN0430,知识图谱,知识图谱,方法、标准与流程,人工智能与数据挖掘,2.5,1,1,0,知识图谱,核心课程直接出现“知识图谱”,2.194494060371392,5.48623515092848,5,是
首都经济贸易大学,CUEB-2025-143,2025级,文化与传播学院,2025级培养方案模板,广告学25年培养方案,JN0586,生成式人工智能,生成式人工智能,具体专业技能,人工智能与数据挖掘,4.3,3,3,0,AIGC；aigc,培养目标直接出现“AIGC”；核心课程直接出现“AIGC”；课程名称直接出现唯一技能别名“aigc”,4.778491612803624,20.54751393505558,1,是
首都经济贸易大学,CUEB-2025-143,2025级,文化与传播学院,2025级培养方案模板,广告学25年培养方案,JN0647,论文写作,论文写作,方法、标准与流程,表达沟通与通用办公协作,0.8,1,1,0,论文写作,课程名称直接出现唯一技能别名“论文写作”,1.4734380916943703,1.1787504733554963,23,否
首都经济贸易大学,CUEB-2025-143,2025级,文化与传播学院,2025级培养方案模板,广告学25年培养方案,JN0770,沟通能力,沟通能力,非技术性能力,组织协调与商业执行,1.5,1,1,0,沟通能力,毕业要求直接出现“沟通能力”,1.7953381214564925,2.693007182184739,17,否
首都经济贸易大学,CUEB-2025-143,2025级,文化与传播学院,2025级培养方案模板,广告学25年培养方案,JN0771,团队合作,团队合作,非技术性能力,表达沟通与通用办公协作,1.5,1,1,0,团队协作,毕业要求直接出现“团队协作”,1.4111957828171493,2.116793674225724,20,否
首都经济贸易大学,CUEB-2025-143,2025级,文化与传播学院,2025级培养方案模板,广告学25年培养方案,JN0774,表达能力,表达能力,非技术性能力,表达沟通与通用办公协作,1.5,1,1,0,表达能力,毕业要求直接出现“表达能力”,1.7703368192510753,2.655505228876613,19,否
首都经济贸易大学,CUEB-2025-143,2025级,文化与传播学院,2025级培养方案模板,广告学25年培养方案,JN0775,学习能力,学习能力,非技术性能力,表达沟通与通用办公协作,2.5,2,2,0,学习能力；自主学习能力,培养目标直接出现“学习能力”；毕业要求直接出现“自主学习能力”,1.7221347174331973,4.305336793582994,9,是
首都经济贸易大学,CUEB-2025-143,2025级,文化与传播学院,2025级培养方案模板,广告学25年培养方案,JN0780,诚信与职业道德,诚信与职业道德,非技术性能力,金融风控、投资与合规,2.5,2,2,0,职业道德,培养目标直接出现“职业道德”；毕业要求直接出现“职业道德”,1.0710357731167517,2.677589432791879,18,否
首都经济贸易大学,CUEB-2025-143,2025级,文化与传播学院,2025级培养方案模板,广告学25年培养方案,JN0788,口头表达,口头表达,非技术性能力,表达沟通与通用办公协作,1.5,1,1,0,语言表达能力,毕业要求直接出现“语言表达能力”,1.9021060968821986,2.853159145323298,15,否
首都经济贸易大学,CUEB-2025-143,2025级,文化与传播学院,2025级培养方案模板,广告学25年培养方案,JN0790,创新能力,创新能力,非技术性能力,视觉设计与数字内容制作,2.5,2,2,0,创新能力,培养目标直接出现“创新能力”；毕业要求直接出现“创新能力”,1.2895886507223624,3.223971626805906,13,否
首都经济贸易大学,CUEB-2025-143,2025级,文化与传播学院,2025级培养方案模板,广告学25年培养方案,JN0793,人际交往,人际交往,非技术性能力,组织协调与商业执行,1.5,1,1,0,人际沟通能力,毕业要求直接出现“人际沟通能力”,3.456735772821304,5.185103659231956,7,是
首都经济贸易大学,CUEB-2025-143,2025级,文化与传播学院,2025级培养方案模板,广告学25年培养方案,JN0801,独立思考,独立思考,非技术性能力,表达沟通与通用办公协作,1.0,1,1,0,独立思考,培养目标直接出现“独立思考”,3.2203469947570738,3.2203469947570738,14,否
首都经济贸易大学,CUEB-2025-143,2025级,文化与传播学院,2025级培养方案模板,广告学25年培养方案,JN0811,战略思维,战略思维,非技术性能力,组织协调与商业执行,1.0,1,1,0,战略思维,培养目标直接出现“战略思维”,3.8622008809294686,3.8622008809294686,11,是
首都经济贸易大学,CUEB-2025-144,2025级,管理工程学院,2025级培养方案模板,信管培养方案,JN0025,英语,英语,语言能力,供应链与物流管理,2.3,2,2,0,英语听说读写能力；英语,毕业要求直接出现“英语听说读写能力”；课程名称直接出现唯一技能别名“英语”,1.0,2.3,18,否
首都经济贸易大学,CUEB-2025-144,2025级,管理工程学院,2025级培养方案模板,信管培养方案,JN0026,数据分析,数据分析,工具软件与技术平台,人工智能与数据挖掘,5.8,4,4,0,数据分析,培养目标直接出现“数据分析”；毕业要求直接出现“数据分析”；核心课程直接出现“数据分析”；课程名称直接出现唯一技能别名“数据分析”,1.5798184952529422,9.162947272467065,3,是
首都经济贸易大学,CUEB-2025-144,2025级,管理工程学院,2025级培养方案模板,信管培养方案,JN0028,项目管理,项目管理,方法、标准与流程,表达沟通与通用办公协作,0.8,1,0,1,IT项目管理 / IT Project Management,项目管理课程,2.7635885922613586,2.2108708738090868,22,否
首都经济贸易大学,CUEB-2025-144,2025级,管理工程学院,2025级培养方案模板,信管培养方案,JN0041,Python,Python（编程语言）,工具软件与技术平台,云计算、系统运维与DevOps,0.8,1,1,0,python,课程名称直接出现唯一技能别名“python”,1.5108256237659907,1.2086604990127927,23,否
首都经济贸易大学,CUEB-2025-144,2025级,管理工程学院,2025级培养方案模板,信管培养方案,JN0058,市场分析,市场分析,方法、标准与流程,组织协调与商业执行,1.5,1,1,0,市场分析,毕业要求直接出现“市场分析”,3.7668907011251433,5.650336051687715,6,是
首都经济贸易大学,CUEB-2025-144,2025级,管理工程学院,2025级培养方案模板,信管培养方案,JN0072,统计分析,统计分析,方法、标准与流程,人工智能与数据挖掘,3.1,3,1,2,统计分析；管理统计学 / Management Statistics；金融时间序列分析方法与技术  / Financial Time Series Analysis Method and Techniques,毕业要求直接出现“统计分析”；统计方法课程,1.1880522315029396,3.682961917659113,11,是
首都经济贸易大学,CUEB-2025-144,2025级,管理工程学院,2025级培养方案模板,信管培养方案,JN0143,机器学习,机器学习,方法、标准与流程,人工智能与数据挖掘,3.3,2,2,0,机器学习,核心课程直接出现“机器学习”；课程名称直接出现唯一技能别名“机器学习”,2.3361445774344194,7.709277105533584,4,是
首都经济贸易大学,CUEB-2025-144,2025级,管理工程学院,2025级培养方案模板,信管培养方案,JN0145,数据挖掘,数据挖掘,工具软件与技术平台,人工智能与数据挖掘,1.5,1,1,0,数据挖掘,毕业要求直接出现“数据挖掘”,2.4271163556401456,3.6406745334602184,12,是
首都经济贸易大学,CUEB-2025-144,2025级,管理工程学院,2025级培养方案模板,信管培养方案,JN0174,人工智能技术,人工智能技术,具体专业技能,人工智能与数据挖掘,4.1,4,4,0,人工智能；ai,培养目标直接出现“人工智能”；毕业要求直接出现“人工智能”；课程名称直接出现唯一技能别名“人工智能”；课程名称直接出现唯一技能别名“ai”,1.312755710003897,5.382298411015976,8,是
首都经济贸易大学,CUEB-2025-144,2025级,管理工程学院,2025级培养方案模板,信管培养方案,JN0185,供应链管理,供应链管理,方法、标准与流程,供应链与物流管理,0.8,1,0,1,供应链金融 / Supply Chain Finance,供应链课程,2.79749014393704,2.237992115149632,20,否
首都经济贸易大学,CUEB-2025-144,2025级,管理工程学院,2025级培养方案模板,信管培养方案,JN0211,数据结构与算法,数据结构与算法,方法、标准与流程,网络通信与软件开发基础,0.8,1,0,1,数据结构 / Data Structure,数据结构课程,2.79749014393704,2.237992115149632,21,否
首都经济贸易大学,CUEB-2025-144,2025级,管理工程学院,2025级培养方案模板,信管培养方案,JN0222,面向对象编程,面向对象编程,方法、标准与流程,Web前端开发,3.3,2,2,0,面向对象程序设计,核心课程直接出现“面向对象程序设计”；课程名称直接出现唯一技能别名“面向对象程序设计”,3.2744142160273495,10.805566912890253,2,是
首都经济贸易大学,CUEB-2025-144,2025级,管理工程学院,2025级培养方案模板,信管培养方案,JN0397,数理统计,数理统计,工具软件与技术平台,人工智能与数据挖掘,0.8,1,1,0,数理统计,课程名称直接出现唯一技能别名“数理统计”,1.2019413436636068,0.9615530749308855,25,否
首都经济贸易大学,CUEB-2025-144,2025级,管理工程学院,2025级培养方案模板,信管培养方案,JN0430,知识图谱,知识图谱,方法、标准与流程,人工智能与数据挖掘,2.5,1,1,0,知识图谱,核心课程直接出现“知识图谱”,2.194494060371392,5.48623515092848,7,是
首都经济贸易大学,CUEB-2025-144,2025级,管理工程学院,2025级培养方案模板,信管培养方案,JN0584,时间序列,时间序列,方法、标准与流程,人工智能与数据挖掘,0.8,1,1,0,时间序列,课程名称直接出现唯一技能别名“时间序列”,2.8689491079191853,2.2951592863353483,19,否
首都经济贸易大学,CUEB-2025-144,2025级,管理工程学院,2025级培养方案模板,信管培养方案,JN0647,论文写作,论文写作,方法、标准与流程,表达沟通与通用办公协作,0.8,1,0,1,学术写作与专业前沿 / Academic Writing and Frontiers,学术写作课程,1.4734380916943703,1.1787504733554963,24,否
首都经济贸易大学,CUEB-2025-144,2025级,管理工程学院,2025级培养方案模板,信管培养方案,JN0686,数据库技术,数据库技术,专业知识与行业经验,Java后端开发与中间件,5.6,4,4,0,数据库原理；数据库,毕业要求直接出现“数据库原理”；核心课程直接出现“数据库原理”；课程名称直接出现唯一技能别名“数据库”；课程名称直接出现唯一技能别名“数据库原理”,2.3361445774344194,13.082409633632748,1,是
首都经济贸易大学,CUEB-2025-144,2025级,管理工程学院,2025级培养方案模板,信管培养方案,JN0690,风险管理,风险管理,专业知识与行业经验,金融风控、投资与合规,2.3,2,2,0,风险管理,毕业要求直接出现“风险管理”；课程名称直接出现唯一技能别名“风险管理”,1.916290731874155,4.407468683310556,9,是
首都经济贸易大学,CUEB-2025-144,2025级,管理工程学院,2025级培养方案模板,信管培养方案,JN0770,沟通能力,沟通能力,非技术性能力,组织协调与商业执行,1.5,1,1,0,沟通能力,毕业要求直接出现“沟通能力”,1.7953381214564925,2.693007182184739,14,否
首都经济贸易大学,CUEB-2025-144,2025级,管理工程学院,2025级培养方案模板,信管培养方案,JN0774,表达能力,表达能力,非技术性能力,表达沟通与通用办公协作,1.5,1,1,0,表达能力,毕业要求直接出现“表达能力”,1.7703368192510753,2.655505228876613,16,否
首都经济贸易大学,CUEB-2025-144,2025级,管理工程学院,2025级培养方案模板,信管培养方案,JN0775,学习能力,学习能力,非技术性能力,表达沟通与通用办公协作,1.5,1,1,0,自主学习能力,毕业要求直接出现“自主学习能力”,1.7221347174331973,2.583202076149796,17,否
首都经济贸易大学,CUEB-2025-144,2025级,管理工程学院,2025级培养方案模板,信管培养方案,JN0779,书面表达,书面表达,非技术性能力,表达沟通与通用办公协作,0.8,1,0,1,应用写作 / Practical Writing,写作课程,1.0649195460993157,0.8519356368794526,26,否
首都经济贸易大学,CUEB-2025-144,2025级,管理工程学院,2025级培养方案模板,信管培养方案,JN0780,诚信与职业道德,诚信与职业道德,非技术性能力,金融风控、投资与合规,2.5,2,2,0,职业道德,培养目标直接出现“职业道德”；毕业要求直接出现“职业道德”,1.0710357731167517,2.677589432791879,15,否
首都经济贸易大学,CUEB-2025-144,2025级,管理工程学院,2025级培养方案模板,信管培养方案,JN0783,主动性,主动性,非技术性能力,表达沟通与通用办公协作,1.5,1,1,0,积极主动,毕业要求直接出现“积极主动”,4.218875824868201,6.3283137373023015,5,是
首都经济贸易大学,CUEB-2025-144,2025级,管理工程学院,2025级培养方案模板,信管培养方案,JN0790,创新能力,创新能力,非技术性能力,视觉设计与数字内容制作,2.5,2,2,0,创新意识；创新能力,培养目标直接出现“创新意识”；毕业要求直接出现“创新能力”,1.2895886507223624,3.223971626805906,13,否
首都经济贸易大学,CUEB-2025-144,2025级,管理工程学院,2025级培养方案模板,信管培养方案,JN0818,系统思维,系统思维,非技术性能力,表达沟通与通用办公协作,1.0,1,1,0,系统思维,培养目标直接出现“系统思维”,4.218875824868201,4.218875824868201,10,是
首都经济贸易大学,CUEB-2025-145,2025级,管理工程学院,2025级培养方案模板,信管（商务智能）培养方案,JN0025,英语,英语,语言能力,供应链与物流管理,2.3,2,2,0,英语听说读写能力；英语,毕业要求直接出现“英语听说读写能力”；课程名称直接出现唯一技能别名“英语”,1.0,2.3,15,是
首都经济贸易大学,CUEB-2025-145,2025级,管理工程学院,2025级培养方案模板,信管（商务智能）培养方案,JN0026,数据分析,数据分析,工具软件与技术平台,人工智能与数据挖掘,5.8,4,4,0,数据分析,培养目标直接出现“数据分析”；毕业要求直接出现“数据分析”；核心课程直接出现“数据分析”；课程名称直接出现唯一技能别名“数据分析”,1.5798184952529422,9.162947272467065,4,是
首都经济贸易大学,CUEB-2025-145,2025级,管理工程学院,2025级培养方案模板,信管（商务智能）培养方案,JN0028,项目管理,项目管理,方法、标准与流程,表达沟通与通用办公协作,0.8,1,0,1,IT项目管理 / IT Project Management,项目管理课程,2.7635885922613586,2.2108708738090868,19,否
首都经济贸易大学,CUEB-2025-145,2025级,管理工程学院,2025级培养方案模板,信管（商务智能）培养方案,JN0041,Python,Python（编程语言）,工具软件与技术平台,云计算、系统运维与DevOps,0.8,1,1,0,python,课程名称直接出现唯一技能别名“python”,1.5108256237659907,1.2086604990127927,22,否
首都经济贸易大学,CUEB-2025-145,2025级,管理工程学院,2025级培养方案模板,信管（商务智能）培养方案,JN0046,ERP,企业资源计划系统（ERP）,方法、标准与流程,供应链与物流管理,0.8,1,1,0,erp,课程名称直接出现唯一技能别名“erp”,2.8689491079191853,2.2951592863353483,16,是
首都经济贸易大学,CUEB-2025-145,2025级,管理工程学院,2025级培养方案模板,信管（商务智能）培养方案,JN0065,网络安全,网络安全,工具软件与技术平台,网络运维与信息安全,0.8,1,1,0,信息安全,课程名称直接出现唯一技能别名“信息安全”,3.8622008809294686,3.089760704743575,10,是
首都经济贸易大学,CUEB-2025-145,2025级,管理工程学院,2025级培养方案模板,信管（商务智能）培养方案,JN0072,统计分析,统计分析,方法、标准与流程,人工智能与数据挖掘,0.8,1,0,1,管理统计学 / Management Statistics,统计方法课程,1.1880522315029396,0.9504417852023517,25,否
首都经济贸易大学,CUEB-2025-145,2025级,管理工程学院,2025级培养方案模板,信管（商务智能）培养方案,JN0145,数据挖掘,数据挖掘,工具软件与技术平台,人工智能与数据挖掘,4.8,3,3,0,数据挖掘,毕业要求直接出现“数据挖掘”；核心课程直接出现“数据挖掘”；课程名称直接出现唯一技能别名“数据挖掘”,2.4271163556401456,11.650158507072698,2,是
首都经济贸易大学,CUEB-2025-145,2025级,管理工程学院,2025级培养方案模板,信管（商务智能）培养方案,JN0172,数据建模,数据建模,工具软件与技术平台,大数据工程与数据仓库,0.8,1,1,0,数据建模,课程名称直接出现唯一技能别名“数据建模”,2.730798769438368,2.1846390155506947,20,否
首都经济贸易大学,CUEB-2025-145,2025级,管理工程学院,2025级培养方案模板,信管（商务智能）培养方案,JN0174,人工智能技术,人工智能技术,具体专业技能,人工智能与数据挖掘,4.1,4,4,0,人工智能；ai,培养目标直接出现“人工智能”；毕业要求直接出现“人工智能”；课程名称直接出现唯一技能别名“人工智能”；课程名称直接出现唯一技能别名“ai”,1.312755710003897,5.382298411015976,7,是
首都经济贸易大学,CUEB-2025-145,2025级,管理工程学院,2025级培养方案模板,信管（商务智能）培养方案,JN0185,供应链管理,供应链管理,方法、标准与流程,供应链与物流管理,0.8,1,1,0,供应链管理,课程名称直接出现唯一技能别名“供应链管理”,2.79749014393704,2.237992115149632,17,否
首都经济贸易大学,CUEB-2025-145,2025级,管理工程学院,2025级培养方案模板,信管（商务智能）培养方案,JN0211,数据结构与算法,数据结构与算法,方法、标准与流程,网络通信与软件开发基础,0.8,1,0,1,数据结构 / Data Structure,数据结构课程,2.79749014393704,2.237992115149632,18,否
首都经济贸易大学,CUEB-2025-145,2025级,管理工程学院,2025级培养方案模板,信管（商务智能）培养方案,JN0222,面向对象编程,面向对象编程,方法、标准与流程,Web前端开发,3.3,2,2,0,面向对象程序设计,核心课程直接出现“面向对象程序设计”；课程名称直接出现唯一技能别名“面向对象程序设计”,3.2744142160273495,10.805566912890253,3,是
首都经济贸易大学,CUEB-2025-145,2025级,管理工程学院,2025级培养方案模板,信管（商务智能）培养方案,JN0397,数理统计,数理统计,工具软件与技术平台,人工智能与数据挖掘,0.8,1,1,0,数理统计,课程名称直接出现唯一技能别名“数理统计”,1.2019413436636068,0.9615530749308855,24,否
首都经济贸易大学,CUEB-2025-145,2025级,管理工程学院,2025级培养方案模板,信管（商务智能）培养方案,JN0430,知识图谱,知识图谱,方法、标准与流程,人工智能与数据挖掘,2.5,1,1,0,知识图谱,核心课程直接出现“知识图谱”,2.194494060371392,5.48623515092848,6,是
首都经济贸易大学,CUEB-2025-145,2025级,管理工程学院,2025级培养方案模板,信管（商务智能）培养方案,JN0647,论文写作,论文写作,方法、标准与流程,表达沟通与通用办公协作,0.8,1,0,1,学术写作与专业前沿 / Academic Writing and Frontiers,学术写作课程,1.4734380916943703,1.1787504733554963,23,否
首都经济贸易大学,CUEB-2025-145,2025级,管理工程学院,2025级培养方案模板,信管（商务智能）培养方案,JN0686,数据库技术,数据库技术,专业知识与行业经验,Java后端开发与中间件,5.6,4,4,0,数据库原理；数据库,毕业要求直接出现“数据库原理”；核心课程直接出现“数据库原理”；课程名称直接出现唯一技能别名“数据库”；课程名称直接出现唯一技能别名“数据库原理”,2.3361445774344194,13.082409633632748,1,是
首都经济贸易大学,CUEB-2025-145,2025级,管理工程学院,2025级培养方案模板,信管（商务智能）培养方案,JN0691,财务管理,财务管理,专业知识与行业经验,财务会计与税务管理,0.8,1,1,0,财务管理,课程名称直接出现唯一技能别名“财务管理”,1.664976303593249,1.3319810428745993,21,否
首都经济贸易大学,CUEB-2025-145,2025级,管理工程学院,2025级培养方案模板,信管（商务智能）培养方案,JN0770,沟通能力,沟通能力,非技术性能力,组织协调与商业执行,1.5,1,1,0,沟通能力,毕业要求直接出现“沟通能力”,1.7953381214564925,2.693007182184739,11,否
首都经济贸易大学,CUEB-2025-145,2025级,管理工程学院,2025级培养方案模板,信管（商务智能）培养方案,JN0774,表达能力,表达能力,非技术性能力,表达沟通与通用办公协作,1.5,1,1,0,表达能力,毕业要求直接出现“表达能力”,1.7703368192510753,2.655505228876613,13,否
首都经济贸易大学,CUEB-2025-145,2025级,管理工程学院,2025级培养方案模板,信管（商务智能）培养方案,JN0775,学习能力,学习能力,非技术性能力,表达沟通与通用办公协作,1.5,1,1,0,自主学习能力,毕业要求直接出现“自主学习能力”,1.7221347174331973,2.583202076149796,14,否
首都经济贸易大学,CUEB-2025-145,2025级,管理工程学院,2025级培养方案模板,信管（商务智能）培养方案,JN0779,书面表达,书面表达,非技术性能力,表达沟通与通用办公协作,0.8,1,0,1,应用写作 / Practical Writing,写作课程,1.0649195460993157,0.8519356368794526,26,否
首都经济贸易大学,CUEB-2025-145,2025级,管理工程学院,2025级培养方案模板,信管（商务智能）培养方案,JN0780,诚信与职业道德,诚信与职业道德,非技术性能力,金融风控、投资与合规,2.5,2,2,0,职业道德,培养目标直接出现“职业道德”；毕业要求直接出现“职业道德”,1.0710357731167517,2.677589432791879,12,否
首都经济贸易大学,CUEB-2025-145,2025级,管理工程学院,2025级培养方案模板,信管（商务智能）培养方案,JN0783,主动性,主动性,非技术性能力,表达沟通与通用办公协作,1.5,1,1,0,积极主动,毕业要求直接出现“积极主动”,4.218875824868201,6.3283137373023015,5,是
首都经济贸易大学,CUEB-2025-145,2025级,管理工程学院,2025级培养方案模板,信管（商务智能）培养方案,JN0790,创新能力,创新能力,非技术性能力,视觉设计与数字内容制作,2.5,2,2,0,创新意识；创新能力,培养目标直接出现“创新意识”；毕业要求直接出现“创新能力”,1.2895886507223624,3.223971626805906,9,是
首都经济贸易大学,CUEB-2025-145,2025级,管理工程学院,2025级培养方案模板,信管（商务智能）培养方案,JN0818,系统思维,系统思维,非技术性能力,表达沟通与通用办公协作,1.0,1,1,0,系统思维,培养目标直接出现“系统思维”,4.218875824868201,4.218875824868201,8,是
首都经济贸易大学,CUEB-2025-146,2025级,管理工程学院,安全工程（注安师）,安全工程（注安师）,JN0025,英语,英语,语言能力,供应链与物流管理,0.8,1,1,0,英语,课程名称直接出现唯一技能别名“英语”,1.0,0.8,23,否
首都经济贸易大学,CUEB-2025-146,2025级,管理工程学院,安全工程（注安师）,安全工程（注安师）,JN0028,项目管理,项目管理,方法、标准与流程,表达沟通与通用办公协作,3.3,3,2,1,项目管理；安全项目管理 / Safety Project Management,培养目标直接出现“项目管理”；毕业要求直接出现“项目管理”；项目管理课程,2.7635885922613586,9.119842354462483,5,是
首都经济贸易大学,CUEB-2025-146,2025级,管理工程学院,安全工程（注安师）,安全工程（注安师）,JN0030,AutoCAD,计算机辅助绘图软件（AutoCAD）,方法、标准与流程,机械设计与制造,0.8,1,1,0,autocad,课程名称直接出现唯一技能别名“autocad”,4.778491612803624,3.822793290242899,12,是
首都经济贸易大学,CUEB-2025-146,2025级,管理工程学院,安全工程（注安师）,安全工程（注安师）,JN0041,Python,Python（编程语言）,工具软件与技术平台,云计算、系统运维与DevOps,0.8,1,1,0,python,课程名称直接出现唯一技能别名“python”,1.5108256237659907,1.2086604990127927,20,否
首都经济贸易大学,CUEB-2025-146,2025级,管理工程学院,安全工程（注安师）,安全工程（注安师）,JN0062,机械设计,机械设计,方法、标准与流程,机械设计与制造,3.3,2,2,0,机械设计,核心课程直接出现“机械设计”；课程名称直接出现唯一技能别名“机械设计”,4.778491612803624,15.769022322251958,3,是
首都经济贸易大学,CUEB-2025-146,2025级,管理工程学院,安全工程（注安师）,安全工程（注安师）,JN0072,统计分析,统计分析,方法、标准与流程,人工智能与数据挖掘,0.8,1,1,0,统计分析,课程名称直接出现唯一技能别名“统计分析”,1.1880522315029396,0.9504417852023517,22,否
首都经济贸易大学,CUEB-2025-146,2025级,管理工程学院,安全工程（注安师）,安全工程（注安师）,JN0174,人工智能技术,人工智能技术,具体专业技能,人工智能与数据挖掘,4.1,3,3,0,人工智能；ai,核心课程直接出现“人工智能”；课程名称直接出现唯一技能别名“人工智能”；课程名称直接出现唯一技能别名“ai”,1.312755710003897,5.382298411015976,8,是
首都经济贸易大学,CUEB-2025-146,2025级,管理工程学院,安全工程（注安师）,安全工程（注安师）,JN0238,数据统计分析,数据统计分析,工具软件与技术平台,表达沟通与通用办公协作,0.8,1,1,0,数据统计分析,课程名称直接出现唯一技能别名“数据统计分析”,5.0661736852554045,4.052938948204324,9,是
首都经济贸易大学,CUEB-2025-146,2025级,管理工程学院,安全工程（注安师）,安全工程（注安师）,JN0258,法律法规知识,法律法规知识,方法、标准与流程,金融风控、投资与合规,0.8,1,0,1,安全生产法律法规,法规课程,2.139434283188365,1.711547426550692,17,否
首都经济贸易大学,CUEB-2025-146,2025级,管理工程学院,安全工程（注安师）,安全工程（注安师）,JN0288,课程设计,课程设计,方法、标准与流程,表达沟通与通用办公协作,3.3,2,2,0,课程设计,核心课程直接出现“课程设计”；课程名称直接出现唯一技能别名“课程设计”,4.085344432243678,13.481636626404137,4,是
首都经济贸易大学,CUEB-2025-146,2025级,管理工程学院,安全工程（注安师）,安全工程（注安师）,JN0397,数理统计,数理统计,工具软件与技术平台,人工智能与数据挖掘,3.3,2,2,0,数理统计,核心课程直接出现“数理统计”；课程名称直接出现唯一技能别名“数理统计”,1.2019413436636068,3.9664064340899023,10,是
首都经济贸易大学,CUEB-2025-146,2025级,管理工程学院,安全工程（注安师）,安全工程（注安师）,JN0430,知识图谱,知识图谱,方法、标准与流程,人工智能与数据挖掘,2.5,1,1,0,知识图谱,核心课程直接出现“知识图谱”,2.194494060371392,5.48623515092848,6,是
首都经济贸易大学,CUEB-2025-146,2025级,管理工程学院,安全工程（注安师）,安全工程（注安师）,JN0647,论文写作,论文写作,方法、标准与流程,表达沟通与通用办公协作,0.8,1,1,0,论文写作,课程名称直接出现唯一技能别名“论文写作”,1.4734380916943703,1.1787504733554963,21,否
首都经济贸易大学,CUEB-2025-146,2025级,管理工程学院,安全工程（注安师）,安全工程（注安师）,JN0688,安全生产,安全生产,专业知识与行业经验,安全环保与职业健康,6.6,5,5,0,安全管理；安全生产,培养目标直接出现“安全管理”；毕业要求直接出现“安全管理”；核心课程直接出现“安全生产”；课程名称直接出现唯一技能别名“安全管理”；课程名称直接出现唯一技能别名“安全生产”,4.778491612803624,31.538044644503916,1,是
首都经济贸易大学,CUEB-2025-146,2025级,管理工程学院,安全工程（注安师）,安全工程（注安师）,JN0690,风险管理,风险管理,专业知识与行业经验,金融风控、投资与合规,0.8,1,1,0,风险管理,课程名称直接出现唯一技能别名“风险管理”,1.916290731874155,1.533032585499324,18,否
首都经济贸易大学,CUEB-2025-146,2025级,管理工程学院,安全工程（注安师）,安全工程（注安师）,JN0703,职业健康,职业健康,专业知识与行业经验,安全环保与职业健康,4.3,3,3,0,职业卫生,培养目标直接出现“职业卫生”；核心课程直接出现“职业卫生”；课程名称直接出现唯一技能别名“职业卫生”,4.778491612803624,20.54751393505558,2,是
首都经济贸易大学,CUEB-2025-146,2025级,管理工程学院,安全工程（注安师）,安全工程（注安师）,JN0706,消防安全,消防安全,专业知识与行业经验,安全环保与职业健康,0.8,1,1,0,应急管理,课程名称直接出现唯一技能别名“应急管理”,4.218875824868201,3.375100659894561,13,是
首都经济贸易大学,CUEB-2025-146,2025级,管理工程学院,安全工程（注安师）,安全工程（注安师）,JN0753,注册安全工程师,注册安全工程师,证书与资质,安全环保与职业健康,1.0,1,1,0,注册安全工程师,培养目标直接出现“注册安全工程师”,5.471638793363569,5.471638793363569,7,否
首都经济贸易大学,CUEB-2025-146,2025级,管理工程学院,安全工程（注安师）,安全工程（注安师）,JN0771,团队合作,团队合作,非技术性能力,表达沟通与通用办公协作,1.0,1,1,0,协作能力,培养目标直接出现“协作能力”,1.4111957828171493,1.4111957828171493,19,否
首都经济贸易大学,CUEB-2025-146,2025级,管理工程学院,安全工程（注安师）,安全工程（注安师）,JN0775,学习能力,学习能力,非技术性能力,表达沟通与通用办公协作,1.0,1,1,0,学习能力,培养目标直接出现“学习能力”,1.7221347174331973,1.7221347174331973,16,否
首都经济贸易大学,CUEB-2025-146,2025级,管理工程学院,安全工程（注安师）,安全工程（注安师）,JN0780,诚信与职业道德,诚信与职业道德,非技术性能力,金融风控、投资与合规,2.5,2,2,0,职业道德,培养目标直接出现“职业道德”；毕业要求直接出现“职业道德”,1.0710357731167517,2.677589432791879,15,否
首都经济贸易大学,CUEB-2025-146,2025级,管理工程学院,安全工程（注安师）,安全工程（注安师）,JN0786,管理能力,管理能力,非技术性能力,组织协调与商业执行,1.0,1,1,0,管理能力,培养目标直接出现“管理能力”,2.730798769438368,2.730798769438368,14,否
首都经济贸易大学,CUEB-2025-146,2025级,管理工程学院,安全工程（注安师）,安全工程（注安师）,JN0830,批判性思维,批判性思维,非技术性能力,表达沟通与通用办公协作,1.5,1,1,0,批判性思维,毕业要求直接出现“批判性思维”,2.638425449307353,3.9576381739610293,11,是
首都经济贸易大学,CUEB-2025-147,2025级,管理工程学院,工业工程,工业工程,JN0009,物流管理,物流管理,职业职能与业务活动,供应链与物流管理,1.6,2,0,2,智慧物流系统与设施规划 / Intelligent Logistics System and Facility Planning；智慧物流系统与设施规划课程设计 / Course Project of Intelligent Logistics System and Facility Planning,物流课程,4.778491612803624,7.645586580485798,2,是
首都经济贸易大学,CUEB-2025-147,2025级,管理工程学院,工业工程,工业工程,JN0025,英语,英语,语言能力,供应链与物流管理,2.3,2,2,0,英语,毕业要求直接出现“英语”；课程名称直接出现唯一技能别名“英语”,1.0,2.3,16,是
首都经济贸易大学,CUEB-2025-147,2025级,管理工程学院,工业工程,工业工程,JN0026,数据分析,数据分析,工具软件与技术平台,人工智能与数据挖掘,3.3,2,2,0,数据分析,核心课程直接出现“数据分析”；课程名称直接出现唯一技能别名“数据分析”,1.5798184952529422,5.213401034334709,6,是
首都经济贸易大学,CUEB-2025-147,2025级,管理工程学院,工业工程,工业工程,JN0028,项目管理,项目管理,方法、标准与流程,表达沟通与通用办公协作,0.8,1,0,1,工程项目管理（双语） /  Project Management（Bilingual）,项目管理课程,2.7635885922613586,2.2108708738090868,18,否
首都经济贸易大学,CUEB-2025-147,2025级,管理工程学院,工业工程,工业工程,JN0035,质量管理,质量管理,方法、标准与流程,质量管理与持续改进,4.8,3,3,0,质量管理,毕业要求直接出现“质量管理”；核心课程直接出现“质量管理”；课程名称直接出现唯一技能别名“质量管理”,4.218875824868201,20.250603959367364,1,是
首都经济贸易大学,CUEB-2025-147,2025级,管理工程学院,工业工程,工业工程,JN0041,Python,Python（编程语言）,工具软件与技术平台,云计算、系统运维与DevOps,4.1,3,3,0,Python编程；python；python编程,核心课程直接出现“Python编程”；课程名称直接出现唯一技能别名“python”；课程名称直接出现唯一技能别名“python编程”,1.5108256237659907,6.194385057440561,4,是
首都经济贸易大学,CUEB-2025-147,2025级,管理工程学院,工业工程,工业工程,JN0136,成本管理,成本管理,方法、标准与流程,财务会计与税务管理,0.8,1,1,0,成本管理,课程名称直接出现唯一技能别名“成本管理”,2.9867321435755683,2.3893857148604547,15,是
首都经济贸易大学,CUEB-2025-147,2025级,管理工程学院,工业工程,工业工程,JN0174,人工智能技术,人工智能技术,具体专业技能,人工智能与数据挖掘,1.6,2,2,0,人工智能；ai,课程名称直接出现唯一技能别名“人工智能”；课程名称直接出现唯一技能别名“ai”,1.312755710003897,2.100409136006235,19,否
首都经济贸易大学,CUEB-2025-147,2025级,管理工程学院,工业工程,工业工程,JN0185,供应链管理,供应链管理,方法、标准与流程,供应链与物流管理,0.8,1,0,1,供应链优化技术 / Supply Chain Optimization Technique,供应链课程,2.79749014393704,2.237992115149632,17,否
首都经济贸易大学,CUEB-2025-147,2025级,管理工程学院,工业工程,工业工程,JN0205,精益生产,精益生产,方法、标准与流程,质量管理与持续改进,0.8,1,1,0,lean,课程名称直接出现唯一技能别名“lean”,4.778491612803624,3.822793290242899,8,是
首都经济贸易大学,CUEB-2025-147,2025级,管理工程学院,工业工程,工业工程,JN0288,课程设计,课程设计,方法、标准与流程,表达沟通与通用办公协作,0.8,1,1,0,课程设计,课程名称直接出现唯一技能别名“课程设计”,4.085344432243678,3.2682755457949426,10,是
首都经济贸易大学,CUEB-2025-147,2025级,管理工程学院,工业工程,工业工程,JN0397,数理统计,数理统计,工具软件与技术平台,人工智能与数据挖掘,0.8,1,1,0,数理统计,课程名称直接出现唯一技能别名“数理统计”,1.2019413436636068,0.9615530749308855,22,否
首都经济贸易大学,CUEB-2025-147,2025级,管理工程学院,工业工程,工业工程,JN0430,知识图谱,知识图谱,方法、标准与流程,人工智能与数据挖掘,2.5,1,1,0,知识图谱,核心课程直接出现“知识图谱”,2.194494060371392,5.48623515092848,5,是
首都经济贸易大学,CUEB-2025-147,2025级,管理工程学院,工业工程,工业工程,JN0690,风险管理,风险管理,专业知识与行业经验,金融风控、投资与合规,0.8,1,1,0,风险管理,课程名称直接出现唯一技能别名“风险管理”,1.916290731874155,1.533032585499324,21,否
首都经济贸易大学,CUEB-2025-147,2025级,管理工程学院,工业工程,工业工程,JN0771,团队合作,团队合作,非技术性能力,表达沟通与通用办公协作,2.5,2,2,0,协作能力；协作意识,培养目标直接出现“协作能力”；毕业要求直接出现“协作意识”,1.4111957828171493,3.527989457042873,9,是
首都经济贸易大学,CUEB-2025-147,2025级,管理工程学院,工业工程,工业工程,JN0774,表达能力,表达能力,非技术性能力,表达沟通与通用办公协作,1.5,1,1,0,表达能力,毕业要求直接出现“表达能力”,1.7703368192510753,2.655505228876613,12,否
首都经济贸易大学,CUEB-2025-147,2025级,管理工程学院,工业工程,工业工程,JN0775,学习能力,学习能力,非技术性能力,表达沟通与通用办公协作,1.5,1,1,0,自主学习能力,毕业要求直接出现“自主学习能力”,1.7221347174331973,2.583202076149796,13,否
首都经济贸易大学,CUEB-2025-147,2025级,管理工程学院,工业工程,工业工程,JN0779,书面表达,书面表达,非技术性能力,表达沟通与通用办公协作,2.3,2,1,1,写作能力；应用写作 / Practical Writing,毕业要求直接出现“写作能力”；写作课程,1.0649195460993157,2.449314956028426,14,否
首都经济贸易大学,CUEB-2025-147,2025级,管理工程学院,工业工程,工业工程,JN0780,诚信与职业道德,诚信与职业道德,非技术性能力,金融风控、投资与合规,1.5,1,1,0,敬业精神,毕业要求直接出现“敬业精神”,1.0710357731167517,1.6065536596751275,20,否
首都经济贸易大学,CUEB-2025-147,2025级,管理工程学院,工业工程,工业工程,JN0790,创新能力,创新能力,非技术性能力,视觉设计与数字内容制作,2.5,2,2,0,创新能力,培养目标直接出现“创新能力”；毕业要求直接出现“创新能力”,1.2895886507223624,3.223971626805906,11,否
首都经济贸易大学,CUEB-2025-147,2025级,管理工程学院,工业工程,工业工程,JN0818,系统思维,系统思维,非技术性能力,表达沟通与通用办公协作,1.0,1,1,0,系统思维,培养目标直接出现“系统思维”,4.218875824868201,4.218875824868201,7,是
首都经济贸易大学,CUEB-2025-147,2025级,管理工程学院,工业工程,工业工程,JN0830,批判性思维,批判性思维,非技术性能力,表达沟通与通用办公协作,2.5,2,2,0,批判性思维,培养目标直接出现“批判性思维”；毕业要求直接出现“批判性思维”,2.638425449307353,6.596063623268382,3,是
首都经济贸易大学,CUEB-2025-148,2025级,管理工程学院,数据科学与大数据技术（信息技术）,数据科学与大数据技术（信息技术）,JN0025,英语,英语,语言能力,供应链与物流管理,0.8,1,1,0,英语,课程名称直接出现唯一技能别名“英语”,1.0,0.8,34,否
首都经济贸易大学,CUEB-2025-148,2025级,管理工程学院,数据科学与大数据技术（信息技术）,数据科学与大数据技术（信息技术）,JN0026,数据分析,数据分析,工具软件与技术平台,人工智能与数据挖掘,3.3,3,3,0,数据分析,培养目标直接出现“数据分析”；毕业要求直接出现“数据分析”；课程名称直接出现唯一技能别名“数据分析”,1.5798184952529422,5.213401034334709,12,是
首都经济贸易大学,CUEB-2025-148,2025级,管理工程学院,数据科学与大数据技术（信息技术）,数据科学与大数据技术（信息技术）,JN0027,Java,Java（编程语言）,工具软件与技术平台,Java后端开发与中间件,3.3,2,2,0,Java；java,核心课程直接出现“Java”；课程名称直接出现唯一技能别名“java”,3.5257286443082556,11.634904526217243,3,是
首都经济贸易大学,CUEB-2025-148,2025级,管理工程学院,数据科学与大数据技术（信息技术）,数据科学与大数据技术（信息技术）,JN0041,Python,Python（编程语言）,工具软件与技术平台,云计算、系统运维与DevOps,3.3,2,2,0,Python；python,核心课程直接出现“Python”；课程名称直接出现唯一技能别名“python”,1.5108256237659907,4.985724558427769,14,否
首都经济贸易大学,CUEB-2025-148,2025级,管理工程学院,数据科学与大数据技术（信息技术）,数据科学与大数据技术（信息技术）,JN0072,统计分析,统计分析,方法、标准与流程,人工智能与数据挖掘,3.4000000000000004,4,1,3,统计分析；回归分析 Regression Analysis；抽样技术与应用  / Sampling technique and Application；时间序列分析 / Time Series,培养目标直接出现“统计分析”；统计方法课程,1.1880522315029396,4.039377587109995,17,否
首都经济贸易大学,CUEB-2025-148,2025级,管理工程学院,数据科学与大数据技术（信息技术）,数据科学与大数据技术（信息技术）,JN0076,数据处理,数据处理,具体专业技能,大数据工程与数据仓库,2.3,2,1,1,数据处理；大数据预处理 / Big Data Preprocessing,毕业要求直接出现“数据处理”；数据处理课程,2.5812670354674037,5.936914181575028,10,是
首都经济贸易大学,CUEB-2025-148,2025级,管理工程学院,数据科学与大数据技术（信息技术）,数据科学与大数据技术（信息技术）,JN0104,C语言,C语言（编程语言）,工具软件与技术平台,嵌入式与电子硬件开发,0.8,1,1,0,c语言,课程名称直接出现唯一技能别名“c语言”,3.169053700369523,2.535242960295619,29,否
首都经济贸易大学,CUEB-2025-148,2025级,管理工程学院,数据科学与大数据技术（信息技术）,数据科学与大数据技术（信息技术）,JN0110,Hadoop,Hadoop（开发框架）,工具软件与技术平台,大数据工程与数据仓库,0.8,1,1,0,hadoop,课程名称直接出现唯一技能别名“hadoop”,4.555348061489413,3.6442784491915305,18,否
首都经济贸易大学,CUEB-2025-148,2025级,管理工程学院,数据科学与大数据技术（信息技术）,数据科学与大数据技术（信息技术）,JN0143,机器学习,机器学习,方法、标准与流程,人工智能与数据挖掘,3.3,2,2,0,机器学习,核心课程直接出现“机器学习”；课程名称直接出现唯一技能别名“机器学习”,2.3361445774344194,7.709277105533584,8,是
首都经济贸易大学,CUEB-2025-148,2025级,管理工程学院,数据科学与大数据技术（信息技术）,数据科学与大数据技术（信息技术）,JN0145,数据挖掘,数据挖掘,工具软件与技术平台,人工智能与数据挖掘,4.3,3,3,0,数据挖掘,培养目标直接出现“数据挖掘”；核心课程直接出现“数据挖掘”；课程名称直接出现唯一技能别名“数据挖掘”,2.4271163556401456,10.436600329252625,5,是
首都经济贸易大学,CUEB-2025-148,2025级,管理工程学院,数据科学与大数据技术（信息技术）,数据科学与大数据技术（信息技术）,JN0174,人工智能技术,人工智能技术,具体专业技能,人工智能与数据挖掘,5.1,4,4,0,人工智能；ai,培养目标直接出现“人工智能”；核心课程直接出现“人工智能”；课程名称直接出现唯一技能别名“人工智能”；课程名称直接出现唯一技能别名“ai”,1.312755710003897,6.695054121019874,9,是
首都经济贸易大学,CUEB-2025-148,2025级,管理工程学院,数据科学与大数据技术（信息技术）,数据科学与大数据技术（信息技术）,JN0184,数据仓库,数据仓库,工具软件与技术平台,大数据工程与数据仓库,3.3,2,2,0,数据仓库,核心课程直接出现“数据仓库”；课程名称直接出现唯一技能别名“数据仓库”,3.9675613965872945,13.092952608738072,1,是
首都经济贸易大学,CUEB-2025-148,2025级,管理工程学院,数据科学与大数据技术（信息技术）,数据科学与大数据技术（信息技术）,JN0211,数据结构与算法,数据结构与算法,方法、标准与流程,网络通信与软件开发基础,0.8,1,0,1,数据结构 / Data Structure,数据结构课程,2.79749014393704,2.237992115149632,31,否
首都经济贸易大学,CUEB-2025-148,2025级,管理工程学院,数据科学与大数据技术（信息技术）,数据科学与大数据技术（信息技术）,JN0222,面向对象编程,面向对象编程,方法、标准与流程,Web前端开发,3.3,2,2,0,面向对象程序设计,核心课程直接出现“面向对象程序设计”；课程名称直接出现唯一技能别名“面向对象程序设计”,3.2744142160273495,10.805566912890253,4,是
首都经济贸易大学,CUEB-2025-148,2025级,管理工程学院,数据科学与大数据技术（信息技术）,数据科学与大数据技术（信息技术）,JN0250,跨文化沟通,跨文化沟通,语言能力,供应链与物流管理,1.5,1,1,0,跨文化沟通,毕业要求直接出现“跨文化沟通”,2.730798769438368,4.096198154157552,16,否
首都经济贸易大学,CUEB-2025-148,2025级,管理工程学院,数据科学与大数据技术（信息技术）,数据科学与大数据技术（信息技术）,JN0279,自然语言处理,自然语言处理,方法、标准与流程,人工智能与数据挖掘,0.8,1,1,0,自然语言处理,课程名称直接出现唯一技能别名“自然语言处理”,3.5257286443082556,2.8205829154466047,23,否
首都经济贸易大学,CUEB-2025-148,2025级,管理工程学院,数据科学与大数据技术（信息技术）,数据科学与大数据技术（信息技术）,JN0397,数理统计,数理统计,工具软件与技术平台,人工智能与数据挖掘,2.5,2,2,0,数理统计,培养目标直接出现“数理统计”；毕业要求直接出现“数理统计”,1.2019413436636068,3.004853359159017,22,否
首都经济贸易大学,CUEB-2025-148,2025级,管理工程学院,数据科学与大数据技术（信息技术）,数据科学与大数据技术（信息技术）,JN0413,算法建模,算法建模,方法、标准与流程,人工智能与数据挖掘,0.8,1,0,1,数据科学算法 / Algorithm in Data Science,算法课程,3.331572629867298,2.6652581038938385,26,否
首都经济贸易大学,CUEB-2025-148,2025级,管理工程学院,数据科学与大数据技术（信息技术）,数据科学与大数据技术（信息技术）,JN0430,知识图谱,知识图谱,方法、标准与流程,人工智能与数据挖掘,2.5,1,1,0,知识图谱,核心课程直接出现“知识图谱”,2.194494060371392,5.48623515092848,11,是
首都经济贸易大学,CUEB-2025-148,2025级,管理工程学院,数据科学与大数据技术（信息技术）,数据科学与大数据技术（信息技术）,JN0540,预测模型,预测模型,方法、标准与流程,人工智能与数据挖掘,0.8,1,0,1,统计预测与决策（双语）Statistical Prediction and Decision （Bilingual）,预测方法课程,3.169053700369523,2.535242960295619,30,否
首都经济贸易大学,CUEB-2025-148,2025级,管理工程学院,数据科学与大数据技术（信息技术）,数据科学与大数据技术（信息技术）,JN0584,时间序列,时间序列,方法、标准与流程,人工智能与数据挖掘,3.3,2,2,0,时间序列,核心课程直接出现“时间序列”；课程名称直接出现唯一技能别名“时间序列”,2.8689491079191853,9.467532056133312,6,是
首都经济贸易大学,CUEB-2025-148,2025级,管理工程学院,数据科学与大数据技术（信息技术）,数据科学与大数据技术（信息技术）,JN0686,数据库技术,数据库技术,专业知识与行业经验,Java后端开发与中间件,5.1,4,4,0,数据库；数据库原理,培养目标直接出现“数据库”；核心课程直接出现“数据库原理”；课程名称直接出现唯一技能别名“数据库”；课程名称直接出现唯一技能别名“数据库原理”,2.3361445774344194,11.914337344915538,2,是
首都经济贸易大学,CUEB-2025-148,2025级,管理工程学院,数据科学与大数据技术（信息技术）,数据科学与大数据技术（信息技术）,JN0687,操作系统,操作系统,专业知识与行业经验,网络通信与软件开发基础,0.8,1,1,0,操作系统,课程名称直接出现唯一技能别名“操作系统”,3.9675613965872945,3.1740491172698357,21,否
首都经济贸易大学,CUEB-2025-148,2025级,管理工程学院,数据科学与大数据技术（信息技术）,数据科学与大数据技术（信息技术）,JN0770,沟通能力,沟通能力,非技术性能力,组织协调与商业执行,1.5,1,1,0,沟通能力,毕业要求直接出现“沟通能力”,1.7953381214564925,2.693007182184739,24,否
首都经济贸易大学,CUEB-2025-148,2025级,管理工程学院,数据科学与大数据技术（信息技术）,数据科学与大数据技术（信息技术）,JN0771,团队合作,团队合作,非技术性能力,表达沟通与通用办公协作,2.5,2,2,0,团队合作,培养目标直接出现“团队合作”；毕业要求直接出现“团队合作”,1.4111957828171493,3.527989457042873,19,否
首都经济贸易大学,CUEB-2025-148,2025级,管理工程学院,数据科学与大数据技术（信息技术）,数据科学与大数据技术（信息技术）,JN0772,责任心,责任心,非技术性能力,表达沟通与通用办公协作,1.5,1,1,0,责任心,毕业要求直接出现“责任心”,3.456735772821304,5.185103659231956,13,否
首都经济贸易大学,CUEB-2025-148,2025级,管理工程学院,数据科学与大数据技术（信息技术）,数据科学与大数据技术（信息技术）,JN0773,组织协调,组织协调,非技术性能力,组织协调与商业执行,1.5,1,1,0,组织协调能力,毕业要求直接出现“组织协调能力”,2.83258146374831,4.248872195622465,15,否
首都经济贸易大学,CUEB-2025-148,2025级,管理工程学院,数据科学与大数据技术（信息技术）,数据科学与大数据技术（信息技术）,JN0774,表达能力,表达能力,非技术性能力,表达沟通与通用办公协作,1.5,1,1,0,表达能力,毕业要求直接出现“表达能力”,1.7703368192510753,2.655505228876613,27,否
首都经济贸易大学,CUEB-2025-148,2025级,管理工程学院,数据科学与大数据技术（信息技术）,数据科学与大数据技术（信息技术）,JN0775,学习能力,学习能力,非技术性能力,表达沟通与通用办公协作,1.5,1,1,0,自主学习能力,毕业要求直接出现“自主学习能力”,1.7221347174331973,2.583202076149796,28,否
首都经济贸易大学,CUEB-2025-148,2025级,管理工程学院,数据科学与大数据技术（信息技术）,数据科学与大数据技术（信息技术）,JN0779,书面表达,书面表达,非技术性能力,表达沟通与通用办公协作,0.8,1,0,1,应用写作 / Practical Writing,写作课程,1.0649195460993157,0.8519356368794526,33,否
首都经济贸易大学,CUEB-2025-148,2025级,管理工程学院,数据科学与大数据技术（信息技术）,数据科学与大数据技术（信息技术）,JN0780,诚信与职业道德,诚信与职业道德,非技术性能力,金融风控、投资与合规,2.5,2,2,0,职业道德；敬业精神,培养目标直接出现“职业道德”；毕业要求直接出现“敬业精神”,1.0710357731167517,2.677589432791879,25,否
首都经济贸易大学,CUEB-2025-148,2025级,管理工程学院,数据科学与大数据技术（信息技术）,数据科学与大数据技术（信息技术）,JN0785,分析判断,分析判断,非技术性能力,组织协调与商业执行,1.0,1,1,0,分析能力,培养目标直接出现“分析能力”,2.121734706088964,2.121734706088964,32,否
首都经济贸易大学,CUEB-2025-148,2025级,管理工程学院,数据科学与大数据技术（信息技术）,数据科学与大数据技术（信息技术）,JN0790,创新能力,创新能力,非技术性能力,视觉设计与数字内容制作,2.5,2,2,0,创新能力,培养目标直接出现“创新能力”；毕业要求直接出现“创新能力”,1.2895886507223624,3.223971626805906,20,否
首都经济贸易大学,CUEB-2025-148,2025级,管理工程学院,数据科学与大数据技术（信息技术）,数据科学与大数据技术（信息技术）,JN0810,客户沟通,客户沟通,非技术性能力,组织协调与商业执行,1.5,1,1,0,客户沟通,毕业要求直接出现“客户沟通”,5.471638793363569,8.207458190045354,7,是
首都经济贸易大学,CUEB-2025-149,2025级,财政税务学院,税收学（税务师）,税收学（税务师）,JN0002,预算,预算,职业职能与业务活动,财务会计与税务管理,3.3,2,2,0,预算,核心课程直接出现“预算”；课程名称直接出现唯一技能别名“预算”,3.8622008809294686,12.745262907067245,1,是
首都经济贸易大学,CUEB-2025-149,2025级,财政税务学院,税收学（税务师）,税收学（税务师）,JN0025,英语,英语,语言能力,供应链与物流管理,2.3,2,2,0,英语,毕业要求直接出现“英语”；课程名称直接出现唯一技能别名“英语”,1.0,2.3,16,否
首都经济贸易大学,CUEB-2025-149,2025级,财政税务学院,税收学（税务师）,税收学（税务师）,JN0026,数据分析,数据分析,工具软件与技术平台,人工智能与数据挖掘,1.5,1,1,0,数据分析能力,毕业要求直接出现“数据分析能力”,1.5798184952529422,2.3697277428794132,15,否
首都经济贸易大学,CUEB-2025-149,2025级,财政税务学院,税收学（税务师）,税收学（税务师）,JN0072,统计分析,统计分析,方法、标准与流程,人工智能与数据挖掘,0.8,1,0,1,统计学 / Statistics,统计方法课程,1.1880522315029396,0.9504417852023517,21,否
首都经济贸易大学,CUEB-2025-149,2025级,财政税务学院,税收学（税务师）,税收学（税务师）,JN0109,会计核算,会计核算,方法、标准与流程,财务会计与税务管理,2.4000000000000004,3,0,3,会计学基础 / Accounting Fundamentals；财务会计学 / Financial Accounting；高级财务会计 / Advanced Financial Accounting,会计课程,1.2895886507223624,3.09501276173367,8,是
首都经济贸易大学,CUEB-2025-149,2025级,财政税务学院,税收学（税务师）,税收学（税务师）,JN0136,成本管理,成本管理,方法、标准与流程,财务会计与税务管理,0.8,1,1,0,成本管理,课程名称直接出现唯一技能别名“成本管理”,2.9867321435755683,2.3893857148604547,14,是
首都经济贸易大学,CUEB-2025-149,2025级,财政税务学院,税收学（税务师）,税收学（税务师）,JN0174,人工智能技术,人工智能技术,具体专业技能,人工智能与数据挖掘,4.1,4,4,0,人工智能；ai,培养目标直接出现“人工智能”；毕业要求直接出现“人工智能”；课程名称直接出现唯一技能别名“人工智能”；课程名称直接出现唯一技能别名“ai”,1.312755710003897,5.382298411015976,5,是
首都经济贸易大学,CUEB-2025-149,2025级,财政税务学院,税收学（税务师）,税收学（税务师）,JN0250,跨文化沟通,跨文化沟通,语言能力,供应链与物流管理,1.0,1,1,0,跨文化沟通,培养目标直接出现“跨文化沟通”,2.730798769438368,2.730798769438368,10,是
首都经济贸易大学,CUEB-2025-149,2025级,财政税务学院,税收学（税务师）,税收学（税务师）,JN0397,数理统计,数理统计,工具软件与技术平台,人工智能与数据挖掘,0.8,1,1,0,数理统计,课程名称直接出现唯一技能别名“数理统计”,1.2019413436636068,0.9615530749308855,20,否
首都经济贸易大学,CUEB-2025-149,2025级,财政税务学院,税收学（税务师）,税收学（税务师）,JN0538,AI工具应用,人工智能工具应用（AI工具应用）,具体专业技能,人工智能与数据挖掘,1.5,1,1,0,AI工具,毕业要求直接出现“AI工具”,3.6798793241355137,5.519818986203271,3,是
首都经济贸易大学,CUEB-2025-149,2025级,财政税务学院,税收学（税务师）,税收学（税务师）,JN0647,论文写作,论文写作,方法、标准与流程,表达沟通与通用办公协作,3.3,2,2,0,论文写作,核心课程直接出现“论文写作”；课程名称直接出现唯一技能别名“论文写作”,1.4734380916943703,4.862345702591422,7,是
首都经济贸易大学,CUEB-2025-149,2025级,财政税务学院,税收学（税务师）,税收学（税务师）,JN0690,风险管理,风险管理,专业知识与行业经验,金融风控、投资与合规,4.3,3,3,0,风险控制；风险管理,培养目标直接出现“风险控制”；核心课程直接出现“风险管理”；课程名称直接出现唯一技能别名“风险管理”,1.916290731874155,8.240050147058867,2,是
首都经济贸易大学,CUEB-2025-149,2025级,财政税务学院,税收学（税务师）,税收学（税务师）,JN0691,财务管理,财务管理,专业知识与行业经验,财务会计与税务管理,3.3,2,2,0,财务管理,核心课程直接出现“财务管理”；课程名称直接出现唯一技能别名“财务管理”,1.664976303593249,5.4944218018577216,4,是
首都经济贸易大学,CUEB-2025-149,2025级,财政税务学院,税收学（税务师）,税收学（税务师）,JN0770,沟通能力,沟通能力,非技术性能力,组织协调与商业执行,1.0,1,1,0,沟通能力,培养目标直接出现“沟通能力”,1.7953381214564925,1.7953381214564925,18,否
首都经济贸易大学,CUEB-2025-149,2025级,财政税务学院,税收学（税务师）,税收学（税务师）,JN0771,团队合作,团队合作,非技术性能力,表达沟通与通用办公协作,1.5,1,1,0,团队合作,毕业要求直接出现“团队合作”,1.4111957828171493,2.116793674225724,17,否
首都经济贸易大学,CUEB-2025-149,2025级,财政税务学院,税收学（税务师）,税收学（税务师）,JN0774,表达能力,表达能力,非技术性能力,表达沟通与通用办公协作,1.5,1,1,0,表达能力,毕业要求直接出现“表达能力”,1.7703368192510753,2.655505228876613,12,否
首都经济贸易大学,CUEB-2025-149,2025级,财政税务学院,税收学（税务师）,税收学（税务师）,JN0775,学习能力,学习能力,非技术性能力,表达沟通与通用办公协作,1.5,1,1,0,自主学习能力,毕业要求直接出现“自主学习能力”,1.7221347174331973,2.583202076149796,13,否
首都经济贸易大学,CUEB-2025-149,2025级,财政税务学院,税收学（税务师）,税收学（税务师）,JN0779,书面表达,书面表达,非技术性能力,表达沟通与通用办公协作,0.8,1,0,1,应用写作 /  Practical Writing,写作课程,1.0649195460993157,0.8519356368794526,22,否
首都经济贸易大学,CUEB-2025-149,2025级,财政税务学院,税收学（税务师）,税收学（税务师）,JN0780,诚信与职业道德,诚信与职业道德,非技术性能力,金融风控、投资与合规,2.5,2,2,0,职业道德,培养目标直接出现“职业道德”；毕业要求直接出现“职业道德”,1.0710357731167517,2.677589432791879,11,是
首都经济贸易大学,CUEB-2025-149,2025级,财政税务学院,税收学（税务师）,税收学（税务师）,JN0785,分析判断,分析判断,非技术性能力,组织协调与商业执行,2.5,2,2,0,综合分析能力；分析能力,培养目标直接出现“综合分析能力”；毕业要求直接出现“分析能力”,2.121734706088964,5.304336765222411,6,是
首都经济贸易大学,CUEB-2025-149,2025级,财政税务学院,税收学（税务师）,税收学（税务师）,JN0788,口头表达,口头表达,非技术性能力,表达沟通与通用办公协作,1.5,1,1,0,口头表达,毕业要求直接出现“口头表达”,1.9021060968821986,2.853159145323298,9,是
首都经济贸易大学,CUEB-2025-149,2025级,财政税务学院,税收学（税务师）,税收学（税务师）,JN0790,创新能力,创新能力,非技术性能力,视觉设计与数字内容制作,1.0,1,1,0,创新能力,培养目标直接出现“创新能力”,1.2895886507223624,1.2895886507223624,19,否
首都经济贸易大学,CUEB-2025-150,2025级,财政税务学院,财政学,财政学专业,JN0002,预算,预算,职业职能与业务活动,财务会计与税务管理,4.3,3,3,0,预算,培养目标直接出现“预算”；核心课程直接出现“预算”；课程名称直接出现唯一技能别名“预算”,3.8622008809294686,16.607463787996714,1,是
首都经济贸易大学,CUEB-2025-150,2025级,财政税务学院,财政学,财政学专业,JN0025,英语,英语,语言能力,供应链与物流管理,0.8,1,1,0,英语,课程名称直接出现唯一技能别名“英语”,1.0,0.8,20,否
首都经济贸易大学,CUEB-2025-150,2025级,财政税务学院,财政学,财政学专业,JN0026,数据分析,数据分析,工具软件与技术平台,人工智能与数据挖掘,2.5,2,2,0,数据分析,培养目标直接出现“数据分析”；毕业要求直接出现“数据分析”,1.5798184952529422,3.9495462381323554,8,是
首都经济贸易大学,CUEB-2025-150,2025级,财政税务学院,财政学,财政学专业,JN0072,统计分析,统计分析,方法、标准与流程,人工智能与数据挖掘,1.6,2,0,2,统计学原理 Principles of Statistics；计量经济学 Econometrics,统计方法课程,1.1880522315029396,1.9008835704047033,16,否
首都经济贸易大学,CUEB-2025-150,2025级,财政税务学院,财政学,财政学专业,JN0109,会计核算,会计核算,方法、标准与流程,财务会计与税务管理,1.6,2,0,2,会计学 Accounting；财务会计学 Financial Accounting,会计课程,1.2895886507223624,2.06334184115578,14,否
首都经济贸易大学,CUEB-2025-150,2025级,财政税务学院,财政学,财政学专业,JN0131,绩效管理,绩效管理,方法、标准与流程,人力资源与行政管理,1.0,1,1,0,绩效管理,培养目标直接出现“绩效管理”,3.8622008809294686,3.8622008809294686,9,是
首都经济贸易大学,CUEB-2025-150,2025级,财政税务学院,财政学,财政学专业,JN0174,人工智能技术,人工智能技术,具体专业技能,人工智能与数据挖掘,7.4,6,6,0,AI应用；人工智能；ai；ai应用,培养目标直接出现“AI应用”；毕业要求直接出现“人工智能”；核心课程直接出现“AI应用”；课程名称直接出现唯一技能别名“人工智能”；课程名称直接出现唯一技能别名“ai”；课程名称直接出现唯一技能别名“ai应用”,1.312755710003897,9.714392254028837,3,是
首都经济贸易大学,CUEB-2025-150,2025级,财政税务学院,财政学,财政学专业,JN0256,授课,授课,方法、标准与流程,表达沟通与通用办公协作,1.0,1,1,0,授课,培养目标直接出现“授课”,2.4759065198095778,2.4759065198095778,12,是
首都经济贸易大学,CUEB-2025-150,2025级,财政税务学院,财政学,财政学专业,JN0397,数理统计,数理统计,工具软件与技术平台,人工智能与数据挖掘,0.8,1,1,0,数理统计,课程名称直接出现唯一技能别名“数理统计”,1.2019413436636068,0.9615530749308855,18,否
首都经济贸易大学,CUEB-2025-150,2025级,财政税务学院,财政学,财政学专业,JN0430,知识图谱,知识图谱,方法、标准与流程,人工智能与数据挖掘,2.5,1,1,0,知识图谱,核心课程直接出现“知识图谱”,2.194494060371392,5.48623515092848,6,是
首都经济贸易大学,CUEB-2025-150,2025级,财政税务学院,财政学,财政学专业,JN0653,Stata,Stata（办公软件与通用数字工具）,方法、标准与流程,人工智能与数据挖掘,3.3,2,2,0,Stata；stata,核心课程直接出现“Stata”；课程名称直接出现唯一技能别名“stata”,3.8622008809294686,12.745262907067245,2,是
首都经济贸易大学,CUEB-2025-150,2025级,财政税务学院,财政学,财政学专业,JN0686,数据库技术,数据库技术,专业知识与行业经验,Java后端开发与中间件,4.1,3,3,0,数据库原理；数据库,核心课程直接出现“数据库原理”；课程名称直接出现唯一技能别名“数据库”；课程名称直接出现唯一技能别名“数据库原理”,2.3361445774344194,9.578192767481118,4,是
首都经济贸易大学,CUEB-2025-150,2025级,财政税务学院,财政学,财政学专业,JN0690,风险管理,风险管理,专业知识与行业经验,金融风控、投资与合规,1.0,1,1,0,风险控制,培养目标直接出现“风险控制”,1.916290731874155,1.916290731874155,15,否
首都经济贸易大学,CUEB-2025-150,2025级,财政税务学院,财政学,财政学专业,JN0691,财务管理,财务管理,专业知识与行业经验,财务会计与税务管理,5.1,4,3,1,财务管理；公司金融（双语） Corporate Finance （Bilingual）,培养目标直接出现“财务管理”；核心课程直接出现“财务管理”；课程名称直接出现唯一技能别名“财务管理”；财务管理课程,1.664976303593249,8.491379148325569,5,是
首都经济贸易大学,CUEB-2025-150,2025级,财政税务学院,财政学,财政学专业,JN0698,预算管理,预算管理,专业知识与行业经验,财务会计与税务管理,1.0,1,1,0,预算管理,培养目标直接出现“预算管理”,4.778491612803624,4.778491612803624,7,是
首都经济贸易大学,CUEB-2025-150,2025级,财政税务学院,财政学,财政学专业,JN0771,团队合作,团队合作,非技术性能力,表达沟通与通用办公协作,1.5,1,1,0,团队合作,毕业要求直接出现“团队合作”,1.4111957828171493,2.116793674225724,13,否
首都经济贸易大学,CUEB-2025-150,2025级,财政税务学院,财政学,财政学专业,JN0774,表达能力,表达能力,非技术性能力,表达沟通与通用办公协作,1.5,1,1,0,表达能力,毕业要求直接出现“表达能力”,1.7703368192510753,2.655505228876613,10,是
首都经济贸易大学,CUEB-2025-150,2025级,财政税务学院,财政学,财政学专业,JN0775,学习能力,学习能力,非技术性能力,表达沟通与通用办公协作,1.5,1,1,0,自主学习能力,毕业要求直接出现“自主学习能力”,1.7221347174331973,2.583202076149796,11,是
首都经济贸易大学,CUEB-2025-150,2025级,财政税务学院,财政学,财政学专业,JN0779,书面表达,书面表达,非技术性能力,表达沟通与通用办公协作,0.8,1,0,1,应用写作 Practical Writing,写作课程,1.0649195460993157,0.8519356368794526,19,否
首都经济贸易大学,CUEB-2025-150,2025级,财政税务学院,财政学,财政学专业,JN0780,诚信与职业道德,诚信与职业道德,非技术性能力,金融风控、投资与合规,1.5,1,1,0,职业道德,毕业要求直接出现“职业道德”,1.0710357731167517,1.6065536596751275,17,否
首都经济贸易大学,CUEB-2025-151,2025级,财政税务学院,财政学（实验班）,财政学专业（实验班）,JN0002,预算,预算,职业职能与业务活动,财务会计与税务管理,4.3,3,3,0,预算,培养目标直接出现“预算”；核心课程直接出现“预算”；课程名称直接出现唯一技能别名“预算”,3.8622008809294686,16.607463787996714,1,是
首都经济贸易大学,CUEB-2025-151,2025级,财政税务学院,财政学（实验班）,财政学专业（实验班）,JN0025,英语,英语,语言能力,供应链与物流管理,0.8,1,1,0,英语,课程名称直接出现唯一技能别名“英语”,1.0,0.8,22,否
首都经济贸易大学,CUEB-2025-151,2025级,财政税务学院,财政学（实验班）,财政学专业（实验班）,JN0026,数据分析,数据分析,工具软件与技术平台,人工智能与数据挖掘,2.5,2,2,0,数据分析,培养目标直接出现“数据分析”；毕业要求直接出现“数据分析”,1.5798184952529422,3.9495462381323554,8,是
首都经济贸易大学,CUEB-2025-151,2025级,财政税务学院,财政学（实验班）,财政学专业（实验班）,JN0072,统计分析,统计分析,方法、标准与流程,人工智能与数据挖掘,1.6,2,0,2,统计学原理 Principles of Statistics；计量经济学 Econometrics,统计方法课程,1.1880522315029396,1.9008835704047033,17,否
首都经济贸易大学,CUEB-2025-151,2025级,财政税务学院,财政学（实验班）,财政学专业（实验班）,JN0109,会计核算,会计核算,方法、标准与流程,财务会计与税务管理,1.6,2,0,2,会计学 Accounting；财务会计学 Financial Accounting,会计课程,1.2895886507223624,2.06334184115578,15,否
首都经济贸易大学,CUEB-2025-151,2025级,财政税务学院,财政学（实验班）,财政学专业（实验班）,JN0131,绩效管理,绩效管理,方法、标准与流程,人力资源与行政管理,1.0,1,1,0,绩效管理,培养目标直接出现“绩效管理”,3.8622008809294686,3.8622008809294686,9,是
首都经济贸易大学,CUEB-2025-151,2025级,财政税务学院,财政学（实验班）,财政学专业（实验班）,JN0174,人工智能技术,人工智能技术,具体专业技能,人工智能与数据挖掘,7.4,6,6,0,AI应用；人工智能；ai；ai应用,培养目标直接出现“AI应用”；毕业要求直接出现“人工智能”；核心课程直接出现“AI应用”；课程名称直接出现唯一技能别名“人工智能”；课程名称直接出现唯一技能别名“ai”；课程名称直接出现唯一技能别名“ai应用”,1.312755710003897,9.714392254028837,3,是
首都经济贸易大学,CUEB-2025-151,2025级,财政税务学院,财政学（实验班）,财政学专业（实验班）,JN0256,授课,授课,方法、标准与流程,表达沟通与通用办公协作,1.0,1,1,0,授课,培养目标直接出现“授课”,2.4759065198095778,2.4759065198095778,14,否
首都经济贸易大学,CUEB-2025-151,2025级,财政税务学院,财政学（实验班）,财政学专业（实验班）,JN0258,法律法规知识,法律法规知识,方法、标准与流程,金融风控、投资与合规,0.8,1,0,1,经济法 Economic Laws,法规课程,2.139434283188365,1.711547426550692,18,否
首都经济贸易大学,CUEB-2025-151,2025级,财政税务学院,财政学（实验班）,财政学专业（实验班）,JN0397,数理统计,数理统计,工具软件与技术平台,人工智能与数据挖掘,0.8,1,1,0,数理统计,课程名称直接出现唯一技能别名“数理统计”,1.2019413436636068,0.9615530749308855,20,否
首都经济贸易大学,CUEB-2025-151,2025级,财政税务学院,财政学（实验班）,财政学专业（实验班）,JN0407,教研,教研,方法、标准与流程,表达沟通与通用办公协作,1.0,1,1,0,教研,培养目标直接出现“教研”,5.0661736852554045,5.0661736852554045,6,是
首都经济贸易大学,CUEB-2025-151,2025级,财政税务学院,财政学（实验班）,财政学专业（实验班）,JN0430,知识图谱,知识图谱,方法、标准与流程,人工智能与数据挖掘,2.5,1,1,0,知识图谱,核心课程直接出现“知识图谱”,2.194494060371392,5.48623515092848,5,是
首都经济贸易大学,CUEB-2025-151,2025级,财政税务学院,财政学（实验班）,财政学专业（实验班）,JN0653,Stata,Stata（办公软件与通用数字工具）,方法、标准与流程,人工智能与数据挖掘,3.3,2,2,0,Stata；stata,核心课程直接出现“Stata”；课程名称直接出现唯一技能别名“stata”,3.8622008809294686,12.745262907067245,2,是
首都经济贸易大学,CUEB-2025-151,2025级,财政税务学院,财政学（实验班）,财政学专业（实验班）,JN0690,风险管理,风险管理,专业知识与行业经验,金融风控、投资与合规,1.0,1,1,0,风险控制,培养目标直接出现“风险控制”,1.916290731874155,1.916290731874155,16,否
首都经济贸易大学,CUEB-2025-151,2025级,财政税务学院,财政学（实验班）,财政学专业（实验班）,JN0691,财务管理,财务管理,专业知识与行业经验,财务会计与税务管理,4.3,3,3,0,财务管理,培养目标直接出现“财务管理”；核心课程直接出现“财务管理”；课程名称直接出现唯一技能别名“财务管理”,1.664976303593249,7.15939810545097,4,是
首都经济贸易大学,CUEB-2025-151,2025级,财政税务学院,财政学（实验班）,财政学专业（实验班）,JN0698,预算管理,预算管理,专业知识与行业经验,财务会计与税务管理,1.0,1,1,0,预算管理,培养目标直接出现“预算管理”,4.778491612803624,4.778491612803624,7,是
首都经济贸易大学,CUEB-2025-151,2025级,财政税务学院,财政学（实验班）,财政学专业（实验班）,JN0771,团队合作,团队合作,非技术性能力,表达沟通与通用办公协作,2.5,2,2,0,协作能力；团队合作,培养目标直接出现“协作能力”；毕业要求直接出现“团队合作”,1.4111957828171493,3.527989457042873,10,是
首都经济贸易大学,CUEB-2025-151,2025级,财政税务学院,财政学（实验班）,财政学专业（实验班）,JN0774,表达能力,表达能力,非技术性能力,表达沟通与通用办公协作,1.5,1,1,0,表达能力,毕业要求直接出现“表达能力”,1.7703368192510753,2.655505228876613,12,是
首都经济贸易大学,CUEB-2025-151,2025级,财政税务学院,财政学（实验班）,财政学专业（实验班）,JN0775,学习能力,学习能力,非技术性能力,表达沟通与通用办公协作,1.5,1,1,0,自主学习能力,毕业要求直接出现“自主学习能力”,1.7221347174331973,2.583202076149796,13,否
首都经济贸易大学,CUEB-2025-151,2025级,财政税务学院,财政学（实验班）,财政学专业（实验班）,JN0779,书面表达,书面表达,非技术性能力,表达沟通与通用办公协作,0.8,1,0,1,应用写作 Practical Writing,写作课程,1.0649195460993157,0.8519356368794526,21,否
首都经济贸易大学,CUEB-2025-151,2025级,财政税务学院,财政学（实验班）,财政学专业（实验班）,JN0780,诚信与职业道德,诚信与职业道德,非技术性能力,金融风控、投资与合规,1.5,1,1,0,职业道德,毕业要求直接出现“职业道德”,1.0710357731167517,1.6065536596751275,19,否
首都经济贸易大学,CUEB-2025-151,2025级,财政税务学院,财政学（实验班）,财政学专业（实验班）,JN0790,创新能力,创新能力,非技术性能力,视觉设计与数字内容制作,2.5,2,2,0,创新思维；创新能力,培养目标直接出现“创新思维”；毕业要求直接出现“创新能力”,1.2895886507223624,3.223971626805906,11,是
首都经济贸易大学,CUEB-2025-152,2025级,财政税务学院,资产评估（评估师）,资产评估（评估师）,JN0025,英语,英语,语言能力,供应链与物流管理,2.3,2,2,0,英语,毕业要求直接出现“英语”；课程名称直接出现唯一技能别名“英语”,1.0,2.3,17,是
首都经济贸易大学,CUEB-2025-152,2025级,财政税务学院,资产评估（评估师）,资产评估（评估师）,JN0026,数据分析,数据分析,工具软件与技术平台,人工智能与数据挖掘,1.5,1,1,0,数据分析,毕业要求直接出现“数据分析”,1.5798184952529422,2.3697277428794132,16,是
首都经济贸易大学,CUEB-2025-152,2025级,财政税务学院,资产评估（评估师）,资产评估（评估师）,JN0072,统计分析,统计分析,方法、标准与流程,人工智能与数据挖掘,1.6,2,0,2,统计学原理 Statistics Theory；计量经济学  /  Econometrics,统计方法课程,1.1880522315029396,1.9008835704047033,21,否
首都经济贸易大学,CUEB-2025-152,2025级,财政税务学院,资产评估（评估师）,资产评估（评估师）,JN0077,财务分析,财务分析,具体专业技能,财务会计与税务管理,3.3,2,2,0,财务分析,核心课程直接出现“财务分析”；课程名称直接出现唯一技能别名“财务分析”,3.120263536200091,10.2968696694603,1,是
首都经济贸易大学,CUEB-2025-152,2025级,财政税务学院,资产评估（评估师）,资产评估（评估师）,JN0109,会计核算,会计核算,方法、标准与流程,财务会计与税务管理,1.6,2,0,2,会计学基础 Basic Accounting；财务会计学 / Financial Accounting,会计课程,1.2895886507223624,2.06334184115578,19,否
首都经济贸易大学,CUEB-2025-152,2025级,财政税务学院,资产评估（评估师）,资产评估（评估师）,JN0143,机器学习,机器学习,方法、标准与流程,人工智能与数据挖掘,3.3,2,2,0,机器学习,核心课程直接出现“机器学习”；课程名称直接出现唯一技能别名“机器学习”,2.3361445774344194,7.709277105533584,4,是
首都经济贸易大学,CUEB-2025-152,2025级,财政税务学院,资产评估（评估师）,资产评估（评估师）,JN0174,人工智能技术,人工智能技术,具体专业技能,人工智能与数据挖掘,1.6,2,2,0,人工智能；ai,课程名称直接出现唯一技能别名“人工智能”；课程名称直接出现唯一技能别名“ai”,1.312755710003897,2.100409136006235,18,是
首都经济贸易大学,CUEB-2025-152,2025级,财政税务学院,资产评估（评估师）,资产评估（评估师）,JN0258,法律法规知识,法律法规知识,方法、标准与流程,金融风控、投资与合规,0.8,1,0,1,经济法 Economic Law,法规课程,2.139434283188365,1.711547426550692,23,否
首都经济贸易大学,CUEB-2025-152,2025级,财政税务学院,资产评估（评估师）,资产评估（评估师）,JN0365,文献检索,文献检索,方法、标准与流程,医药研发与药事管理,1.5,1,1,0,文献检索,毕业要求直接出现“文献检索”,3.2744142160273495,4.9116213240410245,7,是
首都经济贸易大学,CUEB-2025-152,2025级,财政税务学院,资产评估（评估师）,资产评估（评估师）,JN0397,数理统计,数理统计,工具软件与技术平台,人工智能与数据挖掘,0.8,1,1,0,数理统计,课程名称直接出现唯一技能别名“数理统计”,1.2019413436636068,0.9615530749308855,25,否
首都经济贸易大学,CUEB-2025-152,2025级,财政税务学院,资产评估（评估师）,资产评估（评估师）,JN0430,知识图谱,知识图谱,方法、标准与流程,人工智能与数据挖掘,2.5,1,1,0,知识图谱,核心课程直接出现“知识图谱”,2.194494060371392,5.48623515092848,6,是
首都经济贸易大学,CUEB-2025-152,2025级,财政税务学院,资产评估（评估师）,资产评估（评估师）,JN0686,数据库技术,数据库技术,专业知识与行业经验,Java后端开发与中间件,1.5,1,1,0,数据库,毕业要求直接出现“数据库”,2.3361445774344194,3.504216866151629,9,是
首都经济贸易大学,CUEB-2025-152,2025级,财政税务学院,资产评估（评估师）,资产评估（评估师）,JN0690,风险管理,风险管理,专业知识与行业经验,金融风控、投资与合规,0.8,1,1,0,风险管理,课程名称直接出现唯一技能别名“风险管理”,1.916290731874155,1.533032585499324,24,否
首都经济贸易大学,CUEB-2025-152,2025级,财政税务学院,资产评估（评估师）,资产评估（评估师）,JN0691,财务管理,财务管理,专业知识与行业经验,财务会计与税务管理,4.8,3,3,0,财务管理,毕业要求直接出现“财务管理”；核心课程直接出现“财务管理”；课程名称直接出现唯一技能别名“财务管理”,1.664976303593249,7.991886257247595,3,是
首都经济贸易大学,CUEB-2025-152,2025级,财政税务学院,资产评估（评估师）,资产评估（评估师）,JN0770,沟通能力,沟通能力,非技术性能力,组织协调与商业执行,1.0,1,1,0,沟通协调,培养目标直接出现“沟通协调”,1.7953381214564925,1.7953381214564925,22,否
首都经济贸易大学,CUEB-2025-152,2025级,财政税务学院,资产评估（评估师）,资产评估（评估师）,JN0771,团队合作,团队合作,非技术性能力,表达沟通与通用办公协作,2.5,2,2,0,团队合作；协作意识,培养目标直接出现“团队合作”；毕业要求直接出现“协作意识”,1.4111957828171493,3.527989457042873,8,是
首都经济贸易大学,CUEB-2025-152,2025级,财政税务学院,资产评估（评估师）,资产评估（评估师）,JN0773,组织协调,组织协调,非技术性能力,组织协调与商业执行,1.0,1,1,0,协调能力,培养目标直接出现“协调能力”,2.83258146374831,2.83258146374831,11,否
首都经济贸易大学,CUEB-2025-152,2025级,财政税务学院,资产评估（评估师）,资产评估（评估师）,JN0774,表达能力,表达能力,非技术性能力,表达沟通与通用办公协作,1.5,1,1,0,表达能力,毕业要求直接出现“表达能力”,1.7703368192510753,2.655505228876613,12,否
首都经济贸易大学,CUEB-2025-152,2025级,财政税务学院,资产评估（评估师）,资产评估（评估师）,JN0775,学习能力,学习能力,非技术性能力,表达沟通与通用办公协作,1.5,1,1,0,自主学习能力,毕业要求直接出现“自主学习能力”,1.7221347174331973,2.583202076149796,13,否
首都经济贸易大学,CUEB-2025-152,2025级,财政税务学院,资产评估（评估师）,资产评估（评估师）,JN0779,书面表达,书面表达,非技术性能力,表达沟通与通用办公协作,0.8,1,0,1,应用写作 / Practical Writing,写作课程,1.0649195460993157,0.8519356368794526,26,否
首都经济贸易大学,CUEB-2025-152,2025级,财政税务学院,资产评估（评估师）,资产评估（评估师）,JN0780,诚信与职业道德,诚信与职业道德,非技术性能力,金融风控、投资与合规,2.3,2,2,0,职业道德,毕业要求直接出现“职业道德”；课程名称直接出现唯一技能别名“职业道德”,1.0710357731167517,2.463382278168529,14,否
首都经济贸易大学,CUEB-2025-152,2025级,财政税务学院,资产评估（评估师）,资产评估（评估师）,JN0783,主动性,主动性,非技术性能力,表达沟通与通用办公协作,1.5,1,1,0,积极主动,毕业要求直接出现“积极主动”,4.218875824868201,6.3283137373023015,5,是
首都经济贸易大学,CUEB-2025-152,2025级,财政税务学院,资产评估（评估师）,资产评估（评估师）,JN0787,领导力,领导力,非技术性能力,组织协调与商业执行,1.0,1,1,0,领导力,培养目标直接出现“领导力”,2.4035858582299516,2.4035858582299516,15,否
首都经济贸易大学,CUEB-2025-152,2025级,财政税务学院,资产评估（评估师）,资产评估（评估师）,JN0788,口头表达,口头表达,非技术性能力,表达沟通与通用办公协作,1.5,1,1,0,口头表达,毕业要求直接出现“口头表达”,1.9021060968821986,2.853159145323298,10,否
首都经济贸易大学,CUEB-2025-152,2025级,财政税务学院,资产评估（评估师）,资产评估（评估师）,JN0790,创新能力,创新能力,非技术性能力,视觉设计与数字内容制作,1.5,1,1,0,创新能力,毕业要求直接出现“创新能力”,1.2895886507223624,1.9343829760835436,20,否
首都经济贸易大学,CUEB-2025-152,2025级,财政税务学院,资产评估（评估师）,资产评估（评估师）,JN0826,情绪管理,情绪管理,非技术性能力,表达沟通与通用办公协作,1.5,1,1,0,情绪管理,毕业要求直接出现“情绪管理”,5.471638793363569,8.207458190045354,2,是
首都经济贸易大学,CUEB-2025-153,2025级,法学院,法学,法学,JN0025,英语,英语,语言能力,供应链与物流管理,0.8,1,1,0,英语,课程名称直接出现唯一技能别名“英语”,1.0,0.8,16,否
首都经济贸易大学,CUEB-2025-153,2025级,法学院,法学,法学,JN0109,会计核算,会计核算,方法、标准与流程,财务会计与税务管理,0.8,1,0,1,会计学Accounting,会计课程,1.2895886507223624,1.03167092057789,14,是
首都经济贸易大学,CUEB-2025-153,2025级,法学院,法学,法学,JN0174,人工智能技术,人工智能技术,具体专业技能,人工智能与数据挖掘,1.6,2,2,0,人工智能；ai,课程名称直接出现唯一技能别名“人工智能”；课程名称直接出现唯一技能别名“ai”,1.312755710003897,2.100409136006235,10,是
首都经济贸易大学,CUEB-2025-153,2025级,法学院,法学,法学,JN0258,法律法规知识,法律法规知识,方法、标准与流程,金融风控、投资与合规,4.800000000000001,6,0,6,商法（总论与公司法）Commercial Law（General and Company Law）；经济法（总论与竞争法）Economic Law: General introduction & Competition Law；国际经济法（双语） / International Economic Law（Bilingual）；数字经济法治导论Introduction to the Rule of Law in the Digital Economy；海商法Maritime Law；金融法Financial Law,法规课程,2.139434283188365,10.269284559304152,3,是
首都经济贸易大学,CUEB-2025-153,2025级,法学院,法学,法学,JN0430,知识图谱,知识图谱,方法、标准与流程,人工智能与数据挖掘,2.5,1,1,0,知识图谱,核心课程直接出现“知识图谱”,2.194494060371392,5.48623515092848,6,是
首都经济贸易大学,CUEB-2025-153,2025级,法学院,法学,法学,JN0563,数据合规,数据合规,具体专业技能,网络运维与信息安全,1.6,2,2,0,个人信息保护；数据合规,课程名称直接出现唯一技能别名“个人信息保护”；课程名称直接出现唯一技能别名“数据合规”,4.555348061489413,7.288556898383061,4,是
首都经济贸易大学,CUEB-2025-153,2025级,法学院,法学,法学,JN0647,论文写作,论文写作,方法、标准与流程,表达沟通与通用办公协作,0.8,1,1,0,论文写作,课程名称直接出现唯一技能别名“论文写作”,1.4734380916943703,1.1787504733554963,13,是
首都经济贸易大学,CUEB-2025-153,2025级,法学院,法学,法学,JN0694,知识产权,知识产权,专业知识与行业经验,医药研发与药事管理,3.3,2,2,0,知识产权,核心课程直接出现“知识产权”；课程名称直接出现唯一技能别名“知识产权”,4.373026504695459,14.430987465495015,1,是
首都经济贸易大学,CUEB-2025-153,2025级,法学院,法学,法学,JN0710,财税法规,财税法规,专业知识与行业经验,财务会计与税务管理,2.4000000000000004,3,0,3,国际税法（英语）International Tax Law（English)；财税法Finance and Tax Law；财税法经典案例评析Analysis of Tax Law Cases,税法课程,3.0292917579943643,7.270300219186476,5,是
首都经济贸易大学,CUEB-2025-153,2025级,法学院,法学,法学,JN0716,诉讼,诉讼,专业知识与行业经验,金融风控、投资与合规,3.3,2,2,0,诉讼,核心课程直接出现“诉讼”；课程名称直接出现唯一技能别名“诉讼”,4.373026504695459,14.430987465495015,2,是
首都经济贸易大学,CUEB-2025-153,2025级,法学院,法学,法学,JN0770,沟通能力,沟通能力,非技术性能力,组织协调与商业执行,1.5,1,1,0,沟通能力,毕业要求直接出现“沟通能力”,1.7953381214564925,2.693007182184739,7,是
首都经济贸易大学,CUEB-2025-153,2025级,法学院,法学,法学,JN0774,表达能力,表达能力,非技术性能力,表达沟通与通用办公协作,1.5,1,1,0,表达能力,毕业要求直接出现“表达能力”,1.7703368192510753,2.655505228876613,8,是
首都经济贸易大学,CUEB-2025-153,2025级,法学院,法学,法学,JN0775,学习能力,学习能力,非技术性能力,表达沟通与通用办公协作,1.5,1,1,0,自主学习能力,毕业要求直接出现“自主学习能力”,1.7221347174331973,2.583202076149796,9,是
首都经济贸易大学,CUEB-2025-153,2025级,法学院,法学,法学,JN0779,书面表达,书面表达,非技术性能力,表达沟通与通用办公协作,0.8,1,0,1,应用写作Practical Writing,写作课程,1.0649195460993157,0.8519356368794526,15,否
首都经济贸易大学,CUEB-2025-153,2025级,法学院,法学,法学,JN0780,诚信与职业道德,诚信与职业道德,非技术性能力,金融风控、投资与合规,1.5,1,1,0,职业道德,毕业要求直接出现“职业道德”,1.0710357731167517,1.6065536596751275,12,否
首都经济贸易大学,CUEB-2025-153,2025级,法学院,法学,法学,JN0790,创新能力,创新能力,非技术性能力,视觉设计与数字内容制作,1.5,1,1,0,创造性思维,毕业要求直接出现“创造性思维”,1.2895886507223624,1.9343829760835436,11,否
首都经济贸易大学,CUEB-2025-154,2025级,法学院,法学（数字卓越班）,法学（数字卓越班）,JN0025,英语,英语,语言能力,供应链与物流管理,0.8,1,1,0,英语,课程名称直接出现唯一技能别名“英语”,1.0,0.8,19,否
首都经济贸易大学,CUEB-2025-154,2025级,法学院,法学（数字卓越班）,法学（数字卓越班）,JN0026,数据分析,数据分析,工具软件与技术平台,人工智能与数据挖掘,1.5,1,1,0,数据分析,毕业要求直接出现“数据分析”,1.5798184952529422,2.3697277428794132,13,否
首都经济贸易大学,CUEB-2025-154,2025级,法学院,法学（数字卓越班）,法学（数字卓越班）,JN0041,Python,Python（编程语言）,工具软件与技术平台,云计算、系统运维与DevOps,3.3,2,2,0,Python；python,核心课程直接出现“Python”；课程名称直接出现唯一技能别名“python”,1.5108256237659907,4.985724558427769,9,是
首都经济贸易大学,CUEB-2025-154,2025级,法学院,法学（数字卓越班）,法学（数字卓越班）,JN0109,会计核算,会计核算,方法、标准与流程,财务会计与税务管理,0.8,1,0,1,会计学 Accounting,会计课程,1.2895886507223624,1.03167092057789,17,否
首都经济贸易大学,CUEB-2025-154,2025级,法学院,法学（数字卓越班）,法学（数字卓越班）,JN0174,人工智能技术,人工智能技术,具体专业技能,人工智能与数据挖掘,4.1,3,3,0,人工智能；ai,核心课程直接出现“人工智能”；课程名称直接出现唯一技能别名“人工智能”；课程名称直接出现唯一技能别名“ai”,1.312755710003897,5.382298411015976,8,是
首都经济贸易大学,CUEB-2025-154,2025级,法学院,法学（数字卓越班）,法学（数字卓越班）,JN0258,法律法规知识,法律法规知识,方法、标准与流程,金融风控、投资与合规,4.800000000000001,6,0,6,商法（总论与公司法）Commercial Law（General and Company Law）；经济法（总论与竞争法）Economic Law: General introduction & Competition Law；数字经济法治导论Introduction to the Rule of Law in the Digital Economy；国际经济法（双语） / International Economic Law（Bilingual）；海商法Maritime Law；金融法 / Financial Law,法规课程,2.139434283188365,10.269284559304152,5,是
首都经济贸易大学,CUEB-2025-154,2025级,法学院,法学（数字卓越班）,法学（数字卓越班）,JN0279,自然语言处理,自然语言处理,方法、标准与流程,人工智能与数据挖掘,3.3,2,2,0,自然语言处理,核心课程直接出现“自然语言处理”；课程名称直接出现唯一技能别名“自然语言处理”,3.5257286443082556,11.634904526217243,4,是
首都经济贸易大学,CUEB-2025-154,2025级,法学院,法学（数字卓越班）,法学（数字卓越班）,JN0430,知识图谱,知识图谱,方法、标准与流程,人工智能与数据挖掘,2.5,1,1,0,知识图谱,核心课程直接出现“知识图谱”,2.194494060371392,5.48623515092848,7,是
首都经济贸易大学,CUEB-2025-154,2025级,法学院,法学（数字卓越班）,法学（数字卓越班）,JN0563,数据合规,数据合规,具体专业技能,网络运维与信息安全,4.1,3,3,0,个人信息保护；数据合规,核心课程直接出现“个人信息保护”；课程名称直接出现唯一技能别名“个人信息保护”；课程名称直接出现唯一技能别名“数据合规”,4.555348061489413,18.676927052106592,1,是
首都经济贸易大学,CUEB-2025-154,2025级,法学院,法学（数字卓越班）,法学（数字卓越班）,JN0647,论文写作,论文写作,方法、标准与流程,表达沟通与通用办公协作,0.8,1,1,0,论文写作,课程名称直接出现唯一技能别名“论文写作”,1.4734380916943703,1.1787504733554963,16,否
首都经济贸易大学,CUEB-2025-154,2025级,法学院,法学（数字卓越班）,法学（数字卓越班）,JN0694,知识产权,知识产权,专业知识与行业经验,医药研发与药事管理,3.3,2,2,0,知识产权,核心课程直接出现“知识产权”；课程名称直接出现唯一技能别名“知识产权”,4.373026504695459,14.430987465495015,2,是
首都经济贸易大学,CUEB-2025-154,2025级,法学院,法学（数字卓越班）,法学（数字卓越班）,JN0710,财税法规,财税法规,专业知识与行业经验,财务会计与税务管理,2.4000000000000004,3,0,3,国际税法（英语）International Tax Law（English)；财税法Finance and Tax Law；财税法经典案例评析Analysis of Tax Law Cases,税法课程,3.0292917579943643,7.270300219186476,6,是
首都经济贸易大学,CUEB-2025-154,2025级,法学院,法学（数字卓越班）,法学（数字卓越班）,JN0716,诉讼,诉讼,专业知识与行业经验,金融风控、投资与合规,3.3,2,2,0,诉讼,核心课程直接出现“诉讼”；课程名称直接出现唯一技能别名“诉讼”,4.373026504695459,14.430987465495015,3,是
首都经济贸易大学,CUEB-2025-154,2025级,法学院,法学（数字卓越班）,法学（数字卓越班）,JN0770,沟通能力,沟通能力,非技术性能力,组织协调与商业执行,1.5,1,1,0,沟通能力,毕业要求直接出现“沟通能力”,1.7953381214564925,2.693007182184739,10,是
首都经济贸易大学,CUEB-2025-154,2025级,法学院,法学（数字卓越班）,法学（数字卓越班）,JN0774,表达能力,表达能力,非技术性能力,表达沟通与通用办公协作,1.5,1,1,0,表达能力,毕业要求直接出现“表达能力”,1.7703368192510753,2.655505228876613,11,是
首都经济贸易大学,CUEB-2025-154,2025级,法学院,法学（数字卓越班）,法学（数字卓越班）,JN0775,学习能力,学习能力,非技术性能力,表达沟通与通用办公协作,1.5,1,1,0,自主学习能力,毕业要求直接出现“自主学习能力”,1.7221347174331973,2.583202076149796,12,是
首都经济贸易大学,CUEB-2025-154,2025级,法学院,法学（数字卓越班）,法学（数字卓越班）,JN0779,书面表达,书面表达,非技术性能力,表达沟通与通用办公协作,0.8,1,0,1,应用写作Practical Writing,写作课程,1.0649195460993157,0.8519356368794526,18,否
首都经济贸易大学,CUEB-2025-154,2025级,法学院,法学（数字卓越班）,法学（数字卓越班）,JN0780,诚信与职业道德,诚信与职业道德,非技术性能力,金融风控、投资与合规,1.5,1,1,0,职业道德,毕业要求直接出现“职业道德”,1.0710357731167517,1.6065536596751275,15,否
首都经济贸易大学,CUEB-2025-154,2025级,法学院,法学（数字卓越班）,法学（数字卓越班）,JN0790,创新能力,创新能力,非技术性能力,视觉设计与数字内容制作,1.5,1,1,0,创造性思维,毕业要求直接出现“创造性思维”,1.2895886507223624,1.9343829760835436,14,否
首都经济贸易大学,CUEB-2025-155,2025级,金融学院,保险学（保险精算）,保险学（保险精算）,JN0025,英语,英语,语言能力,供应链与物流管理,0.8,1,1,0,英语,课程名称直接出现唯一技能别名“英语”,1.0,0.8,24,否
首都经济贸易大学,CUEB-2025-155,2025级,金融学院,保险学（保险精算）,保险学（保险精算）,JN0041,Python,Python（编程语言）,工具软件与技术平台,云计算、系统运维与DevOps,1.5,1,1,0,Python,毕业要求直接出现“Python”,1.5108256237659907,2.266238435648986,11,是
首都经济贸易大学,CUEB-2025-155,2025级,金融学院,保险学（保险精算）,保险学（保险精算）,JN0072,统计分析,统计分析,方法、标准与流程,人工智能与数据挖掘,0.8,1,0,1,统计学 / Statistics,统计方法课程,1.1880522315029396,0.9504417852023517,22,否
首都经济贸易大学,CUEB-2025-155,2025级,金融学院,保险学（保险精算）,保险学（保险精算）,JN0109,会计核算,会计核算,方法、标准与流程,财务会计与税务管理,0.8,1,0,1,会计学 / Accounting,会计课程,1.2895886507223624,1.03167092057789,20,否
首都经济贸易大学,CUEB-2025-155,2025级,金融学院,保险学（保险精算）,保险学（保险精算）,JN0143,机器学习,机器学习,方法、标准与流程,人工智能与数据挖掘,0.8,1,1,0,机器学习,课程名称直接出现唯一技能别名“机器学习”,2.3361445774344194,1.8689156619475356,17,是
首都经济贸易大学,CUEB-2025-155,2025级,金融学院,保险学（保险精算）,保险学（保险精算）,JN0145,数据挖掘,数据挖掘,工具软件与技术平台,人工智能与数据挖掘,0.8,1,1,0,数据挖掘,课程名称直接出现唯一技能别名“数据挖掘”,2.4271163556401456,1.9416930845121165,15,是
首都经济贸易大学,CUEB-2025-155,2025级,金融学院,保险学（保险精算）,保险学（保险精算）,JN0172,数据建模,数据建模,工具软件与技术平台,大数据工程与数据仓库,0.8,1,0,1,金融建模 / Financial Modelling,建模课程,2.730798769438368,2.1846390155506947,12,是
首都经济贸易大学,CUEB-2025-155,2025级,金融学院,保险学（保险精算）,保险学（保险精算）,JN0174,人工智能技术,人工智能技术,具体专业技能,人工智能与数据挖掘,1.6,2,2,0,人工智能；ai,课程名称直接出现唯一技能别名“人工智能”；课程名称直接出现唯一技能别名“ai”,1.312755710003897,2.100409136006235,14,是
首都经济贸易大学,CUEB-2025-155,2025级,金融学院,保险学（保险精算）,保险学（保险精算）,JN0397,数理统计,数理统计,工具软件与技术平台,人工智能与数据挖掘,0.8,1,1,0,数理统计,课程名称直接出现唯一技能别名“数理统计”,1.2019413436636068,0.9615530749308855,21,否
首都经济贸易大学,CUEB-2025-155,2025级,金融学院,保险学（保险精算）,保险学（保险精算）,JN0524,精算,精算,具体专业技能,金融风控、投资与合规,5.0,3,3,0,精算,培养目标直接出现“精算”；毕业要求直接出现“精算”；核心课程直接出现“精算”,4.218875824868201,21.094379124341003,1,是
首都经济贸易大学,CUEB-2025-155,2025级,金融学院,保险学（保险精算）,保险学（保险精算）,JN0647,论文写作,论文写作,方法、标准与流程,表达沟通与通用办公协作,0.8,1,1,0,论文写作,课程名称直接出现唯一技能别名“论文写作”,1.4734380916943703,1.1787504733554963,19,是
首都经济贸易大学,CUEB-2025-155,2025级,金融学院,保险学（保险精算）,保险学（保险精算）,JN0690,风险管理,风险管理,专业知识与行业经验,金融风控、投资与合规,3.3,3,3,0,风险管理,培养目标直接出现“风险管理”；毕业要求直接出现“风险管理”；课程名称直接出现唯一技能别名“风险管理”,1.916290731874155,6.323759415184711,2,是
首都经济贸易大学,CUEB-2025-155,2025级,金融学院,保险学（保险精算）,保险学（保险精算）,JN0691,财务管理,财务管理,专业知识与行业经验,财务会计与税务管理,0.8,1,0,1,公司金融 / Corporate Finance,财务管理课程,1.664976303593249,1.3319810428745993,18,是
首都经济贸易大学,CUEB-2025-155,2025级,金融学院,保险学（保险精算）,保险学（保险精算）,JN0755,CFA,特许金融分析师资格（CFA）,证书与资质,金融风控、投资与合规,0.8,1,1,0,cfa,课程名称直接出现唯一技能别名“cfa”,3.169053700369523,2.535242960295619,9,否
首都经济贸易大学,CUEB-2025-155,2025级,金融学院,保险学（保险精算）,保险学（保险精算）,JN0763,FRM,FRM（证书资质）,证书与资质,金融风控、投资与合规,1.6,2,2,0,frm；金融风险管理师,课程名称直接出现唯一技能别名“frm”；课程名称直接出现唯一技能别名“金融风险管理师”,3.120263536200091,4.992421657920146,3,否
首都经济贸易大学,CUEB-2025-155,2025级,金融学院,保险学（保险精算）,保险学（保险精算）,JN0770,沟通能力,沟通能力,非技术性能力,组织协调与商业执行,1.5,1,1,0,沟通能力,毕业要求直接出现“沟通能力”,1.7953381214564925,2.693007182184739,5,是
首都经济贸易大学,CUEB-2025-155,2025级,金融学院,保险学（保险精算）,保险学（保险精算）,JN0771,团队合作,团队合作,非技术性能力,表达沟通与通用办公协作,1.5,1,1,0,团队合作,毕业要求直接出现“团队合作”,1.4111957828171493,2.116793674225724,13,否
首都经济贸易大学,CUEB-2025-155,2025级,金融学院,保险学（保险精算）,保险学（保险精算）,JN0774,表达能力,表达能力,非技术性能力,表达沟通与通用办公协作,1.5,1,1,0,表达能力,毕业要求直接出现“表达能力”,1.7703368192510753,2.655505228876613,7,否
首都经济贸易大学,CUEB-2025-155,2025级,金融学院,保险学（保险精算）,保险学（保险精算）,JN0775,学习能力,学习能力,非技术性能力,表达沟通与通用办公协作,1.5,1,1,0,自主学习能力,毕业要求直接出现“自主学习能力”,1.7221347174331973,2.583202076149796,8,否
首都经济贸易大学,CUEB-2025-155,2025级,金融学院,保险学（保险精算）,保险学（保险精算）,JN0779,书面表达,书面表达,非技术性能力,表达沟通与通用办公协作,0.8,1,0,1,应用写作 / Practical Writing,写作课程,1.0649195460993157,0.8519356368794526,23,否
首都经济贸易大学,CUEB-2025-155,2025级,金融学院,保险学（保险精算）,保险学（保险精算）,JN0780,诚信与职业道德,诚信与职业道德,非技术性能力,金融风控、投资与合规,2.5,2,2,0,职业道德,培养目标直接出现“职业道德”；毕业要求直接出现“职业道德”,1.0710357731167517,2.677589432791879,6,是
首都经济贸易大学,CUEB-2025-155,2025级,金融学院,保险学（保险精算）,保险学（保险精算）,JN0790,创新能力,创新能力,非技术性能力,视觉设计与数字内容制作,1.5,1,1,0,创新能力,毕业要求直接出现“创新能力”,1.2895886507223624,1.9343829760835436,16,否
首都经济贸易大学,CUEB-2025-155,2025级,金融学院,保险学（保险精算）,保险学（保险精算）,JN0798,适应能力,适应能力,非技术性能力,组织协调与商业执行,1.0,1,1,0,适应能力,培养目标直接出现“适应能力”,2.5271998141971284,2.5271998141971284,10,否
首都经济贸易大学,CUEB-2025-155,2025级,金融学院,保险学（保险精算）,保险学（保险精算）,JN0801,独立思考,独立思考,非技术性能力,表达沟通与通用办公协作,1.5,1,1,0,独立思考,毕业要求直接出现“独立思考”,3.2203469947570738,4.83052049213561,4,是
首都经济贸易大学,CUEB-2025-156,2025级,金融学院,投资学,投资学,JN0025,英语,英语,语言能力,供应链与物流管理,1.6,1,1,0,英语,课程名称直接出现唯一技能别名“英语”,1.0,1.6,25,否
首都经济贸易大学,CUEB-2025-156,2025级,金融学院,投资学,投资学,JN0041,Python,Python（编程语言）,工具软件与技术平台,云计算、系统运维与DevOps,1.5,1,1,0,Python,毕业要求直接出现“Python”,1.5108256237659907,2.266238435648986,17,否
首都经济贸易大学,CUEB-2025-156,2025级,金融学院,投资学,投资学,JN0072,统计分析,统计分析,方法、标准与流程,人工智能与数据挖掘,1.6,1,0,1,统计学 / statistics,统计方法课程,1.1880522315029396,1.9008835704047033,22,否
首都经济贸易大学,CUEB-2025-156,2025级,金融学院,投资学,投资学,JN0076,数据处理,数据处理,具体专业技能,大数据工程与数据仓库,1.5,1,1,0,数据处理,毕业要求直接出现“数据处理”,2.5812670354674037,3.8719005532011055,10,是
首都经济贸易大学,CUEB-2025-156,2025级,金融学院,投资学,投资学,JN0109,会计核算,会计核算,方法、标准与流程,财务会计与税务管理,1.6,1,0,1,会计学 / Accounting,会计课程,1.2895886507223624,2.06334184115578,20,否
首都经济贸易大学,CUEB-2025-156,2025级,金融学院,投资学,投资学,JN0143,机器学习,机器学习,方法、标准与流程,人工智能与数据挖掘,1.6,1,1,0,机器学习,课程名称直接出现唯一技能别名“机器学习”,2.3361445774344194,3.737831323895071,11,是
首都经济贸易大学,CUEB-2025-156,2025级,金融学院,投资学,投资学,JN0172,数据建模,数据建模,工具软件与技术平台,大数据工程与数据仓库,1.6,1,0,1,金融建模 / Financial modeling,建模课程,2.730798769438368,4.3692780311013895,8,是
首都经济贸易大学,CUEB-2025-156,2025级,金融学院,投资学,投资学,JN0174,人工智能技术,人工智能技术,具体专业技能,人工智能与数据挖掘,5.1,4,4,0,人工智能技术；人工智能,培养目标直接出现“人工智能技术”；毕业要求直接出现“人工智能”；培养特色直接出现“人工智能”；课程名称直接出现唯一技能别名“人工智能”,1.312755710003897,6.695054121019874,4,是
首都经济贸易大学,CUEB-2025-156,2025级,金融学院,投资学,投资学,JN0197,深度学习,深度学习,方法、标准与流程,人工智能与数据挖掘,1.6,1,1,0,深度学习,课程名称直接出现唯一技能别名“深度学习”,3.5257286443082556,5.641165830893209,6,是
首都经济贸易大学,CUEB-2025-156,2025级,金融学院,投资学,投资学,JN0199,MATLAB,MATLAB（编程语言）,工具软件与技术平台,人工智能与数据挖掘,1.5,1,1,0,MATLAB,毕业要求直接出现“MATLAB”,4.373026504695459,6.559539757043188,5,是
首都经济贸易大学,CUEB-2025-156,2025级,金融学院,投资学,投资学,JN0288,课程设计,课程设计,方法、标准与流程,表达沟通与通用办公协作,1.0,1,1,0,课程设计,培养特色直接出现“课程设计”,4.085344432243678,4.085344432243678,9,是
首都经济贸易大学,CUEB-2025-156,2025级,金融学院,投资学,投资学,JN0397,数理统计,数理统计,工具软件与技术平台,人工智能与数据挖掘,1.6,1,1,0,数理统计,课程名称直接出现唯一技能别名“数理统计”,1.2019413436636068,1.923106149861771,21,否
首都经济贸易大学,CUEB-2025-156,2025级,金融学院,投资学,投资学,JN0647,论文写作,论文写作,方法、标准与流程,表达沟通与通用办公协作,1.6,1,1,0,论文写作,课程名称直接出现唯一技能别名“论文写作”,1.4734380916943703,2.3575009467109926,16,否
首都经济贸易大学,CUEB-2025-156,2025级,金融学院,投资学,投资学,JN0690,风险管理,风险管理,专业知识与行业经验,金融风控、投资与合规,4.1,3,3,0,风险管理,毕业要求直接出现“风险管理”；培养特色直接出现“风险管理”；课程名称直接出现唯一技能别名“风险管理”,1.916290731874155,7.8567920006840355,3,是
首都经济贸易大学,CUEB-2025-156,2025级,金融学院,投资学,投资学,JN0691,财务管理,财务管理,专业知识与行业经验,财务会计与税务管理,1.6,1,0,1,公司金融（双语）Corporate Finance （Bilingual）,财务管理课程,1.664976303593249,2.6639620857491986,14,是
首都经济贸易大学,CUEB-2025-156,2025级,金融学院,投资学,投资学,JN0755,CFA,特许金融分析师资格（CFA）,证书与资质,金融风控、投资与合规,3.1,2,2,0,CFA；cfa,毕业要求直接出现“CFA”；课程名称直接出现唯一技能别名“cfa”,3.169053700369523,9.824066471145523,2,否
首都经济贸易大学,CUEB-2025-156,2025级,金融学院,投资学,投资学,JN0763,FRM,FRM（证书资质）,证书与资质,金融风控、投资与合规,4.7,3,3,0,金融风险管理师；frm,毕业要求直接出现“金融风险管理师”；课程名称直接出现唯一技能别名“frm”；课程名称直接出现唯一技能别名“金融风险管理师”,3.120263536200091,14.665238620140428,1,否
首都经济贸易大学,CUEB-2025-156,2025级,金融学院,投资学,投资学,JN0771,团队合作,团队合作,非技术性能力,表达沟通与通用办公协作,1.5,1,1,0,协作能力,毕业要求直接出现“协作能力”,1.4111957828171493,2.116793674225724,19,否
首都经济贸易大学,CUEB-2025-156,2025级,金融学院,投资学,投资学,JN0776,抗压能力,抗压能力,非技术性能力,组织协调与商业执行,1.5,1,1,0,抗压能力,毕业要求直接出现“抗压能力”,3.392197251683733,5.088295877525599,7,是
首都经济贸易大学,CUEB-2025-156,2025级,金融学院,投资学,投资学,JN0779,书面表达,书面表达,非技术性能力,表达沟通与通用办公协作,1.6,1,0,1,应用写作 / Practical Writing,写作课程,1.0649195460993157,1.7038712737589052,23,否
首都经济贸易大学,CUEB-2025-156,2025级,金融学院,投资学,投资学,JN0780,诚信与职业道德,诚信与职业道德,非技术性能力,金融风控、投资与合规,1.5,1,1,0,职业道德,毕业要求直接出现“职业道德”,1.0710357731167517,1.6065536596751275,24,否
首都经济贸易大学,CUEB-2025-156,2025级,金融学院,投资学,投资学,JN0784,逻辑思维,逻辑思维,非技术性能力,表达沟通与通用办公协作,1.0,1,1,0,逻辑思维,培养特色直接出现“逻辑思维”,3.456735772821304,3.456735772821304,13,是
首都经济贸易大学,CUEB-2025-156,2025级,金融学院,投资学,投资学,JN0785,分析判断,分析判断,非技术性能力,组织协调与商业执行,1.0,1,1,0,分析能力,培养特色直接出现“分析能力”,2.121734706088964,2.121734706088964,18,否
首都经济贸易大学,CUEB-2025-156,2025级,金融学院,投资学,投资学,JN0787,领导力,领导力,非技术性能力,组织协调与商业执行,1.5,1,1,0,领导力,毕业要求直接出现“领导力”,2.4035858582299516,3.6053787873449274,12,是
首都经济贸易大学,CUEB-2025-156,2025级,金融学院,投资学,投资学,JN0790,创新能力,创新能力,非技术性能力,视觉设计与数字内容制作,2.0,2,2,0,创新思维；创新能力,培养目标直接出现“创新思维”；培养特色直接出现“创新能力”,1.2895886507223624,2.579177301444725,15,否
首都经济贸易大学,CUEB-2025-157,2025级,金融学院,金融学,金融学,JN0025,英语,英语,语言能力,供应链与物流管理,1.6,1,1,0,英语,课程名称直接出现唯一技能别名“英语”,1.0,1.6,25,否
首都经济贸易大学,CUEB-2025-157,2025级,金融学院,金融学,金融学,JN0072,统计分析,统计分析,方法、标准与流程,人工智能与数据挖掘,1.6,1,0,1,统计学 / statistics,统计方法课程,1.1880522315029396,1.9008835704047033,21,否
首都经济贸易大学,CUEB-2025-157,2025级,金融学院,金融学,金融学,JN0109,会计核算,会计核算,方法、标准与流程,财务会计与税务管理,1.6,1,0,1,会计学 / Accounting,会计课程,1.2895886507223624,2.06334184115578,19,是
首都经济贸易大学,CUEB-2025-157,2025级,金融学院,金融学,金融学,JN0143,机器学习,机器学习,方法、标准与流程,人工智能与数据挖掘,1.6,1,1,0,机器学习,课程名称直接出现唯一技能别名“机器学习”,2.3361445774344194,3.737831323895071,10,是
首都经济贸易大学,CUEB-2025-157,2025级,金融学院,金融学,金融学,JN0174,人工智能技术,人工智能技术,具体专业技能,人工智能与数据挖掘,3.1,2,2,0,人工智能,毕业要求直接出现“人工智能”；课程名称直接出现唯一技能别名“人工智能”,1.312755710003897,4.069542701012081,8,是
首都经济贸易大学,CUEB-2025-157,2025级,金融学院,金融学,金融学,JN0397,数理统计,数理统计,工具软件与技术平台,人工智能与数据挖掘,1.6,1,1,0,数理统计,课程名称直接出现唯一技能别名“数理统计”,1.2019413436636068,1.923106149861771,20,是
首都经济贸易大学,CUEB-2025-157,2025级,金融学院,金融学,金融学,JN0424,大语言模型,大语言模型,具体专业技能,人工智能与数据挖掘,1.5,1,1,0,大语言模型,毕业要求直接出现“大语言模型”,3.6798793241355137,5.519818986203271,4,是
首都经济贸易大学,CUEB-2025-157,2025级,金融学院,金融学,金融学,JN0430,知识图谱,知识图谱,方法、标准与流程,人工智能与数据挖掘,1.5,1,1,0,知识图谱,毕业要求直接出现“知识图谱”,2.194494060371392,3.291741090557088,13,是
首都经济贸易大学,CUEB-2025-157,2025级,金融学院,金融学,金融学,JN0647,论文写作,论文写作,方法、标准与流程,表达沟通与通用办公协作,1.6,1,1,0,论文写作,课程名称直接出现唯一技能别名“论文写作”,1.4734380916943703,2.3575009467109926,17,是
首都经济贸易大学,CUEB-2025-157,2025级,金融学院,金融学,金融学,JN0690,风险管理,风险管理,专业知识与行业经验,金融风控、投资与合规,3.1,2,2,0,风险管理,毕业要求直接出现“风险管理”；课程名称直接出现唯一技能别名“风险管理”,1.916290731874155,5.940501268809881,3,是
首都经济贸易大学,CUEB-2025-157,2025级,金融学院,金融学,金融学,JN0691,财务管理,财务管理,专业知识与行业经验,财务会计与税务管理,1.6,1,0,1,公司金融（双语） / Corporate Finance （Bilingual）,财务管理课程,1.664976303593249,2.6639620857491986,16,是
首都经济贸易大学,CUEB-2025-157,2025级,金融学院,金融学,金融学,JN0755,CFA,特许金融分析师资格（CFA）,证书与资质,金融风控、投资与合规,4.1,3,3,0,CFA；cfa,毕业要求直接出现“CFA”；培养特色直接出现“CFA”；课程名称直接出现唯一技能别名“cfa”,3.169053700369523,12.993120171515043,2,否
首都经济贸易大学,CUEB-2025-157,2025级,金融学院,金融学,金融学,JN0763,FRM,FRM（证书资质）,证书与资质,金融风控、投资与合规,5.7,4,4,0,金融风险管理师；FRM；frm,毕业要求直接出现“金融风险管理师”；培养特色直接出现“FRM”；课程名称直接出现唯一技能别名“frm”；课程名称直接出现唯一技能别名“金融风险管理师”,3.120263536200091,17.78550215634052,1,否
首都经济贸易大学,CUEB-2025-157,2025级,金融学院,金融学,金融学,JN0770,沟通能力,沟通能力,非技术性能力,组织协调与商业执行,1.5,1,1,0,沟通协调,毕业要求直接出现“沟通协调”,1.7953381214564925,2.693007182184739,15,否
首都经济贸易大学,CUEB-2025-157,2025级,金融学院,金融学,金融学,JN0771,团队合作,团队合作,非技术性能力,表达沟通与通用办公协作,2.5,2,2,0,团队合作；协作能力,培养目标直接出现“团队合作”；毕业要求直接出现“协作能力”,1.4111957828171493,3.527989457042873,12,否
首都经济贸易大学,CUEB-2025-157,2025级,金融学院,金融学,金融学,JN0773,组织协调,组织协调,非技术性能力,组织协调与商业执行,1.5,1,1,0,协调能力,毕业要求直接出现“协调能力”,2.83258146374831,4.248872195622465,7,是
首都经济贸易大学,CUEB-2025-157,2025级,金融学院,金融学,金融学,JN0775,学习能力,学习能力,非技术性能力,表达沟通与通用办公协作,1.0,1,1,0,自主学习能力,培养特色直接出现“自主学习能力”,1.7221347174331973,1.7221347174331973,22,否
首都经济贸易大学,CUEB-2025-157,2025级,金融学院,金融学,金融学,JN0776,抗压能力,抗压能力,非技术性能力,组织协调与商业执行,1.5,1,1,0,抗压能力,毕业要求直接出现“抗压能力”,3.392197251683733,5.088295877525599,5,是
首都经济贸易大学,CUEB-2025-157,2025级,金融学院,金融学,金融学,JN0779,书面表达,书面表达,非技术性能力,表达沟通与通用办公协作,1.6,1,0,1,应用写作 / Practical Writing,写作课程,1.0649195460993157,1.7038712737589052,23,否
首都经济贸易大学,CUEB-2025-157,2025级,金融学院,金融学,金融学,JN0780,诚信与职业道德,诚信与职业道德,非技术性能力,金融风控、投资与合规,1.5,1,1,0,职业道德,毕业要求直接出现“职业道德”,1.0710357731167517,1.6065536596751275,24,否
首都经济贸易大学,CUEB-2025-157,2025级,金融学院,金融学,金融学,JN0785,分析判断,分析判断,非技术性能力,组织协调与商业执行,1.0,1,1,0,分析能力,培养特色直接出现“分析能力”,2.121734706088964,2.121734706088964,18,否
首都经济贸易大学,CUEB-2025-157,2025级,金融学院,金融学,金融学,JN0787,领导力,领导力,非技术性能力,组织协调与商业执行,1.5,1,1,0,领导力,毕业要求直接出现“领导力”,2.4035858582299516,3.6053787873449274,11,否
首都经济贸易大学,CUEB-2025-157,2025级,金融学院,金融学,金融学,JN0788,口头表达,口头表达,非技术性能力,表达沟通与通用办公协作,1.5,1,1,0,口头表达,毕业要求直接出现“口头表达”,1.9021060968821986,2.853159145323298,14,否
首都经济贸易大学,CUEB-2025-157,2025级,金融学院,金融学,金融学,JN0790,创新能力,创新能力,非技术性能力,视觉设计与数字内容制作,3.5,3,3,0,创新能力；创造力,培养目标直接出现“创新能力”；毕业要求直接出现“创新能力”；培养特色直接出现“创造力”,1.2895886507223624,4.513560277528269,6,是
首都经济贸易大学,CUEB-2025-157,2025级,金融学院,金融学,金融学,JN0798,适应能力,适应能力,非技术性能力,组织协调与商业执行,1.5,1,1,0,适应能力,毕业要求直接出现“适应能力”,2.5271998141971284,3.7907997212956923,9,否
首都经济贸易大学,CUEB-2025-158,2025级,金融学院,金融学+数据科学与大数据技术,金融学+数据科学与大数据技术,JN0025,英语,英语,语言能力,供应链与物流管理,1.6,1,1,0,英语,课程名称直接出现唯一技能别名“英语”,1.0,1.6,36,否
首都经济贸易大学,CUEB-2025-158,2025级,金融学院,金融学+数据科学与大数据技术,金融学+数据科学与大数据技术,JN0026,数据分析,数据分析,工具软件与技术平台,人工智能与数据挖掘,5.2,4,3,1,数据分析能力；数据分析；数据科学导论  / Introduction to Data Science,培养目标直接出现“数据分析能力”；培养特色直接出现“数据分析”；数据分析课程；课程名称直接出现唯一技能别名“数据分析”,1.5798184952529422,8.215056175315299,6,是
首都经济贸易大学,CUEB-2025-158,2025级,金融学院,金融学+数据科学与大数据技术,金融学+数据科学与大数据技术,JN0041,Python,Python（编程语言）,工具软件与技术平台,云计算、系统运维与DevOps,4.1,3,3,0,Python；python,毕业要求直接出现“Python”；培养特色直接出现“Python”；课程名称直接出现唯一技能别名“python”,1.5108256237659907,6.194385057440561,13,是
首都经济贸易大学,CUEB-2025-158,2025级,金融学院,金融学+数据科学与大数据技术,金融学+数据科学与大数据技术,JN0072,统计分析,统计分析,方法、标准与流程,人工智能与数据挖掘,3.2,2,0,2,统计学 / statistics；应用回归分析 / Applied Regression Analysis,统计方法课程,1.1880522315029396,3.8017671408094067,23,否
首都经济贸易大学,CUEB-2025-158,2025级,金融学院,金融学+数据科学与大数据技术,金融学+数据科学与大数据技术,JN0109,会计核算,会计核算,方法、标准与流程,财务会计与税务管理,1.6,1,0,1,会计学 / Accounting,会计课程,1.2895886507223624,2.06334184115578,33,否
首都经济贸易大学,CUEB-2025-158,2025级,金融学院,金融学+数据科学与大数据技术,金融学+数据科学与大数据技术,JN0110,Hadoop,Hadoop（开发框架）,工具软件与技术平台,大数据工程与数据仓库,1.5,1,1,0,Hadoop,毕业要求直接出现“Hadoop”,4.555348061489413,6.83302209223412,12,是
首都经济贸易大学,CUEB-2025-158,2025级,金融学院,金融学+数据科学与大数据技术,金融学+数据科学与大数据技术,JN0143,机器学习,机器学习,方法、标准与流程,人工智能与数据挖掘,6.6,4,4,0,机器学习,毕业要求直接出现“机器学习”；核心课程直接出现“机器学习”；培养特色直接出现“机器学习”；课程名称直接出现唯一技能别名“机器学习”,2.3361445774344194,15.418554211067168,2,是
首都经济贸易大学,CUEB-2025-158,2025级,金融学院,金融学+数据科学与大数据技术,金融学+数据科学与大数据技术,JN0145,数据挖掘,数据挖掘,工具软件与技术平台,人工智能与数据挖掘,2.5,2,2,0,数据挖掘,毕业要求直接出现“数据挖掘”；培养特色直接出现“数据挖掘”,2.4271163556401456,6.067790889100364,14,是
首都经济贸易大学,CUEB-2025-158,2025级,金融学院,金融学+数据科学与大数据技术,金融学+数据科学与大数据技术,JN0149,Spark,Spark（开发框架）,工具软件与技术平台,大数据工程与数据仓库,1.5,1,1,0,Spark,毕业要求直接出现“Spark”,5.471638793363569,8.207458190045354,7,是
首都经济贸易大学,CUEB-2025-158,2025级,金融学院,金融学+数据科学与大数据技术,金融学+数据科学与大数据技术,JN0172,数据建模,数据建模,工具软件与技术平台,大数据工程与数据仓库,2.6,2,1,1,数据建模；金融建模 / Financial modeling,培养特色直接出现“数据建模”；建模课程,2.730798769438368,7.100076800539758,11,是
首都经济贸易大学,CUEB-2025-158,2025级,金融学院,金融学+数据科学与大数据技术,金融学+数据科学与大数据技术,JN0174,人工智能技术,人工智能技术,具体专业技能,人工智能与数据挖掘,3.1,2,2,0,人工智能,毕业要求直接出现“人工智能”；课程名称直接出现唯一技能别名“人工智能”,1.312755710003897,4.069542701012081,22,否
首都经济贸易大学,CUEB-2025-158,2025级,金融学院,金融学+数据科学与大数据技术,金融学+数据科学与大数据技术,JN0197,深度学习,深度学习,方法、标准与流程,人工智能与数据挖掘,1.5,1,1,0,深度学习,毕业要求直接出现“深度学习”,3.5257286443082556,5.288592966462383,16,否
首都经济贸易大学,CUEB-2025-158,2025级,金融学院,金融学+数据科学与大数据技术,金融学+数据科学与大数据技术,JN0211,数据结构与算法,数据结构与算法,方法、标准与流程,网络通信与软件开发基础,1.6,1,1,0,数据结构与算法,课程名称直接出现唯一技能别名“数据结构与算法”,2.79749014393704,4.475984230299264,20,否
首都经济贸易大学,CUEB-2025-158,2025级,金融学院,金融学+数据科学与大数据技术,金融学+数据科学与大数据技术,JN0285,TensorFlow,TensorFlow（开发框架）,工具软件与技术平台,人工智能与数据挖掘,1.5,1,1,0,TensorFlow,毕业要求直接出现“TensorFlow”,5.471638793363569,8.207458190045354,8,是
首都经济贸易大学,CUEB-2025-158,2025级,金融学院,金融学+数据科学与大数据技术,金融学+数据科学与大数据技术,JN0338,数据治理,数据治理,工具软件与技术平台,大数据工程与数据仓库,1.0,1,1,0,数据治理,培养特色直接出现“数据治理”,4.555348061489413,4.555348061489413,19,否
首都经济贸易大学,CUEB-2025-158,2025级,金融学院,金融学+数据科学与大数据技术,金融学+数据科学与大数据技术,JN0356,PyTorch,PyTorch（开发框架）,工具软件与技术平台,人工智能与数据挖掘,1.5,1,1,0,PyTorch,毕业要求直接出现“PyTorch”,5.0661736852554045,7.599260527883107,9,是
首都经济贸易大学,CUEB-2025-158,2025级,金融学院,金融学+数据科学与大数据技术,金融学+数据科学与大数据技术,JN0397,数理统计,数理统计,工具软件与技术平台,人工智能与数据挖掘,3.1,2,2,0,数理统计,毕业要求直接出现“数理统计”；课程名称直接出现唯一技能别名“数理统计”,1.2019413436636068,3.726018165357181,25,否
首都经济贸易大学,CUEB-2025-158,2025级,金融学院,金融学+数据科学与大数据技术,金融学+数据科学与大数据技术,JN0409,数据清洗,数据清洗,工具软件与技术平台,人工智能与数据挖掘,1.5,1,1,0,数据清洗,毕业要求直接出现“数据清洗”,4.778491612803624,7.1677374192054355,10,是
首都经济贸易大学,CUEB-2025-158,2025级,金融学院,金融学+数据科学与大数据技术,金融学+数据科学与大数据技术,JN0413,算法建模,算法建模,方法、标准与流程,人工智能与数据挖掘,1.6,1,0,1,数据结构与算法分析 / Data Structures and Algorithms,算法课程,3.331572629867298,5.330516207787677,15,否
首都经济贸易大学,CUEB-2025-158,2025级,金融学院,金融学+数据科学与大数据技术,金融学+数据科学与大数据技术,JN0424,大语言模型,大语言模型,具体专业技能,人工智能与数据挖掘,3.1,2,2,0,大语言模型,毕业要求直接出现“大语言模型”；课程名称直接出现唯一技能别名“大语言模型”,3.6798793241355137,11.407625904820092,4,是
首都经济贸易大学,CUEB-2025-158,2025级,金融学院,金融学+数据科学与大数据技术,金融学+数据科学与大数据技术,JN0430,知识图谱,知识图谱,方法、标准与流程,人工智能与数据挖掘,1.5,1,1,0,知识图谱,毕业要求直接出现“知识图谱”,2.194494060371392,3.291741090557088,28,否
首都经济贸易大学,CUEB-2025-158,2025级,金融学院,金融学+数据科学与大数据技术,金融学+数据科学与大数据技术,JN0647,论文写作,论文写作,方法、标准与流程,表达沟通与通用办公协作,1.6,1,1,0,论文写作,课程名称直接出现唯一技能别名“论文写作”,1.4734380916943703,2.3575009467109926,32,否
首都经济贸易大学,CUEB-2025-158,2025级,金融学院,金融学+数据科学与大数据技术,金融学+数据科学与大数据技术,JN0686,数据库技术,数据库技术,专业知识与行业经验,Java后端开发与中间件,1.6,1,1,0,数据库,课程名称直接出现唯一技能别名“数据库”,2.3361445774344194,3.737831323895071,24,否
首都经济贸易大学,CUEB-2025-158,2025级,金融学院,金融学+数据科学与大数据技术,金融学+数据科学与大数据技术,JN0690,风险管理,风险管理,专业知识与行业经验,金融风控、投资与合规,1.6,1,1,0,风险管理,课程名称直接出现唯一技能别名“风险管理”,1.916290731874155,3.066065170998648,29,否
首都经济贸易大学,CUEB-2025-158,2025级,金融学院,金融学+数据科学与大数据技术,金融学+数据科学与大数据技术,JN0691,财务管理,财务管理,专业知识与行业经验,财务会计与税务管理,1.6,1,0,1,公司金融（双语） / Corporate Finance （Bilingual）,财务管理课程,1.664976303593249,2.6639620857491986,30,否
首都经济贸易大学,CUEB-2025-158,2025级,金融学院,金融学+数据科学与大数据技术,金融学+数据科学与大数据技术,JN0755,CFA,特许金融分析师资格（CFA）,证书与资质,金融风控、投资与合规,4.1,3,3,0,CFA；cfa,毕业要求直接出现“CFA”；培养特色直接出现“CFA”；课程名称直接出现唯一技能别名“cfa”,3.169053700369523,12.993120171515043,3,否
首都经济贸易大学,CUEB-2025-158,2025级,金融学院,金融学+数据科学与大数据技术,金融学+数据科学与大数据技术,JN0763,FRM,FRM（证书资质）,证书与资质,金融风控、投资与合规,5.7,4,4,0,FRM；frm；金融风险管理师,毕业要求直接出现“FRM”；培养特色直接出现“FRM”；课程名称直接出现唯一技能别名“frm”；课程名称直接出现唯一技能别名“金融风险管理师”,3.120263536200091,17.78550215634052,1,否
首都经济贸易大学,CUEB-2025-158,2025级,金融学院,金融学+数据科学与大数据技术,金融学+数据科学与大数据技术,JN0771,团队合作,团队合作,非技术性能力,表达沟通与通用办公协作,3.5,3,3,0,团队合作；协作能力,培养目标直接出现“团队合作”；毕业要求直接出现“协作能力”；培养特色直接出现“协作能力”,1.4111957828171493,4.939185239860023,18,否
首都经济贸易大学,CUEB-2025-158,2025级,金融学院,金融学+数据科学与大数据技术,金融学+数据科学与大数据技术,JN0776,抗压能力,抗压能力,非技术性能力,组织协调与商业执行,1.5,1,1,0,抗压能力,毕业要求直接出现“抗压能力”,3.392197251683733,5.088295877525599,17,否
首都经济贸易大学,CUEB-2025-158,2025级,金融学院,金融学+数据科学与大数据技术,金融学+数据科学与大数据技术,JN0779,书面表达,书面表达,非技术性能力,表达沟通与通用办公协作,1.6,1,0,1,应用写作 / Practical Writing,写作课程,1.0649195460993157,1.7038712737589052,34,否
首都经济贸易大学,CUEB-2025-158,2025级,金融学院,金融学+数据科学与大数据技术,金融学+数据科学与大数据技术,JN0780,诚信与职业道德,诚信与职业道德,非技术性能力,金融风控、投资与合规,1.5,1,1,0,职业道德,毕业要求直接出现“职业道德”,1.0710357731167517,1.6065536596751275,35,否
首都经济贸易大学,CUEB-2025-158,2025级,金融学院,金融学+数据科学与大数据技术,金融学+数据科学与大数据技术,JN0781,问题解决,问题解决,非技术性能力,表达沟通与通用办公协作,1.5,1,1,0,问题解决,毕业要求直接出现“问题解决”,2.314638372213455,3.4719575583201827,27,否
首都经济贸易大学,CUEB-2025-158,2025级,金融学院,金融学+数据科学与大数据技术,金融学+数据科学与大数据技术,JN0785,分析判断,分析判断,非技术性能力,组织协调与商业执行,2.0,2,2,0,分析能力,培养目标直接出现“分析能力”；培养特色直接出现“分析能力”,2.121734706088964,4.243469412177928,21,否
首都经济贸易大学,CUEB-2025-158,2025级,金融学院,金融学+数据科学与大数据技术,金融学+数据科学与大数据技术,JN0787,领导力,领导力,非技术性能力,组织协调与商业执行,1.5,1,1,0,领导力,毕业要求直接出现“领导力”,2.4035858582299516,3.6053787873449274,26,否
首都经济贸易大学,CUEB-2025-158,2025级,金融学院,金融学+数据科学与大数据技术,金融学+数据科学与大数据技术,JN0790,创新能力,创新能力,非技术性能力,视觉设计与数字内容制作,2.0,2,2,0,创新能力；创新思维,培养目标直接出现“创新能力”；培养特色直接出现“创新思维”,1.2895886507223624,2.579177301444725,31,否
首都经济贸易大学,CUEB-2025-158,2025级,金融学院,金融学+数据科学与大数据技术,金融学+数据科学与大数据技术,JN0800,决策能力,决策能力,非技术性能力,组织协调与商业执行,2.5,2,2,0,决策能力,毕业要求直接出现“决策能力”；培养特色直接出现“决策能力”,3.9675613965872945,9.918903491468235,5,是
首都经济贸易大学,CUEB-2025-159,2025级,金融学院,金融学（国际金融英文班）,金融学（国际金融英文班）,JN0025,英语,英语,语言能力,供应链与物流管理,5.8,4,4,0,英语,培养目标直接出现“英语”；毕业要求直接出现“英语”；核心课程直接出现“英语”；课程名称直接出现唯一技能别名“英语”,1.0,5.8,5,是
首都经济贸易大学,CUEB-2025-159,2025级,金融学院,金融学（国际金融英文班）,金融学（国际金融英文班）,JN0026,数据分析,数据分析,工具软件与技术平台,人工智能与数据挖掘,2.5,2,2,0,数据分析,培养目标直接出现“数据分析”；毕业要求直接出现“数据分析”,1.5798184952529422,3.9495462381323554,10,是
首都经济贸易大学,CUEB-2025-159,2025级,金融学院,金融学（国际金融英文班）,金融学（国际金融英文班）,JN0041,Python,Python（编程语言）,工具软件与技术平台,云计算、系统运维与DevOps,1.5,1,1,0,Python,毕业要求直接出现“Python”,1.5108256237659907,2.266238435648986,14,是
首都经济贸易大学,CUEB-2025-159,2025级,金融学院,金融学（国际金融英文班）,金融学（国际金融英文班）,JN0072,统计分析,统计分析,方法、标准与流程,人工智能与数据挖掘,0.8,1,0,1,统计学 / Statistics,统计方法课程,1.1880522315029396,0.9504417852023517,19,否
首都经济贸易大学,CUEB-2025-159,2025级,金融学院,金融学（国际金融英文班）,金融学（国际金融英文班）,JN0109,会计核算,会计核算,方法、标准与流程,财务会计与税务管理,0.8,1,0,1,会计学原理 （英语） / Accounting Principles (English),会计课程,1.2895886507223624,1.03167092057789,18,否
首都经济贸易大学,CUEB-2025-159,2025级,金融学院,金融学（国际金融英文班）,金融学（国际金融英文班）,JN0143,机器学习,机器学习,方法、标准与流程,人工智能与数据挖掘,4.8,3,3,0,机器学习,毕业要求直接出现“机器学习”；核心课程直接出现“机器学习”；课程名称直接出现唯一技能别名“机器学习”,2.3361445774344194,11.213493971685212,2,是
首都经济贸易大学,CUEB-2025-159,2025级,金融学院,金融学（国际金融英文班）,金融学（国际金融英文班）,JN0172,数据建模,数据建模,工具软件与技术平台,大数据工程与数据仓库,0.8,1,0,1,金融建模  / Financial Modelling,建模课程,2.730798769438368,2.1846390155506947,15,否
首都经济贸易大学,CUEB-2025-159,2025级,金融学院,金融学（国际金融英文班）,金融学（国际金融英文班）,JN0174,人工智能技术,人工智能技术,具体专业技能,人工智能与数据挖掘,4.3,3,3,0,人工智能技术；人工智能,培养目标直接出现“人工智能技术”；核心课程直接出现“人工智能”；课程名称直接出现唯一技能别名“人工智能”,1.312755710003897,5.644849553016757,6,是
首都经济贸易大学,CUEB-2025-159,2025级,金融学院,金融学（国际金融英文班）,金融学（国际金融英文班）,JN0397,数理统计,数理统计,工具软件与技术平台,人工智能与数据挖掘,3.3,2,2,0,数理统计,核心课程直接出现“数理统计”；课程名称直接出现唯一技能别名“数理统计”,1.2019413436636068,3.9664064340899023,9,是
首都经济贸易大学,CUEB-2025-159,2025级,金融学院,金融学（国际金融英文班）,金融学（国际金融英文班）,JN0430,知识图谱,知识图谱,方法、标准与流程,人工智能与数据挖掘,2.5,1,1,0,知识图谱,核心课程直接出现“知识图谱”,2.194494060371392,5.48623515092848,7,是
首都经济贸易大学,CUEB-2025-159,2025级,金融学院,金融学（国际金融英文班）,金融学（国际金融英文班）,JN0647,论文写作,论文写作,方法、标准与流程,表达沟通与通用办公协作,0.8,1,1,0,论文写作,课程名称直接出现唯一技能别名“论文写作”,1.4734380916943703,1.1787504733554963,17,否
首都经济贸易大学,CUEB-2025-159,2025级,金融学院,金融学（国际金融英文班）,金融学（国际金融英文班）,JN0690,风险管理,风险管理,专业知识与行业经验,金融风控、投资与合规,3.3,2,2,0,风险管理,核心课程直接出现“风险管理”；课程名称直接出现唯一技能别名“风险管理”,1.916290731874155,6.323759415184711,4,是
首都经济贸易大学,CUEB-2025-159,2025级,金融学院,金融学（国际金融英文班）,金融学（国际金融英文班）,JN0691,财务管理,财务管理,专业知识与行业经验,财务会计与税务管理,1.6,2,0,2,公司金融（英语）  / Corporate Finance (English)；跨国公司金融（双语） / Multinational Business Finance (Bilingual),财务管理课程,1.664976303593249,2.6639620857491986,12,是
首都经济贸易大学,CUEB-2025-159,2025级,金融学院,金融学（国际金融英文班）,金融学（国际金融英文班）,JN0730,公司治理,公司治理,专业知识与行业经验,金融风控、投资与合规,0.8,1,1,0,公司治理,课程名称直接出现唯一技能别名“公司治理”,3.120263536200091,2.496210828960073,13,是
首都经济贸易大学,CUEB-2025-159,2025级,金融学院,金融学（国际金融英文班）,金融学（国际金融英文班）,JN0755,CFA,特许金融分析师资格（CFA）,证书与资质,金融风控、投资与合规,3.3,3,3,0,CFA；cfa,培养目标直接出现“CFA”；毕业要求直接出现“CFA”；课程名称直接出现唯一技能别名“cfa”,3.169053700369523,10.457877211219426,3,否
首都经济贸易大学,CUEB-2025-159,2025级,金融学院,金融学（国际金融英文班）,金融学（国际金融英文班）,JN0763,FRM,FRM（证书资质）,证书与资质,金融风控、投资与合规,4.1,4,4,0,FRM；frm；金融风险管理师,培养目标直接出现“FRM”；毕业要求直接出现“FRM”；课程名称直接出现唯一技能别名“frm”；课程名称直接出现唯一技能别名“金融风险管理师”,3.120263536200091,12.793080498420371,1,否
首都经济贸易大学,CUEB-2025-159,2025级,金融学院,金融学（国际金融英文班）,金融学（国际金融英文班）,JN0771,团队合作,团队合作,非技术性能力,表达沟通与通用办公协作,1.0,1,1,0,协作能力,培养目标直接出现“协作能力”,1.4111957828171493,1.4111957828171493,16,否
首都经济贸易大学,CUEB-2025-159,2025级,金融学院,金融学（国际金融英文班）,金融学（国际金融英文班）,JN0776,抗压能力,抗压能力,非技术性能力,组织协调与商业执行,1.5,1,1,0,抗压能力,毕业要求直接出现“抗压能力”,3.392197251683733,5.088295877525599,8,是
首都经济贸易大学,CUEB-2025-159,2025级,金融学院,金融学（国际金融英文班）,金融学（国际金融英文班）,JN0779,书面表达,书面表达,非技术性能力,表达沟通与通用办公协作,0.8,1,0,1,应用写作 / Applied Writing,写作课程,1.0649195460993157,0.8519356368794526,20,否
首都经济贸易大学,CUEB-2025-159,2025级,金融学院,金融学（国际金融英文班）,金融学（国际金融英文班）,JN0787,领导力,领导力,非技术性能力,组织协调与商业执行,1.5,1,1,0,领导力,毕业要求直接出现“领导力”,2.4035858582299516,3.6053787873449274,11,是
首都经济贸易大学,CUEB-2025-160,2025级,金融学院,金融工程,金融工程,JN0025,英语,英语,语言能力,供应链与物流管理,0.8,1,1,0,英语,课程名称直接出现唯一技能别名“英语”,1.0,0.8,28,否
首都经济贸易大学,CUEB-2025-160,2025级,金融学院,金融工程,金融工程,JN0041,Python,Python（编程语言）,工具软件与技术平台,云计算、系统运维与DevOps,1.5,1,1,0,Python,毕业要求直接出现“Python”,1.5108256237659907,2.266238435648986,16,否
首都经济贸易大学,CUEB-2025-160,2025级,金融学院,金融工程,金融工程,JN0072,统计分析,统计分析,方法、标准与流程,人工智能与数据挖掘,0.8,1,0,1,统计学 / statistics,统计方法课程,1.1880522315029396,0.9504417852023517,26,否
首都经济贸易大学,CUEB-2025-160,2025级,金融学院,金融工程,金融工程,JN0076,数据处理,数据处理,具体专业技能,大数据工程与数据仓库,1.5,1,1,0,数据处理,毕业要求直接出现“数据处理”,2.5812670354674037,3.8719005532011055,11,是
首都经济贸易大学,CUEB-2025-160,2025级,金融学院,金融工程,金融工程,JN0109,会计核算,会计核算,方法、标准与流程,财务会计与税务管理,0.8,1,0,1,会计学 / Accounting,会计课程,1.2895886507223624,1.03167092057789,24,否
首都经济贸易大学,CUEB-2025-160,2025级,金融学院,金融工程,金融工程,JN0143,机器学习,机器学习,方法、标准与流程,人工智能与数据挖掘,0.8,1,1,0,机器学习,课程名称直接出现唯一技能别名“机器学习”,2.3361445774344194,1.8689156619475356,20,否
首都经济贸易大学,CUEB-2025-160,2025级,金融学院,金融工程,金融工程,JN0172,数据建模,数据建模,工具软件与技术平台,大数据工程与数据仓库,0.8,1,0,1,金融建模 / Financial modeling,建模课程,2.730798769438368,2.1846390155506947,17,否
首都经济贸易大学,CUEB-2025-160,2025级,金融学院,金融工程,金融工程,JN0174,人工智能技术,人工智能技术,具体专业技能,人工智能与数据挖掘,0.8,1,1,0,人工智能,课程名称直接出现唯一技能别名“人工智能”,1.312755710003897,1.0502045680031176,23,否
首都经济贸易大学,CUEB-2025-160,2025级,金融学院,金融工程,金融工程,JN0197,深度学习,深度学习,方法、标准与流程,人工智能与数据挖掘,0.8,1,1,0,深度学习,课程名称直接出现唯一技能别名“深度学习”,3.5257286443082556,2.8205829154466047,14,是
首都经济贸易大学,CUEB-2025-160,2025级,金融学院,金融工程,金融工程,JN0199,MATLAB,MATLAB（编程语言）,工具软件与技术平台,人工智能与数据挖掘,1.5,1,1,0,MATLAB,毕业要求直接出现“MATLAB”,4.373026504695459,6.559539757043188,4,是
首都经济贸易大学,CUEB-2025-160,2025级,金融学院,金融工程,金融工程,JN0250,跨文化沟通,跨文化沟通,语言能力,供应链与物流管理,1.0,1,1,0,跨文化沟通,培养目标直接出现“跨文化沟通”,2.730798769438368,2.730798769438368,15,是
首都经济贸易大学,CUEB-2025-160,2025级,金融学院,金融工程,金融工程,JN0397,数理统计,数理统计,工具软件与技术平台,人工智能与数据挖掘,0.8,1,1,0,数理统计,课程名称直接出现唯一技能别名“数理统计”,1.2019413436636068,0.9615530749308855,25,否
首都经济贸易大学,CUEB-2025-160,2025级,金融学院,金融工程,金融工程,JN0409,数据清洗,数据清洗,工具软件与技术平台,人工智能与数据挖掘,1.5,1,1,0,数据清洗,毕业要求直接出现“数据清洗”,4.778491612803624,7.1677374192054355,3,是
首都经济贸易大学,CUEB-2025-160,2025级,金融学院,金融工程,金融工程,JN0430,知识图谱,知识图谱,方法、标准与流程,人工智能与数据挖掘,2.5,1,1,0,知识图谱,核心课程直接出现“知识图谱”,2.194494060371392,5.48623515092848,6,是
首都经济贸易大学,CUEB-2025-160,2025级,金融学院,金融工程,金融工程,JN0584,时间序列,时间序列,方法、标准与流程,人工智能与数据挖掘,1.5,1,1,0,时间序列,毕业要求直接出现“时间序列”,2.8689491079191853,4.303423661878778,10,是
首都经济贸易大学,CUEB-2025-160,2025级,金融学院,金融工程,金融工程,JN0647,论文写作,论文写作,方法、标准与流程,表达沟通与通用办公协作,0.8,1,1,0,论文写作,课程名称直接出现唯一技能别名“论文写作”,1.4734380916943703,1.1787504733554963,22,否
首都经济贸易大学,CUEB-2025-160,2025级,金融学院,金融工程,金融工程,JN0686,数据库技术,数据库技术,专业知识与行业经验,Java后端开发与中间件,1.5,1,1,0,数据库,毕业要求直接出现“数据库”,2.3361445774344194,3.504216866151629,13,是
首都经济贸易大学,CUEB-2025-160,2025级,金融学院,金融工程,金融工程,JN0690,风险管理,风险管理,专业知识与行业经验,金融风控、投资与合规,3.3,3,3,0,风险管理,培养目标直接出现“风险管理”；毕业要求直接出现“风险管理”；课程名称直接出现唯一技能别名“风险管理”,1.916290731874155,6.323759415184711,5,是
首都经济贸易大学,CUEB-2025-160,2025级,金融学院,金融工程,金融工程,JN0691,财务管理,财务管理,专业知识与行业经验,财务会计与税务管理,0.8,1,0,1,公司金融（双语）Corporate Finance （Bilingual）,财务管理课程,1.664976303593249,1.3319810428745993,21,否
首都经济贸易大学,CUEB-2025-160,2025级,金融学院,金融工程,金融工程,JN0755,CFA,特许金融分析师资格（CFA）,证书与资质,金融风控、投资与合规,3.3,3,3,0,CFA；cfa,培养目标直接出现“CFA”；毕业要求直接出现“CFA”；课程名称直接出现唯一技能别名“cfa”,3.169053700369523,10.457877211219426,2,否
首都经济贸易大学,CUEB-2025-160,2025级,金融学院,金融工程,金融工程,JN0763,FRM,FRM（证书资质）,证书与资质,金融风控、投资与合规,4.1,4,4,0,FRM；frm；金融风险管理师,培养目标直接出现“FRM”；毕业要求直接出现“FRM”；课程名称直接出现唯一技能别名“frm”；课程名称直接出现唯一技能别名“金融风险管理师”,3.120263536200091,12.793080498420371,1,否
首都经济贸易大学,CUEB-2025-160,2025级,金融学院,金融工程,金融工程,JN0770,沟通能力,沟通能力,非技术性能力,组织协调与商业执行,2.5,2,2,0,沟通能力,培养目标直接出现“沟通能力”；毕业要求直接出现“沟通能力”,1.7953381214564925,4.488345303641231,9,是
首都经济贸易大学,CUEB-2025-160,2025级,金融学院,金融工程,金融工程,JN0771,团队合作,团队合作,非技术性能力,表达沟通与通用办公协作,1.5,1,1,0,团队协作,毕业要求直接出现“团队协作”,1.4111957828171493,2.116793674225724,18,否
首都经济贸易大学,CUEB-2025-160,2025级,金融学院,金融工程,金融工程,JN0776,抗压能力,抗压能力,非技术性能力,组织协调与商业执行,1.5,1,1,0,抗压能力,毕业要求直接出现“抗压能力”,3.392197251683733,5.088295877525599,7,是
首都经济贸易大学,CUEB-2025-160,2025级,金融学院,金融工程,金融工程,JN0779,书面表达,书面表达,非技术性能力,表达沟通与通用办公协作,0.8,1,0,1,应用写作 / Practical Writing,写作课程,1.0649195460993157,0.8519356368794526,27,否
首都经济贸易大学,CUEB-2025-160,2025级,金融学院,金融工程,金融工程,JN0787,领导力,领导力,非技术性能力,组织协调与商业执行,1.5,1,1,0,领导力,毕业要求直接出现“领导力”,2.4035858582299516,3.6053787873449274,12,否
首都经济贸易大学,CUEB-2025-160,2025级,金融学院,金融工程,金融工程,JN0790,创新能力,创新能力,非技术性能力,视觉设计与数字内容制作,1.5,1,1,0,创新意识,毕业要求直接出现“创新意识”,1.2895886507223624,1.9343829760835436,19,否
首都经济贸易大学,CUEB-2025-160,2025级,金融学院,金融工程,金融工程,JN0825,风险识别,风险识别,非技术性能力,金融风控、投资与合规,1.0,1,1,0,风险识别,培养目标直接出现“风险识别”,5.0661736852554045,5.0661736852554045,8,是
首都经济贸易大学,CUEB-2025-161,2025级,金融学院,金融科技,金融科技,JN0025,英语,英语,语言能力,供应链与物流管理,1.6,1,1,0,英语,课程名称直接出现唯一技能别名“英语”,1.0,1.6,28,否
首都经济贸易大学,CUEB-2025-161,2025级,金融学院,金融科技,金融科技,JN0026,数据分析,数据分析,工具软件与技术平台,人工智能与数据挖掘,0.8,1,0,1,数据科学导论 Introduction to Data Science,数据分析课程,1.5798184952529422,1.2638547962023539,29,否
首都经济贸易大学,CUEB-2025-161,2025级,金融学院,金融科技,金融科技,JN0041,Python,Python（编程语言）,工具软件与技术平台,云计算、系统运维与DevOps,1.5,1,1,0,Python,毕业要求直接出现“Python”,1.5108256237659907,2.266238435648986,22,否
首都经济贸易大学,CUEB-2025-161,2025级,金融学院,金融科技,金融科技,JN0065,网络安全,网络安全,工具软件与技术平台,网络运维与信息安全,0.8,1,1,0,信息安全,课程名称直接出现唯一技能别名“信息安全”,3.8622008809294686,3.089760704743575,13,是
首都经济贸易大学,CUEB-2025-161,2025级,金融学院,金融科技,金融科技,JN0072,统计分析,统计分析,方法、标准与流程,人工智能与数据挖掘,0.8,1,0,1,统计学 / statistics,统计方法课程,1.1880522315029396,0.9504417852023517,32,否
首都经济贸易大学,CUEB-2025-161,2025级,金融学院,金融科技,金融科技,JN0109,会计核算,会计核算,方法、标准与流程,财务会计与税务管理,0.8,1,0,1,会计学 / Accounting,会计课程,1.2895886507223624,1.03167092057789,31,否
首都经济贸易大学,CUEB-2025-161,2025级,金融学院,金融科技,金融科技,JN0143,机器学习,机器学习,方法、标准与流程,人工智能与数据挖掘,4.1,2,2,0,机器学习,核心课程直接出现“机器学习”；课程名称直接出现唯一技能别名“机器学习”,2.3361445774344194,9.578192767481118,1,是
首都经济贸易大学,CUEB-2025-161,2025级,金融学院,金融科技,金融科技,JN0172,数据建模,数据建模,工具软件与技术平台,大数据工程与数据仓库,0.8,1,0,1,金融建模 / Financial modeling,建模课程,2.730798769438368,2.1846390155506947,23,否
首都经济贸易大学,CUEB-2025-161,2025级,金融学院,金融科技,金融科技,JN0174,人工智能技术,人工智能技术,具体专业技能,人工智能与数据挖掘,3.4000000000000004,3,3,0,人工智能；ai,培养目标直接出现“人工智能”；课程名称直接出现唯一技能别名“人工智能”；课程名称直接出现唯一技能别名“ai”,1.312755710003897,4.46336941401325,7,是
首都经济贸易大学,CUEB-2025-161,2025级,金融学院,金融科技,金融科技,JN0197,深度学习,深度学习,方法、标准与流程,人工智能与数据挖掘,0.8,1,1,0,深度学习,课程名称直接出现唯一技能别名“深度学习”,3.5257286443082556,2.8205829154466047,14,否
首都经济贸易大学,CUEB-2025-161,2025级,金融学院,金融科技,金融科技,JN0199,MATLAB,MATLAB（编程语言）,工具软件与技术平台,人工智能与数据挖掘,1.5,1,1,0,MATLAB,毕业要求直接出现“MATLAB”,4.373026504695459,6.559539757043188,2,是
首都经济贸易大学,CUEB-2025-161,2025级,金融学院,金融科技,金融科技,JN0222,面向对象编程,面向对象编程,方法、标准与流程,Web前端开发,0.8,1,1,0,面向对象编程,课程名称直接出现唯一技能别名“面向对象编程”,3.2744142160273495,2.61953137282188,20,否
首都经济贸易大学,CUEB-2025-161,2025级,金融学院,金融科技,金融科技,JN0279,自然语言处理,自然语言处理,方法、标准与流程,人工智能与数据挖掘,0.8,1,1,0,自然语言处理,课程名称直接出现唯一技能别名“自然语言处理”,3.5257286443082556,2.8205829154466047,15,否
首都经济贸易大学,CUEB-2025-161,2025级,金融学院,金融科技,金融科技,JN0397,数理统计,数理统计,工具软件与技术平台,人工智能与数据挖掘,1.6,1,1,0,数理统计,课程名称直接出现唯一技能别名“数理统计”,1.2019413436636068,1.923106149861771,25,否
首都经济贸易大学,CUEB-2025-161,2025级,金融学院,金融科技,金融科技,JN0413,算法建模,算法建模,方法、标准与流程,人工智能与数据挖掘,0.8,1,0,1,金融智能芯片与算法设计 / AI Chips with Theories and Applications,算法课程,3.331572629867298,2.6652581038938385,17,否
首都经济贸易大学,CUEB-2025-161,2025级,金融学院,金融科技,金融科技,JN0430,知识图谱,知识图谱,方法、标准与流程,人工智能与数据挖掘,2.5,1,1,0,知识图谱,核心课程直接出现“知识图谱”,2.194494060371392,5.48623515092848,3,是
首都经济贸易大学,CUEB-2025-161,2025级,金融学院,金融科技,金融科技,JN0586,生成式人工智能,生成式人工智能,具体专业技能,人工智能与数据挖掘,1.0,1,1,0,生成式AI,培养目标直接出现“生成式AI”,4.778491612803624,4.778491612803624,6,是
首都经济贸易大学,CUEB-2025-161,2025级,金融学院,金融科技,金融科技,JN0647,论文写作,论文写作,方法、标准与流程,表达沟通与通用办公协作,0.8,1,1,0,论文写作,课程名称直接出现唯一技能别名“论文写作”,1.4734380916943703,1.1787504733554963,30,否
首都经济贸易大学,CUEB-2025-161,2025级,金融学院,金融科技,金融科技,JN0686,数据库技术,数据库技术,专业知识与行业经验,Java后端开发与中间件,2.3,2,2,0,数据库,毕业要求直接出现“数据库”；课程名称直接出现唯一技能别名“数据库”,2.3361445774344194,5.373132528099164,4,是
首都经济贸易大学,CUEB-2025-161,2025级,金融学院,金融科技,金融科技,JN0687,操作系统,操作系统,专业知识与行业经验,网络通信与软件开发基础,0.8,1,1,0,操作系统,课程名称直接出现唯一技能别名“操作系统”,3.9675613965872945,3.1740491172698357,12,是
首都经济贸易大学,CUEB-2025-161,2025级,金融学院,金融科技,金融科技,JN0690,风险管理,风险管理,专业知识与行业经验,金融风控、投资与合规,1.8,2,2,0,风险管理,培养目标直接出现“风险管理”；课程名称直接出现唯一技能别名“风险管理”,1.916290731874155,3.449323317373479,10,是
首都经济贸易大学,CUEB-2025-161,2025级,金融学院,金融科技,金融科技,JN0691,财务管理,财务管理,专业知识与行业经验,财务会计与税务管理,1.6,1,0,1,公司金融（双语）Corporate Finance （Bilingual）,财务管理课程,1.664976303593249,2.6639620857491986,18,否
首都经济贸易大学,CUEB-2025-161,2025级,金融学院,金融科技,金融科技,JN0755,CFA,特许金融分析师资格（CFA）,证书与资质,金融风控、投资与合规,0.8,1,1,0,cfa,课程名称直接出现唯一技能别名“cfa”,3.169053700369523,2.535242960295619,21,否
首都经济贸易大学,CUEB-2025-161,2025级,金融学院,金融科技,金融科技,JN0763,FRM,FRM（证书资质）,证书与资质,金融风控、投资与合规,1.6,2,2,0,frm；金融风险管理师,课程名称直接出现唯一技能别名“frm”；课程名称直接出现唯一技能别名“金融风险管理师”,3.120263536200091,4.992421657920146,5,否
首都经济贸易大学,CUEB-2025-161,2025级,金融学院,金融科技,金融科技,JN0770,沟通能力,沟通能力,非技术性能力,组织协调与商业执行,1.5,1,1,0,沟通能力,毕业要求直接出现“沟通能力”,1.7953381214564925,2.693007182184739,16,否
首都经济贸易大学,CUEB-2025-161,2025级,金融学院,金融科技,金融科技,JN0771,团队合作,团队合作,非技术性能力,表达沟通与通用办公协作,1.5,1,1,0,团队合作,毕业要求直接出现“团队合作”,1.4111957828171493,2.116793674225724,24,否
首都经济贸易大学,CUEB-2025-161,2025级,金融学院,金融科技,金融科技,JN0774,表达能力,表达能力,非技术性能力,表达沟通与通用办公协作,1.5,1,1,0,表达能力,毕业要求直接出现“表达能力”,1.7703368192510753,2.655505228876613,19,否
首都经济贸易大学,CUEB-2025-161,2025级,金融学院,金融科技,金融科技,JN0775,学习能力,学习能力,非技术性能力,表达沟通与通用办公协作,2.5,2,2,0,持续学习能力；自主学习能力,培养目标直接出现“持续学习能力”；毕业要求直接出现“自主学习能力”,1.7221347174331973,4.305336793582994,8,是
首都经济贸易大学,CUEB-2025-161,2025级,金融学院,金融科技,金融科技,JN0779,书面表达,书面表达,非技术性能力,表达沟通与通用办公协作,1.6,1,0,1,应用写作 / Practical Writing,写作课程,1.0649195460993157,1.7038712737589052,26,否
首都经济贸易大学,CUEB-2025-161,2025级,金融学院,金融科技,金融科技,JN0780,诚信与职业道德,诚信与职业道德,非技术性能力,金融风控、投资与合规,1.5,1,1,0,职业道德,毕业要求直接出现“职业道德”,1.0710357731167517,1.6065536596751275,27,否
首都经济贸易大学,CUEB-2025-161,2025级,金融学院,金融科技,金融科技,JN0790,创新能力,创新能力,非技术性能力,视觉设计与数字内容制作,2.5,2,2,0,创新能力,培养目标直接出现“创新能力”；毕业要求直接出现“创新能力”,1.2895886507223624,3.223971626805906,11,是
首都经济贸易大学,CUEB-2025-161,2025级,金融学院,金融科技,金融科技,JN0830,批判性思维,批判性思维,非技术性能力,表达沟通与通用办公协作,1.5,1,1,0,批判性思维,毕业要求直接出现“批判性思维”,2.638425449307353,3.9576381739610293,9,是
首都经济贸易大学,CUEB-2025-162,2025级,统计与数据科学学院,数学与应用数学（实验班）（定稿）,数学与应用数学（实验班）（定稿）,JN0025,英语,英语,语言能力,供应链与物流管理,0.8,1,1,0,英语,课程名称直接出现唯一技能别名“英语”,1.0,0.8,28,否
首都经济贸易大学,CUEB-2025-162,2025级,统计与数据科学学院,数学与应用数学（实验班）（定稿）,数学与应用数学（实验班）（定稿）,JN0026,数据分析,数据分析,工具软件与技术平台,人工智能与数据挖掘,5.8,4,4,0,数据分析,培养目标直接出现“数据分析”；毕业要求直接出现“数据分析”；核心课程直接出现“数据分析”；课程名称直接出现唯一技能别名“数据分析”,1.5798184952529422,9.162947272467065,10,是
首都经济贸易大学,CUEB-2025-162,2025级,统计与数据科学学院,数学与应用数学（实验班）（定稿）,数学与应用数学（实验班）（定稿）,JN0031,Linux,Linux（运维云与安全）,工具软件与技术平台,云计算、系统运维与DevOps,4.1,3,3,0,Linux系统；linux；linux系统,核心课程直接出现“Linux系统”；课程名称直接出现唯一技能别名“linux”；课程名称直接出现唯一技能别名“linux系统”,4.218875824868201,17.297390881959622,1,是
首都经济贸易大学,CUEB-2025-162,2025级,统计与数据科学学院,数学与应用数学（实验班）（定稿）,数学与应用数学（实验班）（定稿）,JN0038,SQL,结构化查询语言（SQL）,工具软件与技术平台,Java后端开发与中间件,3.3,2,2,0,SQL；sql,核心课程直接出现“SQL”；课程名称直接出现唯一技能别名“sql”,4.373026504695459,14.430987465495015,3,是
首都经济贸易大学,CUEB-2025-162,2025级,统计与数据科学学院,数学与应用数学（实验班）（定稿）,数学与应用数学（实验班）（定稿）,JN0041,Python,Python（编程语言）,工具软件与技术平台,云计算、系统运维与DevOps,4.3,3,3,0,Python；python,培养目标直接出现“Python”；核心课程直接出现“Python”；课程名称直接出现唯一技能别名“python”,1.5108256237659907,6.49655018219376,14,否
首都经济贸易大学,CUEB-2025-162,2025级,统计与数据科学学院,数学与应用数学（实验班）（定稿）,数学与应用数学（实验班）（定稿）,JN0072,统计分析,统计分析,方法、标准与流程,人工智能与数据挖掘,6.5,6,2,4,统计分析；回归分析 Regression Analysis；时间序列分析 Time Series Analysis；贝叶斯统计（双语） Bayesian Statistics（Bilingual）；非参数统计 Nonparametric Statistics,核心课程直接出现“统计分析”；统计方法课程；课程名称直接出现唯一技能别名“统计分析”,1.1880522315029396,7.722339504769107,12,是
首都经济贸易大学,CUEB-2025-162,2025级,统计与数据科学学院,数学与应用数学（实验班）（定稿）,数学与应用数学（实验班）（定稿）,JN0076,数据处理,数据处理,具体专业技能,大数据工程与数据仓库,1.0,1,1,0,数据处理,培养目标直接出现“数据处理”,2.5812670354674037,2.5812670354674037,22,否
首都经济贸易大学,CUEB-2025-162,2025级,统计与数据科学学院,数学与应用数学（实验班）（定稿）,数学与应用数学（实验班）（定稿）,JN0104,C语言,C语言（编程语言）,工具软件与技术平台,嵌入式与电子硬件开发,3.3,2,2,0,C语言；c语言,核心课程直接出现“C语言”；课程名称直接出现唯一技能别名“c语言”,3.169053700369523,10.457877211219426,5,是
首都经济贸易大学,CUEB-2025-162,2025级,统计与数据科学学院,数学与应用数学（实验班）（定稿）,数学与应用数学（实验班）（定稿）,JN0143,机器学习,机器学习,方法、标准与流程,人工智能与数据挖掘,4.3,3,3,0,机器学习,培养目标直接出现“机器学习”；核心课程直接出现“机器学习”；课程名称直接出现唯一技能别名“机器学习”,2.3361445774344194,10.045421682968003,6,是
首都经济贸易大学,CUEB-2025-162,2025级,统计与数据科学学院,数学与应用数学（实验班）（定稿）,数学与应用数学（实验班）（定稿）,JN0174,人工智能技术,人工智能技术,具体专业技能,人工智能与数据挖掘,6.6,5,5,0,人工智能技术；人工智能；ai,培养目标直接出现“人工智能技术”；毕业要求直接出现“人工智能”；核心课程直接出现“人工智能技术”；课程名称直接出现唯一技能别名“人工智能”；课程名称直接出现唯一技能别名“ai”,1.312755710003897,8.66418768602572,11,是
首都经济贸易大学,CUEB-2025-162,2025级,统计与数据科学学院,数学与应用数学（实验班）（定稿）,数学与应用数学（实验班）（定稿）,JN0197,深度学习,深度学习,方法、标准与流程,人工智能与数据挖掘,4.3,3,3,0,深度学习,培养目标直接出现“深度学习”；核心课程直接出现“深度学习”；课程名称直接出现唯一技能别名“深度学习”,3.5257286443082556,15.160633170525498,2,是
首都经济贸易大学,CUEB-2025-162,2025级,统计与数据科学学院,数学与应用数学（实验班）（定稿）,数学与应用数学（实验班）（定稿）,JN0211,数据结构与算法,数据结构与算法,方法、标准与流程,网络通信与软件开发基础,3.3,2,2,0,数据结构与算法,核心课程直接出现“数据结构与算法”；课程名称直接出现唯一技能别名“数据结构与算法”,2.79749014393704,9.231717474992232,9,是
首都经济贸易大学,CUEB-2025-162,2025级,统计与数据科学学院,数学与应用数学（实验班）（定稿）,数学与应用数学（实验班）（定稿）,JN0397,数理统计,数理统计,工具软件与技术平台,人工智能与数据挖掘,3.3,2,2,0,数理统计,核心课程直接出现“数理统计”；课程名称直接出现唯一技能别名“数理统计”,1.2019413436636068,3.9664064340899023,18,否
首都经济贸易大学,CUEB-2025-162,2025级,统计与数据科学学院,数学与应用数学（实验班）（定稿）,数学与应用数学（实验班）（定稿）,JN0413,算法建模,算法建模,方法、标准与流程,人工智能与数据挖掘,0.8,1,0,1,数据结构与算法分析 Data Structures and Algorithms,算法课程,3.331572629867298,2.6652581038938385,20,否
首都经济贸易大学,CUEB-2025-162,2025级,统计与数据科学学院,数学与应用数学（实验班）（定稿）,数学与应用数学（实验班）（定稿）,JN0424,大语言模型,大语言模型,具体专业技能,人工智能与数据挖掘,3.3,2,2,0,大语言模型,核心课程直接出现“大语言模型”；课程名称直接出现唯一技能别名“大语言模型”,3.6798793241355137,12.143601769647194,4,是
首都经济贸易大学,CUEB-2025-162,2025级,统计与数据科学学院,数学与应用数学（实验班）（定稿）,数学与应用数学（实验班）（定稿）,JN0430,知识图谱,知识图谱,方法、标准与流程,人工智能与数据挖掘,2.5,1,1,0,知识图谱,核心课程直接出现“知识图谱”,2.194494060371392,5.48623515092848,15,否
首都经济贸易大学,CUEB-2025-162,2025级,统计与数据科学学院,数学与应用数学（实验班）（定稿）,数学与应用数学（实验班）（定稿）,JN0584,时间序列,时间序列,方法、标准与流程,人工智能与数据挖掘,3.3,2,2,0,时间序列,核心课程直接出现“时间序列”；课程名称直接出现唯一技能别名“时间序列”,2.8689491079191853,9.467532056133312,8,是
首都经济贸易大学,CUEB-2025-162,2025级,统计与数据科学学院,数学与应用数学（实验班）（定稿）,数学与应用数学（实验班）（定稿）,JN0647,论文写作,论文写作,方法、标准与流程,表达沟通与通用办公协作,0.8,1,1,0,论文写作,课程名称直接出现唯一技能别名“论文写作”,1.4734380916943703,1.1787504733554963,26,否
首都经济贸易大学,CUEB-2025-162,2025级,统计与数据科学学院,数学与应用数学（实验班）（定稿）,数学与应用数学（实验班）（定稿）,JN0686,数据库技术,数据库技术,专业知识与行业经验,Java后端开发与中间件,4.1,3,3,0,数据库原理；数据库,核心课程直接出现“数据库原理”；课程名称直接出现唯一技能别名“数据库”；课程名称直接出现唯一技能别名“数据库原理”,2.3361445774344194,9.578192767481118,7,是
首都经济贸易大学,CUEB-2025-162,2025级,统计与数据科学学院,数学与应用数学（实验班）（定稿）,数学与应用数学（实验班）（定稿）,JN0771,团队合作,团队合作,非技术性能力,表达沟通与通用办公协作,1.5,1,1,0,合作意识,毕业要求直接出现“合作意识”,1.4111957828171493,2.116793674225724,24,否
首都经济贸易大学,CUEB-2025-162,2025级,统计与数据科学学院,数学与应用数学（实验班）（定稿）,数学与应用数学（实验班）（定稿）,JN0772,责任心,责任心,非技术性能力,表达沟通与通用办公协作,1.5,1,1,0,责任心,毕业要求直接出现“责任心”,3.456735772821304,5.185103659231956,16,否
首都经济贸易大学,CUEB-2025-162,2025级,统计与数据科学学院,数学与应用数学（实验班）（定稿）,数学与应用数学（实验班）（定稿）,JN0774,表达能力,表达能力,非技术性能力,表达沟通与通用办公协作,1.5,1,1,0,表达能力,毕业要求直接出现“表达能力”,1.7703368192510753,2.655505228876613,21,否
首都经济贸易大学,CUEB-2025-162,2025级,统计与数据科学学院,数学与应用数学（实验班）（定稿）,数学与应用数学（实验班）（定稿）,JN0775,学习能力,学习能力,非技术性能力,表达沟通与通用办公协作,4.0,2,2,0,自主学习能力；学习能力,毕业要求直接出现“自主学习能力”；核心课程直接出现“学习能力”,1.7221347174331973,6.888538869732789,13,否
首都经济贸易大学,CUEB-2025-162,2025级,统计与数据科学学院,数学与应用数学（实验班）（定稿）,数学与应用数学（实验班）（定稿）,JN0779,书面表达,书面表达,非技术性能力,表达沟通与通用办公协作,0.8,1,0,1,应用写作 / Practical Writing,写作课程,1.0649195460993157,0.8519356368794526,27,否
首都经济贸易大学,CUEB-2025-162,2025级,统计与数据科学学院,数学与应用数学（实验班）（定稿）,数学与应用数学（实验班）（定稿）,JN0780,诚信与职业道德,诚信与职业道德,非技术性能力,金融风控、投资与合规,1.5,1,1,0,敬业精神,毕业要求直接出现“敬业精神”,1.0710357731167517,1.6065536596751275,25,否
首都经济贸易大学,CUEB-2025-162,2025级,统计与数据科学学院,数学与应用数学（实验班）（定稿）,数学与应用数学（实验班）（定稿）,JN0790,创新能力,创新能力,非技术性能力,视觉设计与数字内容制作,2.5,2,2,0,创新思维；创新能力,培养目标直接出现“创新思维”；毕业要求直接出现“创新能力”,1.2895886507223624,3.223971626805906,19,否
首都经济贸易大学,CUEB-2025-162,2025级,统计与数据科学学院,数学与应用数学（实验班）（定稿）,数学与应用数学（实验班）（定稿）,JN0798,适应能力,适应能力,非技术性能力,组织协调与商业执行,1.0,1,1,0,适应能力,培养目标直接出现“适应能力”,2.5271998141971284,2.5271998141971284,23,否
首都经济贸易大学,CUEB-2025-162,2025级,统计与数据科学学院,数学与应用数学（实验班）（定稿）,数学与应用数学（实验班）（定稿）,JN0801,独立思考,独立思考,非技术性能力,表达沟通与通用办公协作,1.5,1,1,0,独立思考能力,毕业要求直接出现“独立思考能力”,3.2203469947570738,4.83052049213561,17,否
首都经济贸易大学,CUEB-2025-163,2025级,统计与数据科学学院,数学与应用数学（金融方向）(定稿）,数学与应用数学（金融方向）(定稿）,JN0025,英语,英语,语言能力,供应链与物流管理,0.8,1,1,0,英语,课程名称直接出现唯一技能别名“英语”,1.0,0.8,29,否
首都经济贸易大学,CUEB-2025-163,2025级,统计与数据科学学院,数学与应用数学（金融方向）(定稿）,数学与应用数学（金融方向）(定稿）,JN0026,数据分析,数据分析,工具软件与技术平台,人工智能与数据挖掘,4.8,3,3,0,数据分析,毕业要求直接出现“数据分析”；核心课程直接出现“数据分析”；课程名称直接出现唯一技能别名“数据分析”,1.5798184952529422,7.583128777214122,8,是
首都经济贸易大学,CUEB-2025-163,2025级,统计与数据科学学院,数学与应用数学（金融方向）(定稿）,数学与应用数学（金融方向）(定稿）,JN0031,Linux,Linux（运维云与安全）,工具软件与技术平台,云计算、系统运维与DevOps,4.1,3,3,0,Linux系统；linux；linux系统,核心课程直接出现“Linux系统”；课程名称直接出现唯一技能别名“linux”；课程名称直接出现唯一技能别名“linux系统”,4.218875824868201,17.297390881959622,1,是
首都经济贸易大学,CUEB-2025-163,2025级,统计与数据科学学院,数学与应用数学（金融方向）(定稿）,数学与应用数学（金融方向）(定稿）,JN0041,Python,Python（编程语言）,工具软件与技术平台,云计算、系统运维与DevOps,4.3,3,3,0,Python；python,培养目标直接出现“Python”；核心课程直接出现“Python”；课程名称直接出现唯一技能别名“python”,1.5108256237659907,6.49655018219376,11,是
首都经济贸易大学,CUEB-2025-163,2025级,统计与数据科学学院,数学与应用数学（金融方向）(定稿）,数学与应用数学（金融方向）(定稿）,JN0072,统计分析,统计分析,方法、标准与流程,人工智能与数据挖掘,5.7,5,2,3,统计分析；回归分析 Regression Analysis；时间序列分析 Time Series Analysis；贝叶斯统计（双语） Bayesian Statistics（Bilingual）,核心课程直接出现“统计分析”；统计方法课程；课程名称直接出现唯一技能别名“统计分析”,1.1880522315029396,6.771897719566756,10,是
首都经济贸易大学,CUEB-2025-163,2025级,统计与数据科学学院,数学与应用数学（金融方向）(定稿）,数学与应用数学（金融方向）(定稿）,JN0076,数据处理,数据处理,具体专业技能,大数据工程与数据仓库,1.0,1,1,0,数据处理,培养目标直接出现“数据处理”,2.5812670354674037,2.5812670354674037,21,否
首都经济贸易大学,CUEB-2025-163,2025级,统计与数据科学学院,数学与应用数学（金融方向）(定稿）,数学与应用数学（金融方向）(定稿）,JN0104,C语言,C语言（编程语言）,工具软件与技术平台,嵌入式与电子硬件开发,3.3,2,2,0,C语言；c语言,核心课程直接出现“C语言”；课程名称直接出现唯一技能别名“c语言”,3.169053700369523,10.457877211219426,4,是
首都经济贸易大学,CUEB-2025-163,2025级,统计与数据科学学院,数学与应用数学（金融方向）(定稿）,数学与应用数学（金融方向）(定稿）,JN0143,机器学习,机器学习,方法、标准与流程,人工智能与数据挖掘,4.3,3,3,0,机器学习,培养目标直接出现“机器学习”；核心课程直接出现“机器学习”；课程名称直接出现唯一技能别名“机器学习”,2.3361445774344194,10.045421682968003,5,是
首都经济贸易大学,CUEB-2025-163,2025级,统计与数据科学学院,数学与应用数学（金融方向）(定稿）,数学与应用数学（金融方向）(定稿）,JN0174,人工智能技术,人工智能技术,具体专业技能,人工智能与数据挖掘,4.1,3,3,0,人工智能；ai,核心课程直接出现“人工智能”；课程名称直接出现唯一技能别名“人工智能”；课程名称直接出现唯一技能别名“ai”,1.312755710003897,5.382298411015976,13,否
首都经济贸易大学,CUEB-2025-163,2025级,统计与数据科学学院,数学与应用数学（金融方向）(定稿）,数学与应用数学（金融方向）(定稿）,JN0197,深度学习,深度学习,方法、标准与流程,人工智能与数据挖掘,4.3,3,3,0,深度学习,培养目标直接出现“深度学习”；核心课程直接出现“深度学习”；课程名称直接出现唯一技能别名“深度学习”,3.5257286443082556,15.160633170525498,2,是
首都经济贸易大学,CUEB-2025-163,2025级,统计与数据科学学院,数学与应用数学（金融方向）(定稿）,数学与应用数学（金融方向）(定稿）,JN0397,数理统计,数理统计,工具软件与技术平台,人工智能与数据挖掘,3.3,2,2,0,数理统计,核心课程直接出现“数理统计”；课程名称直接出现唯一技能别名“数理统计”,1.2019413436636068,3.9664064340899023,16,否
首都经济贸易大学,CUEB-2025-163,2025级,统计与数据科学学院,数学与应用数学（金融方向）(定稿）,数学与应用数学（金融方向）(定稿）,JN0430,知识图谱,知识图谱,方法、标准与流程,人工智能与数据挖掘,2.5,1,1,0,知识图谱,核心课程直接出现“知识图谱”,2.194494060371392,5.48623515092848,12,是
首都经济贸易大学,CUEB-2025-163,2025级,统计与数据科学学院,数学与应用数学（金融方向）(定稿）,数学与应用数学（金融方向）(定稿）,JN0524,精算,精算,具体专业技能,金融风控、投资与合规,2.5,1,1,0,精算,核心课程直接出现“精算”,4.218875824868201,10.547189562170502,3,是
首都经济贸易大学,CUEB-2025-163,2025级,统计与数据科学学院,数学与应用数学（金融方向）(定稿）,数学与应用数学（金融方向）(定稿）,JN0584,时间序列,时间序列,方法、标准与流程,人工智能与数据挖掘,3.3,2,2,0,时间序列,核心课程直接出现“时间序列”；课程名称直接出现唯一技能别名“时间序列”,2.8689491079191853,9.467532056133312,6,是
首都经济贸易大学,CUEB-2025-163,2025级,统计与数据科学学院,数学与应用数学（金融方向）(定稿）,数学与应用数学（金融方向）(定稿）,JN0647,论文写作,论文写作,方法、标准与流程,表达沟通与通用办公协作,0.8,1,1,0,论文写作,课程名称直接出现唯一技能别名“论文写作”,1.4734380916943703,1.1787504733554963,27,否
首都经济贸易大学,CUEB-2025-163,2025级,统计与数据科学学院,数学与应用数学（金融方向）(定稿）,数学与应用数学（金融方向）(定稿）,JN0690,风险管理,风险管理,专业知识与行业经验,金融风控、投资与合规,4.3,3,3,0,风险管理,培养目标直接出现“风险管理”；核心课程直接出现“风险管理”；课程名称直接出现唯一技能别名“风险管理”,1.916290731874155,8.240050147058867,7,是
首都经济贸易大学,CUEB-2025-163,2025级,统计与数据科学学院,数学与应用数学（金融方向）(定稿）,数学与应用数学（金融方向）(定稿）,JN0691,财务管理,财务管理,专业知识与行业经验,财务会计与税务管理,0.8,1,0,1,公司金融 Corporate Finance,财务管理课程,1.664976303593249,1.3319810428745993,26,否
首都经济贸易大学,CUEB-2025-163,2025级,统计与数据科学学院,数学与应用数学（金融方向）(定稿）,数学与应用数学（金融方向）(定稿）,JN0763,FRM,FRM（证书资质）,证书与资质,金融风控、投资与合规,1.0,1,1,0,金融风险管理师,培养目标直接出现“金融风险管理师”,3.120263536200091,3.120263536200091,18,否
首都经济贸易大学,CUEB-2025-163,2025级,统计与数据科学学院,数学与应用数学（金融方向）(定稿）,数学与应用数学（金融方向）(定稿）,JN0771,团队合作,团队合作,非技术性能力,表达沟通与通用办公协作,1.5,1,1,0,合作意识,毕业要求直接出现“合作意识”,1.4111957828171493,2.116793674225724,24,否
首都经济贸易大学,CUEB-2025-163,2025级,统计与数据科学学院,数学与应用数学（金融方向）(定稿）,数学与应用数学（金融方向）(定稿）,JN0772,责任心,责任心,非技术性能力,表达沟通与通用办公协作,1.5,1,1,0,责任心,毕业要求直接出现“责任心”,3.456735772821304,5.185103659231956,14,否
首都经济贸易大学,CUEB-2025-163,2025级,统计与数据科学学院,数学与应用数学（金融方向）(定稿）,数学与应用数学（金融方向）(定稿）,JN0774,表达能力,表达能力,非技术性能力,表达沟通与通用办公协作,1.5,1,1,0,表达能力,毕业要求直接出现“表达能力”,1.7703368192510753,2.655505228876613,20,否
首都经济贸易大学,CUEB-2025-163,2025级,统计与数据科学学院,数学与应用数学（金融方向）(定稿）,数学与应用数学（金融方向）(定稿）,JN0775,学习能力,学习能力,非技术性能力,表达沟通与通用办公协作,4.0,2,2,0,自主学习能力；学习能力,毕业要求直接出现“自主学习能力”；核心课程直接出现“学习能力”,1.7221347174331973,6.888538869732789,9,是
首都经济贸易大学,CUEB-2025-163,2025级,统计与数据科学学院,数学与应用数学（金融方向）(定稿）,数学与应用数学（金融方向）(定稿）,JN0779,书面表达,书面表达,非技术性能力,表达沟通与通用办公协作,0.8,1,0,1,应用写作 / Practical Writing,写作课程,1.0649195460993157,0.8519356368794526,28,否
首都经济贸易大学,CUEB-2025-163,2025级,统计与数据科学学院,数学与应用数学（金融方向）(定稿）,数学与应用数学（金融方向）(定稿）,JN0780,诚信与职业道德,诚信与职业道德,非技术性能力,金融风控、投资与合规,1.5,1,1,0,敬业精神,毕业要求直接出现“敬业精神”,1.0710357731167517,1.6065536596751275,25,否
首都经济贸易大学,CUEB-2025-163,2025级,统计与数据科学学院,数学与应用数学（金融方向）(定稿）,数学与应用数学（金融方向）(定稿）,JN0785,分析判断,分析判断,非技术性能力,组织协调与商业执行,1.0,1,1,0,分析能力,培养目标直接出现“分析能力”,2.121734706088964,2.121734706088964,23,否
首都经济贸易大学,CUEB-2025-163,2025级,统计与数据科学学院,数学与应用数学（金融方向）(定稿）,数学与应用数学（金融方向）(定稿）,JN0786,管理能力,管理能力,非技术性能力,组织协调与商业执行,1.0,1,1,0,管理能力,培养目标直接出现“管理能力”,2.730798769438368,2.730798769438368,19,否
首都经济贸易大学,CUEB-2025-163,2025级,统计与数据科学学院,数学与应用数学（金融方向）(定稿）,数学与应用数学（金融方向）(定稿）,JN0790,创新能力,创新能力,非技术性能力,视觉设计与数字内容制作,2.5,2,2,0,创新思维；创新能力,培养目标直接出现“创新思维”；毕业要求直接出现“创新能力”,1.2895886507223624,3.223971626805906,17,否
首都经济贸易大学,CUEB-2025-163,2025级,统计与数据科学学院,数学与应用数学（金融方向）(定稿）,数学与应用数学（金融方向）(定稿）,JN0798,适应能力,适应能力,非技术性能力,组织协调与商业执行,1.0,1,1,0,适应能力,培养目标直接出现“适应能力”,2.5271998141971284,2.5271998141971284,22,否
首都经济贸易大学,CUEB-2025-163,2025级,统计与数据科学学院,数学与应用数学（金融方向）(定稿）,数学与应用数学（金融方向）(定稿）,JN0801,独立思考,独立思考,非技术性能力,表达沟通与通用办公协作,1.5,1,1,0,独立思考能力,毕业要求直接出现“独立思考能力”,3.2203469947570738,4.83052049213561,15,否
首都经济贸易大学,CUEB-2025-164,2025级,统计与数据科学学院,数据科学与大数据技术,数据科学与大数据技术,JN0025,英语,英语,语言能力,供应链与物流管理,0.8,1,1,0,英语,课程名称直接出现唯一技能别名“英语”,1.0,0.8,31,否
首都经济贸易大学,CUEB-2025-164,2025级,统计与数据科学学院,数据科学与大数据技术,数据科学与大数据技术,JN0026,数据分析,数据分析,工具软件与技术平台,人工智能与数据挖掘,6.6,5,4,1,数据分析；统计与数据科学导论 Introduction to Statistics and Data Science,培养目标直接出现“数据分析”；毕业要求直接出现“数据分析”；核心课程直接出现“数据分析”；数据分析课程；课程名称直接出现唯一技能别名“数据分析”,1.5798184952529422,10.426802068669417,14,否
首都经济贸易大学,CUEB-2025-164,2025级,统计与数据科学学院,数据科学与大数据技术,数据科学与大数据技术,JN0031,Linux,Linux（运维云与安全）,工具软件与技术平台,云计算、系统运维与DevOps,5.6,4,4,0,Linux；Linux系统；linux；linux系统,毕业要求直接出现“Linux”；核心课程直接出现“Linux系统”；课程名称直接出现唯一技能别名“linux”；课程名称直接出现唯一技能别名“linux系统”,4.218875824868201,23.625704619261924,1,是
首都经济贸易大学,CUEB-2025-164,2025级,统计与数据科学学院,数据科学与大数据技术,数据科学与大数据技术,JN0038,SQL,结构化查询语言（SQL）,工具软件与技术平台,Java后端开发与中间件,4.8,3,3,0,SQL；sql,毕业要求直接出现“SQL”；核心课程直接出现“SQL”；课程名称直接出现唯一技能别名“sql”,4.373026504695459,20.9905272225382,2,是
首都经济贸易大学,CUEB-2025-164,2025级,统计与数据科学学院,数据科学与大数据技术,数据科学与大数据技术,JN0041,Python,Python（编程语言）,工具软件与技术平台,云计算、系统运维与DevOps,4.8,3,3,0,Python；python,毕业要求直接出现“Python”；核心课程直接出现“Python”；课程名称直接出现唯一技能别名“python”,1.5108256237659907,7.251962994076755,18,否
首都经济贸易大学,CUEB-2025-164,2025级,统计与数据科学学院,数据科学与大数据技术,数据科学与大数据技术,JN0065,网络安全,网络安全,工具软件与技术平台,网络运维与信息安全,1.5,1,1,0,数据安全,毕业要求直接出现“数据安全”,3.8622008809294686,5.793301321394203,19,否
首都经济贸易大学,CUEB-2025-164,2025级,统计与数据科学学院,数据科学与大数据技术,数据科学与大数据技术,JN0072,统计分析,统计分析,方法、标准与流程,人工智能与数据挖掘,8.8,8,3,5,统计分析；时间序列分析 Time Series Analysis；应用回归分析 Applied Regression Analysis；应用非参数统计  / Applied Nonparametric Statistics；贝叶斯统计（双语） Bayesian Statistics (Bilingual)；抽样技术与应用 Sampling Techniques and Applications,毕业要求直接出现“统计分析”；核心课程直接出现“统计分析”；统计方法课程；课程名称直接出现唯一技能别名“统计分析”,1.1880522315029396,10.45485963722587,13,否
首都经济贸易大学,CUEB-2025-164,2025级,统计与数据科学学院,数据科学与大数据技术,数据科学与大数据技术,JN0076,数据处理,数据处理,具体专业技能,大数据工程与数据仓库,4.8,3,2,1,数据处理；大数据预处理 Big Data Preprocessing,毕业要求直接出现“数据处理”；核心课程直接出现“数据处理”；数据处理课程,2.5812670354674037,12.390081770243537,9,是
首都经济贸易大学,CUEB-2025-164,2025级,统计与数据科学学院,数据科学与大数据技术,数据科学与大数据技术,JN0104,C语言,C语言（编程语言）,工具软件与技术平台,嵌入式与电子硬件开发,3.3,2,2,0,C语言；c语言,核心课程直接出现“C语言”；课程名称直接出现唯一技能别名“c语言”,3.169053700369523,10.457877211219426,12,是
首都经济贸易大学,CUEB-2025-164,2025级,统计与数据科学学院,数据科学与大数据技术,数据科学与大数据技术,JN0143,机器学习,机器学习,方法、标准与流程,人工智能与数据挖掘,5.8,4,4,0,机器学习,培养目标直接出现“机器学习”；毕业要求直接出现“机器学习”；核心课程直接出现“机器学习”；课程名称直接出现唯一技能别名“机器学习”,2.3361445774344194,13.549638549119631,6,是
首都经济贸易大学,CUEB-2025-164,2025级,统计与数据科学学院,数据科学与大数据技术,数据科学与大数据技术,JN0145,数据挖掘,数据挖掘,工具软件与技术平台,人工智能与数据挖掘,4.0,2,2,0,数据挖掘,毕业要求直接出现“数据挖掘”；核心课程直接出现“数据挖掘”,2.4271163556401456,9.708465422560582,15,否
首都经济贸易大学,CUEB-2025-164,2025级,统计与数据科学学院,数据科学与大数据技术,数据科学与大数据技术,JN0172,数据建模,数据建模,工具软件与技术平台,大数据工程与数据仓库,4.0,2,2,0,数据建模,毕业要求直接出现“数据建模”；核心课程直接出现“数据建模”,2.730798769438368,10.923195077753473,11,是
首都经济贸易大学,CUEB-2025-164,2025级,统计与数据科学学院,数据科学与大数据技术,数据科学与大数据技术,JN0174,人工智能技术,人工智能技术,具体专业技能,人工智能与数据挖掘,6.6,5,5,0,人工智能技术；人工智能；ai,培养目标直接出现“人工智能技术”；毕业要求直接出现“人工智能”；核心课程直接出现“人工智能”；课程名称直接出现唯一技能别名“人工智能”；课程名称直接出现唯一技能别名“ai”,1.312755710003897,8.66418768602572,17,否
首都经济贸易大学,CUEB-2025-164,2025级,统计与数据科学学院,数据科学与大数据技术,数据科学与大数据技术,JN0197,深度学习,深度学习,方法、标准与流程,人工智能与数据挖掘,5.8,4,4,0,深度学习,培养目标直接出现“深度学习”；毕业要求直接出现“深度学习”；核心课程直接出现“深度学习”；课程名称直接出现唯一技能别名“深度学习”,3.5257286443082556,20.449226136987882,3,是
首都经济贸易大学,CUEB-2025-164,2025级,统计与数据科学学院,数据科学与大数据技术,数据科学与大数据技术,JN0211,数据结构与算法,数据结构与算法,方法、标准与流程,网络通信与软件开发基础,4.8,3,3,0,数据结构与算法,毕业要求直接出现“数据结构与算法”；核心课程直接出现“数据结构与算法”；课程名称直接出现唯一技能别名“数据结构与算法”,2.79749014393704,13.427952690897792,7,是
首都经济贸易大学,CUEB-2025-164,2025级,统计与数据科学学院,数据科学与大数据技术,数据科学与大数据技术,JN0278,计算机视觉,计算机视觉,方法、标准与流程,人工智能与数据挖掘,2.5,1,1,0,图像识别,核心课程直接出现“图像识别”,4.555348061489413,11.388370153723532,10,是
首都经济贸易大学,CUEB-2025-164,2025级,统计与数据科学学院,数据科学与大数据技术,数据科学与大数据技术,JN0279,自然语言处理,自然语言处理,方法、标准与流程,人工智能与数据挖掘,2.5,1,1,0,自然语言处理,核心课程直接出现“自然语言处理”,3.5257286443082556,8.814321610770639,16,否
首都经济贸易大学,CUEB-2025-164,2025级,统计与数据科学学院,数据科学与大数据技术,数据科学与大数据技术,JN0413,算法建模,算法建模,方法、标准与流程,人工智能与数据挖掘,0.8,1,0,1,数据结构与算法分析 Data Structures and Algorithms,算法课程,3.331572629867298,2.6652581038938385,28,否
首都经济贸易大学,CUEB-2025-164,2025级,统计与数据科学学院,数据科学与大数据技术,数据科学与大数据技术,JN0424,大语言模型,大语言模型,具体专业技能,人工智能与数据挖掘,4.8,3,3,0,大语言模型,毕业要求直接出现“大语言模型”；核心课程直接出现“大语言模型”；课程名称直接出现唯一技能别名“大语言模型”,3.6798793241355137,17.663420755850463,4,是
首都经济贸易大学,CUEB-2025-164,2025级,统计与数据科学学院,数据科学与大数据技术,数据科学与大数据技术,JN0430,知识图谱,知识图谱,方法、标准与流程,人工智能与数据挖掘,2.5,1,1,0,知识图谱,核心课程直接出现“知识图谱”,2.194494060371392,5.48623515092848,20,否
首都经济贸易大学,CUEB-2025-164,2025级,统计与数据科学学院,数据科学与大数据技术,数据科学与大数据技术,JN0544,强化学习,强化学习,方法、标准与流程,人工智能与数据挖掘,0.8,1,1,0,强化学习,课程名称直接出现唯一技能别名“强化学习”,5.0661736852554045,4.052938948204324,24,否
首都经济贸易大学,CUEB-2025-164,2025级,统计与数据科学学院,数据科学与大数据技术,数据科学与大数据技术,JN0584,时间序列,时间序列,方法、标准与流程,人工智能与数据挖掘,4.8,3,3,0,时间序列,毕业要求直接出现“时间序列”；核心课程直接出现“时间序列”；课程名称直接出现唯一技能别名“时间序列”,2.8689491079191853,13.77095571801209,5,是
首都经济贸易大学,CUEB-2025-164,2025级,统计与数据科学学院,数据科学与大数据技术,数据科学与大数据技术,JN0647,论文写作,论文写作,方法、标准与流程,表达沟通与通用办公协作,0.8,1,1,0,论文写作,课程名称直接出现唯一技能别名“论文写作”,1.4734380916943703,1.1787504733554963,29,否
首都经济贸易大学,CUEB-2025-164,2025级,统计与数据科学学院,数据科学与大数据技术,数据科学与大数据技术,JN0686,数据库技术,数据库技术,专业知识与行业经验,Java后端开发与中间件,5.6,4,4,0,数据库原理；数据库,毕业要求直接出现“数据库原理”；核心课程直接出现“数据库原理”；课程名称直接出现唯一技能别名“数据库”；课程名称直接出现唯一技能别名“数据库原理”,2.3361445774344194,13.082409633632748,8,是
首都经济贸易大学,CUEB-2025-164,2025级,统计与数据科学学院,数据科学与大数据技术,数据科学与大数据技术,JN0770,沟通能力,沟通能力,非技术性能力,组织协调与商业执行,2.5,2,2,0,沟通能力,培养目标直接出现“沟通能力”；毕业要求直接出现“沟通能力”,1.7953381214564925,4.488345303641231,23,否
首都经济贸易大学,CUEB-2025-164,2025级,统计与数据科学学院,数据科学与大数据技术,数据科学与大数据技术,JN0771,团队合作,团队合作,非技术性能力,表达沟通与通用办公协作,2.5,2,2,0,团队协作；团队合作,培养目标直接出现“团队协作”；毕业要求直接出现“团队合作”,1.4111957828171493,3.527989457042873,26,否
首都经济贸易大学,CUEB-2025-164,2025级,统计与数据科学学院,数据科学与大数据技术,数据科学与大数据技术,JN0772,责任心,责任心,非技术性能力,表达沟通与通用办公协作,1.5,1,1,0,认真负责,毕业要求直接出现“认真负责”,3.456735772821304,5.185103659231956,21,否
首都经济贸易大学,CUEB-2025-164,2025级,统计与数据科学学院,数据科学与大数据技术,数据科学与大数据技术,JN0779,书面表达,书面表达,非技术性能力,表达沟通与通用办公协作,0.8,1,0,1,应用写作 / Practical Writing,写作课程,1.0649195460993157,0.8519356368794526,30,否
首都经济贸易大学,CUEB-2025-164,2025级,统计与数据科学学院,数据科学与大数据技术,数据科学与大数据技术,JN0780,诚信与职业道德,诚信与职业道德,非技术性能力,金融风控、投资与合规,2.5,2,2,0,职业道德；敬业精神,培养目标直接出现“职业道德”；毕业要求直接出现“敬业精神”,1.0710357731167517,2.677589432791879,27,否
首都经济贸易大学,CUEB-2025-164,2025级,统计与数据科学学院,数据科学与大数据技术,数据科学与大数据技术,JN0790,创新能力,创新能力,非技术性能力,视觉设计与数字内容制作,4.0,2,2,0,创新能力；创新思维,毕业要求直接出现“创新能力”；核心课程直接出现“创新思维”,1.2895886507223624,5.15835460288945,22,否
首都经济贸易大学,CUEB-2025-164,2025级,统计与数据科学学院,数据科学与大数据技术,数据科学与大数据技术,JN0830,批判性思维,批判性思维,非技术性能力,表达沟通与通用办公协作,1.5,1,1,0,批判性思维,毕业要求直接出现“批判性思维”,2.638425449307353,3.9576381739610293,25,否
首都经济贸易大学,CUEB-2025-165,2025级,统计与数据科学学院,经济统计,经济统计,JN0025,英语,英语,语言能力,供应链与物流管理,4.8,3,3,0,英语,毕业要求直接出现“英语”；核心课程直接出现“英语”；课程名称直接出现唯一技能别名“英语”,1.0,4.8,17,否
首都经济贸易大学,CUEB-2025-165,2025级,统计与数据科学学院,经济统计,经济统计,JN0026,数据分析,数据分析,工具软件与技术平台,人工智能与数据挖掘,6.6,5,4,1,数据分析；统计与数据科学导论Introduction to Statistics and Data Science,培养目标直接出现“数据分析”；毕业要求直接出现“数据分析”；核心课程直接出现“数据分析”；数据分析课程；课程名称直接出现唯一技能别名“数据分析”,1.5798184952529422,10.426802068669417,5,是
首都经济贸易大学,CUEB-2025-165,2025级,统计与数据科学学院,经济统计,经济统计,JN0041,Python,Python（编程语言）,工具软件与技术平台,云计算、系统运维与DevOps,3.3,2,2,0,Python；python,核心课程直接出现“Python”；课程名称直接出现唯一技能别名“python”,1.5108256237659907,4.985724558427769,16,否
首都经济贸易大学,CUEB-2025-165,2025级,统计与数据科学学院,经济统计,经济统计,JN0072,统计分析,统计分析,方法、标准与流程,人工智能与数据挖掘,10.6,10,4,6,统计分析；应用回归分析  /  Applied Regression Analysis；调查与抽样技术  /  Survey and Sampling Techniques；时间序列分析  / Time Series Analysis；贝叶斯统计（双语） / Bayesian Statistics（Bilingual）；统计学科前沿选讲（英语） / The frontier of Statistics（English）；非参数统计  / Nonparametric Statistics,培养目标直接出现“统计分析”；毕业要求直接出现“统计分析”；核心课程直接出现“统计分析”；统计方法课程；课程名称直接出现唯一技能别名“统计分析”,1.1880522315029396,12.593353653931159,1,是
首都经济贸易大学,CUEB-2025-165,2025级,统计与数据科学学院,经济统计,经济统计,JN0076,数据处理,数据处理,具体专业技能,大数据工程与数据仓库,2.5,2,2,0,数据处理,培养目标直接出现“数据处理”；毕业要求直接出现“数据处理”,2.5812670354674037,6.453167588668509,11,是
首都经济贸易大学,CUEB-2025-165,2025级,统计与数据科学学院,经济统计,经济统计,JN0109,会计核算,会计核算,方法、标准与流程,财务会计与税务管理,0.8,1,0,1,会计学基础  / Accounting,会计课程,1.2895886507223624,1.03167092057789,28,否
首都经济贸易大学,CUEB-2025-165,2025级,统计与数据科学学院,经济统计,经济统计,JN0143,机器学习,机器学习,方法、标准与流程,人工智能与数据挖掘,3.3,2,2,0,机器学习,核心课程直接出现“机器学习”；课程名称直接出现唯一技能别名“机器学习”,2.3361445774344194,7.709277105533584,9,是
首都经济贸易大学,CUEB-2025-165,2025级,统计与数据科学学院,经济统计,经济统计,JN0174,人工智能技术,人工智能技术,具体专业技能,人工智能与数据挖掘,5.6,4,4,0,人工智能；人工智能技术；ai,毕业要求直接出现“人工智能”；核心课程直接出现“人工智能技术”；课程名称直接出现唯一技能别名“人工智能”；课程名称直接出现唯一技能别名“ai”,1.312755710003897,7.351431976021822,10,是
首都经济贸易大学,CUEB-2025-165,2025级,统计与数据科学学院,经济统计,经济统计,JN0197,深度学习,深度学习,方法、标准与流程,人工智能与数据挖掘,3.3,2,2,0,深度学习,核心课程直接出现“深度学习”；课程名称直接出现唯一技能别名“深度学习”,3.5257286443082556,11.634904526217243,3,是
首都经济贸易大学,CUEB-2025-165,2025级,统计与数据科学学院,经济统计,经济统计,JN0397,数理统计,数理统计,工具软件与技术平台,人工智能与数据挖掘,4.8,3,3,0,数理统计,毕业要求直接出现“数理统计”；核心课程直接出现“数理统计”；课程名称直接出现唯一技能别名“数理统计”,1.2019413436636068,5.769318449585312,13,否
首都经济贸易大学,CUEB-2025-165,2025级,统计与数据科学学院,经济统计,经济统计,JN0424,大语言模型,大语言模型,具体专业技能,人工智能与数据挖掘,3.3,2,2,0,大语言模型,核心课程直接出现“大语言模型”；课程名称直接出现唯一技能别名“大语言模型”,3.6798793241355137,12.143601769647194,2,是
首都经济贸易大学,CUEB-2025-165,2025级,统计与数据科学学院,经济统计,经济统计,JN0430,知识图谱,知识图谱,方法、标准与流程,人工智能与数据挖掘,2.5,1,1,0,知识图谱,核心课程直接出现“知识图谱”,2.194494060371392,5.48623515092848,15,否
首都经济贸易大学,CUEB-2025-165,2025级,统计与数据科学学院,经济统计,经济统计,JN0524,精算,精算,具体专业技能,金融风控、投资与合规,2.5,1,1,0,精算,核心课程直接出现“精算”,4.218875824868201,10.547189562170502,4,是
首都经济贸易大学,CUEB-2025-165,2025级,统计与数据科学学院,经济统计,经济统计,JN0538,AI工具应用,人工智能工具应用（AI工具应用）,具体专业技能,人工智能与数据挖掘,1.5,1,1,0,AI工具,毕业要求直接出现“AI工具”,3.6798793241355137,5.519818986203271,14,否
首都经济贸易大学,CUEB-2025-165,2025级,统计与数据科学学院,经济统计,经济统计,JN0584,时间序列,时间序列,方法、标准与流程,人工智能与数据挖掘,3.3,2,2,0,时间序列,核心课程直接出现“时间序列”；课程名称直接出现唯一技能别名“时间序列”,2.8689491079191853,9.467532056133312,6,是
首都经济贸易大学,CUEB-2025-165,2025级,统计与数据科学学院,经济统计,经济统计,JN0647,论文写作,论文写作,方法、标准与流程,表达沟通与通用办公协作,0.8,1,1,0,论文写作,课程名称直接出现唯一技能别名“论文写作”,1.4734380916943703,1.1787504733554963,27,否
首都经济贸易大学,CUEB-2025-165,2025级,统计与数据科学学院,经济统计,经济统计,JN0686,数据库技术,数据库技术,专业知识与行业经验,Java后端开发与中间件,1.5,1,1,0,数据库,毕业要求直接出现“数据库”,2.3361445774344194,3.504216866151629,19,否
首都经济贸易大学,CUEB-2025-165,2025级,统计与数据科学学院,经济统计,经济统计,JN0690,风险管理,风险管理,专业知识与行业经验,金融风控、投资与合规,3.3,2,2,0,风险管理,核心课程直接出现“风险管理”；课程名称直接出现唯一技能别名“风险管理”,1.916290731874155,6.323759415184711,12,是
首都经济贸易大学,CUEB-2025-165,2025级,统计与数据科学学院,经济统计,经济统计,JN0771,团队合作,团队合作,非技术性能力,表达沟通与通用办公协作,1.5,1,1,0,团队协同能力,毕业要求直接出现“团队协同能力”,1.4111957828171493,2.116793674225724,25,否
首都经济贸易大学,CUEB-2025-165,2025级,统计与数据科学学院,经济统计,经济统计,JN0772,责任心,责任心,非技术性能力,表达沟通与通用办公协作,2.5,2,2,0,责任心,培养目标直接出现“责任心”；毕业要求直接出现“责任心”,3.456735772821304,8.64183943205326,7,是
首都经济贸易大学,CUEB-2025-165,2025级,统计与数据科学学院,经济统计,经济统计,JN0774,表达能力,表达能力,非技术性能力,表达沟通与通用办公协作,1.5,1,1,0,表达能力,毕业要求直接出现“表达能力”,1.7703368192510753,2.655505228876613,23,否
首都经济贸易大学,CUEB-2025-165,2025级,统计与数据科学学院,经济统计,经济统计,JN0775,学习能力,学习能力,非技术性能力,表达沟通与通用办公协作,5.0,3,3,0,学习能力；自主学习能力,培养目标直接出现“学习能力”；毕业要求直接出现“自主学习能力”；核心课程直接出现“学习能力”,1.7221347174331973,8.610673587165987,8,是
首都经济贸易大学,CUEB-2025-165,2025级,统计与数据科学学院,经济统计,经济统计,JN0779,书面表达,书面表达,非技术性能力,表达沟通与通用办公协作,0.8,1,0,1,应用写作 / Practical Writing,写作课程,1.0649195460993157,0.8519356368794526,29,否
首都经济贸易大学,CUEB-2025-165,2025级,统计与数据科学学院,经济统计,经济统计,JN0780,诚信与职业道德,诚信与职业道德,非技术性能力,金融风控、投资与合规,2.5,2,2,0,职业道德；敬业精神,培养目标直接出现“职业道德”；毕业要求直接出现“敬业精神”,1.0710357731167517,2.677589432791879,22,否
首都经济贸易大学,CUEB-2025-165,2025级,统计与数据科学学院,经济统计,经济统计,JN0784,逻辑思维,逻辑思维,非技术性能力,表达沟通与通用办公协作,1.0,1,1,0,逻辑思维,培养目标直接出现“逻辑思维”,3.456735772821304,3.456735772821304,20,否
首都经济贸易大学,CUEB-2025-165,2025级,统计与数据科学学院,经济统计,经济统计,JN0785,分析判断,分析判断,非技术性能力,组织协调与商业执行,1.0,1,1,0,分析能力,培养目标直接出现“分析能力”,2.121734706088964,2.121734706088964,24,否
首都经济贸易大学,CUEB-2025-165,2025级,统计与数据科学学院,经济统计,经济统计,JN0788,口头表达,口头表达,非技术性能力,表达沟通与通用办公协作,1.5,1,1,0,口头表达,毕业要求直接出现“口头表达”,1.9021060968821986,2.853159145323298,21,否
首都经济贸易大学,CUEB-2025-165,2025级,统计与数据科学学院,经济统计,经济统计,JN0790,创新能力,创新能力,非技术性能力,视觉设计与数字内容制作,1.5,1,1,0,创新能力,毕业要求直接出现“创新能力”,1.2895886507223624,1.9343829760835436,26,否
首都经济贸易大学,CUEB-2025-165,2025级,统计与数据科学学院,经济统计,经济统计,JN0830,批判性思维,批判性思维,非技术性能力,表达沟通与通用办公协作,1.5,1,1,0,批判性思维,毕业要求直接出现“批判性思维”,2.638425449307353,3.9576381739610293,18,否
首都经济贸易大学,CUEB-2025-166,2025级,统计与数据科学学院,统计学,统计学,JN0025,英语,英语,语言能力,供应链与物流管理,3.3,2,2,0,英语,核心课程直接出现“英语”；课程名称直接出现唯一技能别名“英语”,1.0,3.3,18,否
首都经济贸易大学,CUEB-2025-166,2025级,统计与数据科学学院,统计学,统计学,JN0026,数据分析,数据分析,工具软件与技术平台,人工智能与数据挖掘,4.3,3,3,0,数据分析,培养目标直接出现“数据分析”；核心课程直接出现“数据分析”；课程名称直接出现唯一技能别名“数据分析”,1.5798184952529422,6.793219529587651,5,是
首都经济贸易大学,CUEB-2025-166,2025级,统计与数据科学学院,统计学,统计学,JN0041,Python,Python（编程语言）,工具软件与技术平台,云计算、系统运维与DevOps,1.8,2,2,0,Python；python,培养目标直接出现“Python”；课程名称直接出现唯一技能别名“python”,1.5108256237659907,2.7194861227787834,21,否
首都经济贸易大学,CUEB-2025-166,2025级,统计与数据科学学院,统计学,统计学,JN0065,网络安全,网络安全,工具软件与技术平台,网络运维与信息安全,1.0,1,1,0,信息安全,培养目标直接出现“信息安全”,3.8622008809294686,3.8622008809294686,15,否
首都经济贸易大学,CUEB-2025-166,2025级,统计与数据科学学院,统计学,统计学,JN0072,统计分析,统计分析,方法、标准与流程,人工智能与数据挖掘,11.4,11,4,7,统计分析；回归分析 Regression Analysis；时间序列分析 Time Series Analysis；贝叶斯统计（双语） Bayesian Statistics（Bilingual）；非参数统计 Nonparametric Statistics；人工智能中的统计学；抽样技术与应用 Sampling technique and Application；统计学科前沿选讲（英语） The frontier of Statistics（English）,培养目标直接出现“统计分析”；毕业要求直接出现“统计分析”；核心课程直接出现“统计分析”；课程名称直接出现唯一技能别名“统计分析”；统计方法课程,1.1880522315029396,13.543795439133511,1,是
首都经济贸易大学,CUEB-2025-166,2025级,统计与数据科学学院,统计学,统计学,JN0143,机器学习,机器学习,方法、标准与流程,人工智能与数据挖掘,0.8,1,1,0,机器学习,课程名称直接出现唯一技能别名“机器学习”,2.3361445774344194,1.8689156619475356,24,否
首都经济贸易大学,CUEB-2025-166,2025级,统计与数据科学学院,统计学,统计学,JN0145,数据挖掘,数据挖掘,工具软件与技术平台,人工智能与数据挖掘,1.5,1,1,0,数据挖掘,毕业要求直接出现“数据挖掘”,2.4271163556401456,3.6406745334602184,17,否
首都经济贸易大学,CUEB-2025-166,2025级,统计与数据科学学院,统计学,统计学,JN0172,数据建模,数据建模,工具软件与技术平台,大数据工程与数据仓库,1.0,1,1,0,数据建模,培养目标直接出现“数据建模”,2.730798769438368,2.730798769438368,20,否
首都经济贸易大学,CUEB-2025-166,2025级,统计与数据科学学院,统计学,统计学,JN0174,人工智能技术,人工智能技术,具体专业技能,人工智能与数据挖掘,4.1,3,3,0,人工智能；ai,核心课程直接出现“人工智能”；课程名称直接出现唯一技能别名“人工智能”；课程名称直接出现唯一技能别名“ai”,1.312755710003897,5.382298411015976,10,是
首都经济贸易大学,CUEB-2025-166,2025级,统计与数据科学学院,统计学,统计学,JN0197,深度学习,深度学习,方法、标准与流程,人工智能与数据挖掘,0.8,1,1,0,深度学习,课程名称直接出现唯一技能别名“深度学习”,3.5257286443082556,2.8205829154466047,19,否
首都经济贸易大学,CUEB-2025-166,2025级,统计与数据科学学院,统计学,统计学,JN0293,DOE试验设计,DOE试验设计（质量工程方法）,具体专业技能,质量管理与持续改进,0.8,1,1,0,试验设计,课程名称直接出现唯一技能别名“试验设计”,4.555348061489413,3.6442784491915305,16,否
首都经济贸易大学,CUEB-2025-166,2025级,统计与数据科学学院,统计学,统计学,JN0312,SAS,SAS（办公软件与通用数字工具）,方法、标准与流程,人工智能与数据挖掘,1.0,1,1,0,SAS,培养目标直接出现“SAS”,5.471638793363569,5.471638793363569,8,是
首都经济贸易大学,CUEB-2025-166,2025级,统计与数据科学学院,统计学,统计学,JN0365,文献检索,文献检索,方法、标准与流程,医药研发与药事管理,1.5,1,1,0,文献检索,毕业要求直接出现“文献检索”,3.2744142160273495,4.9116213240410245,12,是
首都经济贸易大学,CUEB-2025-166,2025级,统计与数据科学学院,统计学,统计学,JN0397,数理统计,数理统计,工具软件与技术平台,人工智能与数据挖掘,4.3,3,3,0,数理统计,培养目标直接出现“数理统计”；核心课程直接出现“数理统计”；课程名称直接出现唯一技能别名“数理统计”,1.2019413436636068,5.168347777753509,11,是
首都经济贸易大学,CUEB-2025-166,2025级,统计与数据科学学院,统计学,统计学,JN0430,知识图谱,知识图谱,方法、标准与流程,人工智能与数据挖掘,2.5,1,1,0,知识图谱,核心课程直接出现“知识图谱”,2.194494060371392,5.48623515092848,7,是
首都经济贸易大学,CUEB-2025-166,2025级,统计与数据科学学院,统计学,统计学,JN0544,强化学习,强化学习,方法、标准与流程,人工智能与数据挖掘,0.8,1,1,0,强化学习,课程名称直接出现唯一技能别名“强化学习”,5.0661736852554045,4.052938948204324,13,否
首都经济贸易大学,CUEB-2025-166,2025级,统计与数据科学学院,统计学,统计学,JN0584,时间序列,时间序列,方法、标准与流程,人工智能与数据挖掘,3.3,2,2,0,时间序列,核心课程直接出现“时间序列”；课程名称直接出现唯一技能别名“时间序列”,2.8689491079191853,9.467532056133312,2,是
首都经济贸易大学,CUEB-2025-166,2025级,统计与数据科学学院,统计学,统计学,JN0647,论文写作,论文写作,方法、标准与流程,表达沟通与通用办公协作,0.8,1,1,0,论文写作,课程名称直接出现唯一技能别名“论文写作”,1.4734380916943703,1.1787504733554963,25,否
首都经济贸易大学,CUEB-2025-166,2025级,统计与数据科学学院,统计学,统计学,JN0690,风险管理,风险管理,专业知识与行业经验,金融风控、投资与合规,4.3,3,3,0,风险控制；风险管理,培养目标直接出现“风险控制”；核心课程直接出现“风险管理”；课程名称直接出现唯一技能别名“风险管理”,1.916290731874155,8.240050147058867,3,是
首都经济贸易大学,CUEB-2025-166,2025级,统计与数据科学学院,统计学,统计学,JN0774,表达能力,表达能力,非技术性能力,表达沟通与通用办公协作,1.5,1,1,0,表达能力,毕业要求直接出现“表达能力”,1.7703368192510753,2.655505228876613,22,否
首都经济贸易大学,CUEB-2025-166,2025级,统计与数据科学学院,统计学,统计学,JN0775,学习能力,学习能力,非技术性能力,表达沟通与通用办公协作,4.0,2,2,0,自主学习能力；学习能力,毕业要求直接出现“自主学习能力”；核心课程直接出现“学习能力”,1.7221347174331973,6.888538869732789,4,是
首都经济贸易大学,CUEB-2025-166,2025级,统计与数据科学学院,统计学,统计学,JN0779,书面表达,书面表达,非技术性能力,表达沟通与通用办公协作,0.8,1,0,1,应用写作 / Practical Writing,写作课程,1.0649195460993157,0.8519356368794526,27,否
首都经济贸易大学,CUEB-2025-166,2025级,统计与数据科学学院,统计学,统计学,JN0780,诚信与职业道德,诚信与职业道德,非技术性能力,金融风控、投资与合规,1.0,1,1,0,职业道德,培养目标直接出现“职业道德”,1.0710357731167517,1.0710357731167517,26,否
首都经济贸易大学,CUEB-2025-166,2025级,统计与数据科学学院,统计学,统计学,JN0781,问题解决,问题解决,非技术性能力,表达沟通与通用办公协作,2.5,2,2,0,问题解决；解决问题,培养目标直接出现“问题解决”；毕业要求直接出现“解决问题”,2.314638372213455,5.786595930533638,6,是
首都经济贸易大学,CUEB-2025-166,2025级,统计与数据科学学院,统计学,统计学,JN0790,创新能力,创新能力,非技术性能力,视觉设计与数字内容制作,1.5,1,1,0,创新能力,毕业要求直接出现“创新能力”,1.2895886507223624,1.9343829760835436,23,否
首都经济贸易大学,CUEB-2025-166,2025级,统计与数据科学学院,统计学,统计学,JN0812,安全意识,安全意识,非技术性能力,网络运维与信息安全,1.0,1,1,0,安全意识,培养目标直接出现“安全意识”,5.471638793363569,5.471638793363569,9,是
首都经济贸易大学,CUEB-2025-166,2025级,统计与数据科学学院,统计学,统计学,JN0830,批判性思维,批判性思维,非技术性能力,表达沟通与通用办公协作,1.5,1,1,0,批判性思维,毕业要求直接出现“批判性思维”,2.638425449307353,3.9576381739610293,14,否
首都经济贸易大学,CUEB-2025-167,2025级,统计与数据科学学院,统计学（中外合作办学）,统计学（中外合作办学）,JN0025,英语,英语,语言能力,供应链与物流管理,0.8,1,1,0,英语,课程名称直接出现唯一技能别名“英语”,1.0,0.8,22,否
首都经济贸易大学,CUEB-2025-167,2025级,统计与数据科学学院,统计学（中外合作办学）,统计学（中外合作办学）,JN0026,数据分析,数据分析,工具软件与技术平台,人工智能与数据挖掘,4.8,3,3,0,数据分析,毕业要求直接出现“数据分析”；核心课程直接出现“数据分析”；课程名称直接出现唯一技能别名“数据分析”,1.5798184952529422,7.583128777214122,6,是
首都经济贸易大学,CUEB-2025-167,2025级,统计与数据科学学院,统计学（中外合作办学）,统计学（中外合作办学）,JN0041,Python,Python（编程语言）,工具软件与技术平台,云计算、系统运维与DevOps,3.3,2,2,0,Python；python,核心课程直接出现“Python”；课程名称直接出现唯一技能别名“python”,1.5108256237659907,4.985724558427769,8,是
首都经济贸易大学,CUEB-2025-167,2025级,统计与数据科学学院,统计学（中外合作办学）,统计学（中外合作办学）,JN0072,统计分析,统计分析,方法、标准与流程,人工智能与数据挖掘,4.7,5,1,4,统计分析；抽样技术 / Sampling Theory-N；多元统计 / Introduction to Multivariate Statistics-N；非参数统计 / Introduction to Nonparametric Statistics-N；贝叶斯统计 / Bayesian Statistics-N,毕业要求直接出现“统计分析”；统计方法课程,1.1880522315029396,5.583845488063816,7,是
首都经济贸易大学,CUEB-2025-167,2025级,统计与数据科学学院,统计学（中外合作办学）,统计学（中外合作办学）,JN0076,数据处理,数据处理,具体专业技能,大数据工程与数据仓库,0.8,1,0,1,大数据预处理 / Big Data Processing,数据处理课程,2.5812670354674037,2.065013628373923,17,否
首都经济贸易大学,CUEB-2025-167,2025级,统计与数据科学学院,统计学（中外合作办学）,统计学（中外合作办学）,JN0104,C语言,C语言（编程语言）,工具软件与技术平台,嵌入式与电子硬件开发,2.5,1,1,0,C语言,核心课程直接出现“C语言”,3.169053700369523,7.922634250923808,4,是
首都经济贸易大学,CUEB-2025-167,2025级,统计与数据科学学院,统计学（中外合作办学）,统计学（中外合作办学）,JN0143,机器学习,机器学习,方法、标准与流程,人工智能与数据挖掘,3.3,2,2,0,机器学习,核心课程直接出现“机器学习”；课程名称直接出现唯一技能别名“机器学习”,2.3361445774344194,7.709277105533584,5,是
首都经济贸易大学,CUEB-2025-167,2025级,统计与数据科学学院,统计学（中外合作办学）,统计学（中外合作办学）,JN0145,数据挖掘,数据挖掘,工具软件与技术平台,人工智能与数据挖掘,1.5,1,1,0,数据挖掘,毕业要求直接出现“数据挖掘”,2.4271163556401456,3.6406745334602184,12,是
首都经济贸易大学,CUEB-2025-167,2025级,统计与数据科学学院,统计学（中外合作办学）,统计学（中外合作办学）,JN0174,人工智能技术,人工智能技术,具体专业技能,人工智能与数据挖掘,0.8,1,1,0,人工智能,课程名称直接出现唯一技能别名“人工智能”,1.312755710003897,1.0502045680031176,20,否
首都经济贸易大学,CUEB-2025-167,2025级,统计与数据科学学院,统计学（中外合作办学）,统计学（中外合作办学）,JN0222,面向对象编程,面向对象编程,方法、标准与流程,Web前端开发,0.8,1,1,0,面向对象程序设计,课程名称直接出现唯一技能别名“面向对象程序设计”,3.2744142160273495,2.61953137282188,15,否
首都经济贸易大学,CUEB-2025-167,2025级,统计与数据科学学院,统计学（中外合作办学）,统计学（中外合作办学）,JN0279,自然语言处理,自然语言处理,方法、标准与流程,人工智能与数据挖掘,3.3,2,2,0,自然语言处理,核心课程直接出现“自然语言处理”；课程名称直接出现唯一技能别名“自然语言处理”,3.5257286443082556,11.634904526217243,2,是
首都经济贸易大学,CUEB-2025-167,2025级,统计与数据科学学院,统计学（中外合作办学）,统计学（中外合作办学）,JN0293,DOE试验设计,DOE试验设计（质量工程方法）,具体专业技能,质量管理与持续改进,3.3,2,2,0,试验设计,核心课程直接出现“试验设计”；课程名称直接出现唯一技能别名“试验设计”,4.555348061489413,15.032648602915062,1,是
首都经济贸易大学,CUEB-2025-167,2025级,统计与数据科学学院,统计学（中外合作办学）,统计学（中外合作办学）,JN0365,文献检索,文献检索,方法、标准与流程,医药研发与药事管理,1.5,1,1,0,文献检索,毕业要求直接出现“文献检索”,3.2744142160273495,4.9116213240410245,9,是
首都经济贸易大学,CUEB-2025-167,2025级,统计与数据科学学院,统计学（中外合作办学）,统计学（中外合作办学）,JN0413,算法建模,算法建模,方法、标准与流程,人工智能与数据挖掘,0.8,1,0,1,数据科学算法 / Algorithm in Data Science,算法课程,3.331572629867298,2.6652581038938385,14,否
首都经济贸易大学,CUEB-2025-167,2025级,统计与数据科学学院,统计学（中外合作办学）,统计学（中外合作办学）,JN0540,预测模型,预测模型,方法、标准与流程,人工智能与数据挖掘,0.8,1,0,1,统计预测与决策(双语) Statistical Prediction Theory and Method (Bilingual),预测方法课程,3.169053700369523,2.535242960295619,16,否
首都经济贸易大学,CUEB-2025-167,2025级,统计与数据科学学院,统计学（中外合作办学）,统计学（中外合作办学）,JN0584,时间序列,时间序列,方法、标准与流程,人工智能与数据挖掘,3.3,2,2,0,时间序列,核心课程直接出现“时间序列”；课程名称直接出现唯一技能别名“时间序列”,2.8689491079191853,9.467532056133312,3,是
首都经济贸易大学,CUEB-2025-167,2025级,统计与数据科学学院,统计学（中外合作办学）,统计学（中外合作办学）,JN0647,论文写作,论文写作,方法、标准与流程,表达沟通与通用办公协作,0.8,1,1,0,论文写作,课程名称直接出现唯一技能别名“论文写作”,1.4734380916943703,1.1787504733554963,19,否
首都经济贸易大学,CUEB-2025-167,2025级,统计与数据科学学院,统计学（中外合作办学）,统计学（中外合作办学）,JN0686,数据库技术,数据库技术,专业知识与行业经验,Java后端开发与中间件,1.6,2,2,0,数据库；数据库原理,课程名称直接出现唯一技能别名“数据库”；课程名称直接出现唯一技能别名“数据库原理”,2.3361445774344194,3.737831323895071,11,是
首都经济贸易大学,CUEB-2025-167,2025级,统计与数据科学学院,统计学（中外合作办学）,统计学（中外合作办学）,JN0779,书面表达,书面表达,非技术性能力,表达沟通与通用办公协作,0.8,1,0,1,应用写作 / Practical Writing,写作课程,1.0649195460993157,0.8519356368794526,21,否
首都经济贸易大学,CUEB-2025-167,2025级,统计与数据科学学院,统计学（中外合作办学）,统计学（中外合作办学）,JN0780,诚信与职业道德,诚信与职业道德,非技术性能力,金融风控、投资与合规,1.5,1,1,0,职业道德,毕业要求直接出现“职业道德”,1.0710357731167517,1.6065536596751275,18,否
首都经济贸易大学,CUEB-2025-167,2025级,统计与数据科学学院,统计学（中外合作办学）,统计学（中外合作办学）,JN0781,问题解决,问题解决,非技术性能力,表达沟通与通用办公协作,1.5,1,1,0,解决问题,毕业要求直接出现“解决问题”,2.314638372213455,3.4719575583201827,13,否
首都经济贸易大学,CUEB-2025-167,2025级,统计与数据科学学院,统计学（中外合作办学）,统计学（中外合作办学）,JN0830,批判性思维,批判性思维,非技术性能力,表达沟通与通用办公协作,1.5,1,1,0,批判性思维,毕业要求直接出现“批判性思维”,2.638425449307353,3.9576381739610293,10,是
首都经济贸易大学,CUEB-2025-168,2025级,外国语学院,商务英语,商务英语专业,JN0024,Office办公软件,Office办公软件（办公套件）,工具软件与技术平台,表达沟通与通用办公协作,1.5,1,1,0,办公软件,毕业要求直接出现“办公软件”,2.037651588878423,3.056477383317634,15,是
首都经济贸易大学,CUEB-2025-168,2025级,外国语学院,商务英语,商务英语专业,JN0025,英语,英语,语言能力,供应链与物流管理,5.8,4,4,0,英语,培养目标直接出现“英语”；毕业要求直接出现“英语”；核心课程直接出现“英语”；课程名称直接出现唯一技能别名“英语”,1.0,5.8,7,是
首都经济贸易大学,CUEB-2025-168,2025级,外国语学院,商务英语,商务英语专业,JN0026,数据分析,数据分析,工具软件与技术平台,人工智能与数据挖掘,1.5,1,1,0,数据分析,毕业要求直接出现“数据分析”,1.5798184952529422,2.3697277428794132,23,否
首都经济贸易大学,CUEB-2025-168,2025级,外国语学院,商务英语,商务英语专业,JN0032,商务谈判,商务谈判,方法、标准与流程,组织协调与商业执行,3.3,3,3,0,商务谈判,培养目标直接出现“商务谈判”；毕业要求直接出现“商务谈判”；课程名称直接出现唯一技能别名“商务谈判”,2.6990500711237875,8.906865234708498,4,是
首都经济贸易大学,CUEB-2025-168,2025级,外国语学院,商务英语,商务英语专业,JN0041,Python,Python（编程语言）,工具软件与技术平台,云计算、系统运维与DevOps,0.8,1,1,0,python,课程名称直接出现唯一技能别名“python”,1.5108256237659907,1.2086604990127927,26,否
首都经济贸易大学,CUEB-2025-168,2025级,外国语学院,商务英语,商务英语专业,JN0074,国际贸易,国际贸易,方法、标准与流程,供应链与物流管理,4.8,3,3,0,国际贸易,毕业要求直接出现“国际贸易”；核心课程直接出现“国际贸易”；课程名称直接出现唯一技能别名“国际贸易”,3.120263536200091,14.977264973760436,3,是
首都经济贸易大学,CUEB-2025-168,2025级,外国语学院,商务英语,商务英语专业,JN0141,商务英语,商务英语,语言能力,供应链与物流管理,5.8,4,4,0,商务英语,培养目标直接出现“商务英语”；毕业要求直接出现“商务英语”；核心课程直接出现“商务英语”；课程名称直接出现唯一技能别名“商务英语”,3.2203469947570738,18.678012569591026,2,是
首都经济贸易大学,CUEB-2025-168,2025级,外国语学院,商务英语,商务英语专业,JN0174,人工智能技术,人工智能技术,具体专业技能,人工智能与数据挖掘,3.1,3,3,0,人工智能；ai,毕业要求直接出现“人工智能”；课程名称直接出现唯一技能别名“人工智能”；课程名称直接出现唯一技能别名“ai”,1.312755710003897,4.069542701012081,10,是
首都经济贸易大学,CUEB-2025-168,2025级,外国语学院,商务英语,商务英语专业,JN0190,翻译,翻译,语言能力,供应链与物流管理,5.6,4,4,0,翻译；口译,毕业要求直接出现“翻译”；核心课程直接出现“翻译”；课程名称直接出现唯一技能别名“口译”；课程名称直接出现唯一技能别名“翻译”,4.218875824868201,23.625704619261924,1,是
首都经济贸易大学,CUEB-2025-168,2025级,外国语学院,商务英语,商务英语专业,JN0250,跨文化沟通,跨文化沟通,语言能力,供应链与物流管理,1.0,1,1,0,跨文化沟通,培养目标直接出现“跨文化沟通”,2.730798769438368,2.730798769438368,18,否
首都经济贸易大学,CUEB-2025-168,2025级,外国语学院,商务英语,商务英语专业,JN0258,法律法规知识,法律法规知识,方法、标准与流程,金融风控、投资与合规,1.5,1,1,0,法律知识,毕业要求直接出现“法律知识”,2.139434283188365,3.2091514247825472,14,是
首都经济贸易大学,CUEB-2025-168,2025级,外国语学院,商务英语,商务英语专业,JN0430,知识图谱,知识图谱,方法、标准与流程,人工智能与数据挖掘,2.5,1,1,0,知识图谱,核心课程直接出现“知识图谱”,2.194494060371392,5.48623515092848,8,是
首都经济贸易大学,CUEB-2025-168,2025级,外国语学院,商务英语,商务英语专业,JN0647,论文写作,论文写作,方法、标准与流程,表达沟通与通用办公协作,0.8,1,0,1,研究方法与学术写作 Resaerch Methods and Academic Writing,学术写作课程,1.4734380916943703,1.1787504733554963,27,否
首都经济贸易大学,CUEB-2025-168,2025级,外国语学院,商务英语,商务英语专业,JN0770,沟通能力,沟通能力,非技术性能力,组织协调与商业执行,3.3,3,3,0,沟通能力；沟通,培养目标直接出现“沟通能力”；毕业要求直接出现“沟通能力”；课程名称直接出现唯一技能别名“沟通”,1.7953381214564925,5.924615800806425,6,是
首都经济贸易大学,CUEB-2025-168,2025级,外国语学院,商务英语,商务英语专业,JN0771,团队合作,团队合作,非技术性能力,表达沟通与通用办公协作,1.5,1,1,0,团队合作,毕业要求直接出现“团队合作”,1.4111957828171493,2.116793674225724,24,否
首都经济贸易大学,CUEB-2025-168,2025级,外国语学院,商务英语,商务英语专业,JN0774,表达能力,表达能力,非技术性能力,表达沟通与通用办公协作,1.5,1,1,0,表达能力,毕业要求直接出现“表达能力”,1.7703368192510753,2.655505228876613,20,否
首都经济贸易大学,CUEB-2025-168,2025级,外国语学院,商务英语,商务英语专业,JN0775,学习能力,学习能力,非技术性能力,表达沟通与通用办公协作,1.5,1,1,0,自主学习能力,毕业要求直接出现“自主学习能力”,1.7221347174331973,2.583202076149796,22,否
首都经济贸易大学,CUEB-2025-168,2025级,外国语学院,商务英语,商务英语专业,JN0779,书面表达,书面表达,非技术性能力,表达沟通与通用办公协作,1.5,1,1,0,写作能力,毕业要求直接出现“写作能力”,1.0649195460993157,1.5973793191489736,25,否
首都经济贸易大学,CUEB-2025-168,2025级,外国语学院,商务英语,商务英语专业,JN0780,诚信与职业道德,诚信与职业道德,非技术性能力,金融风控、投资与合规,2.5,2,2,0,职业道德；职业操守,培养目标直接出现“职业道德”；毕业要求直接出现“职业操守”,1.0710357731167517,2.677589432791879,19,否
首都经济贸易大学,CUEB-2025-168,2025级,外国语学院,商务英语,商务英语专业,JN0781,问题解决,问题解决,非技术性能力,表达沟通与通用办公协作,1.5,1,1,0,解决问题,毕业要求直接出现“解决问题”,2.314638372213455,3.4719575583201827,12,否
首都经济贸易大学,CUEB-2025-168,2025级,外国语学院,商务英语,商务英语专业,JN0783,主动性,主动性,非技术性能力,表达沟通与通用办公协作,1.5,1,1,0,积极主动,毕业要求直接出现“积极主动”,4.218875824868201,6.3283137373023015,5,是
首都经济贸易大学,CUEB-2025-168,2025级,外国语学院,商务英语,商务英语专业,JN0788,口头表达,口头表达,非技术性能力,表达沟通与通用办公协作,1.5,1,1,0,口语表达能力,毕业要求直接出现“口语表达能力”,1.9021060968821986,2.853159145323298,17,否
首都经济贸易大学,CUEB-2025-168,2025级,外国语学院,商务英语,商务英语专业,JN0790,创新能力,创新能力,非技术性能力,视觉设计与数字内容制作,2.5,2,2,0,创新能力,培养目标直接出现“创新能力”；毕业要求直接出现“创新能力”,1.2895886507223624,3.223971626805906,13,否
首都经济贸易大学,CUEB-2025-168,2025级,外国语学院,商务英语,商务英语专业,JN0798,适应能力,适应能力,非技术性能力,组织协调与商业执行,1.5,1,1,0,适应能力,毕业要求直接出现“适应能力”,2.5271998141971284,3.7907997212956923,11,否
首都经济贸易大学,CUEB-2025-168,2025级,外国语学院,商务英语,商务英语专业,JN0801,独立思考,独立思考,非技术性能力,表达沟通与通用办公协作,1.5,1,1,0,独立思考能力,毕业要求直接出现“独立思考能力”,3.2203469947570738,4.83052049213561,9,是
首都经济贸易大学,CUEB-2025-168,2025级,外国语学院,商务英语,商务英语专业,JN0804,演讲呈现,演讲呈现,非技术性能力,表达沟通与通用办公协作,0.8,1,0,1,英语演讲与辩论 Speech and Debate In English,展示表达课程,3.6798793241355137,2.943903459308411,16,否
首都经济贸易大学,CUEB-2025-168,2025级,外国语学院,商务英语,商务英语专业,JN0830,批判性思维,批判性思维,非技术性能力,表达沟通与通用办公协作,1.0,1,1,0,批判思维,培养目标直接出现“批判思维”,2.638425449307353,2.638425449307353,21,否
首都经济贸易大学,CUEB-2025-169,2025级,外国语学院,法语,法语专业,JN0025,英语,英语,语言能力,供应链与物流管理,3.3,3,3,0,英语,培养目标直接出现“英语”；毕业要求直接出现“英语”；课程名称直接出现唯一技能别名“英语”,1.0,3.3,7,是
首都经济贸易大学,CUEB-2025-169,2025级,外国语学院,法语,法语专业,JN0074,国际贸易,国际贸易,方法、标准与流程,供应链与物流管理,1.0,1,1,0,国际贸易,培养目标直接出现“国际贸易”,3.120263536200091,3.120263536200091,8,是
首都经济贸易大学,CUEB-2025-169,2025级,外国语学院,法语,法语专业,JN0109,会计核算,会计核算,方法、标准与流程,财务会计与税务管理,0.8,1,0,1,会计学 / Accounting,会计课程,1.2895886507223624,1.03167092057789,16,是
首都经济贸易大学,CUEB-2025-169,2025级,外国语学院,法语,法语专业,JN0174,人工智能技术,人工智能技术,具体专业技能,人工智能与数据挖掘,4.1,4,4,0,人工智能；ai,培养目标直接出现“人工智能”；毕业要求直接出现“人工智能”；课程名称直接出现唯一技能别名“人工智能”；课程名称直接出现唯一技能别名“ai”,1.312755710003897,5.382298411015976,5,是
首都经济贸易大学,CUEB-2025-169,2025级,外国语学院,法语,法语专业,JN0190,翻译,翻译,语言能力,供应链与物流管理,2.6,3,3,0,翻译；笔译；口译,培养目标直接出现“翻译”；课程名称直接出现唯一技能别名“笔译”；课程名称直接出现唯一技能别名“口译”,4.218875824868201,10.969077144657323,2,是
首都经济贸易大学,CUEB-2025-169,2025级,外国语学院,法语,法语专业,JN0411,法语,法语,语言能力,供应链与物流管理,5.0,3,3,0,法语,培养目标直接出现“法语”；毕业要求直接出现“法语”；核心课程直接出现“法语”,4.778491612803624,23.89245806401812,1,是
首都经济贸易大学,CUEB-2025-169,2025级,外国语学院,法语,法语专业,JN0538,AI工具应用,人工智能工具应用（AI工具应用）,具体专业技能,人工智能与数据挖掘,2.5,2,2,0,人工智能工具,培养目标直接出现“人工智能工具”；毕业要求直接出现“人工智能工具”,3.6798793241355137,9.199698310338784,3,是
首都经济贸易大学,CUEB-2025-169,2025级,外国语学院,法语,法语专业,JN0647,论文写作,论文写作,方法、标准与流程,表达沟通与通用办公协作,0.8,1,0,1,学术写作和研究方法（法语）Academic Writing and Research Methods (French),学术写作课程,1.4734380916943703,1.1787504733554963,15,是
首都经济贸易大学,CUEB-2025-169,2025级,外国语学院,法语,法语专业,JN0691,财务管理,财务管理,专业知识与行业经验,财务会计与税务管理,0.8,1,1,0,财务管理,课程名称直接出现唯一技能别名“财务管理”,1.664976303593249,1.3319810428745993,14,是
首都经济贸易大学,CUEB-2025-169,2025级,外国语学院,法语,法语专业,JN0770,沟通能力,沟通能力,非技术性能力,组织协调与商业执行,1.5,1,1,0,沟通能力,毕业要求直接出现“沟通能力”,1.7953381214564925,2.693007182184739,10,否
首都经济贸易大学,CUEB-2025-169,2025级,外国语学院,法语,法语专业,JN0774,表达能力,表达能力,非技术性能力,表达沟通与通用办公协作,2.5,2,2,0,表达能力,培养目标直接出现“表达能力”；毕业要求直接出现“表达能力”,1.7703368192510753,4.425842048127688,6,是
首都经济贸易大学,CUEB-2025-169,2025级,外国语学院,法语,法语专业,JN0775,学习能力,学习能力,非技术性能力,表达沟通与通用办公协作,1.5,1,1,0,自主学习能力,毕业要求直接出现“自主学习能力”,1.7221347174331973,2.583202076149796,11,否
首都经济贸易大学,CUEB-2025-169,2025级,外国语学院,法语,法语专业,JN0779,书面表达,书面表达,非技术性能力,表达沟通与通用办公协作,2.3,2,1,1,书面表达能力；应用写作 / Practical Writing,毕业要求直接出现“书面表达能力”；写作课程,1.0649195460993157,2.449314956028426,12,否
首都经济贸易大学,CUEB-2025-169,2025级,外国语学院,法语,法语专业,JN0780,诚信与职业道德,诚信与职业道德,非技术性能力,金融风控、投资与合规,1.5,1,1,0,职业操守,毕业要求直接出现“职业操守”,1.0710357731167517,1.6065536596751275,13,否
首都经济贸易大学,CUEB-2025-169,2025级,外国语学院,法语,法语专业,JN0793,人际交往,人际交往,非技术性能力,组织协调与商业执行,2.5,2,2,0,交际能力,培养目标直接出现“交际能力”；毕业要求直接出现“交际能力”,3.456735772821304,8.64183943205326,4,是
首都经济贸易大学,CUEB-2025-169,2025级,外国语学院,法语,法语专业,JN0804,演讲呈现,演讲呈现,非技术性能力,表达沟通与通用办公协作,0.8,1,0,1,法语演讲与辩论 / Speech and debate in French,展示表达课程,3.6798793241355137,2.943903459308411,9,是
首都经济贸易大学,CUEB-2025-170,2025级,华侨学院,信息管理与信息系统（数据治理）,信息管理与信息系统（数据治理）,JN0025,英语,英语,语言能力,供应链与物流管理,2.3,2,2,0,英语,毕业要求直接出现“英语”；课程名称直接出现唯一技能别名“英语”,1.0,2.3,38,否
首都经济贸易大学,CUEB-2025-170,2025级,华侨学院,信息管理与信息系统（数据治理）,信息管理与信息系统（数据治理）,JN0026,数据分析,数据分析,工具软件与技术平台,人工智能与数据挖掘,5.8,4,4,0,数据分析,培养目标直接出现“数据分析”；毕业要求直接出现“数据分析”；核心课程直接出现“数据分析”；课程名称直接出现唯一技能别名“数据分析”,1.5798184952529422,9.162947272467065,5,是
首都经济贸易大学,CUEB-2025-170,2025级,华侨学院,信息管理与信息系统（数据治理）,信息管理与信息系统（数据治理）,JN0027,Java,Java（编程语言）,工具软件与技术平台,Java后端开发与中间件,0.8,1,1,0,java,课程名称直接出现唯一技能别名“java”,3.5257286443082556,2.8205829154466047,35,否
首都经济贸易大学,CUEB-2025-170,2025级,华侨学院,信息管理与信息系统（数据治理）,信息管理与信息系统（数据治理）,JN0028,项目管理,项目管理,方法、标准与流程,表达沟通与通用办公协作,4.8,3,2,1,项目管理；项目管理与实践 / Project Management and Practice,毕业要求直接出现“项目管理”；核心课程直接出现“项目管理”；项目管理课程,2.7635885922613586,13.265225242854521,3,是
首都经济贸易大学,CUEB-2025-170,2025级,华侨学院,信息管理与信息系统（数据治理）,信息管理与信息系统（数据治理）,JN0041,Python,Python（编程语言）,工具软件与技术平台,云计算、系统运维与DevOps,3.3,2,2,0,Python；python,核心课程直接出现“Python”；课程名称直接出现唯一技能别名“python”,1.5108256237659907,4.985724558427769,19,否
首都经济贸易大学,CUEB-2025-170,2025级,华侨学院,信息管理与信息系统（数据治理）,信息管理与信息系统（数据治理）,JN0065,网络安全,网络安全,工具软件与技术平台,网络运维与信息安全,1.5,1,1,0,数据安全,毕业要求直接出现“数据安全”,3.8622008809294686,5.793301321394203,13,是
首都经济贸易大学,CUEB-2025-170,2025级,华侨学院,信息管理与信息系统（数据治理）,信息管理与信息系统（数据治理）,JN0072,统计分析,统计分析,方法、标准与流程,人工智能与数据挖掘,0.8,1,0,1,管理统计学 / Management Statistics,统计方法课程,1.1880522315029396,0.9504417852023517,42,否
首都经济贸易大学,CUEB-2025-170,2025级,华侨学院,信息管理与信息系统（数据治理）,信息管理与信息系统（数据治理）,JN0109,会计核算,会计核算,方法、标准与流程,财务会计与税务管理,0.8,1,0,1,会计学原理 / Principles of Accounting,会计课程,1.2895886507223624,1.03167092057789,40,否
首都经济贸易大学,CUEB-2025-170,2025级,华侨学院,信息管理与信息系统（数据治理）,信息管理与信息系统（数据治理）,JN0141,商务英语,商务英语,语言能力,供应链与物流管理,0.8,1,1,0,商务英语,课程名称直接出现唯一技能别名“商务英语”,3.2203469947570738,2.576277595805659,37,否
首都经济贸易大学,CUEB-2025-170,2025级,华侨学院,信息管理与信息系统（数据治理）,信息管理与信息系统（数据治理）,JN0143,机器学习,机器学习,方法、标准与流程,人工智能与数据挖掘,2.3,2,2,0,机器学习,毕业要求直接出现“机器学习”；课程名称直接出现唯一技能别名“机器学习”,2.3361445774344194,5.373132528099164,17,否
首都经济贸易大学,CUEB-2025-170,2025级,华侨学院,信息管理与信息系统（数据治理）,信息管理与信息系统（数据治理）,JN0145,数据挖掘,数据挖掘,工具软件与技术平台,人工智能与数据挖掘,1.5,1,1,0,数据挖掘,毕业要求直接出现“数据挖掘”,2.4271163556401456,3.6406745334602184,26,否
首都经济贸易大学,CUEB-2025-170,2025级,华侨学院,信息管理与信息系统（数据治理）,信息管理与信息系统（数据治理）,JN0172,数据建模,数据建模,工具软件与技术平台,大数据工程与数据仓库,4.1,3,2,1,数据模型；数学建模与分析 / Mathematical Modeling and Analysis,核心课程直接出现“数据模型”；课程名称直接出现唯一技能别名“数据模型”；建模课程,2.730798769438368,11.196274954697309,4,是
首都经济贸易大学,CUEB-2025-170,2025级,华侨学院,信息管理与信息系统（数据治理）,信息管理与信息系统（数据治理）,JN0174,人工智能技术,人工智能技术,具体专业技能,人工智能与数据挖掘,3.1,3,3,0,人工智能；ai,毕业要求直接出现“人工智能”；课程名称直接出现唯一技能别名“人工智能”；课程名称直接出现唯一技能别名“ai”,1.312755710003897,4.069542701012081,22,否
首都经济贸易大学,CUEB-2025-170,2025级,华侨学院,信息管理与信息系统（数据治理）,信息管理与信息系统（数据治理）,JN0184,数据仓库,数据仓库,工具软件与技术平台,大数据工程与数据仓库,0.8,1,1,0,数据仓库,课程名称直接出现唯一技能别名“数据仓库”,3.9675613965872945,3.1740491172698357,32,否
首都经济贸易大学,CUEB-2025-170,2025级,华侨学院,信息管理与信息系统（数据治理）,信息管理与信息系统（数据治理）,JN0211,数据结构与算法,数据结构与算法,方法、标准与流程,网络通信与软件开发基础,0.8,1,0,1,数据结构 / Data Structure,数据结构课程,2.79749014393704,2.237992115149632,39,否
首都经济贸易大学,CUEB-2025-170,2025级,华侨学院,信息管理与信息系统（数据治理）,信息管理与信息系统（数据治理）,JN0227,小程序开发,小程序开发,工具软件与技术平台,Web前端开发,1.6,2,2,0,小程序；微信小程序,课程名称直接出现唯一技能别名“小程序”；课程名称直接出现唯一技能别名“微信小程序”,5.0661736852554045,8.105877896408648,7,是
首都经济贸易大学,CUEB-2025-170,2025级,华侨学院,信息管理与信息系统（数据治理）,信息管理与信息系统（数据治理）,JN0250,跨文化沟通,跨文化沟通,语言能力,供应链与物流管理,2.5,2,2,0,跨文化沟通,培养目标直接出现“跨文化沟通”；毕业要求直接出现“跨文化沟通”,2.730798769438368,6.826996923595921,9,是
首都经济贸易大学,CUEB-2025-170,2025级,华侨学院,信息管理与信息系统（数据治理）,信息管理与信息系统（数据治理）,JN0251,BI,BI（数据库与数据工程）,工具软件与技术平台,大数据工程与数据仓库,5.6,4,4,0,商业智能；bi,毕业要求直接出现“商业智能”；核心课程直接出现“商业智能”；课程名称直接出现唯一技能别名“商业智能”；课程名称直接出现唯一技能别名“bi”,3.392197251683733,18.996304609428904,2,是
首都经济贸易大学,CUEB-2025-170,2025级,华侨学院,信息管理与信息系统（数据治理）,信息管理与信息系统（数据治理）,JN0282,合规管理,合规管理,具体专业技能,金融风控、投资与合规,0.8,1,1,0,合规管理,课程名称直接出现唯一技能别名“合规管理”,5.0661736852554045,4.052938948204324,23,否
首都经济贸易大学,CUEB-2025-170,2025级,华侨学院,信息管理与信息系统（数据治理）,信息管理与信息系统（数据治理）,JN0338,数据治理,数据治理,工具软件与技术平台,大数据工程与数据仓库,5.8,4,4,0,数据治理,培养目标直接出现“数据治理”；毕业要求直接出现“数据治理”；核心课程直接出现“数据治理”；课程名称直接出现唯一技能别名“数据治理”,4.555348061489413,26.421018756638595,1,是
首都经济贸易大学,CUEB-2025-170,2025级,华侨学院,信息管理与信息系统（数据治理）,信息管理与信息系统（数据治理）,JN0397,数理统计,数理统计,工具软件与技术平台,人工智能与数据挖掘,0.8,1,1,0,数理统计,课程名称直接出现唯一技能别名“数理统计”,1.2019413436636068,0.9615530749308855,41,否
首都经济贸易大学,CUEB-2025-170,2025级,华侨学院,信息管理与信息系统（数据治理）,信息管理与信息系统（数据治理）,JN0424,大语言模型,大语言模型,具体专业技能,人工智能与数据挖掘,0.8,1,1,0,大模型,课程名称直接出现唯一技能别名“大模型”,3.6798793241355137,2.943903459308411,33,否
首都经济贸易大学,CUEB-2025-170,2025级,华侨学院,信息管理与信息系统（数据治理）,信息管理与信息系统（数据治理）,JN0430,知识图谱,知识图谱,方法、标准与流程,人工智能与数据挖掘,2.5,1,1,0,知识图谱,核心课程直接出现“知识图谱”,2.194494060371392,5.48623515092848,16,否
首都经济贸易大学,CUEB-2025-170,2025级,华侨学院,信息管理与信息系统（数据治理）,信息管理与信息系统（数据治理）,JN0538,AI工具应用,人工智能工具应用（AI工具应用）,具体专业技能,人工智能与数据挖掘,1.5,1,1,0,人工智能工具,毕业要求直接出现“人工智能工具”,3.6798793241355137,5.519818986203271,15,否
首都经济贸易大学,CUEB-2025-170,2025级,华侨学院,信息管理与信息系统（数据治理）,信息管理与信息系统（数据治理）,JN0560,智能体应用与开发,智能体应用与开发,具体专业技能,人工智能与数据挖掘,0.8,1,1,0,智能体,课程名称直接出现唯一技能别名“智能体”,5.0661736852554045,4.052938948204324,24,否
首都经济贸易大学,CUEB-2025-170,2025级,华侨学院,信息管理与信息系统（数据治理）,信息管理与信息系统（数据治理）,JN0563,数据合规,数据合规,具体专业技能,网络运维与信息安全,1.5,1,1,0,隐私保护,毕业要求直接出现“隐私保护”,4.555348061489413,6.83302209223412,8,是
首都经济贸易大学,CUEB-2025-170,2025级,华侨学院,信息管理与信息系统（数据治理）,信息管理与信息系统（数据治理）,JN0647,论文写作,论文写作,方法、标准与流程,表达沟通与通用办公协作,2.4000000000000004,3,0,3,学术写作与研究方法 1 / Academic Writing and Research Methodology 1；学术写作与研究方法 2 / Academic Writing and Research Methodology 2；学术写作与研究方法3 / Academic Writing and Research Methodology 3,学术写作课程,1.4734380916943703,3.536251420066489,28,否
首都经济贸易大学,CUEB-2025-170,2025级,华侨学院,信息管理与信息系统（数据治理）,信息管理与信息系统（数据治理）,JN0686,数据库技术,数据库技术,专业知识与行业经验,Java后端开发与中间件,2.3,2,2,0,数据库技术；数据库,毕业要求直接出现“数据库技术”；课程名称直接出现唯一技能别名“数据库”,2.3361445774344194,5.373132528099164,18,否
首都经济贸易大学,CUEB-2025-170,2025级,华侨学院,信息管理与信息系统（数据治理）,信息管理与信息系统（数据治理）,JN0770,沟通能力,沟通能力,非技术性能力,组织协调与商业执行,2.5,2,2,0,沟通能力；沟通技巧,培养目标直接出现“沟通能力”；毕业要求直接出现“沟通技巧”,1.7953381214564925,4.488345303641231,20,否
首都经济贸易大学,CUEB-2025-170,2025级,华侨学院,信息管理与信息系统（数据治理）,信息管理与信息系统（数据治理）,JN0771,团队合作,团队合作,非技术性能力,表达沟通与通用办公协作,2.5,2,2,0,协作能力；团队合作,培养目标直接出现“协作能力”；毕业要求直接出现“团队合作”,1.4111957828171493,3.527989457042873,29,否
首都经济贸易大学,CUEB-2025-170,2025级,华侨学院,信息管理与信息系统（数据治理）,信息管理与信息系统（数据治理）,JN0779,书面表达,书面表达,非技术性能力,表达沟通与通用办公协作,0.8,1,0,1,应用写作 / Business Writing,写作课程,1.0649195460993157,0.8519356368794526,43,否
首都经济贸易大学,CUEB-2025-170,2025级,华侨学院,信息管理与信息系统（数据治理）,信息管理与信息系统（数据治理）,JN0780,诚信与职业道德,诚信与职业道德,非技术性能力,金融风控、投资与合规,2.5,2,2,0,职业操守；敬业精神,培养目标直接出现“职业操守”；毕业要求直接出现“敬业精神”,1.0710357731167517,2.677589432791879,36,否
首都经济贸易大学,CUEB-2025-170,2025级,华侨学院,信息管理与信息系统（数据治理）,信息管理与信息系统（数据治理）,JN0781,问题解决,问题解决,非技术性能力,表达沟通与通用办公协作,2.5,2,2,0,问题解决,培养目标直接出现“问题解决”；毕业要求直接出现“问题解决”,2.314638372213455,5.786595930533638,14,否
首都经济贸易大学,CUEB-2025-170,2025级,华侨学院,信息管理与信息系统（数据治理）,信息管理与信息系统（数据治理）,JN0785,分析判断,分析判断,非技术性能力,组织协调与商业执行,1.5,1,1,0,分析能力,毕业要求直接出现“分析能力”,2.121734706088964,3.1826020591334463,31,否
首都经济贸易大学,CUEB-2025-170,2025级,华侨学院,信息管理与信息系统（数据治理）,信息管理与信息系统（数据治理）,JN0786,管理能力,管理能力,非技术性能力,组织协调与商业执行,2.5,2,2,0,管理能力,培养目标直接出现“管理能力”；毕业要求直接出现“管理能力”,2.730798769438368,6.826996923595921,10,是
首都经济贸易大学,CUEB-2025-170,2025级,华侨学院,信息管理与信息系统（数据治理）,信息管理与信息系统（数据治理）,JN0787,领导力,领导力,非技术性能力,组织协调与商业执行,1.5,1,1,0,领导力,毕业要求直接出现“领导力”,2.4035858582299516,3.6053787873449274,27,否
首都经济贸易大学,CUEB-2025-170,2025级,华侨学院,信息管理与信息系统（数据治理）,信息管理与信息系统（数据治理）,JN0790,创新能力,创新能力,非技术性能力,视觉设计与数字内容制作,2.5,2,2,0,创新能力,培养目标直接出现“创新能力”；毕业要求直接出现“创新能力”,1.2895886507223624,3.223971626805906,30,否
首都经济贸易大学,CUEB-2025-170,2025级,华侨学院,信息管理与信息系统（数据治理）,信息管理与信息系统（数据治理）,JN0793,人际交往,人际交往,非技术性能力,组织协调与商业执行,2.5,2,2,0,人际沟通能力；交际能力,培养目标直接出现“人际沟通能力”；毕业要求直接出现“交际能力”,3.456735772821304,8.64183943205326,6,是
首都经济贸易大学,CUEB-2025-170,2025级,华侨学院,信息管理与信息系统（数据治理）,信息管理与信息系统（数据治理）,JN0794,团队意识,团队意识,非技术性能力,视觉设计与数字内容制作,1.0,1,1,0,团队意识,培养目标直接出现“团队意识”,4.373026504695459,4.373026504695459,21,否
首都经济贸易大学,CUEB-2025-170,2025级,华侨学院,信息管理与信息系统（数据治理）,信息管理与信息系统（数据治理）,JN0800,决策能力,决策能力,非技术性能力,组织协调与商业执行,1.5,1,1,0,决策能力,毕业要求直接出现“决策能力”,3.9675613965872945,5.951342094880942,12,否
首都经济贸易大学,CUEB-2025-170,2025级,华侨学院,信息管理与信息系统（数据治理）,信息管理与信息系统（数据治理）,JN0804,演讲呈现,演讲呈现,非技术性能力,表达沟通与通用办公协作,0.8,1,0,1,新质商业演讲力 / Innovative Business Presentation Skills in the Digital Age,展示表达课程,3.6798793241355137,2.943903459308411,34,否
首都经济贸易大学,CUEB-2025-170,2025级,华侨学院,信息管理与信息系统（数据治理）,信息管理与信息系统（数据治理）,JN0818,系统思维,系统思维,非技术性能力,表达沟通与通用办公协作,1.5,1,1,0,系统思维,毕业要求直接出现“系统思维”,4.218875824868201,6.3283137373023015,11,是
首都经济贸易大学,CUEB-2025-170,2025级,华侨学院,信息管理与信息系统（数据治理）,信息管理与信息系统（数据治理）,JN0830,批判性思维,批判性思维,非技术性能力,表达沟通与通用办公协作,1.5,1,1,0,批判性思维,毕业要求直接出现“批判性思维”,2.638425449307353,3.9576381739610293,25,否
首都经济贸易大学,CUEB-2025-171,2025级,华侨学院,工商管理（国际会计）,工商管理（国际会计）,JN0002,预算,预算,职业职能与业务活动,财务会计与税务管理,2.5,2,2,0,预算,毕业要求直接出现“预算”；培养特色直接出现“预算”,3.8622008809294686,9.655502202323671,11,是
首都经济贸易大学,CUEB-2025-171,2025级,华侨学院,工商管理（国际会计）,工商管理（国际会计）,JN0025,英语,英语,语言能力,供应链与物流管理,4.3,3,3,0,英语,核心课程直接出现“英语”；培养特色直接出现“英语”；课程名称直接出现唯一技能别名“英语”,1.0,4.3,32,否
首都经济贸易大学,CUEB-2025-171,2025级,华侨学院,工商管理（国际会计）,工商管理（国际会计）,JN0026,数据分析,数据分析,工具软件与技术平台,人工智能与数据挖掘,3.5,3,3,0,数据分析,培养目标直接出现“数据分析”；毕业要求直接出现“数据分析”；培养特色直接出现“数据分析”,1.5798184952529422,5.5293647333852975,25,否
首都经济贸易大学,CUEB-2025-171,2025级,华侨学院,工商管理（国际会计）,工商管理（国际会计）,JN0028,项目管理,项目管理,方法、标准与流程,表达沟通与通用办公协作,2.5,2,2,0,项目管理,毕业要求直接出现“项目管理”；培养特色直接出现“项目管理”,2.7635885922613586,6.908971480653396,20,否
首都经济贸易大学,CUEB-2025-171,2025级,华侨学院,工商管理（国际会计）,工商管理（国际会计）,JN0041,Python,Python（编程语言）,工具软件与技术平台,云计算、系统运维与DevOps,5.8,4,4,0,Python；python,毕业要求直接出现“Python”；核心课程直接出现“Python”；培养特色直接出现“Python”；课程名称直接出现唯一技能别名“python”,1.5108256237659907,8.762788617842746,14,否
首都经济贸易大学,CUEB-2025-171,2025级,华侨学院,工商管理（国际会计）,工商管理（国际会计）,JN0072,统计分析,统计分析,方法、标准与流程,人工智能与数据挖掘,0.8,1,0,1,管理统计学 Managerial Statistics,统计方法课程,1.1880522315029396,0.9504417852023517,45,否
首都经济贸易大学,CUEB-2025-171,2025级,华侨学院,工商管理（国际会计）,工商管理（国际会计）,JN0077,财务分析,财务分析,具体专业技能,财务会计与税务管理,4.3,4,4,0,财务分析,培养目标直接出现“财务分析”；毕业要求直接出现“财务分析”；培养特色直接出现“财务分析”；课程名称直接出现唯一技能别名“财务分析”,3.120263536200091,13.417133205660392,4,是
首都经济贸易大学,CUEB-2025-171,2025级,华侨学院,工商管理（国际会计）,工商管理（国际会计）,JN0081,财务软件应用,财务软件应用,方法、标准与流程,财务会计与税务管理,2.5,2,2,0,财务软件,毕业要求直接出现“财务软件”；培养特色直接出现“财务软件”,3.392197251683733,8.480493129209332,15,否
首都经济贸易大学,CUEB-2025-171,2025级,华侨学院,工商管理（国际会计）,工商管理（国际会计）,JN0108,财务报表,财务报表,具体专业技能,财务会计与税务管理,2.5,2,2,0,财务报表,毕业要求直接出现“财务报表”；培养特色直接出现“财务报表”,3.9675613965872945,9.918903491468235,9,是
首都经济贸易大学,CUEB-2025-171,2025级,华侨学院,工商管理（国际会计）,工商管理（国际会计）,JN0109,会计核算,会计核算,方法、标准与流程,财务会计与税务管理,1.6,2,0,2,会计学原理 / Principles of Accounting；财务会计  / Financial Accounting,会计课程,1.2895886507223624,2.06334184115578,41,否
首都经济贸易大学,CUEB-2025-171,2025级,华侨学院,工商管理（国际会计）,工商管理（国际会计）,JN0136,成本管理,成本管理,方法、标准与流程,财务会计与税务管理,2.5,2,2,0,成本管理,毕业要求直接出现“成本管理”；培养特色直接出现“成本管理”,2.9867321435755683,7.466830358938921,19,否
首都经济贸易大学,CUEB-2025-171,2025级,华侨学院,工商管理（国际会计）,工商管理（国际会计）,JN0141,商务英语,商务英语,语言能力,供应链与物流管理,4.3,3,3,0,商务英语,核心课程直接出现“商务英语”；培养特色直接出现“商务英语”；课程名称直接出现唯一技能别名“商务英语”,3.2203469947570738,13.847492077455417,3,是
首都经济贸易大学,CUEB-2025-171,2025级,华侨学院,工商管理（国际会计）,工商管理（国际会计）,JN0143,机器学习,机器学习,方法、标准与流程,人工智能与数据挖掘,2.5,2,2,0,机器学习,毕业要求直接出现“机器学习”；培养特色直接出现“机器学习”,2.3361445774344194,5.8403614435860485,24,否
首都经济贸易大学,CUEB-2025-171,2025级,华侨学院,工商管理（国际会计）,工商管理（国际会计）,JN0145,数据挖掘,数据挖掘,工具软件与技术平台,人工智能与数据挖掘,2.5,2,2,0,数据挖掘,毕业要求直接出现“数据挖掘”；培养特色直接出现“数据挖掘”,2.4271163556401456,6.067790889100364,23,否
首都经济贸易大学,CUEB-2025-171,2025级,华侨学院,工商管理（国际会计）,工商管理（国际会计）,JN0174,人工智能技术,人工智能技术,具体专业技能,人工智能与数据挖掘,7.6,6,6,0,人工智能；ai,培养目标直接出现“人工智能”；毕业要求直接出现“人工智能”；核心课程直接出现“人工智能”；培养特色直接出现“人工智能”；课程名称直接出现唯一技能别名“人工智能”；课程名称直接出现唯一技能别名“ai”,1.312755710003897,9.976943396029617,8,是
首都经济贸易大学,CUEB-2025-171,2025级,华侨学院,工商管理（国际会计）,工商管理（国际会计）,JN0227,小程序开发,小程序开发,工具软件与技术平台,Web前端开发,2.6,3,3,0,微信小程序；小程序,培养特色直接出现“微信小程序”；课程名称直接出现唯一技能别名“小程序”；课程名称直接出现唯一技能别名“微信小程序”,5.0661736852554045,13.172051581664052,5,是
首都经济贸易大学,CUEB-2025-171,2025级,华侨学院,工商管理（国际会计）,工商管理（国际会计）,JN0250,跨文化沟通,跨文化沟通,语言能力,供应链与物流管理,3.5,3,3,0,跨文化沟通,培养目标直接出现“跨文化沟通”；毕业要求直接出现“跨文化沟通”；培养特色直接出现“跨文化沟通”,2.730798769438368,9.557795693034288,12,是
首都经济贸易大学,CUEB-2025-171,2025级,华侨学院,工商管理（国际会计）,工商管理（国际会计）,JN0251,BI,BI（数据库与数据工程）,工具软件与技术平台,大数据工程与数据仓库,0.8,1,1,0,bi,课程名称直接出现唯一技能别名“bi”,3.392197251683733,2.7137578013469863,38,否
首都经济贸易大学,CUEB-2025-171,2025级,华侨学院,工商管理（国际会计）,工商管理（国际会计）,JN0254,市场营销知识,市场营销知识,方法、标准与流程,组织协调与商业执行,0.8,1,0,1,市场营销学 / Marketing,市场营销课程,2.4035858582299516,1.9228686865839615,42,否
首都经济贸易大学,CUEB-2025-171,2025级,华侨学院,工商管理（国际会计）,工商管理（国际会计）,JN0256,授课,授课,方法、标准与流程,表达沟通与通用办公协作,1.0,1,1,0,课堂教学,培养特色直接出现“课堂教学”,2.4759065198095778,2.4759065198095778,40,否
首都经济贸易大学,CUEB-2025-171,2025级,华侨学院,工商管理（国际会计）,工商管理（国际会计）,JN0258,法律法规知识,法律法规知识,方法、标准与流程,金融风控、投资与合规,1.6,2,0,2,公司法与商法(ACCAF4) / Corporate and Business Law；商法 / Business Law,法规课程,2.139434283188365,3.423094853101384,36,否
首都经济贸易大学,CUEB-2025-171,2025级,华侨学院,工商管理（国际会计）,工商管理（国际会计）,JN0373,人力资源管理流程,人力资源管理流程,方法、标准与流程,人力资源与行政管理,0.8,1,0,1,人力资源管理  / Human Resource Management,人力资源课程,2.194494060371392,1.7555952482971138,43,否
首都经济贸易大学,CUEB-2025-171,2025级,华侨学院,工商管理（国际会计）,工商管理（国际会计）,JN0397,数理统计,数理统计,工具软件与技术平台,人工智能与数据挖掘,0.8,1,1,0,数理统计,课程名称直接出现唯一技能别名“数理统计”,1.2019413436636068,0.9615530749308855,44,否
首都经济贸易大学,CUEB-2025-171,2025级,华侨学院,工商管理（国际会计）,工商管理（国际会计）,JN0424,大语言模型,大语言模型,具体专业技能,人工智能与数据挖掘,1.8,2,2,0,大模型,培养特色直接出现“大模型”；课程名称直接出现唯一技能别名“大模型”,3.6798793241355137,6.623782783443925,21,否
首都经济贸易大学,CUEB-2025-171,2025级,华侨学院,工商管理（国际会计）,工商管理（国际会计）,JN0430,知识图谱,知识图谱,方法、标准与流程,人工智能与数据挖掘,3.5,2,2,0,知识图谱,核心课程直接出现“知识图谱”；培养特色直接出现“知识图谱”,2.194494060371392,7.680729211299872,18,否
首都经济贸易大学,CUEB-2025-171,2025级,华侨学院,工商管理（国际会计）,工商管理（国际会计）,JN0560,智能体应用与开发,智能体应用与开发,具体专业技能,人工智能与数据挖掘,0.8,1,1,0,智能体,课程名称直接出现唯一技能别名“智能体”,5.0661736852554045,4.052938948204324,33,否
首都经济贸易大学,CUEB-2025-171,2025级,华侨学院,工商管理（国际会计）,工商管理（国际会计）,JN0575,Power BI,Power BI（数据库与数据工程）,工具软件与技术平台,大数据工程与数据仓库,5.0,3,3,0,Power BI,毕业要求直接出现“Power BI”；核心课程直接出现“Power BI”；培养特色直接出现“Power BI”,4.778491612803624,23.89245806401812,1,是
首都经济贸易大学,CUEB-2025-171,2025级,华侨学院,工商管理（国际会计）,工商管理（国际会计）,JN0629,碳管理,碳管理,具体专业技能,安全环保与职业健康,4.3,3,3,0,碳管理,核心课程直接出现“碳管理”；培养特色直接出现“碳管理”；课程名称直接出现唯一技能别名“碳管理”,5.0661736852554045,21.78454684659824,2,是
首都经济贸易大学,CUEB-2025-171,2025级,华侨学院,工商管理（国际会计）,工商管理（国际会计）,JN0647,论文写作,论文写作,方法、标准与流程,表达沟通与通用办公协作,2.4000000000000004,3,0,3,学术写作与研究方法 1 / Academic Writing and Research Methodology 1；学术写作与研究方法 2 / Academic Writing and Research Methodology 2；学术写作与研究方法3 / Academic Writing and Research Methodology 3,学术写作课程,1.4734380916943703,3.536251420066489,34,否
首都经济贸易大学,CUEB-2025-171,2025级,华侨学院,工商管理（国际会计）,工商管理（国际会计）,JN0690,风险管理,风险管理,专业知识与行业经验,金融风控、投资与合规,2.5,2,2,0,风险管理,毕业要求直接出现“风险管理”；培养特色直接出现“风险管理”,1.916290731874155,4.790726829685388,28,否
首都经济贸易大学,CUEB-2025-171,2025级,华侨学院,工商管理（国际会计）,工商管理（国际会计）,JN0691,财务管理,财务管理,专业知识与行业经验,财务会计与税务管理,7.6,6,5,1,财务管理知识；财务管理；公司金融 Corporate Finance,培养目标直接出现“财务管理知识”；毕业要求直接出现“财务管理知识”；核心课程直接出现“财务管理”；培养特色直接出现“财务管理知识”；课程名称直接出现唯一技能别名“财务管理”；财务管理课程,1.664976303593249,12.653819907308693,6,是
首都经济贸易大学,CUEB-2025-171,2025级,华侨学院,工商管理（国际会计）,工商管理（国际会计）,JN0701,会计准则,会计准则,专业知识与行业经验,财务会计与税务管理,2.5,2,2,0,会计准则,毕业要求直接出现“会计准则”；培养特色直接出现“会计准则”,4.218875824868201,10.547189562170502,7,是
首都经济贸易大学,CUEB-2025-171,2025级,华侨学院,工商管理（国际会计）,工商管理（国际会计）,JN0710,财税法规,财税法规,专业知识与行业经验,财务会计与税务管理,1.6,2,0,2,税法(ACCAF6) / Taxation；税法 / Taxation,税法课程,3.0292917579943643,4.846866812790983,27,否
首都经济贸易大学,CUEB-2025-171,2025级,华侨学院,工商管理（国际会计）,工商管理（国际会计）,JN0770,沟通能力,沟通能力,非技术性能力,组织协调与商业执行,3.5,3,3,0,沟通能力,培养目标直接出现“沟通能力”；毕业要求直接出现“沟通能力”；培养特色直接出现“沟通能力”,1.7953381214564925,6.283683425097724,22,否
首都经济贸易大学,CUEB-2025-171,2025级,华侨学院,工商管理（国际会计）,工商管理（国际会计）,JN0771,团队合作,团队合作,非技术性能力,表达沟通与通用办公协作,3.5,3,3,0,团队协作；团队合作,培养目标直接出现“团队协作”；毕业要求直接出现“团队合作”；培养特色直接出现“团队合作”,1.4111957828171493,4.939185239860023,26,否
首都经济贸易大学,CUEB-2025-171,2025级,华侨学院,工商管理（国际会计）,工商管理（国际会计）,JN0774,表达能力,表达能力,非技术性能力,表达沟通与通用办公协作,2.5,2,2,0,表达能力,毕业要求直接出现“表达能力”；培养特色直接出现“表达能力”,1.7703368192510753,4.425842048127688,30,否
首都经济贸易大学,CUEB-2025-171,2025级,华侨学院,工商管理（国际会计）,工商管理（国际会计）,JN0775,学习能力,学习能力,非技术性能力,表达沟通与通用办公协作,2.5,2,2,0,自主学习能力,毕业要求直接出现“自主学习能力”；培养特色直接出现“自主学习能力”,1.7221347174331973,4.305336793582994,31,否
首都经济贸易大学,CUEB-2025-171,2025级,华侨学院,工商管理（国际会计）,工商管理（国际会计）,JN0779,书面表达,书面表达,非技术性能力,表达沟通与通用办公协作,3.3,3,2,1,书面表达能力；应用写作 / Business Writing,毕业要求直接出现“书面表达能力”；培养特色直接出现“书面表达能力”；写作课程,1.0649195460993157,3.5142345021277417,35,否
首都经济贸易大学,CUEB-2025-171,2025级,华侨学院,工商管理（国际会计）,工商管理（国际会计）,JN0780,诚信与职业道德,诚信与职业道德,非技术性能力,金融风控、投资与合规,2.5,2,2,0,敬业精神,毕业要求直接出现“敬业精神”；培养特色直接出现“敬业精神”,1.0710357731167517,2.677589432791879,39,否
首都经济贸易大学,CUEB-2025-171,2025级,华侨学院,工商管理（国际会计）,工商管理（国际会计）,JN0787,领导力,领导力,非技术性能力,组织协调与商业执行,3.5,3,3,0,领导力；领导能力,培养目标直接出现“领导力”；毕业要求直接出现“领导能力”；培养特色直接出现“领导能力”,2.4035858582299516,8.41255050380483,16,否
首都经济贸易大学,CUEB-2025-171,2025级,华侨学院,工商管理（国际会计）,工商管理（国际会计）,JN0790,创新能力,创新能力,非技术性能力,视觉设计与数字内容制作,3.5,3,3,0,创新思维；创造性思维,培养目标直接出现“创新思维”；毕业要求直接出现“创造性思维”；培养特色直接出现“创造性思维”,1.2895886507223624,4.513560277528269,29,否
首都经济贸易大学,CUEB-2025-171,2025级,华侨学院,工商管理（国际会计）,工商管理（国际会计）,JN0804,演讲呈现,演讲呈现,非技术性能力,表达沟通与通用办公协作,0.8,1,0,1,新质商业演讲力 Innovative Business Presentation Skills in the Digital Age,展示表达课程,3.6798793241355137,2.943903459308411,37,否
首都经济贸易大学,CUEB-2025-171,2025级,华侨学院,工商管理（国际会计）,工商管理（国际会计）,JN0811,战略思维,战略思维,非技术性能力,组织协调与商业执行,2.0,2,2,0,战略思维,培养目标直接出现“战略思维”；培养特色直接出现“战略思维”,3.8622008809294686,7.724401761858937,17,否
首都经济贸易大学,CUEB-2025-171,2025级,华侨学院,工商管理（国际会计）,工商管理（国际会计）,JN0820,团队建设,团队建设,非技术性能力,组织协调与商业执行,2.5,2,2,0,团队建设,毕业要求直接出现“团队建设”；培养特色直接出现“团队建设”,3.9675613965872945,9.918903491468235,10,是
首都经济贸易大学,CUEB-2025-171,2025级,华侨学院,工商管理（国际会计）,工商管理（国际会计）,JN0830,批判性思维,批判性思维,非技术性能力,表达沟通与通用办公协作,3.5,3,3,0,批判性思维,培养目标直接出现“批判性思维”；毕业要求直接出现“批判性思维”；培养特色直接出现“批判性思维”,2.638425449307353,9.234489072575736,13,否
首都经济贸易大学,CUEB-2025-172,2025级,,国际经济与管理,14国际经济与管理,JN0025,英语,英语,语言能力,供应链与物流管理,2.3,2,2,0,英语,毕业要求直接出现“英语”；课程名称直接出现唯一技能别名“英语”,1.0,2.3,16,是
首都经济贸易大学,CUEB-2025-172,2025级,,国际经济与管理,14国际经济与管理,JN0026,数据分析,数据分析,工具软件与技术平台,人工智能与数据挖掘,3.3,3,3,0,数据分析,培养目标直接出现“数据分析”；毕业要求直接出现“数据分析”；课程名称直接出现唯一技能别名“数据分析”,1.5798184952529422,5.213401034334709,4,是
首都经济贸易大学,CUEB-2025-172,2025级,,国际经济与管理,14国际经济与管理,JN0041,Python,Python（编程语言）,工具软件与技术平台,云计算、系统运维与DevOps,0.8,1,1,0,python,课程名称直接出现唯一技能别名“python”,1.5108256237659907,1.2086604990127927,22,否
首都经济贸易大学,CUEB-2025-172,2025级,,国际经济与管理,14国际经济与管理,JN0072,统计分析,统计分析,方法、标准与流程,人工智能与数据挖掘,2.4000000000000004,3,1,2,计量经济学 / Econometrics；经济时间序列分析 / Economic Time Series Analysis；统计分析,统计方法课程；课程名称直接出现唯一技能别名“统计分析”,1.1880522315029396,2.8513253556070555,12,是
首都经济贸易大学,CUEB-2025-172,2025级,,国际经济与管理,14国际经济与管理,JN0108,财务报表,财务报表,具体专业技能,财务会计与税务管理,1.6,2,2,0,财务报表；报表分析,课程名称直接出现唯一技能别名“财务报表”；课程名称直接出现唯一技能别名“报表分析”,3.9675613965872945,6.3480982345396715,2,是
首都经济贸易大学,CUEB-2025-172,2025级,,国际经济与管理,14国际经济与管理,JN0109,会计核算,会计核算,方法、标准与流程,财务会计与税务管理,0.8,1,0,1,会计学原理  / Accounting Principles,会计课程,1.2895886507223624,1.03167092057789,23,否
首都经济贸易大学,CUEB-2025-172,2025级,,国际经济与管理,14国际经济与管理,JN0172,数据建模,数据建模,工具软件与技术平台,大数据工程与数据仓库,0.8,1,0,1,金融建模与数据分析 Financial Modelling and Data Analysis,建模课程,2.730798769438368,2.1846390155506947,17,是
首都经济贸易大学,CUEB-2025-172,2025级,,国际经济与管理,14国际经济与管理,JN0174,人工智能技术,人工智能技术,具体专业技能,人工智能与数据挖掘,1.6,2,2,0,人工智能；ai,课程名称直接出现唯一技能别名“人工智能”；课程名称直接出现唯一技能别名“ai”,1.312755710003897,2.100409136006235,18,否
首都经济贸易大学,CUEB-2025-172,2025级,,国际经济与管理,14国际经济与管理,JN0256,授课,授课,方法、标准与流程,表达沟通与通用办公协作,1.0,1,1,0,授课,培养特色直接出现“授课”,2.4759065198095778,2.4759065198095778,15,是
首都经济贸易大学,CUEB-2025-172,2025级,,国际经济与管理,14国际经济与管理,JN0397,数理统计,数理统计,工具软件与技术平台,人工智能与数据挖掘,3.3,2,2,0,数理统计,核心课程直接出现“数理统计”；课程名称直接出现唯一技能别名“数理统计”,1.2019413436636068,3.9664064340899023,6,是
首都经济贸易大学,CUEB-2025-172,2025级,,国际经济与管理,14国际经济与管理,JN0584,时间序列,时间序列,方法、标准与流程,人工智能与数据挖掘,3.3,2,2,0,时间序列,核心课程直接出现“时间序列”；课程名称直接出现唯一技能别名“时间序列”,2.8689491079191853,9.467532056133312,1,是
首都经济贸易大学,CUEB-2025-172,2025级,,国际经济与管理,14国际经济与管理,JN0653,Stata,Stata（办公软件与通用数字工具）,方法、标准与流程,人工智能与数据挖掘,0.8,1,1,0,stata,课程名称直接出现唯一技能别名“stata”,3.8622008809294686,3.089760704743575,10,是
首都经济贸易大学,CUEB-2025-172,2025级,,国际经济与管理,14国际经济与管理,JN0690,风险管理,风险管理,专业知识与行业经验,金融风控、投资与合规,1.0,1,1,0,风险管理,培养特色直接出现“风险管理”,1.916290731874155,1.916290731874155,19,否
首都经济贸易大学,CUEB-2025-172,2025级,,国际经济与管理,14国际经济与管理,JN0691,财务管理,财务管理,专业知识与行业经验,财务会计与税务管理,0.8,1,0,1,公司金融 / Corporate Finance,财务管理课程,1.664976303593249,1.3319810428745993,21,否
首都经济贸易大学,CUEB-2025-172,2025级,,国际经济与管理,14国际经济与管理,JN0774,表达能力,表达能力,非技术性能力,表达沟通与通用办公协作,1.5,1,1,0,表达能力,毕业要求直接出现“表达能力”,1.7703368192510753,2.655505228876613,13,否
首都经济贸易大学,CUEB-2025-172,2025级,,国际经济与管理,14国际经济与管理,JN0775,学习能力,学习能力,非技术性能力,表达沟通与通用办公协作,1.5,1,1,0,学习能力,毕业要求直接出现“学习能力”,1.7221347174331973,2.583202076149796,14,否
首都经济贸易大学,CUEB-2025-172,2025级,,国际经济与管理,14国际经济与管理,JN0780,诚信与职业道德,诚信与职业道德,非技术性能力,金融风控、投资与合规,1.5,1,1,0,职业道德,毕业要求直接出现“职业道德”,1.0710357731167517,1.6065536596751275,20,否
首都经济贸易大学,CUEB-2025-172,2025级,,国际经济与管理,14国际经济与管理,JN0781,问题解决,问题解决,非技术性能力,表达沟通与通用办公协作,2.5,2,2,0,解决问题,毕业要求直接出现“解决问题”；培养特色直接出现“解决问题”,2.314638372213455,5.786595930533638,3,是
首都经济贸易大学,CUEB-2025-172,2025级,,国际经济与管理,14国际经济与管理,JN0785,分析判断,分析判断,非技术性能力,组织协调与商业执行,1.5,1,1,0,分析能力,毕业要求直接出现“分析能力”,2.121734706088964,3.1826020591334463,9,否
首都经济贸易大学,CUEB-2025-172,2025级,,国际经济与管理,14国际经济与管理,JN0788,口头表达,口头表达,非技术性能力,表达沟通与通用办公协作,1.5,1,1,0,口头表达,毕业要求直接出现“口头表达”,1.9021060968821986,2.853159145323298,11,否
首都经济贸易大学,CUEB-2025-172,2025级,,国际经济与管理,14国际经济与管理,JN0790,创新能力,创新能力,非技术性能力,视觉设计与数字内容制作,2.5,2,2,0,创新能力,毕业要求直接出现“创新能力”；培养特色直接出现“创新能力”,1.2895886507223624,3.223971626805906,8,否
首都经济贸易大学,CUEB-2025-172,2025级,,国际经济与管理,14国际经济与管理,JN0798,适应能力,适应能力,非技术性能力,组织协调与商业执行,1.5,1,1,0,适应能力,毕业要求直接出现“适应能力”,2.5271998141971284,3.7907997212956923,7,是
首都经济贸易大学,CUEB-2025-172,2025级,,国际经济与管理,14国际经济与管理,JN0801,独立思考,独立思考,非技术性能力,表达沟通与通用办公协作,1.5,1,1,0,独立思考,毕业要求直接出现“独立思考”,3.2203469947570738,4.83052049213561,5,是
首都经济贸易大学,CUEB-2025-173,2025级,人工智能学院,计算机科学与技术,计算机科学与技术,JN0025,英语,英语,语言能力,供应链与物流管理,0.8,1,1,0,英语,课程名称直接出现唯一技能别名“英语”,1.0,0.8,37,否
首都经济贸易大学,CUEB-2025-173,2025级,人工智能学院,计算机科学与技术,计算机科学与技术,JN0026,数据分析,数据分析,工具软件与技术平台,人工智能与数据挖掘,1.0,1,1,0,数据分析,培养目标直接出现“数据分析”,1.5798184952529422,1.5798184952529422,32,否
首都经济贸易大学,CUEB-2025-173,2025级,人工智能学院,计算机科学与技术,计算机科学与技术,JN0027,Java,Java（编程语言）,工具软件与技术平台,Java后端开发与中间件,0.8,1,1,0,java,课程名称直接出现唯一技能别名“java”,3.5257286443082556,2.8205829154466047,22,否
首都经济贸易大学,CUEB-2025-173,2025级,人工智能学院,计算机科学与技术,计算机科学与技术,JN0028,项目管理,项目管理,方法、标准与流程,表达沟通与通用办公协作,2.5,2,2,0,项目管理,培养目标直接出现“项目管理”；毕业要求直接出现“项目管理”,2.7635885922613586,6.908971480653396,5,是
首都经济贸易大学,CUEB-2025-173,2025级,人工智能学院,计算机科学与技术,计算机科学与技术,JN0037,需求分析,需求分析,具体专业技能,表达沟通与通用办公协作,1.0,1,1,0,需求分析,培养目标直接出现“需求分析”,5.471638793363569,5.471638793363569,9,是
首都经济贸易大学,CUEB-2025-173,2025级,人工智能学院,计算机科学与技术,计算机科学与技术,JN0041,Python,Python（编程语言）,工具软件与技术平台,云计算、系统运维与DevOps,0.8,1,1,0,python,课程名称直接出现唯一技能别名“python”,1.5108256237659907,1.2086604990127927,33,否
首都经济贸易大学,CUEB-2025-173,2025级,人工智能学院,计算机科学与技术,计算机科学与技术,JN0044,方案设计,方案设计,方法、标准与流程,嵌入式与电子硬件开发,1.5,1,1,0,方案设计,毕业要求直接出现“方案设计”,4.373026504695459,6.559539757043188,6,是
首都经济贸易大学,CUEB-2025-173,2025级,人工智能学院,计算机科学与技术,计算机科学与技术,JN0076,数据处理,数据处理,具体专业技能,大数据工程与数据仓库,1.0,1,1,0,数据处理,培养目标直接出现“数据处理”,2.5812670354674037,2.5812670354674037,26,否
首都经济贸易大学,CUEB-2025-173,2025级,人工智能学院,计算机科学与技术,计算机科学与技术,JN0078,C#,C#（编程语言）,工具软件与技术平台,网络通信与软件开发基础,0.8,1,1,0,c#,课程名称直接出现唯一技能别名“c#”,4.778491612803624,3.822793290242899,14,否
首都经济贸易大学,CUEB-2025-173,2025级,人工智能学院,计算机科学与技术,计算机科学与技术,JN0079,电路设计,电路设计,方法、标准与流程,嵌入式与电子硬件开发,3.3,2,2,0,数字电路,核心课程直接出现“数字电路”；课程名称直接出现唯一技能别名“数字电路”,4.778491612803624,15.769022322251958,1,是
首都经济贸易大学,CUEB-2025-173,2025级,人工智能学院,计算机科学与技术,计算机科学与技术,JN0091,云计算,云计算,工具软件与技术平台,云计算、系统运维与DevOps,0.8,1,1,0,云计算,课程名称直接出现唯一技能别名“云计算”,3.120263536200091,2.496210828960073,27,否
首都经济贸易大学,CUEB-2025-173,2025级,人工智能学院,计算机科学与技术,计算机科学与技术,JN0143,机器学习,机器学习,方法、标准与流程,人工智能与数据挖掘,0.8,1,1,0,机器学习,课程名称直接出现唯一技能别名“机器学习”,2.3361445774344194,1.8689156619475356,30,否
首都经济贸易大学,CUEB-2025-173,2025级,人工智能学院,计算机科学与技术,计算机科学与技术,JN0145,数据挖掘,数据挖掘,工具软件与技术平台,人工智能与数据挖掘,0.8,1,1,0,数据挖掘,课程名称直接出现唯一技能别名“数据挖掘”,2.4271163556401456,1.9416930845121165,29,否
首都经济贸易大学,CUEB-2025-173,2025级,人工智能学院,计算机科学与技术,计算机科学与技术,JN0174,人工智能技术,人工智能技术,具体专业技能,人工智能与数据挖掘,4.1,4,4,0,人工智能技术；人工智能；人工智能应用,培养目标直接出现“人工智能技术”；毕业要求直接出现“人工智能”；课程名称直接出现唯一技能别名“人工智能”；课程名称直接出现唯一技能别名“人工智能应用”,1.312755710003897,5.382298411015976,10,是
首都经济贸易大学,CUEB-2025-173,2025级,人工智能学院,计算机科学与技术,计算机科学与技术,JN0211,数据结构与算法,数据结构与算法,方法、标准与流程,网络通信与软件开发基础,0.8,1,0,1,数据结构 / Data Structures,数据结构课程,2.79749014393704,2.237992115149632,28,否
首都经济贸易大学,CUEB-2025-173,2025级,人工智能学院,计算机科学与技术,计算机科学与技术,JN0222,面向对象编程,面向对象编程,方法、标准与流程,Web前端开发,3.3,2,2,0,面向对象程序设计,核心课程直接出现“面向对象程序设计”；课程名称直接出现唯一技能别名“面向对象程序设计”,3.2744142160273495,10.805566912890253,3,是
首都经济贸易大学,CUEB-2025-173,2025级,人工智能学院,计算机科学与技术,计算机科学与技术,JN0278,计算机视觉,计算机视觉,方法、标准与流程,人工智能与数据挖掘,0.8,1,1,0,计算机视觉,课程名称直接出现唯一技能别名“计算机视觉”,4.555348061489413,3.6442784491915305,18,否
首都经济贸易大学,CUEB-2025-173,2025级,人工智能学院,计算机科学与技术,计算机科学与技术,JN0279,自然语言处理,自然语言处理,方法、标准与流程,人工智能与数据挖掘,0.8,1,1,0,自然语言处理,课程名称直接出现唯一技能别名“自然语言处理”,3.5257286443082556,2.8205829154466047,23,否
首都经济贸易大学,CUEB-2025-173,2025级,人工智能学院,计算机科学与技术,计算机科学与技术,JN0310,三维建模,三维建模,方法、标准与流程,机械设计与制造,0.8,1,1,0,三维建模,课程名称直接出现唯一技能别名“三维建模”,4.778491612803624,3.822793290242899,15,否
首都经济贸易大学,CUEB-2025-173,2025级,人工智能学院,计算机科学与技术,计算机科学与技术,JN0387,动画制作,动画制作,方法、标准与流程,视觉设计与数字内容制作,0.8,1,1,0,动画制作,课程名称直接出现唯一技能别名“动画制作”,4.778491612803624,3.822793290242899,16,否
首都经济贸易大学,CUEB-2025-173,2025级,人工智能学院,计算机科学与技术,计算机科学与技术,JN0397,数理统计,数理统计,工具软件与技术平台,人工智能与数据挖掘,0.8,1,1,0,数理统计,课程名称直接出现唯一技能别名“数理统计”,1.2019413436636068,0.9615530749308855,35,否
首都经济贸易大学,CUEB-2025-173,2025级,人工智能学院,计算机科学与技术,计算机科学与技术,JN0403,推荐算法,推荐算法,方法、标准与流程,人工智能与数据挖掘,0.8,1,1,0,推荐系统,课程名称直接出现唯一技能别名“推荐系统”,4.778491612803624,3.822793290242899,17,否
首都经济贸易大学,CUEB-2025-173,2025级,人工智能学院,计算机科学与技术,计算机科学与技术,JN0430,知识图谱,知识图谱,方法、标准与流程,人工智能与数据挖掘,2.5,1,1,0,知识图谱,核心课程直接出现“知识图谱”,2.194494060371392,5.48623515092848,8,是
首都经济贸易大学,CUEB-2025-173,2025级,人工智能学院,计算机科学与技术,计算机科学与技术,JN0538,AI工具应用,人工智能工具应用（AI工具应用）,具体专业技能,人工智能与数据挖掘,1.5,1,1,0,AI工具,毕业要求直接出现“AI工具”,3.6798793241355137,5.519818986203271,7,是
首都经济贸易大学,CUEB-2025-173,2025级,人工智能学院,计算机科学与技术,计算机科学与技术,JN0647,论文写作,论文写作,方法、标准与流程,表达沟通与通用办公协作,0.8,1,0,1,学术写作与专业前沿 / Academic Writing and Professional Frontiers,学术写作课程,1.4734380916943703,1.1787504733554963,34,否
首都经济贸易大学,CUEB-2025-173,2025级,人工智能学院,计算机科学与技术,计算机科学与技术,JN0686,数据库技术,数据库技术,专业知识与行业经验,Java后端开发与中间件,4.1,3,3,0,数据库原理；数据库,核心课程直接出现“数据库原理”；课程名称直接出现唯一技能别名“数据库”；课程名称直接出现唯一技能别名“数据库原理”,2.3361445774344194,9.578192767481118,4,是
首都经济贸易大学,CUEB-2025-173,2025级,人工智能学院,计算机科学与技术,计算机科学与技术,JN0687,操作系统,操作系统,专业知识与行业经验,网络通信与软件开发基础,3.3,2,2,0,操作系统,核心课程直接出现“操作系统”；课程名称直接出现唯一技能别名“操作系统”,3.9675613965872945,13.092952608738072,2,是
首都经济贸易大学,CUEB-2025-173,2025级,人工智能学院,计算机科学与技术,计算机科学与技术,JN0770,沟通能力,沟通能力,非技术性能力,组织协调与商业执行,1.0,1,1,0,沟通能力,培养目标直接出现“沟通能力”,1.7953381214564925,1.7953381214564925,31,否
首都经济贸易大学,CUEB-2025-173,2025级,人工智能学院,计算机科学与技术,计算机科学与技术,JN0771,团队合作,团队合作,非技术性能力,表达沟通与通用办公协作,2.5,2,2,0,协作能力；团队协作,培养目标直接出现“协作能力”；毕业要求直接出现“团队协作”,1.4111957828171493,3.527989457042873,19,否
首都经济贸易大学,CUEB-2025-173,2025级,人工智能学院,计算机科学与技术,计算机科学与技术,JN0774,表达能力,表达能力,非技术性能力,表达沟通与通用办公协作,2.5,2,2,0,表达能力,培养目标直接出现“表达能力”；毕业要求直接出现“表达能力”,1.7703368192510753,4.425842048127688,12,是
首都经济贸易大学,CUEB-2025-173,2025级,人工智能学院,计算机科学与技术,计算机科学与技术,JN0775,学习能力,学习能力,非技术性能力,表达沟通与通用办公协作,1.5,1,1,0,学习能力,毕业要求直接出现“学习能力”,1.7221347174331973,2.583202076149796,25,否
首都经济贸易大学,CUEB-2025-173,2025级,人工智能学院,计算机科学与技术,计算机科学与技术,JN0779,书面表达,书面表达,非技术性能力,表达沟通与通用办公协作,0.8,1,0,1,应用写作 / Practical Writing,写作课程,1.0649195460993157,0.8519356368794526,36,否
首都经济贸易大学,CUEB-2025-173,2025级,人工智能学院,计算机科学与技术,计算机科学与技术,JN0780,诚信与职业道德,诚信与职业道德,非技术性能力,金融风控、投资与合规,2.5,2,2,0,职业操守；职业道德,培养目标直接出现“职业操守”；毕业要求直接出现“职业道德”,1.0710357731167517,2.677589432791879,24,否
首都经济贸易大学,CUEB-2025-173,2025级,人工智能学院,计算机科学与技术,计算机科学与技术,JN0781,问题解决,问题解决,非技术性能力,表达沟通与通用办公协作,1.5,1,1,0,问题解决,毕业要求直接出现“问题解决”,2.314638372213455,3.4719575583201827,20,否
首都经济贸易大学,CUEB-2025-173,2025级,人工智能学院,计算机科学与技术,计算机科学与技术,JN0786,管理能力,管理能力,非技术性能力,组织协调与商业执行,1.5,1,1,0,管理能力,毕业要求直接出现“管理能力”,2.730798769438368,4.096198154157552,13,否
首都经济贸易大学,CUEB-2025-173,2025级,人工智能学院,计算机科学与技术,计算机科学与技术,JN0790,创新能力,创新能力,非技术性能力,视觉设计与数字内容制作,2.5,2,2,0,创新能力；创新意识,培养目标直接出现“创新能力”；毕业要求直接出现“创新意识”,1.2895886507223624,3.223971626805906,21,否
首都经济贸易大学,CUEB-2025-173,2025级,人工智能学院,计算机科学与技术,计算机科学与技术,JN0793,人际交往,人际交往,非技术性能力,组织协调与商业执行,1.5,1,1,0,人际交往能力,毕业要求直接出现“人际交往能力”,3.456735772821304,5.185103659231956,11,是
首都经济贸易大学,CUEB-2025-174,2025级,,级,2025级,JN0025,英语,英语,语言能力,供应链与物流管理,1.5,1,1,0,英语,毕业要求直接出现“英语”,1.0,1.5,5,是
首都经济贸易大学,CUEB-2025-174,2025级,,级,2025级,JN0041,Python,Python（编程语言）,工具软件与技术平台,云计算、系统运维与DevOps,4.0,2,2,0,Python,毕业要求直接出现“Python”；核心课程直接出现“Python”,1.5108256237659907,6.043302495063963,2,是
首都经济贸易大学,CUEB-2025-174,2025级,,级,2025级,JN0174,人工智能技术,人工智能技术,具体专业技能,人工智能与数据挖掘,4.0,2,2,0,人工智能,毕业要求直接出现“人工智能”；核心课程直接出现“人工智能”,1.312755710003897,5.251022840015588,3,是
首都经济贸易大学,CUEB-2025-174,2025级,,级,2025级,JN0211,数据结构与算法,数据结构与算法,方法、标准与流程,网络通信与软件开发基础,4.0,2,2,0,数据结构与算法,毕业要求直接出现“数据结构与算法”；核心课程直接出现“数据结构与算法”,2.79749014393704,11.18996057574816,1,是
首都经济贸易大学,CUEB-2025-174,2025级,,级,2025级,JN0397,数理统计,数理统计,工具软件与技术平台,人工智能与数据挖掘,4.0,2,2,0,数理统计,毕业要求直接出现“数理统计”；核心课程直接出现“数理统计”,1.2019413436636068,4.807765374654427,4,是
